nearest_lea_unit_id,unit_name,unit_type,district,state,latitude,longitude,beat_code,contact_channel,contact_phone_synthetic,is_active
LEA001,Alwar Cyber Crime Cell Unit-1,CYBER_CRIME_CELL,Alwar,Rajasthan,27.588799,76.62336,BEAT_ALW_01,DISPATCH_RADIO,+919876500001,1
LEA002,Bharatpur Police Station Unit-2,POLICE_STATION,Bharatpur,Rajasthan,27.26368,77.612934,BEAT_BHA_02,PHONE,+919876500002,1
LEA003,Jamtara Cyber Crime Cell Unit-3,CYBER_CRIME_CELL,Jamtara,Jharkhand,23.945124,86.781534,BEAT_JAM_03,PHONE,+919876500003,1
LEA004,Malda Cyber Crime Cell Unit-4,CYBER_CRIME_CELL,Malda,West Bengal,25.124617,88.202134,BEAT_MAL_04,EMAIL,+919876500004,1
LEA005,Dhanbad Police Station Unit-5,POLICE_STATION,Dhanbad,Jharkhand,23.761864,86.473136,BEAT_DHA_05,EMAIL,+919876500005,1
LEA006,Deoghar Cyber Crime Cell Unit-6,CYBER_CRIME_CELL,Deoghar,Jharkhand,24.449201,86.659918,BEAT_DEO_06,DISPATCH_RADIO,+919876500006,1
LEA007,Srinagar District Hq Unit-7,DISTRICT_HQ,Srinagar,Jammu and Kashmir,34.101139,74.630805,BEAT_SRI_07,PHONE,+919876500007,1
LEA008,Gurugram Cyber Crime Cell Unit-8,CYBER_CRIME_CELL,Gurugram,Haryana,28.335182,76.980504,BEAT_GUR_08,PHONE,+919876500008,1
LEA009,Kolkata Cyber Crime Cell Unit-9,CYBER_CRIME_CELL,Kolkata,West Bengal,22.499603,88.388427,BEAT_KOL_09,PHONE,+919876500009,1
LEA010,Patna Police Station Unit-10,POLICE_STATION,Patna,Bihar,25.528657,85.024738,BEAT_PAT_10,PHONE,+919876500010,1
LEA011,Jaipur Police Station Unit-11,POLICE_STATION,Jaipur,Rajasthan,27.018032,75.769052,BEAT_JAI_11,PHONE,+919876500011,1
LEA012,New Delhi Cyber Crime Cell Unit-12,CYBER_CRIME_CELL,New Delhi,Delhi,28.618767,77.092029,BEAT_NEW_12,PHONE,+919876500012,1
LEA013,Mumbai City Police Station Unit-13,POLICE_STATION,Mumbai City,Maharashtra,19.036765,72.886159,BEAT_MUM_13,EMAIL,+919876500013,1
LEA014,Bengaluru Urban Cyber Crime Cell Unit-14,CYBER_CRIME_CELL,Bengaluru Urban,Karnataka,12.888646,77.622386,BEAT_BEN_14,PHONE,+919876500014,1
LEA015,Lucknow Police Station Unit-15,POLICE_STATION,Lucknow,Uttar Pradesh,26.803411,80.922637,BEAT_LUC_15,PHONE,+919876500015,1
LEA016,Khurda Police Station Unit-16,POLICE_STATION,Khurda,Odisha,20.252734,85.966835,BEAT_KHU_16,PHONE,+919876500016,1
LEA017,Thane Cyber Crime Cell Unit-17,CYBER_CRIME_CELL,Thane,Maharashtra,19.032027,72.94906,BEAT_THA_17,DISPATCH_RADIO,+919876500017,1
LEA018,Nuh Special Task Force Unit-18,SPECIAL_TASK_FORCE,Nuh,Haryana,28.161583,76.902052,BEAT_NUH_18,EMAIL,+919876500018,1
LEA019,Alwar Cyber Crime Cell Unit-19,CYBER_CRIME_CELL,Alwar,Rajasthan,27.568053,76.475295,BEAT_ALW_19,PHONE,+919876500019,1
LEA020,Bharatpur Police Station Unit-20,POLICE_STATION,Bharatpur,Rajasthan,27.121275,77.505455,BEAT_BHA_20,PHONE,+919876500020,1
LEA021,Jamtara Cyber Crime Cell Unit-21,CYBER_CRIME_CELL,Jamtara,Jharkhand,24.015223,86.813516,BEAT_JAM_21,PHONE,+919876500021,1
LEA022,Malda Cyber Crime Cell Unit-22,CYBER_CRIME_CELL,Malda,West Bengal,25.002465,88.117153,BEAT_MAL_22,DISPATCH_RADIO,+919876500022,1
LEA023,Dhanbad Cyber Crime Cell Unit-23,CYBER_CRIME_CELL,Dhanbad,Jharkhand,23.68914,86.373699,BEAT_DHA_23,EMAIL,+919876500023,1
LEA024,Deoghar Cyber Crime Cell Unit-24,CYBER_CRIME_CELL,Deoghar,Jharkhand,24.449401,86.780516,BEAT_DEO_24,PHONE,+919876500024,1
LEA025,Srinagar Police Station Unit-25,POLICE_STATION,Srinagar,Jammu and Kashmir,34.108465,74.643879,BEAT_SRI_25,PHONE,+919876500025,1
LEA026,Gurugram Special Task Force Unit-26,SPECIAL_TASK_FORCE,Gurugram,Haryana,28.482857,76.995031,BEAT_GUR_26,EMAIL,+919876500026,1
LEA027,Kolkata Special Task Force Unit-27,SPECIAL_TASK_FORCE,Kolkata,West Bengal,22.523813,88.411642,BEAT_KOL_27,EMAIL,+919876500027,1
LEA028,Patna Police Station Unit-28,POLICE_STATION,Patna,Bihar,25.668406,85.212022,BEAT_PAT_28,DISPATCH_RADIO,+919876500028,1
LEA029,Jaipur Cyber Crime Cell Unit-29,CYBER_CRIME_CELL,Jaipur,Rajasthan,26.851916,75.762308,BEAT_JAI_29,PHONE,+919876500029,1
LEA030,New Delhi Cyber Crime Cell Unit-30,CYBER_CRIME_CELL,New Delhi,Delhi,28.637775,77.289091,BEAT_NEW_30,PHONE,+919876500030,1
LEA031,Mumbai City Cyber Crime Cell Unit-31,CYBER_CRIME_CELL,Mumbai City,Maharashtra,19.041465,72.863542,BEAT_MUM_31,PHONE,+919876500031,1
LEA032,Bengaluru Urban District Hq Unit-32,DISTRICT_HQ,Bengaluru Urban,Karnataka,12.891864,77.506129,BEAT_BEN_32,PHONE,+919876500032,1
LEA033,Lucknow Cyber Crime Cell Unit-33,CYBER_CRIME_CELL,Lucknow,Uttar Pradesh,26.90526,81.055755,BEAT_LUC_33,PHONE,+919876500033,1
LEA034,Khurda Cyber Crime Cell Unit-34,CYBER_CRIME_CELL,Khurda,Odisha,20.29091,85.901615,BEAT_KHU_34,EMAIL,+919876500034,1
LEA035,Thane Cyber Crime Cell Unit-35,CYBER_CRIME_CELL,Thane,Maharashtra,19.059064,72.980516,BEAT_THA_35,DISPATCH_RADIO,+919876500035,1
LEA036,Nuh District Hq Unit-36,DISTRICT_HQ,Nuh,Haryana,28.128347,77.127464,BEAT_NUH_36,PHONE,+919876500036,1
LEA037,Alwar Cyber Crime Cell Unit-37,CYBER_CRIME_CELL,Alwar,Rajasthan,27.550418,76.761793,BEAT_ALW_37,EMAIL,+919876500037,1
LEA038,Bharatpur Police Station Unit-38,POLICE_STATION,Bharatpur,Rajasthan,27.02819,77.556111,BEAT_BHA_38,EMAIL,+919876500038,1
LEA039,Jamtara District Hq Unit-39,DISTRICT_HQ,Jamtara,Jharkhand,23.968274,86.776417,BEAT_JAM_39,PHONE,+919876500039,1
LEA040,Malda Cyber Crime Cell Unit-40,CYBER_CRIME_CELL,Malda,West Bengal,25.017413,87.983029,BEAT_MAL_40,PHONE,+919876500040,1
LEA041,Dhanbad District Hq Unit-41,DISTRICT_HQ,Dhanbad,Jharkhand,23.779868,86.458529,BEAT_DHA_41,EMAIL,+919876500041,1
LEA042,Deoghar Cyber Crime Cell Unit-42,CYBER_CRIME_CELL,Deoghar,Jharkhand,24.589115,86.655757,BEAT_DEO_42,PHONE,+919876500042,1
LEA043,Srinagar Cyber Crime Cell Unit-43,CYBER_CRIME_CELL,Srinagar,Jammu and Kashmir,34.02543,74.753637,BEAT_SRI_43,PHONE,+919876500043,1
LEA044,Gurugram Police Station Unit-44,POLICE_STATION,Gurugram,Haryana,28.525475,77.053551,BEAT_GUR_44,EMAIL,+919876500044,1
LEA045,Kolkata District Hq Unit-45,DISTRICT_HQ,Kolkata,West Bengal,22.534419,88.403961,BEAT_KOL_45,PHONE,+919876500045,1
LEA046,Patna Cyber Crime Cell Unit-46,CYBER_CRIME_CELL,Patna,Bihar,25.601097,85.215008,BEAT_PAT_46,EMAIL,+919876500046,1
LEA047,Jaipur District Hq Unit-47,DISTRICT_HQ,Jaipur,Rajasthan,26.861802,75.760817,BEAT_JAI_47,PHONE,+919876500047,1
LEA048,New Delhi District Hq Unit-48,DISTRICT_HQ,New Delhi,Delhi,28.58564,77.088847,BEAT_NEW_48,PHONE,+919876500048,1
LEA049,Mumbai City Police Station Unit-49,POLICE_STATION,Mumbai City,Maharashtra,19.097342,72.897608,BEAT_MUM_49,PHONE,+919876500049,1
LEA050,Bengaluru Urban Cyber Crime Cell Unit-50,CYBER_CRIME_CELL,Bengaluru Urban,Karnataka,12.971969,77.57725,BEAT_BEN_00,PHONE,+919876500050,1
LEA051,Lucknow Cyber Crime Cell Unit-51,CYBER_CRIME_CELL,Lucknow,Uttar Pradesh,26.744691,80.912221,BEAT_LUC_01,EMAIL,+919876500051,1
LEA052,Khurda Cyber Crime Cell Unit-52,CYBER_CRIME_CELL,Khurda,Odisha,20.2714,85.762851,BEAT_KHU_02,PHONE,+919876500052,1
LEA053,Thane Special Task Force Unit-53,SPECIAL_TASK_FORCE,Thane,Maharashtra,19.021376,73.060505,BEAT_THA_03,PHONE,+919876500053,1
LEA054,Nuh Police Station Unit-54,POLICE_STATION,Nuh,Haryana,28.238241,77.016064,BEAT_NUH_04,EMAIL,+919876500054,1
LEA055,Alwar Cyber Crime Cell Unit-55,CYBER_CRIME_CELL,Alwar,Rajasthan,27.571562,76.628548,BEAT_ALW_05,PHONE,+919876500055,1
LEA056,Bharatpur Cyber Crime Cell Unit-56,CYBER_CRIME_CELL,Bharatpur,Rajasthan,27.07871,77.487351,BEAT_BHA_06,PHONE,+919876500056,1
LEA057,Jamtara Special Task Force Unit-57,SPECIAL_TASK_FORCE,Jamtara,Jharkhand,23.966341,86.994275,BEAT_JAM_07,EMAIL,+919876500057,1
LEA058,Malda Police Station Unit-58,POLICE_STATION,Malda,West Bengal,24.996936,88.165082,BEAT_MAL_08,EMAIL,+919876500058,1
LEA059,Dhanbad District Hq Unit-59,DISTRICT_HQ,Dhanbad,Jharkhand,23.793198,86.338345,BEAT_DHA_09,PHONE,+919876500059,1
LEA060,Deoghar District Hq Unit-60,DISTRICT_HQ,Deoghar,Jharkhand,24.564966,86.756347,BEAT_DEO_10,PHONE,+919876500060,1
LEA061,Srinagar District Hq Unit-61,DISTRICT_HQ,Srinagar,Jammu and Kashmir,34.140711,74.718165,BEAT_SRI_11,EMAIL,+919876500061,1
LEA062,Gurugram Cyber Crime Cell Unit-62,CYBER_CRIME_CELL,Gurugram,Haryana,28.560602,76.911678,BEAT_GUR_12,PHONE,+919876500062,1
LEA063,Kolkata Cyber Crime Cell Unit-63,CYBER_CRIME_CELL,Kolkata,West Bengal,22.614896,88.534868,BEAT_KOL_13,PHONE,+919876500063,1
LEA064,Patna District Hq Unit-64,DISTRICT_HQ,Patna,Bihar,25.52271,85.092345,BEAT_PAT_14,EMAIL,+919876500064,1
LEA065,Jaipur Cyber Crime Cell Unit-65,CYBER_CRIME_CELL,Jaipur,Rajasthan,26.919582,75.746606,BEAT_JAI_15,PHONE,+919876500065,1
LEA066,New Delhi Police Station Unit-66,POLICE_STATION,New Delhi,Delhi,28.50214,77.214629,BEAT_NEW_16,PHONE,+919876500066,1
LEA067,Mumbai City Cyber Crime Cell Unit-67,CYBER_CRIME_CELL,Mumbai City,Maharashtra,18.999438,72.913816,BEAT_MUM_17,PHONE,+919876500067,1
LEA068,Bengaluru Urban Special Task Force Unit-68,SPECIAL_TASK_FORCE,Bengaluru Urban,Karnataka,12.905335,77.709232,BEAT_BEN_18,PHONE,+919876500068,1
LEA069,Lucknow Police Station Unit-69,POLICE_STATION,Lucknow,Uttar Pradesh,26.790249,80.920184,BEAT_LUC_19,EMAIL,+919876500069,1
LEA070,Khurda Cyber Crime Cell Unit-70,CYBER_CRIME_CELL,Khurda,Odisha,20.354732,85.729917,BEAT_KHU_20,DISPATCH_RADIO,+919876500070,1
LEA071,Thane Special Task Force Unit-71,SPECIAL_TASK_FORCE,Thane,Maharashtra,19.049394,73.129357,BEAT_THA_21,PHONE,+919876500071,1
LEA072,Nuh Police Station Unit-72,POLICE_STATION,Nuh,Haryana,27.986445,77.016885,BEAT_NUH_22,PHONE,+919876500072,1
LEA073,Alwar Cyber Crime Cell Unit-73,CYBER_CRIME_CELL,Alwar,Rajasthan,27.57173,76.698156,BEAT_ALW_23,PHONE,+919876500073,1
LEA074,Bharatpur Police Station Unit-74,POLICE_STATION,Bharatpur,Rajasthan,27.12785,77.382483,BEAT_BHA_24,PHONE,+919876500074,1
LEA075,Jamtara Cyber Crime Cell Unit-75,CYBER_CRIME_CELL,Jamtara,Jharkhand,23.999617,86.823423,BEAT_JAM_25,PHONE,+919876500075,1
LEA076,Malda Special Task Force Unit-76,SPECIAL_TASK_FORCE,Malda,West Bengal,25.028854,88.168653,BEAT_MAL_26,PHONE,+919876500076,1
LEA077,Dhanbad Cyber Crime Cell Unit-77,CYBER_CRIME_CELL,Dhanbad,Jharkhand,23.746689,86.448694,BEAT_DHA_27,PHONE,+919876500077,1
LEA078,Deoghar Special Task Force Unit-78,SPECIAL_TASK_FORCE,Deoghar,Jharkhand,24.503722,86.640229,BEAT_DEO_28,PHONE,+919876500078,1
LEA079,Srinagar Police Station Unit-79,POLICE_STATION,Srinagar,Jammu and Kashmir,34.21817,74.838533,BEAT_SRI_29,EMAIL,+919876500079,1
LEA080,Gurugram Cyber Crime Cell Unit-80,CYBER_CRIME_CELL,Gurugram,Haryana,28.37364,77.080424,BEAT_GUR_30,EMAIL,+919876500080,1
LEA081,Kolkata Cyber Crime Cell Unit-81,CYBER_CRIME_CELL,Kolkata,West Bengal,22.502353,88.425333,BEAT_KOL_31,EMAIL,+919876500081,1
LEA082,Patna Police Station Unit-82,POLICE_STATION,Patna,Bihar,25.677602,85.072016,BEAT_PAT_32,PHONE,+919876500082,1
LEA083,Jaipur Cyber Crime Cell Unit-83,CYBER_CRIME_CELL,Jaipur,Rajasthan,26.981833,75.820663,BEAT_JAI_33,EMAIL,+919876500083,1
LEA084,New Delhi Cyber Crime Cell Unit-84,CYBER_CRIME_CELL,New Delhi,Delhi,28.673148,77.364725,BEAT_NEW_34,PHONE,+919876500084,1
LEA085,Mumbai City Cyber Crime Cell Unit-85,CYBER_CRIME_CELL,Mumbai City,Maharashtra,19.058314,72.82022,BEAT_MUM_35,PHONE,+919876500085,1
LEA086,Bengaluru Urban Police Station Unit-86,POLICE_STATION,Bengaluru Urban,Karnataka,12.907491,77.534263,BEAT_BEN_36,PHONE,+919876500086,1
LEA087,Lucknow Police Station Unit-87,POLICE_STATION,Lucknow,Uttar Pradesh,26.841143,80.973758,BEAT_LUC_37,PHONE,+919876500087,1
LEA088,Khurda Police Station Unit-88,POLICE_STATION,Khurda,Odisha,20.316042,85.888063,BEAT_KHU_38,PHONE,+919876500088,1
LEA089,Thane Police Station Unit-89,POLICE_STATION,Thane,Maharashtra,19.033937,73.140518,BEAT_THA_39,PHONE,+919876500089,1
LEA090,Nuh Special Task Force Unit-90,SPECIAL_TASK_FORCE,Nuh,Haryana,28.083226,77.22405,BEAT_NUH_40,PHONE,+919876500090,1
LEA091,Alwar Cyber Crime Cell Unit-91,CYBER_CRIME_CELL,Alwar,Rajasthan,27.598093,76.56492,BEAT_ALW_41,PHONE,+919876500091,1
LEA092,Bharatpur Special Task Force Unit-92,SPECIAL_TASK_FORCE,Bharatpur,Rajasthan,27.139819,77.528602,BEAT_BHA_42,EMAIL,+919876500092,1
LEA093,Jamtara Cyber Crime Cell Unit-93,CYBER_CRIME_CELL,Jamtara,Jharkhand,23.945895,86.856313,BEAT_JAM_43,EMAIL,+919876500093,1
LEA094,Malda District Hq Unit-94,DISTRICT_HQ,Malda,West Bengal,25.044907,88.135308,BEAT_MAL_44,PHONE,+919876500094,1
LEA095,Dhanbad Police Station Unit-95,POLICE_STATION,Dhanbad,Jharkhand,23.73467,86.311078,BEAT_DHA_45,PHONE,+919876500095,1
LEA096,Deoghar Cyber Crime Cell Unit-96,CYBER_CRIME_CELL,Deoghar,Jharkhand,24.450419,86.76462,BEAT_DEO_46,EMAIL,+919876500096,1
LEA097,Srinagar Special Task Force Unit-97,SPECIAL_TASK_FORCE,Srinagar,Jammu and Kashmir,34.09913,74.688895,BEAT_SRI_47,EMAIL,+919876500097,1
LEA098,Gurugram Cyber Crime Cell Unit-98,CYBER_CRIME_CELL,Gurugram,Haryana,28.471982,77.058188,BEAT_GUR_48,PHONE,+919876500098,1
LEA099,Kolkata Police Station Unit-99,POLICE_STATION,Kolkata,West Bengal,22.508899,88.375898,BEAT_KOL_49,EMAIL,+919876500099,1
LEA100,Patna District Hq Unit-100,DISTRICT_HQ,Patna,Bihar,25.598295,85.046261,BEAT_PAT_00,EMAIL,+919876500100,1
LEA101,Jaipur Police Station Unit-101,POLICE_STATION,Jaipur,Rajasthan,26.938186,75.832626,BEAT_JAI_01,PHONE,+919876500101,1
LEA102,New Delhi Cyber Crime Cell Unit-102,CYBER_CRIME_CELL,New Delhi,Delhi,28.691958,77.295516,BEAT_NEW_02,EMAIL,+919876500102,1
LEA103,Mumbai City Police Station Unit-103,POLICE_STATION,Mumbai City,Maharashtra,18.976709,72.806182,BEAT_MUM_03,PHONE,+919876500103,1
LEA104,Bengaluru Urban Cyber Crime Cell Unit-104,CYBER_CRIME_CELL,Bengaluru Urban,Karnataka,13.00872,77.632599,BEAT_BEN_04,EMAIL,+919876500104,1
LEA105,Lucknow Cyber Crime Cell Unit-105,CYBER_CRIME_CELL,Lucknow,Uttar Pradesh,26.883821,81.257418,BEAT_LUC_05,PHONE,+919876500105,1
LEA106,Khurda Police Station Unit-106,POLICE_STATION,Khurda,Odisha,20.337245,85.91176,BEAT_KHU_06,EMAIL,+919876500106,1
LEA107,Thane Police Station Unit-107,POLICE_STATION,Thane,Maharashtra,19.101757,73.079362,BEAT_THA_07,PHONE,+919876500107,1
LEA108,Nuh Police Station Unit-108,POLICE_STATION,Nuh,Haryana,28.079578,77.063811,BEAT_NUH_08,PHONE,+919876500108,1
LEA109,Alwar Cyber Crime Cell Unit-109,CYBER_CRIME_CELL,Alwar,Rajasthan,27.497301,76.615349,BEAT_ALW_09,EMAIL,+919876500109,1
LEA110,Bharatpur Police Station Unit-110,POLICE_STATION,Bharatpur,Rajasthan,27.182019,77.496136,BEAT_BHA_10,EMAIL,+919876500110,1
LEA111,Jamtara Police Station Unit-111,POLICE_STATION,Jamtara,Jharkhand,24.128822,86.65273,BEAT_JAM_11,PHONE,+919876500111,1
LEA112,Malda Cyber Crime Cell Unit-112,CYBER_CRIME_CELL,Malda,West Bengal,25.06026,88.012841,BEAT_MAL_12,PHONE,+919876500112,1
LEA113,Dhanbad Cyber Crime Cell Unit-113,CYBER_CRIME_CELL,Dhanbad,Jharkhand,23.761687,86.516175,BEAT_DHA_13,PHONE,+919876500113,1
LEA114,Deoghar Special Task Force Unit-114,SPECIAL_TASK_FORCE,Deoghar,Jharkhand,24.487233,86.611451,BEAT_DEO_14,PHONE,+919876500114,1
LEA115,Srinagar District Hq Unit-115,DISTRICT_HQ,Srinagar,Jammu and Kashmir,34.032147,74.856439,BEAT_SRI_15,EMAIL,+919876500115,1
LEA116,Gurugram District Hq Unit-116,DISTRICT_HQ,Gurugram,Haryana,28.406861,77.044345,BEAT_GUR_16,PHONE,+919876500116,1
LEA117,Kolkata Police Station Unit-117,POLICE_STATION,Kolkata,West Bengal,22.575884,88.313042,BEAT_KOL_17,PHONE,+919876500117,1
LEA118,Patna Cyber Crime Cell Unit-118,CYBER_CRIME_CELL,Patna,Bihar,25.748618,85.188259,BEAT_PAT_18,EMAIL,+919876500118,1
LEA119,Jaipur Cyber Crime Cell Unit-119,CYBER_CRIME_CELL,Jaipur,Rajasthan,26.766444,75.80237,BEAT_JAI_19,PHONE,+919876500119,1
LEA120,New Delhi Police Station Unit-120,POLICE_STATION,New Delhi,Delhi,28.566204,77.278984,BEAT_NEW_20,PHONE,+919876500120,1
LEA121,Mumbai City Special Task Force Unit-121,SPECIAL_TASK_FORCE,Mumbai City,Maharashtra,19.018881,72.86895,BEAT_MUM_21,DISPATCH_RADIO,+919876500121,1
LEA122,Bengaluru Urban Special Task Force Unit-122,SPECIAL_TASK_FORCE,Bengaluru Urban,Karnataka,13.007995,77.658631,BEAT_BEN_22,PHONE,+919876500122,1
LEA123,Lucknow Cyber Crime Cell Unit-123,CYBER_CRIME_CELL,Lucknow,Uttar Pradesh,26.760192,80.919179,BEAT_LUC_23,DISPATCH_RADIO,+919876500123,1
LEA124,Khurda Police Station Unit-124,POLICE_STATION,Khurda,Odisha,20.26187,85.774296,BEAT_KHU_24,DISPATCH_RADIO,+919876500124,1
LEA125,Thane Special Task Force Unit-125,SPECIAL_TASK_FORCE,Thane,Maharashtra,19.16024,73.060576,BEAT_THA_25,EMAIL,+919876500125,1
LEA126,Nuh Cyber Crime Cell Unit-126,CYBER_CRIME_CELL,Nuh,Haryana,28.011425,77.076793,BEAT_NUH_26,PHONE,+919876500126,1
LEA127,Alwar District Hq Unit-127,DISTRICT_HQ,Alwar,Rajasthan,27.705948,76.718531,BEAT_ALW_27,PHONE,+919876500127,1
LEA128,Bharatpur Cyber Crime Cell Unit-128,CYBER_CRIME_CELL,Bharatpur,Rajasthan,27.107496,77.450255,BEAT_BHA_28,PHONE,+919876500128,1
LEA129,Jamtara Special Task Force Unit-129,SPECIAL_TASK_FORCE,Jamtara,Jharkhand,24.053309,86.744187,BEAT_JAM_29,EMAIL,+919876500129,1
LEA130,Malda Police Station Unit-130,POLICE_STATION,Malda,West Bengal,25.042787,88.202706,BEAT_MAL_30,PHONE,+919876500130,1
LEA131,Dhanbad Police Station Unit-131,POLICE_STATION,Dhanbad,Jharkhand,23.728894,86.425711,BEAT_DHA_31,DISPATCH_RADIO,+919876500131,1
LEA132,Deoghar Cyber Crime Cell Unit-132,CYBER_CRIME_CELL,Deoghar,Jharkhand,24.248995,86.615676,BEAT_DEO_32,PHONE,+919876500132,1
LEA133,Srinagar District Hq Unit-133,DISTRICT_HQ,Srinagar,Jammu and Kashmir,34.065497,74.688717,BEAT_SRI_33,EMAIL,+919876500133,1
LEA134,Gurugram Police Station Unit-134,POLICE_STATION,Gurugram,Haryana,28.577151,76.909359,BEAT_GUR_34,EMAIL,+919876500134,1
LEA135,Kolkata Cyber Crime Cell Unit-135,CYBER_CRIME_CELL,Kolkata,West Bengal,22.540885,88.374104,BEAT_KOL_35,PHONE,+919876500135,1
LEA136,Patna District Hq Unit-136,DISTRICT_HQ,Patna,Bihar,25.697976,85.022855,BEAT_PAT_36,EMAIL,+919876500136,1
LEA137,Jaipur District Hq Unit-137,DISTRICT_HQ,Jaipur,Rajasthan,26.996232,75.788127,BEAT_JAI_37,DISPATCH_RADIO,+919876500137,1
LEA138,New Delhi Police Station Unit-138,POLICE_STATION,New Delhi,Delhi,28.543161,77.246938,BEAT_NEW_38,PHONE,+919876500138,1
LEA139,Mumbai City District Hq Unit-139,DISTRICT_HQ,Mumbai City,Maharashtra,19.090347,72.831928,BEAT_MUM_39,EMAIL,+919876500139,1
LEA140,Bengaluru Urban Police Station Unit-140,POLICE_STATION,Bengaluru Urban,Karnataka,12.976631,77.566102,BEAT_BEN_40,EMAIL,+919876500140,1
LEA141,Lucknow District Hq Unit-141,DISTRICT_HQ,Lucknow,Uttar Pradesh,26.854881,80.999686,BEAT_LUC_41,PHONE,+919876500141,1
LEA142,Khurda Cyber Crime Cell Unit-142,CYBER_CRIME_CELL,Khurda,Odisha,20.410408,85.729382,BEAT_KHU_42,PHONE,+919876500142,1
LEA143,Thane Police Station Unit-143,POLICE_STATION,Thane,Maharashtra,19.186732,72.880873,BEAT_THA_43,PHONE,+919876500143,1
LEA144,Nuh Police Station Unit-144,POLICE_STATION,Nuh,Haryana,28.091361,77.049868,BEAT_NUH_44,PHONE,+919876500144,1
LEA145,Alwar Cyber Crime Cell Unit-145,CYBER_CRIME_CELL,Alwar,Rajasthan,27.573252,76.58398,BEAT_ALW_45,PHONE,+919876500145,1
LEA146,Bharatpur Cyber Crime Cell Unit-146,CYBER_CRIME_CELL,Bharatpur,Rajasthan,27.202,77.449545,BEAT_BHA_46,PHONE,+919876500146,1
LEA147,Jamtara District Hq Unit-147,DISTRICT_HQ,Jamtara,Jharkhand,23.919523,86.867008,BEAT_JAM_47,PHONE,+919876500147,1
LEA148,Malda Cyber Crime Cell Unit-148,CYBER_CRIME_CELL,Malda,West Bengal,25.036531,88.085993,BEAT_MAL_48,PHONE,+919876500148,1
LEA149,Dhanbad District Hq Unit-149,DISTRICT_HQ,Dhanbad,Jharkhand,23.860536,86.454605,BEAT_DHA_49,PHONE,+919876500149,1
LEA150,Deoghar Police Station Unit-150,POLICE_STATION,Deoghar,Jharkhand,24.541185,86.746662,BEAT_DEO_00,PHONE,+919876500150,1
LEA151,Srinagar Cyber Crime Cell Unit-151,CYBER_CRIME_CELL,Srinagar,Jammu and Kashmir,34.023953,74.748553,BEAT_SRI_01,PHONE,+919876500151,1
LEA152,Gurugram Police Station Unit-152,POLICE_STATION,Gurugram,Haryana,28.513359,77.076637,BEAT_GUR_02,EMAIL,+919876500152,1
LEA153,Kolkata Police Station Unit-153,POLICE_STATION,Kolkata,West Bengal,22.571094,88.373058,BEAT_KOL_03,DISPATCH_RADIO,+919876500153,1
LEA154,Patna Police Station Unit-154,POLICE_STATION,Patna,Bihar,25.686184,85.090326,BEAT_PAT_04,PHONE,+919876500154,1
LEA155,Jaipur District Hq Unit-155,DISTRICT_HQ,Jaipur,Rajasthan,26.95183,75.770958,BEAT_JAI_05,PHONE,+919876500155,1
LEA156,New Delhi Police Station Unit-156,POLICE_STATION,New Delhi,Delhi,28.598211,77.299209,BEAT_NEW_06,PHONE,+919876500156,1
LEA157,Mumbai City Cyber Crime Cell Unit-157,CYBER_CRIME_CELL,Mumbai City,Maharashtra,19.135489,72.939738,BEAT_MUM_07,DISPATCH_RADIO,+919876500157,1
LEA158,Bengaluru Urban District Hq Unit-158,DISTRICT_HQ,Bengaluru Urban,Karnataka,13.065689,77.596153,BEAT_BEN_08,EMAIL,+919876500158,1
LEA159,Lucknow Police Station Unit-159,POLICE_STATION,Lucknow,Uttar Pradesh,26.89585,80.921137,BEAT_LUC_09,PHONE,+919876500159,1
LEA160,Khurda Cyber Crime Cell Unit-160,CYBER_CRIME_CELL,Khurda,Odisha,20.319463,85.814499,BEAT_KHU_10,PHONE,+919876500160,1
LEA161,Thane Police Station Unit-161,POLICE_STATION,Thane,Maharashtra,19.039991,73.075075,BEAT_THA_11,EMAIL,+919876500161,1
LEA162,Nuh Police Station Unit-162,POLICE_STATION,Nuh,Haryana,28.043329,77.172757,BEAT_NUH_12,PHONE,+919876500162,1
LEA163,Alwar Special Task Force Unit-163,SPECIAL_TASK_FORCE,Alwar,Rajasthan,27.480494,76.535896,BEAT_ALW_13,EMAIL,+919876500163,1
LEA164,Bharatpur Police Station Unit-164,POLICE_STATION,Bharatpur,Rajasthan,27.300467,77.553661,BEAT_BHA_14,EMAIL,+919876500164,1
LEA165,Jamtara Police Station Unit-165,POLICE_STATION,Jamtara,Jharkhand,24.006982,86.849557,BEAT_JAM_15,PHONE,+919876500165,1
LEA166,Malda Cyber Crime Cell Unit-166,CYBER_CRIME_CELL,Malda,West Bengal,25.009917,88.069742,BEAT_MAL_16,EMAIL,+919876500166,1
LEA167,Dhanbad Cyber Crime Cell Unit-167,CYBER_CRIME_CELL,Dhanbad,Jharkhand,23.801163,86.377061,BEAT_DHA_17,PHONE,+919876500167,1
LEA168,Deoghar Cyber Crime Cell Unit-168,CYBER_CRIME_CELL,Deoghar,Jharkhand,24.552879,86.685154,BEAT_DEO_18,PHONE,+919876500168,1
LEA169,Srinagar District Hq Unit-169,DISTRICT_HQ,Srinagar,Jammu and Kashmir,34.024205,74.769333,BEAT_SRI_19,EMAIL,+919876500169,1
LEA170,Gurugram Police Station Unit-170,POLICE_STATION,Gurugram,Haryana,28.489261,76.980386,BEAT_GUR_20,PHONE,+919876500170,1
LEA171,Kolkata Police Station Unit-171,POLICE_STATION,Kolkata,West Bengal,22.513341,88.38292,BEAT_KOL_21,PHONE,+919876500171,1
LEA172,Patna Cyber Crime Cell Unit-172,CYBER_CRIME_CELL,Patna,Bihar,25.611755,85.097088,BEAT_PAT_22,PHONE,+919876500172,1
LEA173,Jaipur Cyber Crime Cell Unit-173,CYBER_CRIME_CELL,Jaipur,Rajasthan,26.878451,75.806056,BEAT_JAI_23,EMAIL,+919876500173,1
LEA174,New Delhi Police Station Unit-174,POLICE_STATION,New Delhi,Delhi,28.509534,77.093448,BEAT_NEW_24,PHONE,+919876500174,1
LEA175,Mumbai City Cyber Crime Cell Unit-175,CYBER_CRIME_CELL,Mumbai City,Maharashtra,19.02422,72.861423,BEAT_MUM_25,EMAIL,+919876500175,1
LEA176,Bengaluru Urban Police Station Unit-176,POLICE_STATION,Bengaluru Urban,Karnataka,12.994008,77.703716,BEAT_BEN_26,EMAIL,+919876500176,1
LEA177,Lucknow Police Station Unit-177,POLICE_STATION,Lucknow,Uttar Pradesh,26.908513,80.93328,BEAT_LUC_27,PHONE,+919876500177,1
LEA178,Khurda Cyber Crime Cell Unit-178,CYBER_CRIME_CELL,Khurda,Odisha,20.294729,85.747463,BEAT_KHU_28,EMAIL,+919876500178,1
LEA179,Thane Cyber Crime Cell Unit-179,CYBER_CRIME_CELL,Thane,Maharashtra,19.031666,73.007693,BEAT_THA_29,PHONE,+919876500179,1
LEA180,Nuh Special Task Force Unit-180,SPECIAL_TASK_FORCE,Nuh,Haryana,28.125559,76.934212,BEAT_NUH_30,PHONE,+919876500180,1
LEA181,Alwar Cyber Crime Cell Unit-181,CYBER_CRIME_CELL,Alwar,Rajasthan,27.59043,76.759199,BEAT_ALW_31,EMAIL,+919876500181,1
LEA182,Bharatpur Police Station Unit-182,POLICE_STATION,Bharatpur,Rajasthan,27.209161,77.522057,BEAT_BHA_32,PHONE,+919876500182,1
LEA183,Jamtara Special Task Force Unit-183,SPECIAL_TASK_FORCE,Jamtara,Jharkhand,24.01174,86.768356,BEAT_JAM_33,PHONE,+919876500183,1
LEA184,Malda Special Task Force Unit-184,SPECIAL_TASK_FORCE,Malda,West Bengal,25.026951,88.142101,BEAT_MAL_34,DISPATCH_RADIO,+919876500184,1
LEA185,Dhanbad Cyber Crime Cell Unit-185,CYBER_CRIME_CELL,Dhanbad,Jharkhand,23.80274,86.369511,BEAT_DHA_35,PHONE,+919876500185,1
LEA186,Deoghar Cyber Crime Cell Unit-186,CYBER_CRIME_CELL,Deoghar,Jharkhand,24.484366,86.736238,BEAT_DEO_36,PHONE,+919876500186,1
LEA187,Srinagar Cyber Crime Cell Unit-187,CYBER_CRIME_CELL,Srinagar,Jammu and Kashmir,34.188287,74.880776,BEAT_SRI_37,EMAIL,+919876500187,1
LEA188,Gurugram Cyber Crime Cell Unit-188,CYBER_CRIME_CELL,Gurugram,Haryana,28.614684,76.963694,BEAT_GUR_38,PHONE,+919876500188,1
LEA189,Kolkata District Hq Unit-189,DISTRICT_HQ,Kolkata,West Bengal,22.63547,88.37821,BEAT_KOL_39,PHONE,+919876500189,1
LEA190,Patna District Hq Unit-190,DISTRICT_HQ,Patna,Bihar,25.751924,85.073006,BEAT_PAT_40,PHONE,+919876500190,1
LEA191,Jaipur Cyber Crime Cell Unit-191,CYBER_CRIME_CELL,Jaipur,Rajasthan,26.85188,75.738854,BEAT_JAI_41,EMAIL,+919876500191,1
LEA192,New Delhi Police Station Unit-192,POLICE_STATION,New Delhi,Delhi,28.460826,77.165836,BEAT_NEW_42,EMAIL,+919876500192,1
LEA193,Mumbai City Police Station Unit-193,POLICE_STATION,Mumbai City,Maharashtra,19.021288,72.889169,BEAT_MUM_43,EMAIL,+919876500193,1
LEA194,Bengaluru Urban Cyber Crime Cell Unit-194,CYBER_CRIME_CELL,Bengaluru Urban,Karnataka,12.996231,77.73336,BEAT_BEN_44,PHONE,+919876500194,1
LEA195,Lucknow District Hq Unit-195,DISTRICT_HQ,Lucknow,Uttar Pradesh,26.915199,80.899599,BEAT_LUC_45,EMAIL,+919876500195,1
LEA196,Khurda Special Task Force Unit-196,SPECIAL_TASK_FORCE,Khurda,Odisha,20.231349,85.862301,BEAT_KHU_46,PHONE,+919876500196,1
LEA197,Thane Cyber Crime Cell Unit-197,CYBER_CRIME_CELL,Thane,Maharashtra,18.937848,73.169331,BEAT_THA_47,EMAIL,+919876500197,1
LEA198,Nuh Cyber Crime Cell Unit-198,CYBER_CRIME_CELL,Nuh,Haryana,28.187305,76.963466,BEAT_NUH_48,DISPATCH_RADIO,+919876500198,1
LEA199,Alwar District Hq Unit-199,DISTRICT_HQ,Alwar,Rajasthan,27.429531,76.744659,BEAT_ALW_49,PHONE,+919876500199,1
LEA200,Bharatpur District Hq Unit-200,DISTRICT_HQ,Bharatpur,Rajasthan,27.208745,77.589819,BEAT_BHA_00,EMAIL,+919876500200,1
LEA201,Jamtara Cyber Crime Cell Unit-201,CYBER_CRIME_CELL,Jamtara,Jharkhand,23.847086,86.752728,BEAT_JAM_01,DISPATCH_RADIO,+919876500201,1
LEA202,Malda Police Station Unit-202,POLICE_STATION,Malda,West Bengal,25.011178,88.144836,BEAT_MAL_02,EMAIL,+919876500202,1
LEA203,Dhanbad Cyber Crime Cell Unit-203,CYBER_CRIME_CELL,Dhanbad,Jharkhand,23.763263,86.479461,BEAT_DHA_03,EMAIL,+919876500203,1
LEA204,Deoghar Cyber Crime Cell Unit-204,CYBER_CRIME_CELL,Deoghar,Jharkhand,24.405654,86.685525,BEAT_DEO_04,PHONE,+919876500204,1
LEA205,Srinagar Special Task Force Unit-205,SPECIAL_TASK_FORCE,Srinagar,Jammu and Kashmir,34.09237,74.842067,BEAT_SRI_05,PHONE,+919876500205,1
LEA206,Gurugram Cyber Crime Cell Unit-206,CYBER_CRIME_CELL,Gurugram,Haryana,28.510788,76.934403,BEAT_GUR_06,DISPATCH_RADIO,+919876500206,1
LEA207,Kolkata Special Task Force Unit-207,SPECIAL_TASK_FORCE,Kolkata,West Bengal,22.462033,88.463624,BEAT_KOL_07,PHONE,+919876500207,1
LEA208,Patna Police Station Unit-208,POLICE_STATION,Patna,Bihar,25.618051,85.077786,BEAT_PAT_08,PHONE,+919876500208,1
LEA209,Jaipur Cyber Crime Cell Unit-209,CYBER_CRIME_CELL,Jaipur,Rajasthan,27.024195,75.796649,BEAT_JAI_09,PHONE,+919876500209,1
LEA210,New Delhi Police Station Unit-210,POLICE_STATION,New Delhi,Delhi,28.698894,77.214543,BEAT_NEW_10,EMAIL,+919876500210,1
LEA211,Mumbai City District Hq Unit-211,DISTRICT_HQ,Mumbai City,Maharashtra,19.224522,73.011562,BEAT_MUM_11,EMAIL,+919876500211,1
LEA212,Bengaluru Urban Cyber Crime Cell Unit-212,CYBER_CRIME_CELL,Bengaluru Urban,Karnataka,12.953657,77.666457,BEAT_BEN_12,PHONE,+919876500212,1
LEA213,Lucknow Cyber Crime Cell Unit-213,CYBER_CRIME_CELL,Lucknow,Uttar Pradesh,26.893214,81.056756,BEAT_LUC_13,PHONE,+919876500213,1
LEA214,Khurda Police Station Unit-214,POLICE_STATION,Khurda,Odisha,20.226556,85.877218,BEAT_KHU_14,EMAIL,+919876500214,1
LEA215,Thane Cyber Crime Cell Unit-215,CYBER_CRIME_CELL,Thane,Maharashtra,19.109283,72.895614,BEAT_THA_15,PHONE,+919876500215,1
LEA216,Nuh Cyber Crime Cell Unit-216,CYBER_CRIME_CELL,Nuh,Haryana,28.01702,76.835186,BEAT_NUH_16,EMAIL,+919876500216,1
LEA217,Alwar Police Station Unit-217,POLICE_STATION,Alwar,Rajasthan,27.533583,76.69293,BEAT_ALW_17,PHONE,+919876500217,1
LEA218,Bharatpur Cyber Crime Cell Unit-218,CYBER_CRIME_CELL,Bharatpur,Rajasthan,27.325278,77.495505,BEAT_BHA_18,EMAIL,+919876500218,1
LEA219,Jamtara Cyber Crime Cell Unit-219,CYBER_CRIME_CELL,Jamtara,Jharkhand,24.079378,86.691152,BEAT_JAM_19,EMAIL,+919876500219,1
LEA220,Malda Police Station Unit-220,POLICE_STATION,Malda,West Bengal,24.888034,88.136682,BEAT_MAL_20,PHONE,+919876500220,1
LEA221,Dhanbad Cyber Crime Cell Unit-221,CYBER_CRIME_CELL,Dhanbad,Jharkhand,23.82338,86.427825,BEAT_DHA_21,DISPATCH_RADIO,+919876500221,1
LEA222,Deoghar Cyber Crime Cell Unit-222,CYBER_CRIME_CELL,Deoghar,Jharkhand,24.333595,86.689742,BEAT_DEO_22,PHONE,+919876500222,1
LEA223,Srinagar District Hq Unit-223,DISTRICT_HQ,Srinagar,Jammu and Kashmir,33.989684,74.855575,BEAT_SRI_23,DISPATCH_RADIO,+919876500223,1
LEA224,Gurugram Special Task Force Unit-224,SPECIAL_TASK_FORCE,Gurugram,Haryana,28.485921,76.94955,BEAT_GUR_24,EMAIL,+919876500224,1
LEA225,Kolkata Cyber Crime Cell Unit-225,CYBER_CRIME_CELL,Kolkata,West Bengal,22.535565,88.281227,BEAT_KOL_25,PHONE,+919876500225,1
LEA226,Patna District Hq Unit-226,DISTRICT_HQ,Patna,Bihar,25.589583,85.213929,BEAT_PAT_26,PHONE,+919876500226,1
LEA227,Jaipur Police Station Unit-227,POLICE_STATION,Jaipur,Rajasthan,26.841357,75.82804,BEAT_JAI_27,DISPATCH_RADIO,+919876500227,1
LEA228,New Delhi Cyber Crime Cell Unit-228,CYBER_CRIME_CELL,New Delhi,Delhi,28.575683,77.143906,BEAT_NEW_28,PHONE,+919876500228,1
LEA229,Mumbai City Cyber Crime Cell Unit-229,CYBER_CRIME_CELL,Mumbai City,Maharashtra,19.068286,72.798753,BEAT_MUM_29,PHONE,+919876500229,1
LEA230,Bengaluru Urban Cyber Crime Cell Unit-230,CYBER_CRIME_CELL,Bengaluru Urban,Karnataka,12.931697,77.506006,BEAT_BEN_30,PHONE,+919876500230,1
LEA231,Lucknow Cyber Crime Cell Unit-231,CYBER_CRIME_CELL,Lucknow,Uttar Pradesh,26.988302,80.949049,BEAT_LUC_31,EMAIL,+919876500231,1
LEA232,Khurda Police Station Unit-232,POLICE_STATION,Khurda,Odisha,20.245669,85.840943,BEAT_KHU_32,PHONE,+919876500232,1
LEA233,Thane Special Task Force Unit-233,SPECIAL_TASK_FORCE,Thane,Maharashtra,19.024904,73.012853,BEAT_THA_33,PHONE,+919876500233,1
LEA234,Nuh Cyber Crime Cell Unit-234,CYBER_CRIME_CELL,Nuh,Haryana,28.146564,77.063692,BEAT_NUH_34,EMAIL,+919876500234,1
LEA235,Alwar Cyber Crime Cell Unit-235,CYBER_CRIME_CELL,Alwar,Rajasthan,27.514766,76.587791,BEAT_ALW_35,DISPATCH_RADIO,+919876500235,1
LEA236,Bharatpur Cyber Crime Cell Unit-236,CYBER_CRIME_CELL,Bharatpur,Rajasthan,27.197176,77.30294,BEAT_BHA_36,DISPATCH_RADIO,+919876500236,1
LEA237,Jamtara Cyber Crime Cell Unit-237,CYBER_CRIME_CELL,Jamtara,Jharkhand,23.852797,86.907805,BEAT_JAM_37,EMAIL,+919876500237,1
LEA238,Malda Police Station Unit-238,POLICE_STATION,Malda,West Bengal,25.129356,88.121294,BEAT_MAL_38,DISPATCH_RADIO,+919876500238,1
LEA239,Dhanbad Cyber Crime Cell Unit-239,CYBER_CRIME_CELL,Dhanbad,Jharkhand,23.837254,86.454917,BEAT_DHA_39,PHONE,+919876500239,1
LEA240,Deoghar Special Task Force Unit-240,SPECIAL_TASK_FORCE,Deoghar,Jharkhand,24.704501,86.785462,BEAT_DEO_40,PHONE,+919876500240,1
LEA241,Srinagar Police Station Unit-241,POLICE_STATION,Srinagar,Jammu and Kashmir,34.074481,74.714148,BEAT_SRI_41,EMAIL,+919876500241,1
LEA242,Gurugram Police Station Unit-242,POLICE_STATION,Gurugram,Haryana,28.34372,77.04328,BEAT_GUR_42,EMAIL,+919876500242,1
LEA243,Kolkata Police Station Unit-243,POLICE_STATION,Kolkata,West Bengal,22.518088,88.252891,BEAT_KOL_43,DISPATCH_RADIO,+919876500243,1
LEA244,Patna Cyber Crime Cell Unit-244,CYBER_CRIME_CELL,Patna,Bihar,25.5475,85.05117,BEAT_PAT_44,PHONE,+919876500244,1
LEA245,Jaipur Special Task Force Unit-245,SPECIAL_TASK_FORCE,Jaipur,Rajasthan,27.033996,75.858559,BEAT_JAI_45,EMAIL,+919876500245,1
LEA246,New Delhi Police Station Unit-246,POLICE_STATION,New Delhi,Delhi,28.613325,77.330502,BEAT_NEW_46,EMAIL,+919876500246,1
LEA247,Mumbai City Cyber Crime Cell Unit-247,CYBER_CRIME_CELL,Mumbai City,Maharashtra,19.081576,72.812019,BEAT_MUM_47,PHONE,+919876500247,1
LEA248,Bengaluru Urban Police Station Unit-248,POLICE_STATION,Bengaluru Urban,Karnataka,13.081375,77.634457,BEAT_BEN_48,PHONE,+919876500248,1
LEA249,Lucknow Police Station Unit-249,POLICE_STATION,Lucknow,Uttar Pradesh,26.771944,80.930825,BEAT_LUC_49,PHONE,+919876500249,1
LEA250,Khurda Special Task Force Unit-250,SPECIAL_TASK_FORCE,Khurda,Odisha,20.232992,85.718241,BEAT_KHU_00,DISPATCH_RADIO,+919876500250,1
LEA251,Thane Police Station Unit-251,POLICE_STATION,Thane,Maharashtra,19.099752,73.175274,BEAT_THA_01,PHONE,+919876500251,1
LEA252,Nuh Cyber Crime Cell Unit-252,CYBER_CRIME_CELL,Nuh,Haryana,28.001502,77.047797,BEAT_NUH_02,EMAIL,+919876500252,1
LEA253,Alwar Police Station Unit-253,POLICE_STATION,Alwar,Rajasthan,27.506107,76.595001,BEAT_ALW_03,PHONE,+919876500253,1
LEA254,Bharatpur Special Task Force Unit-254,SPECIAL_TASK_FORCE,Bharatpur,Rajasthan,27.174305,77.419478,BEAT_BHA_04,EMAIL,+919876500254,1
LEA255,Jamtara Special Task Force Unit-255,SPECIAL_TASK_FORCE,Jamtara,Jharkhand,23.965497,86.734463,BEAT_JAM_05,EMAIL,+919876500255,1
LEA256,Malda Police Station Unit-256,POLICE_STATION,Malda,West Bengal,25.030292,88.137105,BEAT_MAL_06,PHONE,+919876500256,1
LEA257,Dhanbad Special Task Force Unit-257,SPECIAL_TASK_FORCE,Dhanbad,Jharkhand,23.778479,86.358913,BEAT_DHA_07,EMAIL,+919876500257,1
LEA258,Deoghar Cyber Crime Cell Unit-258,CYBER_CRIME_CELL,Deoghar,Jharkhand,24.441031,86.756621,BEAT_DEO_08,PHONE,+919876500258,1
LEA259,Srinagar Cyber Crime Cell Unit-259,CYBER_CRIME_CELL,Srinagar,Jammu and Kashmir,34.119802,74.712233,BEAT_SRI_09,EMAIL,+919876500259,1
LEA260,Gurugram Special Task Force Unit-260,SPECIAL_TASK_FORCE,Gurugram,Haryana,28.466659,77.088198,BEAT_GUR_10,PHONE,+919876500260,1
LEA261,Kolkata Police Station Unit-261,POLICE_STATION,Kolkata,West Bengal,22.452283,88.40631,BEAT_KOL_11,PHONE,+919876500261,1
LEA262,Patna Special Task Force Unit-262,SPECIAL_TASK_FORCE,Patna,Bihar,25.546343,85.183198,BEAT_PAT_12,EMAIL,+919876500262,1
LEA263,Jaipur District Hq Unit-263,DISTRICT_HQ,Jaipur,Rajasthan,26.85739,75.641419,BEAT_JAI_13,PHONE,+919876500263,1
LEA264,New Delhi Police Station Unit-264,POLICE_STATION,New Delhi,Delhi,28.4966,77.212948,BEAT_NEW_14,PHONE,+919876500264,1
LEA265,Mumbai City Cyber Crime Cell Unit-265,CYBER_CRIME_CELL,Mumbai City,Maharashtra,19.094719,72.808737,BEAT_MUM_15,EMAIL,+919876500265,1
LEA266,Bengaluru Urban District Hq Unit-266,DISTRICT_HQ,Bengaluru Urban,Karnataka,13.017625,77.471715,BEAT_BEN_16,DISPATCH_RADIO,+919876500266,1
LEA267,Lucknow Special Task Force Unit-267,SPECIAL_TASK_FORCE,Lucknow,Uttar Pradesh,26.841937,80.848376,BEAT_LUC_17,PHONE,+919876500267,1
LEA268,Khurda District Hq Unit-268,DISTRICT_HQ,Khurda,Odisha,20.249121,85.828142,BEAT_KHU_18,DISPATCH_RADIO,+919876500268,1
LEA269,Thane District Hq Unit-269,DISTRICT_HQ,Thane,Maharashtra,18.970988,73.000381,BEAT_THA_19,PHONE,+919876500269,1
LEA270,Nuh Police Station Unit-270,POLICE_STATION,Nuh,Haryana,28.174826,76.954665,BEAT_NUH_20,PHONE,+919876500270,1
LEA271,Alwar Special Task Force Unit-271,SPECIAL_TASK_FORCE,Alwar,Rajasthan,27.61323,76.542764,BEAT_ALW_21,EMAIL,+919876500271,1
LEA272,Bharatpur Cyber Crime Cell Unit-272,CYBER_CRIME_CELL,Bharatpur,Rajasthan,27.255184,77.606332,BEAT_BHA_22,EMAIL,+919876500272,1
LEA273,Jamtara Police Station Unit-273,POLICE_STATION,Jamtara,Jharkhand,23.783863,86.737149,BEAT_JAM_23,PHONE,+919876500273,1
LEA274,Malda Cyber Crime Cell Unit-274,CYBER_CRIME_CELL,Malda,West Bengal,25.052391,88.124952,BEAT_MAL_24,EMAIL,+919876500274,1
LEA275,Dhanbad Police Station Unit-275,POLICE_STATION,Dhanbad,Jharkhand,23.822449,86.382825,BEAT_DHA_25,EMAIL,+919876500275,1
LEA276,Deoghar Police Station Unit-276,POLICE_STATION,Deoghar,Jharkhand,24.488841,86.684472,BEAT_DEO_26,EMAIL,+919876500276,1
LEA277,Srinagar Police Station Unit-277,POLICE_STATION,Srinagar,Jammu and Kashmir,34.167864,74.81944,BEAT_SRI_27,PHONE,+919876500277,1
LEA278,Gurugram District Hq Unit-278,DISTRICT_HQ,Gurugram,Haryana,28.483832,76.992835,BEAT_GUR_28,PHONE,+919876500278,1
LEA279,Kolkata Cyber Crime Cell Unit-279,CYBER_CRIME_CELL,Kolkata,West Bengal,22.537457,88.330138,BEAT_KOL_29,PHONE,+919876500279,1
LEA280,Patna District Hq Unit-280,DISTRICT_HQ,Patna,Bihar,25.622529,85.103958,BEAT_PAT_30,EMAIL,+919876500280,1
LEA281,Jaipur Police Station Unit-281,POLICE_STATION,Jaipur,Rajasthan,26.933285,75.955045,BEAT_JAI_31,PHONE,+919876500281,1
LEA282,New Delhi Cyber Crime Cell Unit-282,CYBER_CRIME_CELL,New Delhi,Delhi,28.676684,77.182234,BEAT_NEW_32,PHONE,+919876500282,1
LEA283,Mumbai City Cyber Crime Cell Unit-283,CYBER_CRIME_CELL,Mumbai City,Maharashtra,19.162574,72.84658,BEAT_MUM_33,PHONE,+919876500283,1
LEA284,Bengaluru Urban Cyber Crime Cell Unit-284,CYBER_CRIME_CELL,Bengaluru Urban,Karnataka,12.824708,77.520043,BEAT_BEN_34,PHONE,+919876500284,1
LEA285,Lucknow Special Task Force Unit-285,SPECIAL_TASK_FORCE,Lucknow,Uttar Pradesh,26.711868,80.917805,BEAT_LUC_35,PHONE,+919876500285,1
LEA286,Khurda Police Station Unit-286,POLICE_STATION,Khurda,Odisha,20.297427,85.953323,BEAT_KHU_36,EMAIL,+919876500286,1
LEA287,Thane Cyber Crime Cell Unit-287,CYBER_CRIME_CELL,Thane,Maharashtra,19.056562,73.012996,BEAT_THA_37,EMAIL,+919876500287,1
LEA288,Nuh District Hq Unit-288,DISTRICT_HQ,Nuh,Haryana,28.162077,76.821141,BEAT_NUH_38,DISPATCH_RADIO,+919876500288,1
LEA289,Alwar Cyber Crime Cell Unit-289,CYBER_CRIME_CELL,Alwar,Rajasthan,27.569981,76.697265,BEAT_ALW_39,DISPATCH_RADIO,+919876500289,1
LEA290,Bharatpur Police Station Unit-290,POLICE_STATION,Bharatpur,Rajasthan,27.110435,77.582196,BEAT_BHA_40,PHONE,+919876500290,1
LEA291,Jamtara Police Station Unit-291,POLICE_STATION,Jamtara,Jharkhand,23.986396,86.767246,BEAT_JAM_41,DISPATCH_RADIO,+919876500291,1
LEA292,Malda Police Station Unit-292,POLICE_STATION,Malda,West Bengal,25.056406,88.321688,BEAT_MAL_42,PHONE,+919876500292,1
LEA293,Dhanbad Police Station Unit-293,POLICE_STATION,Dhanbad,Jharkhand,23.808807,86.449952,BEAT_DHA_43,PHONE,+919876500293,1
LEA294,Deoghar Cyber Crime Cell Unit-294,CYBER_CRIME_CELL,Deoghar,Jharkhand,24.449493,86.629499,BEAT_DEO_44,PHONE,+919876500294,1
LEA295,Srinagar Cyber Crime Cell Unit-295,CYBER_CRIME_CELL,Srinagar,Jammu and Kashmir,34.143544,74.722803,BEAT_SRI_45,PHONE,+919876500295,1
LEA296,Gurugram Cyber Crime Cell Unit-296,CYBER_CRIME_CELL,Gurugram,Haryana,28.464658,76.987442,BEAT_GUR_46,EMAIL,+919876500296,1
LEA297,Kolkata Cyber Crime Cell Unit-297,CYBER_CRIME_CELL,Kolkata,West Bengal,22.607121,88.389943,BEAT_KOL_47,PHONE,+919876500297,1
LEA298,Patna District Hq Unit-298,DISTRICT_HQ,Patna,Bihar,25.668878,85.096843,BEAT_PAT_48,PHONE,+919876500298,1
LEA299,Jaipur Police Station Unit-299,POLICE_STATION,Jaipur,Rajasthan,26.89295,75.708191,BEAT_JAI_49,PHONE,+919876500299,1
LEA300,New Delhi Cyber Crime Cell Unit-300,CYBER_CRIME_CELL,New Delhi,Delhi,28.581879,77.239976,BEAT_NEW_00,PHONE,+919876500300,1
LEA301,Mumbai City Cyber Crime Cell Unit-301,CYBER_CRIME_CELL,Mumbai City,Maharashtra,19.130558,72.807376,BEAT_MUM_01,PHONE,+919876500301,1
LEA302,Bengaluru Urban Cyber Crime Cell Unit-302,CYBER_CRIME_CELL,Bengaluru Urban,Karnataka,13.034274,77.694862,BEAT_BEN_02,PHONE,+919876500302,1
LEA303,Lucknow Cyber Crime Cell Unit-303,CYBER_CRIME_CELL,Lucknow,Uttar Pradesh,26.876497,81.097805,BEAT_LUC_03,PHONE,+919876500303,1
LEA304,Khurda Cyber Crime Cell Unit-304,CYBER_CRIME_CELL,Khurda,Odisha,20.240331,85.728857,BEAT_KHU_04,PHONE,+919876500304,1
LEA305,Thane Police Station Unit-305,POLICE_STATION,Thane,Maharashtra,18.904804,73.143758,BEAT_THA_05,EMAIL,+919876500305,1
LEA306,Nuh Cyber Crime Cell Unit-306,CYBER_CRIME_CELL,Nuh,Haryana,28.149461,76.997258,BEAT_NUH_06,EMAIL,+919876500306,1
LEA307,Alwar Police Station Unit-307,POLICE_STATION,Alwar,Rajasthan,27.573178,76.543107,BEAT_ALW_07,PHONE,+919876500307,1
LEA308,Bharatpur District Hq Unit-308,DISTRICT_HQ,Bharatpur,Rajasthan,27.39327,77.499973,BEAT_BHA_08,DISPATCH_RADIO,+919876500308,1
LEA309,Jamtara Cyber Crime Cell Unit-309,CYBER_CRIME_CELL,Jamtara,Jharkhand,23.969884,86.857241,BEAT_JAM_09,PHONE,+919876500309,1
LEA310,Malda District Hq Unit-310,DISTRICT_HQ,Malda,West Bengal,25.045467,88.158905,BEAT_MAL_10,EMAIL,+919876500310,1
LEA311,Dhanbad Cyber Crime Cell Unit-311,CYBER_CRIME_CELL,Dhanbad,Jharkhand,23.738729,86.467537,BEAT_DHA_11,PHONE,+919876500311,1
LEA312,Deoghar Cyber Crime Cell Unit-312,CYBER_CRIME_CELL,Deoghar,Jharkhand,24.618241,86.803347,BEAT_DEO_12,PHONE,+919876500312,1
LEA313,Srinagar Police Station Unit-313,POLICE_STATION,Srinagar,Jammu and Kashmir,34.198524,74.752814,BEAT_SRI_13,PHONE,+919876500313,1
LEA314,Gurugram Police Station Unit-314,POLICE_STATION,Gurugram,Haryana,28.388177,77.016288,BEAT_GUR_14,EMAIL,+919876500314,1
LEA315,Kolkata Cyber Crime Cell Unit-315,CYBER_CRIME_CELL,Kolkata,West Bengal,22.576616,88.449303,BEAT_KOL_15,PHONE,+919876500315,1
LEA316,Patna Police Station Unit-316,POLICE_STATION,Patna,Bihar,25.472121,85.259832,BEAT_PAT_16,EMAIL,+919876500316,1
LEA317,Jaipur Police Station Unit-317,POLICE_STATION,Jaipur,Rajasthan,26.901012,75.752797,BEAT_JAI_17,PHONE,+919876500317,1
LEA318,New Delhi Cyber Crime Cell Unit-318,CYBER_CRIME_CELL,New Delhi,Delhi,28.540956,77.073138,BEAT_NEW_18,PHONE,+919876500318,1
LEA319,Mumbai City Police Station Unit-319,POLICE_STATION,Mumbai City,Maharashtra,19.135328,72.883291,BEAT_MUM_19,PHONE,+919876500319,1
LEA320,Bengaluru Urban Cyber Crime Cell Unit-320,CYBER_CRIME_CELL,Bengaluru Urban,Karnataka,12.87863,77.498817,BEAT_BEN_20,PHONE,+919876500320,1
LEA321,Lucknow Cyber Crime Cell Unit-321,CYBER_CRIME_CELL,Lucknow,Uttar Pradesh,26.822499,81.081021,BEAT_LUC_21,PHONE,+919876500321,1
LEA322,Khurda Cyber Crime Cell Unit-322,CYBER_CRIME_CELL,Khurda,Odisha,20.277391,85.708994,BEAT_KHU_22,PHONE,+919876500322,1
LEA323,Thane Cyber Crime Cell Unit-323,CYBER_CRIME_CELL,Thane,Maharashtra,19.015289,73.008908,BEAT_THA_23,EMAIL,+919876500323,1
LEA324,Nuh Police Station Unit-324,POLICE_STATION,Nuh,Haryana,27.90793,76.997364,BEAT_NUH_24,EMAIL,+919876500324,1
LEA325,Alwar District Hq Unit-325,DISTRICT_HQ,Alwar,Rajasthan,27.536356,76.691196,BEAT_ALW_25,PHONE,+919876500325,1
LEA326,Bharatpur Cyber Crime Cell Unit-326,CYBER_CRIME_CELL,Bharatpur,Rajasthan,27.350258,77.580803,BEAT_BHA_26,PHONE,+919876500326,1
LEA327,Jamtara Police Station Unit-327,POLICE_STATION,Jamtara,Jharkhand,23.942621,86.712729,BEAT_JAM_27,EMAIL,+919876500327,1
LEA328,Malda Police Station Unit-328,POLICE_STATION,Malda,West Bengal,25.196267,88.14581,BEAT_MAL_28,PHONE,+919876500328,1
LEA329,Dhanbad Cyber Crime Cell Unit-329,CYBER_CRIME_CELL,Dhanbad,Jharkhand,23.796704,86.4285,BEAT_DHA_29,PHONE,+919876500329,1
LEA330,Deoghar Police Station Unit-330,POLICE_STATION,Deoghar,Jharkhand,24.496876,86.685368,BEAT_DEO_30,PHONE,+919876500330,1
LEA331,Srinagar Cyber Crime Cell Unit-331,CYBER_CRIME_CELL,Srinagar,Jammu and Kashmir,34.042355,74.749712,BEAT_SRI_31,DISPATCH_RADIO,+919876500331,1
LEA332,Gurugram Police Station Unit-332,POLICE_STATION,Gurugram,Haryana,28.457139,76.982051,BEAT_GUR_32,PHONE,+919876500332,1
LEA333,Kolkata Cyber Crime Cell Unit-333,CYBER_CRIME_CELL,Kolkata,West Bengal,22.521224,88.372207,BEAT_KOL_33,PHONE,+919876500333,1
LEA334,Patna Cyber Crime Cell Unit-334,CYBER_CRIME_CELL,Patna,Bihar,25.575723,85.257789,BEAT_PAT_34,PHONE,+919876500334,1
LEA335,Jaipur Cyber Crime Cell Unit-335,CYBER_CRIME_CELL,Jaipur,Rajasthan,26.721339,75.875522,BEAT_JAI_35,PHONE,+919876500335,1
LEA336,New Delhi Cyber Crime Cell Unit-336,CYBER_CRIME_CELL,New Delhi,Delhi,28.703708,77.038777,BEAT_NEW_36,EMAIL,+919876500336,1
LEA337,Mumbai City Cyber Crime Cell Unit-337,CYBER_CRIME_CELL,Mumbai City,Maharashtra,19.051302,72.849374,BEAT_MUM_37,PHONE,+919876500337,1
LEA338,Bengaluru Urban Police Station Unit-338,POLICE_STATION,Bengaluru Urban,Karnataka,12.870158,77.537073,BEAT_BEN_38,DISPATCH_RADIO,+919876500338,1
LEA339,Lucknow Cyber Crime Cell Unit-339,CYBER_CRIME_CELL,Lucknow,Uttar Pradesh,26.766658,81.087746,BEAT_LUC_39,PHONE,+919876500339,1
LEA340,Khurda Special Task Force Unit-340,SPECIAL_TASK_FORCE,Khurda,Odisha,20.363536,85.92221,BEAT_KHU_40,EMAIL,+919876500340,1
LEA341,Thane District Hq Unit-341,DISTRICT_HQ,Thane,Maharashtra,19.085012,72.943621,BEAT_THA_41,PHONE,+919876500341,1
LEA342,Nuh Cyber Crime Cell Unit-342,CYBER_CRIME_CELL,Nuh,Haryana,28.064497,77.041784,BEAT_NUH_42,EMAIL,+919876500342,1
LEA343,Alwar Special Task Force Unit-343,SPECIAL_TASK_FORCE,Alwar,Rajasthan,27.464919,76.692561,BEAT_ALW_43,PHONE,+919876500343,1
LEA344,Bharatpur Police Station Unit-344,POLICE_STATION,Bharatpur,Rajasthan,27.199679,77.459123,BEAT_BHA_44,PHONE,+919876500344,1
LEA345,Jamtara District Hq Unit-345,DISTRICT_HQ,Jamtara,Jharkhand,24.01324,86.835039,BEAT_JAM_45,PHONE,+919876500345,1
LEA346,Malda Cyber Crime Cell Unit-346,CYBER_CRIME_CELL,Malda,West Bengal,24.984784,88.233301,BEAT_MAL_46,PHONE,+919876500346,1
LEA347,Dhanbad Police Station Unit-347,POLICE_STATION,Dhanbad,Jharkhand,23.717786,86.478916,BEAT_DHA_47,PHONE,+919876500347,1
LEA348,Deoghar Cyber Crime Cell Unit-348,CYBER_CRIME_CELL,Deoghar,Jharkhand,24.525346,86.672286,BEAT_DEO_48,EMAIL,+919876500348,1
LEA349,Srinagar Cyber Crime Cell Unit-349,CYBER_CRIME_CELL,Srinagar,Jammu and Kashmir,34.107205,74.688428,BEAT_SRI_49,PHONE,+919876500349,1
LEA350,Gurugram Cyber Crime Cell Unit-350,CYBER_CRIME_CELL,Gurugram,Haryana,28.526097,77.011442,BEAT_GUR_00,PHONE,+919876500350,1
LEA351,Kolkata Police Station Unit-351,POLICE_STATION,Kolkata,West Bengal,22.534926,88.445777,BEAT_KOL_01,PHONE,+919876500351,1
LEA352,Patna Cyber Crime Cell Unit-352,CYBER_CRIME_CELL,Patna,Bihar,25.543336,85.025045,BEAT_PAT_02,PHONE,+919876500352,1
LEA353,Jaipur Cyber Crime Cell Unit-353,CYBER_CRIME_CELL,Jaipur,Rajasthan,26.800211,75.836281,BEAT_JAI_03,DISPATCH_RADIO,+919876500353,1
LEA354,New Delhi Cyber Crime Cell Unit-354,CYBER_CRIME_CELL,New Delhi,Delhi,28.521617,77.353067,BEAT_NEW_04,EMAIL,+919876500354,1
LEA355,Mumbai City Cyber Crime Cell Unit-355,CYBER_CRIME_CELL,Mumbai City,Maharashtra,18.925951,73.007071,BEAT_MUM_05,EMAIL,+919876500355,1
LEA356,Bengaluru Urban District Hq Unit-356,DISTRICT_HQ,Bengaluru Urban,Karnataka,12.986808,77.587447,BEAT_BEN_06,PHONE,+919876500356,1
LEA357,Lucknow Police Station Unit-357,POLICE_STATION,Lucknow,Uttar Pradesh,26.807427,80.978442,BEAT_LUC_07,PHONE,+919876500357,1
LEA358,Khurda Cyber Crime Cell Unit-358,CYBER_CRIME_CELL,Khurda,Odisha,20.293388,85.909281,BEAT_KHU_08,DISPATCH_RADIO,+919876500358,1
LEA359,Thane District Hq Unit-359,DISTRICT_HQ,Thane,Maharashtra,19.041233,73.041159,BEAT_THA_09,DISPATCH_RADIO,+919876500359,1
LEA360,Nuh Cyber Crime Cell Unit-360,CYBER_CRIME_CELL,Nuh,Haryana,28.076094,76.997147,BEAT_NUH_10,EMAIL,+919876500360,1
LEA361,Alwar Special Task Force Unit-361,SPECIAL_TASK_FORCE,Alwar,Rajasthan,27.575184,76.495577,BEAT_ALW_11,PHONE,+919876500361,1
LEA362,Bharatpur Cyber Crime Cell Unit-362,CYBER_CRIME_CELL,Bharatpur,Rajasthan,27.119833,77.549738,BEAT_BHA_12,EMAIL,+919876500362,1
LEA363,Jamtara Police Station Unit-363,POLICE_STATION,Jamtara,Jharkhand,23.974315,86.785489,BEAT_JAM_13,EMAIL,+919876500363,1
LEA364,Malda Cyber Crime Cell Unit-364,CYBER_CRIME_CELL,Malda,West Bengal,25.012129,88.168743,BEAT_MAL_14,EMAIL,+919876500364,1
LEA365,Dhanbad Cyber Crime Cell Unit-365,CYBER_CRIME_CELL,Dhanbad,Jharkhand,23.756798,86.369094,BEAT_DHA_15,PHONE,+919876500365,1
LEA366,Deoghar Cyber Crime Cell Unit-366,CYBER_CRIME_CELL,Deoghar,Jharkhand,24.496715,86.61932,BEAT_DEO_16,EMAIL,+919876500366,1
LEA367,Srinagar Police Station Unit-367,POLICE_STATION,Srinagar,Jammu and Kashmir,34.113124,74.64914,BEAT_SRI_17,PHONE,+919876500367,1
LEA368,Gurugram Cyber Crime Cell Unit-368,CYBER_CRIME_CELL,Gurugram,Haryana,28.533673,77.065343,BEAT_GUR_18,EMAIL,+919876500368,1
LEA369,Kolkata Cyber Crime Cell Unit-369,CYBER_CRIME_CELL,Kolkata,West Bengal,22.591053,88.4406,BEAT_KOL_19,EMAIL,+919876500369,1
LEA370,Patna Police Station Unit-370,POLICE_STATION,Patna,Bihar,25.714134,85.218662,BEAT_PAT_20,PHONE,+919876500370,1
LEA371,Jaipur Police Station Unit-371,POLICE_STATION,Jaipur,Rajasthan,26.779724,75.683878,BEAT_JAI_21,PHONE,+919876500371,1
LEA372,New Delhi Police Station Unit-372,POLICE_STATION,New Delhi,Delhi,28.568868,77.211142,BEAT_NEW_22,PHONE,+919876500372,1
LEA373,Mumbai City Cyber Crime Cell Unit-373,CYBER_CRIME_CELL,Mumbai City,Maharashtra,19.113309,72.822355,BEAT_MUM_23,EMAIL,+919876500373,1
LEA374,Bengaluru Urban Cyber Crime Cell Unit-374,CYBER_CRIME_CELL,Bengaluru Urban,Karnataka,12.985061,77.538732,BEAT_BEN_24,PHONE,+919876500374,1
LEA375,Lucknow Special Task Force Unit-375,SPECIAL_TASK_FORCE,Lucknow,Uttar Pradesh,26.802627,80.832572,BEAT_LUC_25,EMAIL,+919876500375,1
LEA376,Khurda Cyber Crime Cell Unit-376,CYBER_CRIME_CELL,Khurda,Odisha,20.229561,85.720632,BEAT_KHU_26,DISPATCH_RADIO,+919876500376,1
LEA377,Thane Police Station Unit-377,POLICE_STATION,Thane,Maharashtra,18.962667,73.11003,BEAT_THA_27,PHONE,+919876500377,1
LEA378,Nuh Cyber Crime Cell Unit-378,CYBER_CRIME_CELL,Nuh,Haryana,28.033875,77.216877,BEAT_NUH_28,EMAIL,+919876500378,1
LEA379,Alwar Police Station Unit-379,POLICE_STATION,Alwar,Rajasthan,27.588554,76.649626,BEAT_ALW_29,PHONE,+919876500379,1
LEA380,Bharatpur District Hq Unit-380,DISTRICT_HQ,Bharatpur,Rajasthan,27.155136,77.546257,BEAT_BHA_30,EMAIL,+919876500380,1
LEA381,Jamtara Cyber Crime Cell Unit-381,CYBER_CRIME_CELL,Jamtara,Jharkhand,23.920513,86.809623,BEAT_JAM_31,PHONE,+919876500381,1
LEA382,Malda Cyber Crime Cell Unit-382,CYBER_CRIME_CELL,Malda,West Bengal,25.195311,88.13346,BEAT_MAL_32,EMAIL,+919876500382,1
LEA383,Dhanbad Cyber Crime Cell Unit-383,CYBER_CRIME_CELL,Dhanbad,Jharkhand,23.878531,86.375012,BEAT_DHA_33,PHONE,+919876500383,1
LEA384,Deoghar District Hq Unit-384,DISTRICT_HQ,Deoghar,Jharkhand,24.480078,86.837034,BEAT_DEO_34,EMAIL,+919876500384,1
LEA385,Srinagar Cyber Crime Cell Unit-385,CYBER_CRIME_CELL,Srinagar,Jammu and Kashmir,34.038513,74.95502,BEAT_SRI_35,EMAIL,+919876500385,1
LEA386,Gurugram Cyber Crime Cell Unit-386,CYBER_CRIME_CELL,Gurugram,Haryana,28.510509,76.98049,BEAT_GUR_36,EMAIL,+919876500386,1
LEA387,Kolkata Cyber Crime Cell Unit-387,CYBER_CRIME_CELL,Kolkata,West Bengal,22.618179,88.439809,BEAT_KOL_37,PHONE,+919876500387,1
LEA388,Patna District Hq Unit-388,DISTRICT_HQ,Patna,Bihar,25.638915,85.012118,BEAT_PAT_38,PHONE,+919876500388,1
LEA389,Jaipur Cyber Crime Cell Unit-389,CYBER_CRIME_CELL,Jaipur,Rajasthan,26.859994,75.767294,BEAT_JAI_39,EMAIL,+919876500389,1
LEA390,New Delhi Police Station Unit-390,POLICE_STATION,New Delhi,Delhi,28.608535,77.259957,BEAT_NEW_40,EMAIL,+919876500390,1
LEA391,Mumbai City Police Station Unit-391,POLICE_STATION,Mumbai City,Maharashtra,19.088807,72.775867,BEAT_MUM_41,PHONE,+919876500391,1
LEA392,Bengaluru Urban Cyber Crime Cell Unit-392,CYBER_CRIME_CELL,Bengaluru Urban,Karnataka,12.999002,77.639759,BEAT_BEN_42,PHONE,+919876500392,1
LEA393,Lucknow Cyber Crime Cell Unit-393,CYBER_CRIME_CELL,Lucknow,Uttar Pradesh,26.887045,81.033504,BEAT_LUC_43,DISPATCH_RADIO,+919876500393,1
LEA394,Khurda Police Station Unit-394,POLICE_STATION,Khurda,Odisha,20.356202,85.859785,BEAT_KHU_44,PHONE,+919876500394,1
LEA395,Thane Police Station Unit-395,POLICE_STATION,Thane,Maharashtra,19.027943,72.903068,BEAT_THA_45,DISPATCH_RADIO,+919876500395,1
LEA396,Nuh Cyber Crime Cell Unit-396,CYBER_CRIME_CELL,Nuh,Haryana,28.133263,77.018769,BEAT_NUH_46,PHONE,+919876500396,1
LEA397,Alwar Police Station Unit-397,POLICE_STATION,Alwar,Rajasthan,27.572573,76.530811,BEAT_ALW_47,EMAIL,+919876500397,1
LEA398,Bharatpur Cyber Crime Cell Unit-398,CYBER_CRIME_CELL,Bharatpur,Rajasthan,27.139086,77.574853,BEAT_BHA_48,EMAIL,+919876500398,1
LEA399,Jamtara Special Task Force Unit-399,SPECIAL_TASK_FORCE,Jamtara,Jharkhand,23.959149,86.85375,BEAT_JAM_49,PHONE,+919876500399,1
LEA400,Malda Police Station Unit-400,POLICE_STATION,Malda,West Bengal,25.012841,88.143466,BEAT_MAL_00,DISPATCH_RADIO,+919876500400,1
LEA401,Dhanbad Police Station Unit-401,POLICE_STATION,Dhanbad,Jharkhand,23.863324,86.389752,BEAT_DHA_01,PHONE,+919876500401,1
LEA402,Deoghar Police Station Unit-402,POLICE_STATION,Deoghar,Jharkhand,24.489528,86.660191,BEAT_DEO_02,EMAIL,+919876500402,1
LEA403,Srinagar Police Station Unit-403,POLICE_STATION,Srinagar,Jammu and Kashmir,34.052385,74.770396,BEAT_SRI_03,EMAIL,+919876500403,1
LEA404,Gurugram Special Task Force Unit-404,SPECIAL_TASK_FORCE,Gurugram,Haryana,28.47551,76.987353,BEAT_GUR_04,DISPATCH_RADIO,+919876500404,1
LEA405,Kolkata Police Station Unit-405,POLICE_STATION,Kolkata,West Bengal,22.663105,88.294075,BEAT_KOL_05,PHONE,+919876500405,1
LEA406,Patna Special Task Force Unit-406,SPECIAL_TASK_FORCE,Patna,Bihar,25.580632,85.10246,BEAT_PAT_06,EMAIL,+919876500406,1
LEA407,Jaipur Cyber Crime Cell Unit-407,CYBER_CRIME_CELL,Jaipur,Rajasthan,27.016687,75.803187,BEAT_JAI_07,DISPATCH_RADIO,+919876500407,1
LEA408,New Delhi District Hq Unit-408,DISTRICT_HQ,New Delhi,Delhi,28.688267,77.087037,BEAT_NEW_08,PHONE,+919876500408,1
LEA409,Mumbai City Police Station Unit-409,POLICE_STATION,Mumbai City,Maharashtra,19.095247,72.945543,BEAT_MUM_09,PHONE,+919876500409,1
LEA410,Bengaluru Urban Cyber Crime Cell Unit-410,CYBER_CRIME_CELL,Bengaluru Urban,Karnataka,12.97753,77.673402,BEAT_BEN_10,PHONE,+919876500410,1
LEA411,Lucknow District Hq Unit-411,DISTRICT_HQ,Lucknow,Uttar Pradesh,26.809418,81.060045,BEAT_LUC_11,PHONE,+919876500411,1
LEA412,Khurda Cyber Crime Cell Unit-412,CYBER_CRIME_CELL,Khurda,Odisha,20.461786,85.796618,BEAT_KHU_12,PHONE,+919876500412,1
LEA413,Thane Police Station Unit-413,POLICE_STATION,Thane,Maharashtra,19.000892,73.140506,BEAT_THA_13,DISPATCH_RADIO,+919876500413,1
LEA414,Nuh Cyber Crime Cell Unit-414,CYBER_CRIME_CELL,Nuh,Haryana,28.216143,76.95908,BEAT_NUH_14,PHONE,+919876500414,1
LEA415,Alwar Police Station Unit-415,POLICE_STATION,Alwar,Rajasthan,27.522716,76.611693,BEAT_ALW_15,PHONE,+919876500415,1
LEA416,Bharatpur Cyber Crime Cell Unit-416,CYBER_CRIME_CELL,Bharatpur,Rajasthan,27.120103,77.415048,BEAT_BHA_16,PHONE,+919876500416,1
LEA417,Jamtara Cyber Crime Cell Unit-417,CYBER_CRIME_CELL,Jamtara,Jharkhand,23.889629,86.739444,BEAT_JAM_17,PHONE,+919876500417,1
LEA418,Malda Police Station Unit-418,POLICE_STATION,Malda,West Bengal,25.0083,88.159727,BEAT_MAL_18,PHONE,+919876500418,1
LEA419,Dhanbad Special Task Force Unit-419,SPECIAL_TASK_FORCE,Dhanbad,Jharkhand,23.907448,86.351761,BEAT_DHA_19,PHONE,+919876500419,1
LEA420,Deoghar Police Station Unit-420,POLICE_STATION,Deoghar,Jharkhand,24.553542,86.679854,BEAT_DEO_20,EMAIL,+919876500420,1
LEA421,Srinagar Cyber Crime Cell Unit-421,CYBER_CRIME_CELL,Srinagar,Jammu and Kashmir,34.080135,74.856023,BEAT_SRI_21,EMAIL,+919876500421,1
LEA422,Gurugram Cyber Crime Cell Unit-422,CYBER_CRIME_CELL,Gurugram,Haryana,28.378583,77.05795,BEAT_GUR_22,DISPATCH_RADIO,+919876500422,1
LEA423,Kolkata Cyber Crime Cell Unit-423,CYBER_CRIME_CELL,Kolkata,West Bengal,22.584597,88.402336,BEAT_KOL_23,PHONE,+919876500423,1
LEA424,Patna Cyber Crime Cell Unit-424,CYBER_CRIME_CELL,Patna,Bihar,25.614941,85.333811,BEAT_PAT_24,DISPATCH_RADIO,+919876500424,1
LEA425,Jaipur Police Station Unit-425,POLICE_STATION,Jaipur,Rajasthan,26.866437,75.744382,BEAT_JAI_25,PHONE,+919876500425,1
LEA426,New Delhi Cyber Crime Cell Unit-426,CYBER_CRIME_CELL,New Delhi,Delhi,28.568989,77.163396,BEAT_NEW_26,EMAIL,+919876500426,1
LEA427,Mumbai City Cyber Crime Cell Unit-427,CYBER_CRIME_CELL,Mumbai City,Maharashtra,19.030062,72.968374,BEAT_MUM_27,EMAIL,+919876500427,1
LEA428,Bengaluru Urban Cyber Crime Cell Unit-428,CYBER_CRIME_CELL,Bengaluru Urban,Karnataka,13.073979,77.552388,BEAT_BEN_28,PHONE,+919876500428,1
LEA429,Lucknow Cyber Crime Cell Unit-429,CYBER_CRIME_CELL,Lucknow,Uttar Pradesh,26.78671,80.98428,BEAT_LUC_29,PHONE,+919876500429,1
LEA430,Khurda Police Station Unit-430,POLICE_STATION,Khurda,Odisha,20.2563,85.873136,BEAT_KHU_30,PHONE,+919876500430,1
LEA431,Thane District Hq Unit-431,DISTRICT_HQ,Thane,Maharashtra,19.047625,72.91414,BEAT_THA_31,PHONE,+919876500431,1
LEA432,Nuh Police Station Unit-432,POLICE_STATION,Nuh,Haryana,28.213832,77.148531,BEAT_NUH_32,PHONE,+919876500432,1
LEA433,Alwar Police Station Unit-433,POLICE_STATION,Alwar,Rajasthan,27.508835,76.603083,BEAT_ALW_33,PHONE,+919876500433,1
LEA434,Bharatpur Cyber Crime Cell Unit-434,CYBER_CRIME_CELL,Bharatpur,Rajasthan,27.237603,77.516606,BEAT_BHA_34,PHONE,+919876500434,1
LEA435,Jamtara District Hq Unit-435,DISTRICT_HQ,Jamtara,Jharkhand,24.009463,86.958544,BEAT_JAM_35,DISPATCH_RADIO,+919876500435,1
LEA436,Malda Cyber Crime Cell Unit-436,CYBER_CRIME_CELL,Malda,West Bengal,24.998047,88.077612,BEAT_MAL_36,PHONE,+919876500436,1
LEA437,Dhanbad Police Station Unit-437,POLICE_STATION,Dhanbad,Jharkhand,23.69629,86.372826,BEAT_DHA_37,PHONE,+919876500437,1
LEA438,Deoghar Cyber Crime Cell Unit-438,CYBER_CRIME_CELL,Deoghar,Jharkhand,24.480212,86.838916,BEAT_DEO_38,PHONE,+919876500438,1
LEA439,Srinagar Police Station Unit-439,POLICE_STATION,Srinagar,Jammu and Kashmir,34.046395,74.816774,BEAT_SRI_39,EMAIL,+919876500439,1
LEA440,Gurugram Cyber Crime Cell Unit-440,CYBER_CRIME_CELL,Gurugram,Haryana,28.458316,77.124023,BEAT_GUR_40,PHONE,+919876500440,1
LEA441,Kolkata Cyber Crime Cell Unit-441,CYBER_CRIME_CELL,Kolkata,West Bengal,22.754721,88.322465,BEAT_KOL_41,EMAIL,+919876500441,1
LEA442,Patna Cyber Crime Cell Unit-442,CYBER_CRIME_CELL,Patna,Bihar,25.558825,85.221042,BEAT_PAT_42,PHONE,+919876500442,1
LEA443,Jaipur District Hq Unit-443,DISTRICT_HQ,Jaipur,Rajasthan,26.961545,75.936561,BEAT_JAI_43,PHONE,+919876500443,1
LEA444,New Delhi Police Station Unit-444,POLICE_STATION,New Delhi,Delhi,28.655985,77.179502,BEAT_NEW_44,PHONE,+919876500444,1
LEA445,Mumbai City Cyber Crime Cell Unit-445,CYBER_CRIME_CELL,Mumbai City,Maharashtra,19.11857,72.96225,BEAT_MUM_45,PHONE,+919876500445,1
LEA446,Bengaluru Urban Police Station Unit-446,POLICE_STATION,Bengaluru Urban,Karnataka,13.030734,77.632118,BEAT_BEN_46,EMAIL,+919876500446,1
LEA447,Lucknow District Hq Unit-447,DISTRICT_HQ,Lucknow,Uttar Pradesh,26.923577,81.040654,BEAT_LUC_47,PHONE,+919876500447,1
LEA448,Khurda Police Station Unit-448,POLICE_STATION,Khurda,Odisha,20.395715,85.874349,BEAT_KHU_48,PHONE,+919876500448,1
LEA449,Thane Cyber Crime Cell Unit-449,CYBER_CRIME_CELL,Thane,Maharashtra,19.020955,73.040885,BEAT_THA_49,EMAIL,+919876500449,1
LEA450,Nuh Cyber Crime Cell Unit-450,CYBER_CRIME_CELL,Nuh,Haryana,28.189256,76.935053,BEAT_NUH_00,PHONE,+919876500450,1
LEA451,Alwar Cyber Crime Cell Unit-451,CYBER_CRIME_CELL,Alwar,Rajasthan,27.579571,76.602625,BEAT_ALW_01,PHONE,+919876500451,1
LEA452,Bharatpur Cyber Crime Cell Unit-452,CYBER_CRIME_CELL,Bharatpur,Rajasthan,27.219072,77.593113,BEAT_BHA_02,PHONE,+919876500452,1
LEA453,Jamtara Police Station Unit-453,POLICE_STATION,Jamtara,Jharkhand,23.975773,86.803662,BEAT_JAM_03,EMAIL,+919876500453,1
LEA454,Malda District Hq Unit-454,DISTRICT_HQ,Malda,West Bengal,24.912792,88.200449,BEAT_MAL_04,PHONE,+919876500454,1
LEA455,Dhanbad Cyber Crime Cell Unit-455,CYBER_CRIME_CELL,Dhanbad,Jharkhand,23.842221,86.600796,BEAT_DHA_05,PHONE,+919876500455,1
LEA456,Deoghar Police Station Unit-456,POLICE_STATION,Deoghar,Jharkhand,24.460418,86.714155,BEAT_DEO_06,PHONE,+919876500456,1
LEA457,Srinagar Police Station Unit-457,POLICE_STATION,Srinagar,Jammu and Kashmir,34.101674,74.934571,BEAT_SRI_07,PHONE,+919876500457,1
LEA458,Gurugram Police Station Unit-458,POLICE_STATION,Gurugram,Haryana,28.452632,77.049474,BEAT_GUR_08,PHONE,+919876500458,1
LEA459,Kolkata Cyber Crime Cell Unit-459,CYBER_CRIME_CELL,Kolkata,West Bengal,22.616412,88.378465,BEAT_KOL_09,DISPATCH_RADIO,+919876500459,1
LEA460,Patna District Hq Unit-460,DISTRICT_HQ,Patna,Bihar,25.561925,85.15311,BEAT_PAT_10,PHONE,+919876500460,1
LEA461,Jaipur District Hq Unit-461,DISTRICT_HQ,Jaipur,Rajasthan,26.989779,75.704331,BEAT_JAI_11,PHONE,+919876500461,1
LEA462,New Delhi District Hq Unit-462,DISTRICT_HQ,New Delhi,Delhi,28.623483,77.151521,BEAT_NEW_12,EMAIL,+919876500462,1
LEA463,Mumbai City Police Station Unit-463,POLICE_STATION,Mumbai City,Maharashtra,19.162129,72.761542,BEAT_MUM_13,PHONE,+919876500463,1
LEA464,Bengaluru Urban Cyber Crime Cell Unit-464,CYBER_CRIME_CELL,Bengaluru Urban,Karnataka,12.931317,77.622498,BEAT_BEN_14,PHONE,+919876500464,1
LEA465,Lucknow Police Station Unit-465,POLICE_STATION,Lucknow,Uttar Pradesh,26.959531,80.940889,BEAT_LUC_15,PHONE,+919876500465,1
LEA466,Khurda Cyber Crime Cell Unit-466,CYBER_CRIME_CELL,Khurda,Odisha,20.256086,85.969054,BEAT_KHU_16,EMAIL,+919876500466,1
LEA467,Thane Special Task Force Unit-467,SPECIAL_TASK_FORCE,Thane,Maharashtra,18.928639,72.862063,BEAT_THA_17,PHONE,+919876500467,1
LEA468,Nuh Cyber Crime Cell Unit-468,CYBER_CRIME_CELL,Nuh,Haryana,28.134013,76.96078,BEAT_NUH_18,PHONE,+919876500468,1
LEA469,Alwar Cyber Crime Cell Unit-469,CYBER_CRIME_CELL,Alwar,Rajasthan,27.479398,76.692184,BEAT_ALW_19,DISPATCH_RADIO,+919876500469,1
LEA470,Bharatpur Cyber Crime Cell Unit-470,CYBER_CRIME_CELL,Bharatpur,Rajasthan,27.234571,77.443784,BEAT_BHA_20,PHONE,+919876500470,1
LEA471,Jamtara Cyber Crime Cell Unit-471,CYBER_CRIME_CELL,Jamtara,Jharkhand,23.869726,86.86881,BEAT_JAM_21,PHONE,+919876500471,1
LEA472,Malda Police Station Unit-472,POLICE_STATION,Malda,West Bengal,25.057661,88.133213,BEAT_MAL_22,EMAIL,+919876500472,1
LEA473,Dhanbad Cyber Crime Cell Unit-473,CYBER_CRIME_CELL,Dhanbad,Jharkhand,23.928791,86.346111,BEAT_DHA_23,PHONE,+919876500473,1
LEA474,Deoghar Cyber Crime Cell Unit-474,CYBER_CRIME_CELL,Deoghar,Jharkhand,24.372652,86.642006,BEAT_DEO_24,DISPATCH_RADIO,+919876500474,1
LEA475,Srinagar District Hq Unit-475,DISTRICT_HQ,Srinagar,Jammu and Kashmir,34.080415,74.818476,BEAT_SRI_25,PHONE,+919876500475,1
LEA476,Gurugram Police Station Unit-476,POLICE_STATION,Gurugram,Haryana,28.442114,77.055461,BEAT_GUR_26,EMAIL,+919876500476,1
LEA477,Kolkata Cyber Crime Cell Unit-477,CYBER_CRIME_CELL,Kolkata,West Bengal,22.482399,88.476588,BEAT_KOL_27,DISPATCH_RADIO,+919876500477,1
LEA478,Patna Police Station Unit-478,POLICE_STATION,Patna,Bihar,25.588179,85.226887,BEAT_PAT_28,PHONE,+919876500478,1
LEA479,Jaipur Police Station Unit-479,POLICE_STATION,Jaipur,Rajasthan,26.937101,75.824217,BEAT_JAI_29,PHONE,+919876500479,1
LEA480,New Delhi Cyber Crime Cell Unit-480,CYBER_CRIME_CELL,New Delhi,Delhi,28.654964,77.245756,BEAT_NEW_30,EMAIL,+919876500480,1
LEA481,Mumbai City Cyber Crime Cell Unit-481,CYBER_CRIME_CELL,Mumbai City,Maharashtra,19.122322,72.979061,BEAT_MUM_31,EMAIL,+919876500481,1
LEA482,Bengaluru Urban Cyber Crime Cell Unit-482,CYBER_CRIME_CELL,Bengaluru Urban,Karnataka,12.985764,77.647037,BEAT_BEN_32,PHONE,+919876500482,1
LEA483,Lucknow Cyber Crime Cell Unit-483,CYBER_CRIME_CELL,Lucknow,Uttar Pradesh,26.840233,81.062531,BEAT_LUC_33,PHONE,+919876500483,1
LEA484,Khurda Police Station Unit-484,POLICE_STATION,Khurda,Odisha,20.247351,85.96289,BEAT_KHU_34,PHONE,+919876500484,1
LEA485,Thane Police Station Unit-485,POLICE_STATION,Thane,Maharashtra,19.030106,72.920618,BEAT_THA_35,PHONE,+919876500485,1
LEA486,Nuh Police Station Unit-486,POLICE_STATION,Nuh,Haryana,28.111533,76.946155,BEAT_NUH_36,DISPATCH_RADIO,+919876500486,1
LEA487,Alwar Police Station Unit-487,POLICE_STATION,Alwar,Rajasthan,27.613587,76.581547,BEAT_ALW_37,PHONE,+919876500487,1
LEA488,Bharatpur Cyber Crime Cell Unit-488,CYBER_CRIME_CELL,Bharatpur,Rajasthan,27.184843,77.336361,BEAT_BHA_38,PHONE,+919876500488,1
LEA489,Jamtara Police Station Unit-489,POLICE_STATION,Jamtara,Jharkhand,23.929401,86.60883,BEAT_JAM_39,PHONE,+919876500489,1
LEA490,Malda Police Station Unit-490,POLICE_STATION,Malda,West Bengal,24.896645,88.201576,BEAT_MAL_40,PHONE,+919876500490,1
LEA491,Dhanbad Cyber Crime Cell Unit-491,CYBER_CRIME_CELL,Dhanbad,Jharkhand,23.852334,86.463913,BEAT_DHA_41,EMAIL,+919876500491,1
LEA492,Deoghar Cyber Crime Cell Unit-492,CYBER_CRIME_CELL,Deoghar,Jharkhand,24.412908,86.693022,BEAT_DEO_42,PHONE,+919876500492,1
LEA493,Srinagar Police Station Unit-493,POLICE_STATION,Srinagar,Jammu and Kashmir,34.08344,74.696499,BEAT_SRI_43,PHONE,+919876500493,1
LEA494,Gurugram Police Station Unit-494,POLICE_STATION,Gurugram,Haryana,28.567853,77.098525,BEAT_GUR_44,PHONE,+919876500494,1
LEA495,Kolkata Cyber Crime Cell Unit-495,CYBER_CRIME_CELL,Kolkata,West Bengal,22.556675,88.365998,BEAT_KOL_45,EMAIL,+919876500495,1
LEA496,Patna District Hq Unit-496,DISTRICT_HQ,Patna,Bihar,25.609119,84.974438,BEAT_PAT_46,EMAIL,+919876500496,1
LEA497,Jaipur Cyber Crime Cell Unit-497,CYBER_CRIME_CELL,Jaipur,Rajasthan,26.894585,75.732178,BEAT_JAI_47,PHONE,+919876500497,1
LEA498,New Delhi Cyber Crime Cell Unit-498,CYBER_CRIME_CELL,New Delhi,Delhi,28.541711,77.185922,BEAT_NEW_48,PHONE,+919876500498,1
LEA499,Mumbai City Special Task Force Unit-499,SPECIAL_TASK_FORCE,Mumbai City,Maharashtra,19.205563,72.926571,BEAT_MUM_49,PHONE,+919876500499,1
LEA500,Bengaluru Urban Special Task Force Unit-500,SPECIAL_TASK_FORCE,Bengaluru Urban,Karnataka,12.930434,77.636948,BEAT_BEN_00,PHONE,+919876500500,1
LEA501,Lucknow Cyber Crime Cell Unit-501,CYBER_CRIME_CELL,Lucknow,Uttar Pradesh,26.947554,81.020891,BEAT_LUC_01,PHONE,+919876500501,1
LEA502,Khurda District Hq Unit-502,DISTRICT_HQ,Khurda,Odisha,20.300398,85.774787,BEAT_KHU_02,EMAIL,+919876500502,1
LEA503,Thane District Hq Unit-503,DISTRICT_HQ,Thane,Maharashtra,19.083322,73.059699,BEAT_THA_03,EMAIL,+919876500503,1
LEA504,Nuh Police Station Unit-504,POLICE_STATION,Nuh,Haryana,28.166818,77.053696,BEAT_NUH_04,EMAIL,+919876500504,1
LEA505,Alwar Cyber Crime Cell Unit-505,CYBER_CRIME_CELL,Alwar,Rajasthan,27.628643,76.59109,BEAT_ALW_05,PHONE,+919876500505,1
LEA506,Bharatpur Cyber Crime Cell Unit-506,CYBER_CRIME_CELL,Bharatpur,Rajasthan,27.311947,77.505515,BEAT_BHA_06,DISPATCH_RADIO,+919876500506,1
LEA507,Jamtara Special Task Force Unit-507,SPECIAL_TASK_FORCE,Jamtara,Jharkhand,24.111568,86.745644,BEAT_JAM_07,PHONE,+919876500507,1
LEA508,Malda Police Station Unit-508,POLICE_STATION,Malda,West Bengal,25.135915,88.15684,BEAT_MAL_08,DISPATCH_RADIO,+919876500508,1
LEA509,Dhanbad Cyber Crime Cell Unit-509,CYBER_CRIME_CELL,Dhanbad,Jharkhand,23.748751,86.392285,BEAT_DHA_09,PHONE,+919876500509,1
LEA510,Deoghar Special Task Force Unit-510,SPECIAL_TASK_FORCE,Deoghar,Jharkhand,24.459512,86.730391,BEAT_DEO_10,PHONE,+919876500510,1
LEA511,Srinagar Police Station Unit-511,POLICE_STATION,Srinagar,Jammu and Kashmir,34.121382,74.747376,BEAT_SRI_11,PHONE,+919876500511,1
LEA512,Gurugram Special Task Force Unit-512,SPECIAL_TASK_FORCE,Gurugram,Haryana,28.457745,77.202221,BEAT_GUR_12,DISPATCH_RADIO,+919876500512,1
LEA513,Kolkata Special Task Force Unit-513,SPECIAL_TASK_FORCE,Kolkata,West Bengal,22.697108,88.397956,BEAT_KOL_13,PHONE,+919876500513,1
LEA514,Patna District Hq Unit-514,DISTRICT_HQ,Patna,Bihar,25.596839,85.147192,BEAT_PAT_14,EMAIL,+919876500514,1
LEA515,Jaipur Cyber Crime Cell Unit-515,CYBER_CRIME_CELL,Jaipur,Rajasthan,26.956618,75.704632,BEAT_JAI_15,EMAIL,+919876500515,1
LEA516,New Delhi Cyber Crime Cell Unit-516,CYBER_CRIME_CELL,New Delhi,Delhi,28.59535,77.072011,BEAT_NEW_16,PHONE,+919876500516,1
LEA517,Mumbai City Cyber Crime Cell Unit-517,CYBER_CRIME_CELL,Mumbai City,Maharashtra,19.104773,72.927055,BEAT_MUM_17,PHONE,+919876500517,1
LEA518,Bengaluru Urban Cyber Crime Cell Unit-518,CYBER_CRIME_CELL,Bengaluru Urban,Karnataka,12.936776,77.711011,BEAT_BEN_18,EMAIL,+919876500518,1
LEA519,Lucknow Cyber Crime Cell Unit-519,CYBER_CRIME_CELL,Lucknow,Uttar Pradesh,26.758357,80.82791,BEAT_LUC_19,EMAIL,+919876500519,1
LEA520,Khurda Cyber Crime Cell Unit-520,CYBER_CRIME_CELL,Khurda,Odisha,20.312277,85.904962,BEAT_KHU_20,PHONE,+919876500520,1
LEA521,Thane Police Station Unit-521,POLICE_STATION,Thane,Maharashtra,19.154364,72.994715,BEAT_THA_21,EMAIL,+919876500521,1
LEA522,Nuh Cyber Crime Cell Unit-522,CYBER_CRIME_CELL,Nuh,Haryana,28.180043,76.998654,BEAT_NUH_22,EMAIL,+919876500522,1
LEA523,Alwar District Hq Unit-523,DISTRICT_HQ,Alwar,Rajasthan,27.540558,76.706434,BEAT_ALW_23,EMAIL,+919876500523,1
LEA524,Bharatpur Cyber Crime Cell Unit-524,CYBER_CRIME_CELL,Bharatpur,Rajasthan,27.264014,77.361741,BEAT_BHA_24,PHONE,+919876500524,1
LEA525,Jamtara District Hq Unit-525,DISTRICT_HQ,Jamtara,Jharkhand,24.068417,86.908847,BEAT_JAM_25,PHONE,+919876500525,1
LEA526,Malda District Hq Unit-526,DISTRICT_HQ,Malda,West Bengal,24.965714,88.172578,BEAT_MAL_26,PHONE,+919876500526,1
LEA527,Dhanbad Special Task Force Unit-527,SPECIAL_TASK_FORCE,Dhanbad,Jharkhand,23.831306,86.450933,BEAT_DHA_27,EMAIL,+919876500527,1
LEA528,Deoghar Special Task Force Unit-528,SPECIAL_TASK_FORCE,Deoghar,Jharkhand,24.442938,86.643612,BEAT_DEO_28,PHONE,+919876500528,1
LEA529,Srinagar District Hq Unit-529,DISTRICT_HQ,Srinagar,Jammu and Kashmir,34.081858,74.899351,BEAT_SRI_29,PHONE,+919876500529,1
LEA530,Gurugram Police Station Unit-530,POLICE_STATION,Gurugram,Haryana,28.498678,76.996217,BEAT_GUR_30,EMAIL,+919876500530,1
LEA531,Kolkata District Hq Unit-531,DISTRICT_HQ,Kolkata,West Bengal,22.628218,88.141568,BEAT_KOL_31,DISPATCH_RADIO,+919876500531,1
LEA532,Patna District Hq Unit-532,DISTRICT_HQ,Patna,Bihar,25.676894,84.998574,BEAT_PAT_32,PHONE,+919876500532,1
LEA533,Jaipur Police Station Unit-533,POLICE_STATION,Jaipur,Rajasthan,26.886278,75.696802,BEAT_JAI_33,EMAIL,+919876500533,1
LEA534,New Delhi Cyber Crime Cell Unit-534,CYBER_CRIME_CELL,New Delhi,Delhi,28.52059,77.304303,BEAT_NEW_34,PHONE,+919876500534,1
LEA535,Mumbai City Cyber Crime Cell Unit-535,CYBER_CRIME_CELL,Mumbai City,Maharashtra,19.042292,72.904124,BEAT_MUM_35,PHONE,+919876500535,1
LEA536,Bengaluru Urban Cyber Crime Cell Unit-536,CYBER_CRIME_CELL,Bengaluru Urban,Karnataka,12.968218,77.629882,BEAT_BEN_36,PHONE,+919876500536,1
LEA537,Lucknow Cyber Crime Cell Unit-537,CYBER_CRIME_CELL,Lucknow,Uttar Pradesh,26.852237,80.842562,BEAT_LUC_37,PHONE,+919876500537,1
LEA538,Khurda Special Task Force Unit-538,SPECIAL_TASK_FORCE,Khurda,Odisha,20.367903,85.786558,BEAT_KHU_38,PHONE,+919876500538,1
LEA539,Thane Cyber Crime Cell Unit-539,CYBER_CRIME_CELL,Thane,Maharashtra,18.920814,72.99706,BEAT_THA_39,EMAIL,+919876500539,1
LEA540,Nuh Cyber Crime Cell Unit-540,CYBER_CRIME_CELL,Nuh,Haryana,28.210463,77.071267,BEAT_NUH_40,DISPATCH_RADIO,+919876500540,1
LEA541,Alwar District Hq Unit-541,DISTRICT_HQ,Alwar,Rajasthan,27.527872,76.606208,BEAT_ALW_41,PHONE,+919876500541,1
LEA542,Bharatpur Police Station Unit-542,POLICE_STATION,Bharatpur,Rajasthan,27.193819,77.657811,BEAT_BHA_42,EMAIL,+919876500542,1
LEA543,Jamtara Special Task Force Unit-543,SPECIAL_TASK_FORCE,Jamtara,Jharkhand,23.989527,86.833917,BEAT_JAM_43,PHONE,+919876500543,1
LEA544,Malda Police Station Unit-544,POLICE_STATION,Malda,West Bengal,25.085055,88.160091,BEAT_MAL_44,PHONE,+919876500544,1
LEA545,Dhanbad Special Task Force Unit-545,SPECIAL_TASK_FORCE,Dhanbad,Jharkhand,23.77703,86.414934,BEAT_DHA_45,PHONE,+919876500545,1
LEA546,Deoghar Special Task Force Unit-546,SPECIAL_TASK_FORCE,Deoghar,Jharkhand,24.47744,86.693852,BEAT_DEO_46,EMAIL,+919876500546,1
LEA547,Srinagar Police Station Unit-547,POLICE_STATION,Srinagar,Jammu and Kashmir,34.136142,74.80182,BEAT_SRI_47,PHONE,+919876500547,1
LEA548,Gurugram Cyber Crime Cell Unit-548,CYBER_CRIME_CELL,Gurugram,Haryana,28.512303,77.019983,BEAT_GUR_48,PHONE,+919876500548,1
LEA549,Kolkata Cyber Crime Cell Unit-549,CYBER_CRIME_CELL,Kolkata,West Bengal,22.578267,88.207938,BEAT_KOL_49,PHONE,+919876500549,1
LEA550,Patna District Hq Unit-550,DISTRICT_HQ,Patna,Bihar,25.660142,85.165289,BEAT_PAT_00,PHONE,+919876500550,1
LEA551,Jaipur Cyber Crime Cell Unit-551,CYBER_CRIME_CELL,Jaipur,Rajasthan,26.984329,75.553209,BEAT_JAI_01,DISPATCH_RADIO,+919876500551,1
LEA552,New Delhi District Hq Unit-552,DISTRICT_HQ,New Delhi,Delhi,28.764413,77.19754,BEAT_NEW_02,DISPATCH_RADIO,+919876500552,1
LEA553,Mumbai City Special Task Force Unit-553,SPECIAL_TASK_FORCE,Mumbai City,Maharashtra,19.155869,72.798397,BEAT_MUM_03,PHONE,+919876500553,1
LEA554,Bengaluru Urban Cyber Crime Cell Unit-554,CYBER_CRIME_CELL,Bengaluru Urban,Karnataka,13.015764,77.51669,BEAT_BEN_04,EMAIL,+919876500554,1
LEA555,Lucknow Police Station Unit-555,POLICE_STATION,Lucknow,Uttar Pradesh,26.801744,81.100813,BEAT_LUC_05,PHONE,+919876500555,1
LEA556,Khurda District Hq Unit-556,DISTRICT_HQ,Khurda,Odisha,20.282357,85.841208,BEAT_KHU_06,PHONE,+919876500556,1
LEA557,Thane Cyber Crime Cell Unit-557,CYBER_CRIME_CELL,Thane,Maharashtra,19.095708,73.067491,BEAT_THA_07,PHONE,+919876500557,1
LEA558,Nuh Police Station Unit-558,POLICE_STATION,Nuh,Haryana,28.113141,77.031619,BEAT_NUH_08,PHONE,+919876500558,1
LEA559,Alwar Cyber Crime Cell Unit-559,CYBER_CRIME_CELL,Alwar,Rajasthan,27.726219,76.629916,BEAT_ALW_09,EMAIL,+919876500559,1
LEA560,Bharatpur Cyber Crime Cell Unit-560,CYBER_CRIME_CELL,Bharatpur,Rajasthan,27.231494,77.574651,BEAT_BHA_10,PHONE,+919876500560,1
LEA561,Jamtara District Hq Unit-561,DISTRICT_HQ,Jamtara,Jharkhand,24.041678,86.89362,BEAT_JAM_11,DISPATCH_RADIO,+919876500561,1
LEA562,Malda District Hq Unit-562,DISTRICT_HQ,Malda,West Bengal,25.056835,88.050197,BEAT_MAL_12,EMAIL,+919876500562,1
LEA563,Dhanbad Police Station Unit-563,POLICE_STATION,Dhanbad,Jharkhand,23.913425,86.340104,BEAT_DHA_13,PHONE,+919876500563,1
LEA564,Deoghar Cyber Crime Cell Unit-564,CYBER_CRIME_CELL,Deoghar,Jharkhand,24.504412,86.637067,BEAT_DEO_14,PHONE,+919876500564,1
LEA565,Srinagar Cyber Crime Cell Unit-565,CYBER_CRIME_CELL,Srinagar,Jammu and Kashmir,34.079077,74.825909,BEAT_SRI_15,PHONE,+919876500565,1
LEA566,Gurugram Police Station Unit-566,POLICE_STATION,Gurugram,Haryana,28.482661,77.061189,BEAT_GUR_16,PHONE,+919876500566,1
LEA567,Kolkata Cyber Crime Cell Unit-567,CYBER_CRIME_CELL,Kolkata,West Bengal,22.688904,88.399299,BEAT_KOL_17,PHONE,+919876500567,1
LEA568,Patna Police Station Unit-568,POLICE_STATION,Patna,Bihar,25.576503,85.214643,BEAT_PAT_18,PHONE,+919876500568,1
LEA569,Jaipur District Hq Unit-569,DISTRICT_HQ,Jaipur,Rajasthan,26.998128,75.688078,BEAT_JAI_19,PHONE,+919876500569,1
LEA570,New Delhi Police Station Unit-570,POLICE_STATION,New Delhi,Delhi,28.656956,77.266566,BEAT_NEW_20,PHONE,+919876500570,1
LEA571,Mumbai City District Hq Unit-571,DISTRICT_HQ,Mumbai City,Maharashtra,19.054554,72.982611,BEAT_MUM_21,PHONE,+919876500571,1
LEA572,Bengaluru Urban Police Station Unit-572,POLICE_STATION,Bengaluru Urban,Karnataka,12.960785,77.603888,BEAT_BEN_22,PHONE,+919876500572,1
LEA573,Lucknow Cyber Crime Cell Unit-573,CYBER_CRIME_CELL,Lucknow,Uttar Pradesh,26.834226,80.947458,BEAT_LUC_23,EMAIL,+919876500573,1
LEA574,Khurda District Hq Unit-574,DISTRICT_HQ,Khurda,Odisha,20.217089,85.713842,BEAT_KHU_24,EMAIL,+919876500574,1
LEA575,Thane District Hq Unit-575,DISTRICT_HQ,Thane,Maharashtra,19.147919,72.965128,BEAT_THA_25,EMAIL,+919876500575,1
LEA576,Nuh Police Station Unit-576,POLICE_STATION,Nuh,Haryana,28.030848,76.825859,BEAT_NUH_26,EMAIL,+919876500576,1
LEA577,Alwar Police Station Unit-577,POLICE_STATION,Alwar,Rajasthan,27.506949,76.527043,BEAT_ALW_27,EMAIL,+919876500577,1
LEA578,Bharatpur Police Station Unit-578,POLICE_STATION,Bharatpur,Rajasthan,27.335343,77.571341,BEAT_BHA_28,EMAIL,+919876500578,1
LEA579,Jamtara Cyber Crime Cell Unit-579,CYBER_CRIME_CELL,Jamtara,Jharkhand,23.912404,86.977648,BEAT_JAM_29,EMAIL,+919876500579,1
LEA580,Malda District Hq Unit-580,DISTRICT_HQ,Malda,West Bengal,25.081558,88.115266,BEAT_MAL_30,PHONE,+919876500580,1
LEA581,Dhanbad District Hq Unit-581,DISTRICT_HQ,Dhanbad,Jharkhand,23.615563,86.610853,BEAT_DHA_31,PHONE,+919876500581,1
LEA582,Deoghar Cyber Crime Cell Unit-582,CYBER_CRIME_CELL,Deoghar,Jharkhand,24.382451,86.566497,BEAT_DEO_32,EMAIL,+919876500582,1
LEA583,Srinagar Cyber Crime Cell Unit-583,CYBER_CRIME_CELL,Srinagar,Jammu and Kashmir,34.157399,75.009608,BEAT_SRI_33,EMAIL,+919876500583,1
LEA584,Gurugram District Hq Unit-584,DISTRICT_HQ,Gurugram,Haryana,28.559267,77.072829,BEAT_GUR_34,PHONE,+919876500584,1
LEA585,Kolkata Cyber Crime Cell Unit-585,CYBER_CRIME_CELL,Kolkata,West Bengal,22.615465,88.43051,BEAT_KOL_35,PHONE,+919876500585,1
LEA586,Patna Police Station Unit-586,POLICE_STATION,Patna,Bihar,25.648798,85.160071,BEAT_PAT_36,DISPATCH_RADIO,+919876500586,1
LEA587,Jaipur Police Station Unit-587,POLICE_STATION,Jaipur,Rajasthan,26.91991,75.782241,BEAT_JAI_37,PHONE,+919876500587,1
LEA588,New Delhi Police Station Unit-588,POLICE_STATION,New Delhi,Delhi,28.55956,77.185957,BEAT_NEW_38,PHONE,+919876500588,1
LEA589,Mumbai City District Hq Unit-589,DISTRICT_HQ,Mumbai City,Maharashtra,18.953985,72.870201,BEAT_MUM_39,PHONE,+919876500589,1
LEA590,Bengaluru Urban District Hq Unit-590,DISTRICT_HQ,Bengaluru Urban,Karnataka,12.90035,77.512979,BEAT_BEN_40,PHONE,+919876500590,1
LEA591,Lucknow Special Task Force Unit-591,SPECIAL_TASK_FORCE,Lucknow,Uttar Pradesh,26.859665,81.058644,BEAT_LUC_41,PHONE,+919876500591,1
LEA592,Khurda Police Station Unit-592,POLICE_STATION,Khurda,Odisha,20.362285,85.703818,BEAT_KHU_42,DISPATCH_RADIO,+919876500592,1
LEA593,Thane Cyber Crime Cell Unit-593,CYBER_CRIME_CELL,Thane,Maharashtra,18.961675,73.101424,BEAT_THA_43,DISPATCH_RADIO,+919876500593,1
LEA594,Nuh Police Station Unit-594,POLICE_STATION,Nuh,Haryana,28.03149,76.983446,BEAT_NUH_44,PHONE,+919876500594,1
LEA595,Alwar Cyber Crime Cell Unit-595,CYBER_CRIME_CELL,Alwar,Rajasthan,27.592643,76.555881,BEAT_ALW_45,EMAIL,+919876500595,1
LEA596,Bharatpur Cyber Crime Cell Unit-596,CYBER_CRIME_CELL,Bharatpur,Rajasthan,27.224595,77.381383,BEAT_BHA_46,PHONE,+919876500596,1
LEA597,Jamtara Cyber Crime Cell Unit-597,CYBER_CRIME_CELL,Jamtara,Jharkhand,23.918658,86.825221,BEAT_JAM_47,EMAIL,+919876500597,1
LEA598,Malda Cyber Crime Cell Unit-598,CYBER_CRIME_CELL,Malda,West Bengal,24.89599,88.176131,BEAT_MAL_48,EMAIL,+919876500598,1
LEA599,Dhanbad Special Task Force Unit-599,SPECIAL_TASK_FORCE,Dhanbad,Jharkhand,23.794285,86.473919,BEAT_DHA_49,DISPATCH_RADIO,+919876500599,1
LEA600,Deoghar Police Station Unit-600,POLICE_STATION,Deoghar,Jharkhand,24.498738,86.80483,BEAT_DEO_00,PHONE,+919876500600,1
LEA601,Srinagar District Hq Unit-601,DISTRICT_HQ,Srinagar,Jammu and Kashmir,34.092725,74.759933,BEAT_SRI_01,PHONE,+919876500601,1
LEA602,Gurugram Cyber Crime Cell Unit-602,CYBER_CRIME_CELL,Gurugram,Haryana,28.468314,77.071139,BEAT_GUR_02,PHONE,+919876500602,1
LEA603,Kolkata Police Station Unit-603,POLICE_STATION,Kolkata,West Bengal,22.576121,88.367068,BEAT_KOL_03,EMAIL,+919876500603,1
LEA604,Patna Police Station Unit-604,POLICE_STATION,Patna,Bihar,25.543506,85.084625,BEAT_PAT_04,PHONE,+919876500604,1
LEA605,Jaipur Cyber Crime Cell Unit-605,CYBER_CRIME_CELL,Jaipur,Rajasthan,26.811311,75.92871,BEAT_JAI_05,DISPATCH_RADIO,+919876500605,1
LEA606,New Delhi Police Station Unit-606,POLICE_STATION,New Delhi,Delhi,28.524252,77.152113,BEAT_NEW_06,PHONE,+919876500606,1
LEA607,Mumbai City Cyber Crime Cell Unit-607,CYBER_CRIME_CELL,Mumbai City,Maharashtra,19.024223,72.945947,BEAT_MUM_07,EMAIL,+919876500607,1
LEA608,Bengaluru Urban Police Station Unit-608,POLICE_STATION,Bengaluru Urban,Karnataka,12.950342,77.686882,BEAT_BEN_08,PHONE,+919876500608,1
LEA609,Lucknow Cyber Crime Cell Unit-609,CYBER_CRIME_CELL,Lucknow,Uttar Pradesh,26.79816,80.968737,BEAT_LUC_09,EMAIL,+919876500609,1
LEA610,Khurda Police Station Unit-610,POLICE_STATION,Khurda,Odisha,20.235895,85.98934,BEAT_KHU_10,PHONE,+919876500610,1
LEA611,Thane Special Task Force Unit-611,SPECIAL_TASK_FORCE,Thane,Maharashtra,18.947407,73.053321,BEAT_THA_11,PHONE,+919876500611,1
LEA612,Nuh Police Station Unit-612,POLICE_STATION,Nuh,Haryana,28.147978,77.035609,BEAT_NUH_12,DISPATCH_RADIO,+919876500612,1
LEA613,Alwar Police Station Unit-613,POLICE_STATION,Alwar,Rajasthan,27.539646,76.624047,BEAT_ALW_13,EMAIL,+919876500613,1
LEA614,Bharatpur Cyber Crime Cell Unit-614,CYBER_CRIME_CELL,Bharatpur,Rajasthan,27.220158,77.477586,BEAT_BHA_14,PHONE,+919876500614,1
LEA615,Jamtara Special Task Force Unit-615,SPECIAL_TASK_FORCE,Jamtara,Jharkhand,24.031469,86.974343,BEAT_JAM_15,PHONE,+919876500615,1
LEA616,Malda District Hq Unit-616,DISTRICT_HQ,Malda,West Bengal,24.97062,88.03216,BEAT_MAL_16,PHONE,+919876500616,1
LEA617,Dhanbad Cyber Crime Cell Unit-617,CYBER_CRIME_CELL,Dhanbad,Jharkhand,23.789337,86.633599,BEAT_DHA_17,PHONE,+919876500617,1
LEA618,Deoghar Police Station Unit-618,POLICE_STATION,Deoghar,Jharkhand,24.424678,86.826606,BEAT_DEO_18,PHONE,+919876500618,1
LEA619,Srinagar District Hq Unit-619,DISTRICT_HQ,Srinagar,Jammu and Kashmir,34.204615,74.749126,BEAT_SRI_19,PHONE,+919876500619,1
LEA620,Gurugram Special Task Force Unit-620,SPECIAL_TASK_FORCE,Gurugram,Haryana,28.500508,77.160094,BEAT_GUR_20,PHONE,+919876500620,1
LEA621,Kolkata District Hq Unit-621,DISTRICT_HQ,Kolkata,West Bengal,22.545275,88.34801,BEAT_KOL_21,EMAIL,+919876500621,1
LEA622,Patna District Hq Unit-622,DISTRICT_HQ,Patna,Bihar,25.552177,85.056507,BEAT_PAT_22,EMAIL,+919876500622,1
LEA623,Jaipur District Hq Unit-623,DISTRICT_HQ,Jaipur,Rajasthan,26.865605,75.688374,BEAT_JAI_23,EMAIL,+919876500623,1
LEA624,New Delhi Cyber Crime Cell Unit-624,CYBER_CRIME_CELL,New Delhi,Delhi,28.616356,77.145786,BEAT_NEW_24,PHONE,+919876500624,1
LEA625,Mumbai City Special Task Force Unit-625,SPECIAL_TASK_FORCE,Mumbai City,Maharashtra,19.092849,72.759048,BEAT_MUM_25,EMAIL,+919876500625,1
LEA626,Bengaluru Urban District Hq Unit-626,DISTRICT_HQ,Bengaluru Urban,Karnataka,12.995447,77.656247,BEAT_BEN_26,PHONE,+919876500626,1
LEA627,Lucknow Cyber Crime Cell Unit-627,CYBER_CRIME_CELL,Lucknow,Uttar Pradesh,26.703007,80.976416,BEAT_LUC_27,PHONE,+919876500627,1
LEA628,Khurda Police Station Unit-628,POLICE_STATION,Khurda,Odisha,20.384581,85.731547,BEAT_KHU_28,PHONE,+919876500628,1
LEA629,Thane Cyber Crime Cell Unit-629,CYBER_CRIME_CELL,Thane,Maharashtra,19.153546,73.061646,BEAT_THA_29,PHONE,+919876500629,1
LEA630,Nuh Cyber Crime Cell Unit-630,CYBER_CRIME_CELL,Nuh,Haryana,28.051488,76.997243,BEAT_NUH_30,PHONE,+919876500630,1
LEA631,Alwar Cyber Crime Cell Unit-631,CYBER_CRIME_CELL,Alwar,Rajasthan,27.59324,76.640779,BEAT_ALW_31,EMAIL,+919876500631,1
LEA632,Bharatpur Cyber Crime Cell Unit-632,CYBER_CRIME_CELL,Bharatpur,Rajasthan,27.255829,77.414884,BEAT_BHA_32,PHONE,+919876500632,1
LEA633,Jamtara Cyber Crime Cell Unit-633,CYBER_CRIME_CELL,Jamtara,Jharkhand,23.974206,86.688501,BEAT_JAM_33,PHONE,+919876500633,1
LEA634,Malda Cyber Crime Cell Unit-634,CYBER_CRIME_CELL,Malda,West Bengal,25.002784,88.069212,BEAT_MAL_34,PHONE,+919876500634,1
LEA635,Dhanbad Police Station Unit-635,POLICE_STATION,Dhanbad,Jharkhand,23.742689,86.527765,BEAT_DHA_35,PHONE,+919876500635,1
LEA636,Deoghar Police Station Unit-636,POLICE_STATION,Deoghar,Jharkhand,24.561253,86.745039,BEAT_DEO_36,EMAIL,+919876500636,1
LEA637,Srinagar District Hq Unit-637,DISTRICT_HQ,Srinagar,Jammu and Kashmir,34.004975,74.769766,BEAT_SRI_37,PHONE,+919876500637,1
LEA638,Gurugram Police Station Unit-638,POLICE_STATION,Gurugram,Haryana,28.54693,77.038218,BEAT_GUR_38,PHONE,+919876500638,1
LEA639,Kolkata Cyber Crime Cell Unit-639,CYBER_CRIME_CELL,Kolkata,West Bengal,22.739759,88.394599,BEAT_KOL_39,DISPATCH_RADIO,+919876500639,1
LEA640,Patna Cyber Crime Cell Unit-640,CYBER_CRIME_CELL,Patna,Bihar,25.607941,85.112897,BEAT_PAT_40,PHONE,+919876500640,1
LEA641,Jaipur Police Station Unit-641,POLICE_STATION,Jaipur,Rajasthan,26.922025,75.774977,BEAT_JAI_41,EMAIL,+919876500641,1
LEA642,New Delhi Police Station Unit-642,POLICE_STATION,New Delhi,Delhi,28.664935,77.287544,BEAT_NEW_42,PHONE,+919876500642,1
LEA643,Mumbai City Cyber Crime Cell Unit-643,CYBER_CRIME_CELL,Mumbai City,Maharashtra,19.019352,72.77618,BEAT_MUM_43,PHONE,+919876500643,1
LEA644,Bengaluru Urban Cyber Crime Cell Unit-644,CYBER_CRIME_CELL,Bengaluru Urban,Karnataka,12.839261,77.632171,BEAT_BEN_44,PHONE,+919876500644,1
LEA645,Lucknow Cyber Crime Cell Unit-645,CYBER_CRIME_CELL,Lucknow,Uttar Pradesh,26.767178,80.772293,BEAT_LUC_45,PHONE,+919876500645,1
LEA646,Khurda Cyber Crime Cell Unit-646,CYBER_CRIME_CELL,Khurda,Odisha,20.324106,86.01607,BEAT_KHU_46,PHONE,+919876500646,1
LEA647,Thane Police Station Unit-647,POLICE_STATION,Thane,Maharashtra,19.032562,73.093627,BEAT_THA_47,EMAIL,+919876500647,1
LEA648,Nuh District Hq Unit-648,DISTRICT_HQ,Nuh,Haryana,28.108198,76.99372,BEAT_NUH_48,PHONE,+919876500648,1
LEA649,Alwar Cyber Crime Cell Unit-649,CYBER_CRIME_CELL,Alwar,Rajasthan,27.61924,76.611003,BEAT_ALW_49,PHONE,+919876500649,1
LEA650,Bharatpur Police Station Unit-650,POLICE_STATION,Bharatpur,Rajasthan,27.236272,77.515572,BEAT_BHA_00,EMAIL,+919876500650,1
LEA651,Jamtara Cyber Crime Cell Unit-651,CYBER_CRIME_CELL,Jamtara,Jharkhand,23.913849,86.878242,BEAT_JAM_01,DISPATCH_RADIO,+919876500651,1
LEA652,Malda Cyber Crime Cell Unit-652,CYBER_CRIME_CELL,Malda,West Bengal,24.99819,88.080996,BEAT_MAL_02,PHONE,+919876500652,1
LEA653,Dhanbad Police Station Unit-653,POLICE_STATION,Dhanbad,Jharkhand,23.834367,86.359629,BEAT_DHA_03,EMAIL,+919876500653,1
LEA654,Deoghar Police Station Unit-654,POLICE_STATION,Deoghar,Jharkhand,24.484631,86.696078,BEAT_DEO_04,EMAIL,+919876500654,1
LEA655,Srinagar Cyber Crime Cell Unit-655,CYBER_CRIME_CELL,Srinagar,Jammu and Kashmir,34.161963,74.838608,BEAT_SRI_05,EMAIL,+919876500655,1
LEA656,Gurugram Cyber Crime Cell Unit-656,CYBER_CRIME_CELL,Gurugram,Haryana,28.457696,77.09364,BEAT_GUR_06,EMAIL,+919876500656,1
LEA657,Kolkata Police Station Unit-657,POLICE_STATION,Kolkata,West Bengal,22.672795,88.407438,BEAT_KOL_07,EMAIL,+919876500657,1
LEA658,Patna Police Station Unit-658,POLICE_STATION,Patna,Bihar,25.594846,85.032767,BEAT_PAT_08,EMAIL,+919876500658,1
LEA659,Jaipur Police Station Unit-659,POLICE_STATION,Jaipur,Rajasthan,26.835635,75.76263,BEAT_JAI_09,EMAIL,+919876500659,1
LEA660,New Delhi Cyber Crime Cell Unit-660,CYBER_CRIME_CELL,New Delhi,Delhi,28.569971,77.19365,BEAT_NEW_10,PHONE,+919876500660,1
LEA661,Mumbai City Cyber Crime Cell Unit-661,CYBER_CRIME_CELL,Mumbai City,Maharashtra,19.080083,72.918094,BEAT_MUM_11,PHONE,+919876500661,1
LEA662,Bengaluru Urban District Hq Unit-662,DISTRICT_HQ,Bengaluru Urban,Karnataka,12.966519,77.630581,BEAT_BEN_12,PHONE,+919876500662,1
LEA663,Lucknow Special Task Force Unit-663,SPECIAL_TASK_FORCE,Lucknow,Uttar Pradesh,26.851347,80.786625,BEAT_LUC_13,PHONE,+919876500663,1
LEA664,Khurda Cyber Crime Cell Unit-664,CYBER_CRIME_CELL,Khurda,Odisha,20.2284,85.813428,BEAT_KHU_14,EMAIL,+919876500664,1
LEA665,Thane Police Station Unit-665,POLICE_STATION,Thane,Maharashtra,18.945815,73.075439,BEAT_THA_15,PHONE,+919876500665,1
LEA666,Nuh Police Station Unit-666,POLICE_STATION,Nuh,Haryana,28.212624,77.101378,BEAT_NUH_16,EMAIL,+919876500666,1
LEA667,Alwar Cyber Crime Cell Unit-667,CYBER_CRIME_CELL,Alwar,Rajasthan,27.537617,76.755784,BEAT_ALW_17,DISPATCH_RADIO,+919876500667,1
LEA668,Bharatpur Special Task Force Unit-668,SPECIAL_TASK_FORCE,Bharatpur,Rajasthan,27.227715,77.462181,BEAT_BHA_18,EMAIL,+919876500668,1
LEA669,Jamtara Cyber Crime Cell Unit-669,CYBER_CRIME_CELL,Jamtara,Jharkhand,23.917791,86.776144,BEAT_JAM_19,EMAIL,+919876500669,1
LEA670,Malda Cyber Crime Cell Unit-670,CYBER_CRIME_CELL,Malda,West Bengal,24.982823,88.154653,BEAT_MAL_20,PHONE,+919876500670,1
LEA671,Dhanbad Cyber Crime Cell Unit-671,CYBER_CRIME_CELL,Dhanbad,Jharkhand,23.807273,86.43064,BEAT_DHA_21,PHONE,+919876500671,1
LEA672,Deoghar District Hq Unit-672,DISTRICT_HQ,Deoghar,Jharkhand,24.514091,86.79109,BEAT_DEO_22,EMAIL,+919876500672,1
LEA673,Srinagar Police Station Unit-673,POLICE_STATION,Srinagar,Jammu and Kashmir,34.152136,74.668083,BEAT_SRI_23,PHONE,+919876500673,1
LEA674,Gurugram Cyber Crime Cell Unit-674,CYBER_CRIME_CELL,Gurugram,Haryana,28.275434,77.103194,BEAT_GUR_24,PHONE,+919876500674,1
LEA675,Kolkata Special Task Force Unit-675,SPECIAL_TASK_FORCE,Kolkata,West Bengal,22.474086,88.346357,BEAT_KOL_25,PHONE,+919876500675,1
LEA676,Patna District Hq Unit-676,DISTRICT_HQ,Patna,Bihar,25.509768,84.993598,BEAT_PAT_26,PHONE,+919876500676,1
LEA677,Jaipur Police Station Unit-677,POLICE_STATION,Jaipur,Rajasthan,26.951424,75.848659,BEAT_JAI_27,EMAIL,+919876500677,1
LEA678,New Delhi Police Station Unit-678,POLICE_STATION,New Delhi,Delhi,28.57235,76.996278,BEAT_NEW_28,EMAIL,+919876500678,1
LEA679,Mumbai City Special Task Force Unit-679,SPECIAL_TASK_FORCE,Mumbai City,Maharashtra,19.036631,72.907579,BEAT_MUM_29,PHONE,+919876500679,1
LEA680,Bengaluru Urban Cyber Crime Cell Unit-680,CYBER_CRIME_CELL,Bengaluru Urban,Karnataka,12.865012,77.608161,BEAT_BEN_30,PHONE,+919876500680,1
LEA681,Lucknow Special Task Force Unit-681,SPECIAL_TASK_FORCE,Lucknow,Uttar Pradesh,26.845597,80.992994,BEAT_LUC_31,PHONE,+919876500681,1
LEA682,Khurda Police Station Unit-682,POLICE_STATION,Khurda,Odisha,20.304718,85.749726,BEAT_KHU_32,EMAIL,+919876500682,1
LEA683,Thane Police Station Unit-683,POLICE_STATION,Thane,Maharashtra,19.119239,73.017614,BEAT_THA_33,PHONE,+919876500683,1
LEA684,Nuh Police Station Unit-684,POLICE_STATION,Nuh,Haryana,28.100332,76.925548,BEAT_NUH_34,DISPATCH_RADIO,+919876500684,1
LEA685,Alwar Cyber Crime Cell Unit-685,CYBER_CRIME_CELL,Alwar,Rajasthan,27.521052,76.562673,BEAT_ALW_35,PHONE,+919876500685,1
LEA686,Bharatpur Special Task Force Unit-686,SPECIAL_TASK_FORCE,Bharatpur,Rajasthan,27.204535,77.628226,BEAT_BHA_36,PHONE,+919876500686,1
LEA687,Jamtara District Hq Unit-687,DISTRICT_HQ,Jamtara,Jharkhand,23.863124,86.672739,BEAT_JAM_37,PHONE,+919876500687,1
LEA688,Malda Cyber Crime Cell Unit-688,CYBER_CRIME_CELL,Malda,West Bengal,25.11683,88.124453,BEAT_MAL_38,EMAIL,+919876500688,1
LEA689,Dhanbad Police Station Unit-689,POLICE_STATION,Dhanbad,Jharkhand,23.747479,86.512311,BEAT_DHA_39,PHONE,+919876500689,1
LEA690,Deoghar Cyber Crime Cell Unit-690,CYBER_CRIME_CELL,Deoghar,Jharkhand,24.438952,86.841406,BEAT_DEO_40,PHONE,+919876500690,1
LEA691,Srinagar Cyber Crime Cell Unit-691,CYBER_CRIME_CELL,Srinagar,Jammu and Kashmir,34.13256,74.754842,BEAT_SRI_41,PHONE,+919876500691,1
LEA692,Gurugram Special Task Force Unit-692,SPECIAL_TASK_FORCE,Gurugram,Haryana,28.614982,76.976944,BEAT_GUR_42,PHONE,+919876500692,1
LEA693,Kolkata Police Station Unit-693,POLICE_STATION,Kolkata,West Bengal,22.626084,88.38726,BEAT_KOL_43,PHONE,+919876500693,1
LEA694,Patna District Hq Unit-694,DISTRICT_HQ,Patna,Bihar,25.687919,85.262386,BEAT_PAT_44,PHONE,+919876500694,1
LEA695,Jaipur Special Task Force Unit-695,SPECIAL_TASK_FORCE,Jaipur,Rajasthan,26.914707,75.726405,BEAT_JAI_45,PHONE,+919876500695,1
LEA696,New Delhi Cyber Crime Cell Unit-696,CYBER_CRIME_CELL,New Delhi,Delhi,28.647051,77.15336,BEAT_NEW_46,PHONE,+919876500696,1
LEA697,Mumbai City Cyber Crime Cell Unit-697,CYBER_CRIME_CELL,Mumbai City,Maharashtra,19.221109,72.888112,BEAT_MUM_47,PHONE,+919876500697,1
LEA698,Bengaluru Urban Cyber Crime Cell Unit-698,CYBER_CRIME_CELL,Bengaluru Urban,Karnataka,12.945271,77.608259,BEAT_BEN_48,EMAIL,+919876500698,1
LEA699,Lucknow Police Station Unit-699,POLICE_STATION,Lucknow,Uttar Pradesh,26.74961,80.867714,BEAT_LUC_49,PHONE,+919876500699,1
LEA700,Khurda Police Station Unit-700,POLICE_STATION,Khurda,Odisha,20.382616,85.774022,BEAT_KHU_00,EMAIL,+919876500700,1
LEA701,Thane Cyber Crime Cell Unit-701,CYBER_CRIME_CELL,Thane,Maharashtra,18.957547,73.070614,BEAT_THA_01,PHONE,+919876500701,1
LEA702,Nuh Cyber Crime Cell Unit-702,CYBER_CRIME_CELL,Nuh,Haryana,28.187756,77.060542,BEAT_NUH_02,EMAIL,+919876500702,1
LEA703,Alwar Police Station Unit-703,POLICE_STATION,Alwar,Rajasthan,27.624787,76.573079,BEAT_ALW_03,PHONE,+919876500703,1
LEA704,Bharatpur District Hq Unit-704,DISTRICT_HQ,Bharatpur,Rajasthan,27.114527,77.611176,BEAT_BHA_04,EMAIL,+919876500704,1
LEA705,Jamtara Police Station Unit-705,POLICE_STATION,Jamtara,Jharkhand,23.938744,86.780217,BEAT_JAM_05,EMAIL,+919876500705,1
LEA706,Malda Cyber Crime Cell Unit-706,CYBER_CRIME_CELL,Malda,West Bengal,25.106526,88.185337,BEAT_MAL_06,PHONE,+919876500706,1
LEA707,Dhanbad Cyber Crime Cell Unit-707,CYBER_CRIME_CELL,Dhanbad,Jharkhand,23.828557,86.600933,BEAT_DHA_07,PHONE,+919876500707,1
LEA708,Deoghar Police Station Unit-708,POLICE_STATION,Deoghar,Jharkhand,24.43622,86.770278,BEAT_DEO_08,DISPATCH_RADIO,+919876500708,1
LEA709,Srinagar Cyber Crime Cell Unit-709,CYBER_CRIME_CELL,Srinagar,Jammu and Kashmir,34.087809,74.820673,BEAT_SRI_09,PHONE,+919876500709,1
LEA710,Gurugram Police Station Unit-710,POLICE_STATION,Gurugram,Haryana,28.56966,77.068232,BEAT_GUR_10,DISPATCH_RADIO,+919876500710,1
LEA711,Kolkata Cyber Crime Cell Unit-711,CYBER_CRIME_CELL,Kolkata,West Bengal,22.611396,88.447611,BEAT_KOL_11,PHONE,+919876500711,1
LEA712,Patna Cyber Crime Cell Unit-712,CYBER_CRIME_CELL,Patna,Bihar,25.567797,85.070536,BEAT_PAT_12,PHONE,+919876500712,1
LEA713,Jaipur Special Task Force Unit-713,SPECIAL_TASK_FORCE,Jaipur,Rajasthan,26.837098,75.628368,BEAT_JAI_13,DISPATCH_RADIO,+919876500713,1
LEA714,New Delhi Cyber Crime Cell Unit-714,CYBER_CRIME_CELL,New Delhi,Delhi,28.762095,77.118428,BEAT_NEW_14,DISPATCH_RADIO,+919876500714,1
LEA715,Mumbai City Police Station Unit-715,POLICE_STATION,Mumbai City,Maharashtra,19.060054,72.85659,BEAT_MUM_15,EMAIL,+919876500715,1
LEA716,Bengaluru Urban Police Station Unit-716,POLICE_STATION,Bengaluru Urban,Karnataka,12.993755,77.654931,BEAT_BEN_16,PHONE,+919876500716,1
LEA717,Lucknow Police Station Unit-717,POLICE_STATION,Lucknow,Uttar Pradesh,26.908716,80.8991,BEAT_LUC_17,EMAIL,+919876500717,1
LEA718,Khurda Cyber Crime Cell Unit-718,CYBER_CRIME_CELL,Khurda,Odisha,20.284055,85.846214,BEAT_KHU_18,PHONE,+919876500718,1
LEA719,Thane Cyber Crime Cell Unit-719,CYBER_CRIME_CELL,Thane,Maharashtra,19.015076,73.152244,BEAT_THA_19,EMAIL,+919876500719,1
LEA720,Nuh Cyber Crime Cell Unit-720,CYBER_CRIME_CELL,Nuh,Haryana,28.137686,77.061843,BEAT_NUH_20,EMAIL,+919876500720,1
LEA721,Alwar Special Task Force Unit-721,SPECIAL_TASK_FORCE,Alwar,Rajasthan,27.600775,76.729994,BEAT_ALW_21,PHONE,+919876500721,1
LEA722,Bharatpur Police Station Unit-722,POLICE_STATION,Bharatpur,Rajasthan,27.230047,77.384398,BEAT_BHA_22,PHONE,+919876500722,1
LEA723,Jamtara District Hq Unit-723,DISTRICT_HQ,Jamtara,Jharkhand,23.990806,86.748628,BEAT_JAM_23,PHONE,+919876500723,1
LEA724,Malda Police Station Unit-724,POLICE_STATION,Malda,West Bengal,24.972702,88.187733,BEAT_MAL_24,EMAIL,+919876500724,1
LEA725,Dhanbad Special Task Force Unit-725,SPECIAL_TASK_FORCE,Dhanbad,Jharkhand,23.884946,86.432076,BEAT_DHA_25,EMAIL,+919876500725,1
LEA726,Deoghar Police Station Unit-726,POLICE_STATION,Deoghar,Jharkhand,24.504858,86.831603,BEAT_DEO_26,EMAIL,+919876500726,1
LEA727,Srinagar District Hq Unit-727,DISTRICT_HQ,Srinagar,Jammu and Kashmir,34.101052,75.0237,BEAT_SRI_27,PHONE,+919876500727,1
LEA728,Gurugram Cyber Crime Cell Unit-728,CYBER_CRIME_CELL,Gurugram,Haryana,28.500257,76.882255,BEAT_GUR_28,DISPATCH_RADIO,+919876500728,1
LEA729,Kolkata Police Station Unit-729,POLICE_STATION,Kolkata,West Bengal,22.626895,88.39365,BEAT_KOL_29,EMAIL,+919876500729,1
LEA730,Patna Cyber Crime Cell Unit-730,CYBER_CRIME_CELL,Patna,Bihar,25.687055,85.191396,BEAT_PAT_30,EMAIL,+919876500730,1
LEA731,Jaipur Cyber Crime Cell Unit-731,CYBER_CRIME_CELL,Jaipur,Rajasthan,26.902421,75.688345,BEAT_JAI_31,EMAIL,+919876500731,1
LEA732,New Delhi Cyber Crime Cell Unit-732,CYBER_CRIME_CELL,New Delhi,Delhi,28.598835,77.139173,BEAT_NEW_32,EMAIL,+919876500732,1
LEA733,Mumbai City Special Task Force Unit-733,SPECIAL_TASK_FORCE,Mumbai City,Maharashtra,19.03416,72.922585,BEAT_MUM_33,PHONE,+919876500733,1
LEA734,Bengaluru Urban Special Task Force Unit-734,SPECIAL_TASK_FORCE,Bengaluru Urban,Karnataka,13.091953,77.62379,BEAT_BEN_34,PHONE,+919876500734,1
LEA735,Lucknow District Hq Unit-735,DISTRICT_HQ,Lucknow,Uttar Pradesh,26.76051,80.982114,BEAT_LUC_35,EMAIL,+919876500735,1
LEA736,Khurda Police Station Unit-736,POLICE_STATION,Khurda,Odisha,20.382344,85.777642,BEAT_KHU_36,EMAIL,+919876500736,1
LEA737,Thane District Hq Unit-737,DISTRICT_HQ,Thane,Maharashtra,19.023341,73.03082,BEAT_THA_37,PHONE,+919876500737,1
LEA738,Nuh Cyber Crime Cell Unit-738,CYBER_CRIME_CELL,Nuh,Haryana,28.045731,77.054767,BEAT_NUH_38,EMAIL,+919876500738,1
LEA739,Alwar District Hq Unit-739,DISTRICT_HQ,Alwar,Rajasthan,27.544283,76.668705,BEAT_ALW_39,EMAIL,+919876500739,1
LEA740,Bharatpur District Hq Unit-740,DISTRICT_HQ,Bharatpur,Rajasthan,27.153037,77.454046,BEAT_BHA_40,PHONE,+919876500740,1
LEA741,Jamtara District Hq Unit-741,DISTRICT_HQ,Jamtara,Jharkhand,24.014064,86.770595,BEAT_JAM_41,PHONE,+919876500741,1
LEA742,Malda Police Station Unit-742,POLICE_STATION,Malda,West Bengal,25.135266,88.109317,BEAT_MAL_42,PHONE,+919876500742,1
LEA743,Dhanbad Cyber Crime Cell Unit-743,CYBER_CRIME_CELL,Dhanbad,Jharkhand,23.811893,86.503858,BEAT_DHA_43,PHONE,+919876500743,1
LEA744,Deoghar Cyber Crime Cell Unit-744,CYBER_CRIME_CELL,Deoghar,Jharkhand,24.380375,86.557357,BEAT_DEO_44,EMAIL,+919876500744,1
LEA745,Srinagar Cyber Crime Cell Unit-745,CYBER_CRIME_CELL,Srinagar,Jammu and Kashmir,33.973743,74.907171,BEAT_SRI_45,PHONE,+919876500745,1
LEA746,Gurugram Cyber Crime Cell Unit-746,CYBER_CRIME_CELL,Gurugram,Haryana,28.419726,77.236318,BEAT_GUR_46,PHONE,+919876500746,1
LEA747,Kolkata Cyber Crime Cell Unit-747,CYBER_CRIME_CELL,Kolkata,West Bengal,22.531934,88.378304,BEAT_KOL_47,PHONE,+919876500747,1
LEA748,Patna Police Station Unit-748,POLICE_STATION,Patna,Bihar,25.705243,85.297914,BEAT_PAT_48,EMAIL,+919876500748,1
LEA749,Jaipur Police Station Unit-749,POLICE_STATION,Jaipur,Rajasthan,27.060977,75.884967,BEAT_JAI_49,PHONE,+919876500749,1
LEA750,New Delhi Cyber Crime Cell Unit-750,CYBER_CRIME_CELL,New Delhi,Delhi,28.687706,77.257646,BEAT_NEW_00,EMAIL,+919876500750,1
LEA751,Mumbai City Police Station Unit-751,POLICE_STATION,Mumbai City,Maharashtra,19.132098,72.835667,BEAT_MUM_01,PHONE,+919876500751,1
LEA752,Bengaluru Urban Cyber Crime Cell Unit-752,CYBER_CRIME_CELL,Bengaluru Urban,Karnataka,12.912631,77.59435,BEAT_BEN_02,PHONE,+919876500752,1
LEA753,Lucknow Cyber Crime Cell Unit-753,CYBER_CRIME_CELL,Lucknow,Uttar Pradesh,26.834434,80.909589,BEAT_LUC_03,PHONE,+919876500753,1
LEA754,Khurda Police Station Unit-754,POLICE_STATION,Khurda,Odisha,20.34629,85.897909,BEAT_KHU_04,PHONE,+919876500754,1
LEA755,Thane Police Station Unit-755,POLICE_STATION,Thane,Maharashtra,19.039372,73.142347,BEAT_THA_05,EMAIL,+919876500755,1
LEA756,Nuh District Hq Unit-756,DISTRICT_HQ,Nuh,Haryana,28.020016,76.985977,BEAT_NUH_06,EMAIL,+919876500756,1
LEA757,Alwar Special Task Force Unit-757,SPECIAL_TASK_FORCE,Alwar,Rajasthan,27.501337,76.482866,BEAT_ALW_07,PHONE,+919876500757,1
LEA758,Bharatpur Cyber Crime Cell Unit-758,CYBER_CRIME_CELL,Bharatpur,Rajasthan,27.211041,77.479633,BEAT_BHA_08,PHONE,+919876500758,1
LEA759,Jamtara Police Station Unit-759,POLICE_STATION,Jamtara,Jharkhand,24.071077,86.849752,BEAT_JAM_09,EMAIL,+919876500759,1
LEA760,Malda Cyber Crime Cell Unit-760,CYBER_CRIME_CELL,Malda,West Bengal,24.936985,88.288555,BEAT_MAL_10,DISPATCH_RADIO,+919876500760,1
LEA761,Dhanbad Cyber Crime Cell Unit-761,CYBER_CRIME_CELL,Dhanbad,Jharkhand,23.883702,86.476251,BEAT_DHA_11,DISPATCH_RADIO,+919876500761,1
LEA762,Deoghar Cyber Crime Cell Unit-762,CYBER_CRIME_CELL,Deoghar,Jharkhand,24.466277,86.62082,BEAT_DEO_12,PHONE,+919876500762,1
LEA763,Srinagar Police Station Unit-763,POLICE_STATION,Srinagar,Jammu and Kashmir,34.056874,74.892043,BEAT_SRI_13,PHONE,+919876500763,1
LEA764,Gurugram Cyber Crime Cell Unit-764,CYBER_CRIME_CELL,Gurugram,Haryana,28.595326,77.153113,BEAT_GUR_14,PHONE,+919876500764,1
LEA765,Kolkata District Hq Unit-765,DISTRICT_HQ,Kolkata,West Bengal,22.537368,88.276512,BEAT_KOL_15,PHONE,+919876500765,1
LEA766,Patna Cyber Crime Cell Unit-766,CYBER_CRIME_CELL,Patna,Bihar,25.604254,84.996278,BEAT_PAT_16,EMAIL,+919876500766,1
LEA767,Jaipur Police Station Unit-767,POLICE_STATION,Jaipur,Rajasthan,26.935691,75.77537,BEAT_JAI_17,PHONE,+919876500767,1
LEA768,New Delhi Police Station Unit-768,POLICE_STATION,New Delhi,Delhi,28.580312,77.078076,BEAT_NEW_18,PHONE,+919876500768,1
LEA769,Mumbai City Cyber Crime Cell Unit-769,CYBER_CRIME_CELL,Mumbai City,Maharashtra,19.113016,72.837076,BEAT_MUM_19,EMAIL,+919876500769,1
LEA770,Bengaluru Urban Cyber Crime Cell Unit-770,CYBER_CRIME_CELL,Bengaluru Urban,Karnataka,12.887282,77.382169,BEAT_BEN_20,PHONE,+919876500770,1
LEA771,Lucknow Police Station Unit-771,POLICE_STATION,Lucknow,Uttar Pradesh,26.844717,81.08936,BEAT_LUC_21,PHONE,+919876500771,1
LEA772,Khurda Police Station Unit-772,POLICE_STATION,Khurda,Odisha,20.41583,85.789375,BEAT_KHU_22,PHONE,+919876500772,1
LEA773,Thane Special Task Force Unit-773,SPECIAL_TASK_FORCE,Thane,Maharashtra,18.989597,73.065439,BEAT_THA_23,PHONE,+919876500773,1
LEA774,Nuh District Hq Unit-774,DISTRICT_HQ,Nuh,Haryana,28.030344,77.026458,BEAT_NUH_24,PHONE,+919876500774,1
LEA775,Alwar Cyber Crime Cell Unit-775,CYBER_CRIME_CELL,Alwar,Rajasthan,27.608213,76.73434,BEAT_ALW_25,EMAIL,+919876500775,1
LEA776,Bharatpur Special Task Force Unit-776,SPECIAL_TASK_FORCE,Bharatpur,Rajasthan,27.209782,77.472993,BEAT_BHA_26,EMAIL,+919876500776,1
LEA777,Jamtara District Hq Unit-777,DISTRICT_HQ,Jamtara,Jharkhand,23.898722,86.734784,BEAT_JAM_27,EMAIL,+919876500777,1
LEA778,Malda Cyber Crime Cell Unit-778,CYBER_CRIME_CELL,Malda,West Bengal,24.994477,88.170316,BEAT_MAL_28,PHONE,+919876500778,1
LEA779,Dhanbad Police Station Unit-779,POLICE_STATION,Dhanbad,Jharkhand,23.861544,86.367135,BEAT_DHA_29,PHONE,+919876500779,1
LEA780,Deoghar District Hq Unit-780,DISTRICT_HQ,Deoghar,Jharkhand,24.590181,86.675329,BEAT_DEO_30,DISPATCH_RADIO,+919876500780,1
LEA781,Srinagar Cyber Crime Cell Unit-781,CYBER_CRIME_CELL,Srinagar,Jammu and Kashmir,34.08216,74.732277,BEAT_SRI_31,PHONE,+919876500781,1
LEA782,Gurugram District Hq Unit-782,DISTRICT_HQ,Gurugram,Haryana,28.28478,77.099073,BEAT_GUR_32,PHONE,+919876500782,1
LEA783,Kolkata District Hq Unit-783,DISTRICT_HQ,Kolkata,West Bengal,22.625706,88.341942,BEAT_KOL_33,PHONE,+919876500783,1
LEA784,Patna Police Station Unit-784,POLICE_STATION,Patna,Bihar,25.598928,85.17883,BEAT_PAT_34,PHONE,+919876500784,1
LEA785,Jaipur Police Station Unit-785,POLICE_STATION,Jaipur,Rajasthan,26.799784,75.744539,BEAT_JAI_35,PHONE,+919876500785,1
LEA786,New Delhi Police Station Unit-786,POLICE_STATION,New Delhi,Delhi,28.671144,77.106024,BEAT_NEW_36,PHONE,+919876500786,1
LEA787,Mumbai City Police Station Unit-787,POLICE_STATION,Mumbai City,Maharashtra,19.097157,72.774247,BEAT_MUM_37,EMAIL,+919876500787,1
LEA788,Bengaluru Urban Cyber Crime Cell Unit-788,CYBER_CRIME_CELL,Bengaluru Urban,Karnataka,13.005217,77.591964,BEAT_BEN_38,PHONE,+919876500788,1
LEA789,Lucknow Cyber Crime Cell Unit-789,CYBER_CRIME_CELL,Lucknow,Uttar Pradesh,26.730294,81.040286,BEAT_LUC_39,EMAIL,+919876500789,1
LEA790,Khurda Police Station Unit-790,POLICE_STATION,Khurda,Odisha,20.243156,85.762238,BEAT_KHU_40,PHONE,+919876500790,1
LEA791,Thane Cyber Crime Cell Unit-791,CYBER_CRIME_CELL,Thane,Maharashtra,19.047455,73.117272,BEAT_THA_41,PHONE,+919876500791,1
LEA792,Nuh Police Station Unit-792,POLICE_STATION,Nuh,Haryana,28.029088,77.00684,BEAT_NUH_42,PHONE,+919876500792,1
LEA793,Alwar Special Task Force Unit-793,SPECIAL_TASK_FORCE,Alwar,Rajasthan,27.583906,76.690944,BEAT_ALW_43,PHONE,+919876500793,1
LEA794,Bharatpur Police Station Unit-794,POLICE_STATION,Bharatpur,Rajasthan,27.229717,77.459754,BEAT_BHA_44,PHONE,+919876500794,1
LEA795,Jamtara Police Station Unit-795,POLICE_STATION,Jamtara,Jharkhand,23.902354,86.806794,BEAT_JAM_45,EMAIL,+919876500795,1
LEA796,Malda Police Station Unit-796,POLICE_STATION,Malda,West Bengal,24.933529,87.908766,BEAT_MAL_46,DISPATCH_RADIO,+919876500796,1
LEA797,Dhanbad Cyber Crime Cell Unit-797,CYBER_CRIME_CELL,Dhanbad,Jharkhand,23.827164,86.501601,BEAT_DHA_47,PHONE,+919876500797,1
LEA798,Deoghar Police Station Unit-798,POLICE_STATION,Deoghar,Jharkhand,24.312299,86.616837,BEAT_DEO_48,PHONE,+919876500798,1
LEA799,Srinagar Cyber Crime Cell Unit-799,CYBER_CRIME_CELL,Srinagar,Jammu and Kashmir,34.128324,74.976344,BEAT_SRI_49,PHONE,+919876500799,1
LEA800,Gurugram Cyber Crime Cell Unit-800,CYBER_CRIME_CELL,Gurugram,Haryana,28.460999,76.966919,BEAT_GUR_00,EMAIL,+919876500800,1
LEA801,Kolkata Cyber Crime Cell Unit-801,CYBER_CRIME_CELL,Kolkata,West Bengal,22.559418,88.471211,BEAT_KOL_01,PHONE,+919876500801,1
LEA802,Patna Cyber Crime Cell Unit-802,CYBER_CRIME_CELL,Patna,Bihar,25.547544,85.073734,BEAT_PAT_02,PHONE,+919876500802,1
LEA803,Jaipur Cyber Crime Cell Unit-803,CYBER_CRIME_CELL,Jaipur,Rajasthan,26.877608,75.710247,BEAT_JAI_03,PHONE,+919876500803,1
LEA804,New Delhi Cyber Crime Cell Unit-804,CYBER_CRIME_CELL,New Delhi,Delhi,28.622741,77.342385,BEAT_NEW_04,EMAIL,+919876500804,1
LEA805,Mumbai City Cyber Crime Cell Unit-805,CYBER_CRIME_CELL,Mumbai City,Maharashtra,19.099285,72.858456,BEAT_MUM_05,PHONE,+919876500805,1
LEA806,Bengaluru Urban District Hq Unit-806,DISTRICT_HQ,Bengaluru Urban,Karnataka,12.950569,77.478987,BEAT_BEN_06,EMAIL,+919876500806,1
LEA807,Lucknow Police Station Unit-807,POLICE_STATION,Lucknow,Uttar Pradesh,26.910348,80.939912,BEAT_LUC_07,PHONE,+919876500807,1
LEA808,Khurda Cyber Crime Cell Unit-808,CYBER_CRIME_CELL,Khurda,Odisha,20.283092,86.069868,BEAT_KHU_08,EMAIL,+919876500808,1
LEA809,Thane Special Task Force Unit-809,SPECIAL_TASK_FORCE,Thane,Maharashtra,19.054532,72.972383,BEAT_THA_09,EMAIL,+919876500809,1
LEA810,Nuh Police Station Unit-810,POLICE_STATION,Nuh,Haryana,28.071572,77.095633,BEAT_NUH_10,EMAIL,+919876500810,1
LEA811,Alwar Police Station Unit-811,POLICE_STATION,Alwar,Rajasthan,27.561164,76.51768,BEAT_ALW_11,PHONE,+919876500811,1
LEA812,Bharatpur Police Station Unit-812,POLICE_STATION,Bharatpur,Rajasthan,27.283251,77.43535,BEAT_BHA_12,DISPATCH_RADIO,+919876500812,1
LEA813,Jamtara Cyber Crime Cell Unit-813,CYBER_CRIME_CELL,Jamtara,Jharkhand,24.097012,86.885183,BEAT_JAM_13,EMAIL,+919876500813,1
LEA814,Malda Cyber Crime Cell Unit-814,CYBER_CRIME_CELL,Malda,West Bengal,24.978561,88.242979,BEAT_MAL_14,PHONE,+919876500814,1
LEA815,Dhanbad Cyber Crime Cell Unit-815,CYBER_CRIME_CELL,Dhanbad,Jharkhand,23.80059,86.497571,BEAT_DHA_15,PHONE,+919876500815,1
LEA816,Deoghar District Hq Unit-816,DISTRICT_HQ,Deoghar,Jharkhand,24.517536,86.629775,BEAT_DEO_16,PHONE,+919876500816,1
LEA817,Srinagar Police Station Unit-817,POLICE_STATION,Srinagar,Jammu and Kashmir,34.037318,74.886928,BEAT_SRI_17,EMAIL,+919876500817,1
LEA818,Gurugram Special Task Force Unit-818,SPECIAL_TASK_FORCE,Gurugram,Haryana,28.435372,76.993509,BEAT_GUR_18,PHONE,+919876500818,1
LEA819,Kolkata Cyber Crime Cell Unit-819,CYBER_CRIME_CELL,Kolkata,West Bengal,22.503762,88.396962,BEAT_KOL_19,PHONE,+919876500819,1
LEA820,Patna Special Task Force Unit-820,SPECIAL_TASK_FORCE,Patna,Bihar,25.74275,85.05229,BEAT_PAT_20,DISPATCH_RADIO,+919876500820,1
LEA821,Jaipur Police Station Unit-821,POLICE_STATION,Jaipur,Rajasthan,26.914146,75.901443,BEAT_JAI_21,EMAIL,+919876500821,1
LEA822,New Delhi Police Station Unit-822,POLICE_STATION,New Delhi,Delhi,28.60816,77.246139,BEAT_NEW_22,EMAIL,+919876500822,1
LEA823,Mumbai City Cyber Crime Cell Unit-823,CYBER_CRIME_CELL,Mumbai City,Maharashtra,18.999431,72.910363,BEAT_MUM_23,EMAIL,+919876500823,1
LEA824,Bengaluru Urban Cyber Crime Cell Unit-824,CYBER_CRIME_CELL,Bengaluru Urban,Karnataka,12.958112,77.667504,BEAT_BEN_24,EMAIL,+919876500824,1
LEA825,Lucknow District Hq Unit-825,DISTRICT_HQ,Lucknow,Uttar Pradesh,26.932277,81.155381,BEAT_LUC_25,EMAIL,+919876500825,1
LEA826,Khurda Cyber Crime Cell Unit-826,CYBER_CRIME_CELL,Khurda,Odisha,20.337875,85.849535,BEAT_KHU_26,PHONE,+919876500826,1
LEA827,Thane Cyber Crime Cell Unit-827,CYBER_CRIME_CELL,Thane,Maharashtra,19.04701,73.002775,BEAT_THA_27,PHONE,+919876500827,1
LEA828,Nuh Cyber Crime Cell Unit-828,CYBER_CRIME_CELL,Nuh,Haryana,28.126695,76.977664,BEAT_NUH_28,DISPATCH_RADIO,+919876500828,1
LEA829,Alwar Police Station Unit-829,POLICE_STATION,Alwar,Rajasthan,27.565141,76.74171,BEAT_ALW_29,PHONE,+919876500829,1
LEA830,Bharatpur Cyber Crime Cell Unit-830,CYBER_CRIME_CELL,Bharatpur,Rajasthan,27.144456,77.581882,BEAT_BHA_30,PHONE,+919876500830,1
LEA831,Jamtara Police Station Unit-831,POLICE_STATION,Jamtara,Jharkhand,24.056927,86.790688,BEAT_JAM_31,PHONE,+919876500831,1
LEA832,Malda Special Task Force Unit-832,SPECIAL_TASK_FORCE,Malda,West Bengal,24.857874,88.09276,BEAT_MAL_32,PHONE,+919876500832,1
LEA833,Dhanbad Special Task Force Unit-833,SPECIAL_TASK_FORCE,Dhanbad,Jharkhand,23.889177,86.428599,BEAT_DHA_33,EMAIL,+919876500833,1
LEA834,Deoghar Cyber Crime Cell Unit-834,CYBER_CRIME_CELL,Deoghar,Jharkhand,24.410578,86.656826,BEAT_DEO_34,DISPATCH_RADIO,+919876500834,1
LEA835,Srinagar Cyber Crime Cell Unit-835,CYBER_CRIME_CELL,Srinagar,Jammu and Kashmir,34.144285,74.844877,BEAT_SRI_35,EMAIL,+919876500835,1
LEA836,Gurugram Cyber Crime Cell Unit-836,CYBER_CRIME_CELL,Gurugram,Haryana,28.44228,76.996528,BEAT_GUR_36,EMAIL,+919876500836,1
LEA837,Kolkata District Hq Unit-837,DISTRICT_HQ,Kolkata,West Bengal,22.544365,88.291905,BEAT_KOL_37,EMAIL,+919876500837,1
LEA838,Patna District Hq Unit-838,DISTRICT_HQ,Patna,Bihar,25.710523,85.111842,BEAT_PAT_38,PHONE,+919876500838,1
LEA839,Jaipur Cyber Crime Cell Unit-839,CYBER_CRIME_CELL,Jaipur,Rajasthan,27.000123,75.910261,BEAT_JAI_39,PHONE,+919876500839,1
LEA840,New Delhi Cyber Crime Cell Unit-840,CYBER_CRIME_CELL,New Delhi,Delhi,28.68585,77.173564,BEAT_NEW_40,EMAIL,+919876500840,1
LEA841,Mumbai City Cyber Crime Cell Unit-841,CYBER_CRIME_CELL,Mumbai City,Maharashtra,19.105098,72.875855,BEAT_MUM_41,DISPATCH_RADIO,+919876500841,1
LEA842,Bengaluru Urban Police Station Unit-842,POLICE_STATION,Bengaluru Urban,Karnataka,12.906468,77.618589,BEAT_BEN_42,EMAIL,+919876500842,1
LEA843,Lucknow Cyber Crime Cell Unit-843,CYBER_CRIME_CELL,Lucknow,Uttar Pradesh,26.761724,81.042139,BEAT_LUC_43,EMAIL,+919876500843,1
LEA844,Khurda Special Task Force Unit-844,SPECIAL_TASK_FORCE,Khurda,Odisha,20.262614,85.839958,BEAT_KHU_44,PHONE,+919876500844,1
LEA845,Thane Police Station Unit-845,POLICE_STATION,Thane,Maharashtra,19.053417,73.009961,BEAT_THA_45,EMAIL,+919876500845,1
LEA846,Nuh Cyber Crime Cell Unit-846,CYBER_CRIME_CELL,Nuh,Haryana,28.144584,76.962998,BEAT_NUH_46,PHONE,+919876500846,1
LEA847,Alwar Cyber Crime Cell Unit-847,CYBER_CRIME_CELL,Alwar,Rajasthan,27.615796,76.525183,BEAT_ALW_47,PHONE,+919876500847,1
LEA848,Bharatpur Cyber Crime Cell Unit-848,CYBER_CRIME_CELL,Bharatpur,Rajasthan,27.226108,77.646641,BEAT_BHA_48,PHONE,+919876500848,1
LEA849,Jamtara Cyber Crime Cell Unit-849,CYBER_CRIME_CELL,Jamtara,Jharkhand,23.889904,86.746547,BEAT_JAM_49,PHONE,+919876500849,1
LEA850,Malda Special Task Force Unit-850,SPECIAL_TASK_FORCE,Malda,West Bengal,25.047838,88.155382,BEAT_MAL_00,PHONE,+919876500850,1
LEA851,Dhanbad Special Task Force Unit-851,SPECIAL_TASK_FORCE,Dhanbad,Jharkhand,23.820971,86.468932,BEAT_DHA_01,PHONE,+919876500851,1
LEA852,Deoghar Cyber Crime Cell Unit-852,CYBER_CRIME_CELL,Deoghar,Jharkhand,24.528346,86.78468,BEAT_DEO_02,PHONE,+919876500852,1
LEA853,Srinagar Police Station Unit-853,POLICE_STATION,Srinagar,Jammu and Kashmir,34.113236,74.776306,BEAT_SRI_03,PHONE,+919876500853,1
LEA854,Gurugram Police Station Unit-854,POLICE_STATION,Gurugram,Haryana,28.507974,77.18235,BEAT_GUR_04,PHONE,+919876500854,1
LEA855,Kolkata Police Station Unit-855,POLICE_STATION,Kolkata,West Bengal,22.563041,88.287837,BEAT_KOL_05,EMAIL,+919876500855,1
LEA856,Patna Cyber Crime Cell Unit-856,CYBER_CRIME_CELL,Patna,Bihar,25.67389,85.12798,BEAT_PAT_06,PHONE,+919876500856,1
LEA857,Jaipur District Hq Unit-857,DISTRICT_HQ,Jaipur,Rajasthan,26.755811,75.855793,BEAT_JAI_07,PHONE,+919876500857,1
LEA858,New Delhi Cyber Crime Cell Unit-858,CYBER_CRIME_CELL,New Delhi,Delhi,28.575318,77.201567,BEAT_NEW_08,DISPATCH_RADIO,+919876500858,1
LEA859,Mumbai City Cyber Crime Cell Unit-859,CYBER_CRIME_CELL,Mumbai City,Maharashtra,19.099927,72.892227,BEAT_MUM_09,EMAIL,+919876500859,1
LEA860,Bengaluru Urban Special Task Force Unit-860,SPECIAL_TASK_FORCE,Bengaluru Urban,Karnataka,13.022732,77.562392,BEAT_BEN_10,PHONE,+919876500860,1
LEA861,Lucknow Cyber Crime Cell Unit-861,CYBER_CRIME_CELL,Lucknow,Uttar Pradesh,26.883681,80.925234,BEAT_LUC_11,PHONE,+919876500861,1
LEA862,Khurda Cyber Crime Cell Unit-862,CYBER_CRIME_CELL,Khurda,Odisha,20.349348,85.871787,BEAT_KHU_12,PHONE,+919876500862,1
LEA863,Thane Police Station Unit-863,POLICE_STATION,Thane,Maharashtra,18.965581,73.112495,BEAT_THA_13,PHONE,+919876500863,1
LEA864,Nuh Police Station Unit-864,POLICE_STATION,Nuh,Haryana,28.063672,77.067822,BEAT_NUH_14,DISPATCH_RADIO,+919876500864,1
LEA865,Alwar District Hq Unit-865,DISTRICT_HQ,Alwar,Rajasthan,27.579471,76.78403,BEAT_ALW_15,EMAIL,+919876500865,1
LEA866,Bharatpur Cyber Crime Cell Unit-866,CYBER_CRIME_CELL,Bharatpur,Rajasthan,27.200894,77.461189,BEAT_BHA_16,EMAIL,+919876500866,1
LEA867,Jamtara Police Station Unit-867,POLICE_STATION,Jamtara,Jharkhand,23.9606,86.776088,BEAT_JAM_17,PHONE,+919876500867,1
LEA868,Malda Cyber Crime Cell Unit-868,CYBER_CRIME_CELL,Malda,West Bengal,25.068453,88.012555,BEAT_MAL_18,EMAIL,+919876500868,1
LEA869,Dhanbad Police Station Unit-869,POLICE_STATION,Dhanbad,Jharkhand,23.719759,86.346291,BEAT_DHA_19,PHONE,+919876500869,1
LEA870,Deoghar Cyber Crime Cell Unit-870,CYBER_CRIME_CELL,Deoghar,Jharkhand,24.551091,86.832268,BEAT_DEO_20,PHONE,+919876500870,1
LEA871,Srinagar District Hq Unit-871,DISTRICT_HQ,Srinagar,Jammu and Kashmir,34.076172,74.782609,BEAT_SRI_21,EMAIL,+919876500871,1
LEA872,Gurugram District Hq Unit-872,DISTRICT_HQ,Gurugram,Haryana,28.464549,77.121849,BEAT_GUR_22,PHONE,+919876500872,1
LEA873,Kolkata Police Station Unit-873,POLICE_STATION,Kolkata,West Bengal,22.505764,88.382505,BEAT_KOL_23,PHONE,+919876500873,1
LEA874,Patna Cyber Crime Cell Unit-874,CYBER_CRIME_CELL,Patna,Bihar,25.664385,85.177644,BEAT_PAT_24,PHONE,+919876500874,1
LEA875,Jaipur District Hq Unit-875,DISTRICT_HQ,Jaipur,Rajasthan,26.926064,75.86821,BEAT_JAI_25,PHONE,+919876500875,1
LEA876,New Delhi Police Station Unit-876,POLICE_STATION,New Delhi,Delhi,28.419072,77.264653,BEAT_NEW_26,PHONE,+919876500876,1
LEA877,Mumbai City Cyber Crime Cell Unit-877,CYBER_CRIME_CELL,Mumbai City,Maharashtra,19.028859,72.738096,BEAT_MUM_27,PHONE,+919876500877,1
LEA878,Bengaluru Urban Special Task Force Unit-878,SPECIAL_TASK_FORCE,Bengaluru Urban,Karnataka,13.008443,77.696195,BEAT_BEN_28,EMAIL,+919876500878,1
LEA879,Lucknow Special Task Force Unit-879,SPECIAL_TASK_FORCE,Lucknow,Uttar Pradesh,26.836794,81.023172,BEAT_LUC_29,PHONE,+919876500879,1
LEA880,Khurda Cyber Crime Cell Unit-880,CYBER_CRIME_CELL,Khurda,Odisha,20.4123,85.925542,BEAT_KHU_30,PHONE,+919876500880,1
LEA881,Thane Police Station Unit-881,POLICE_STATION,Thane,Maharashtra,19.151196,73.08628,BEAT_THA_31,EMAIL,+919876500881,1
LEA882,Nuh Cyber Crime Cell Unit-882,CYBER_CRIME_CELL,Nuh,Haryana,28.107737,76.870912,BEAT_NUH_32,PHONE,+919876500882,1
LEA883,Alwar Cyber Crime Cell Unit-883,CYBER_CRIME_CELL,Alwar,Rajasthan,27.535266,76.566051,BEAT_ALW_33,PHONE,+919876500883,1
LEA884,Bharatpur Police Station Unit-884,POLICE_STATION,Bharatpur,Rajasthan,27.373464,77.475245,BEAT_BHA_34,PHONE,+919876500884,1
LEA885,Jamtara Cyber Crime Cell Unit-885,CYBER_CRIME_CELL,Jamtara,Jharkhand,23.97088,86.843495,BEAT_JAM_35,PHONE,+919876500885,1
LEA886,Malda Police Station Unit-886,POLICE_STATION,Malda,West Bengal,25.013943,88.275907,BEAT_MAL_36,EMAIL,+919876500886,1
LEA887,Dhanbad District Hq Unit-887,DISTRICT_HQ,Dhanbad,Jharkhand,23.750824,86.445729,BEAT_DHA_37,DISPATCH_RADIO,+919876500887,1
LEA888,Deoghar District Hq Unit-888,DISTRICT_HQ,Deoghar,Jharkhand,24.429089,86.592264,BEAT_DEO_38,PHONE,+919876500888,1
LEA889,Srinagar Police Station Unit-889,POLICE_STATION,Srinagar,Jammu and Kashmir,34.039609,74.794077,BEAT_SRI_39,PHONE,+919876500889,1
LEA890,Gurugram Cyber Crime Cell Unit-890,CYBER_CRIME_CELL,Gurugram,Haryana,28.428559,76.969836,BEAT_GUR_40,EMAIL,+919876500890,1
LEA891,Kolkata Cyber Crime Cell Unit-891,CYBER_CRIME_CELL,Kolkata,West Bengal,22.471244,88.357414,BEAT_KOL_41,DISPATCH_RADIO,+919876500891,1
LEA892,Patna Police Station Unit-892,POLICE_STATION,Patna,Bihar,25.485652,85.198339,BEAT_PAT_42,EMAIL,+919876500892,1
LEA893,Jaipur Police Station Unit-893,POLICE_STATION,Jaipur,Rajasthan,26.918342,75.669493,BEAT_JAI_43,EMAIL,+919876500893,1
LEA894,New Delhi Police Station Unit-894,POLICE_STATION,New Delhi,Delhi,28.591615,77.147249,BEAT_NEW_44,EMAIL,+919876500894,1
LEA895,Mumbai City Cyber Crime Cell Unit-895,CYBER_CRIME_CELL,Mumbai City,Maharashtra,19.099004,72.979922,BEAT_MUM_45,PHONE,+919876500895,1
LEA896,Bengaluru Urban Cyber Crime Cell Unit-896,CYBER_CRIME_CELL,Bengaluru Urban,Karnataka,12.836452,77.603107,BEAT_BEN_46,EMAIL,+919876500896,1
LEA897,Lucknow Police Station Unit-897,POLICE_STATION,Lucknow,Uttar Pradesh,26.835159,81.00043,BEAT_LUC_47,EMAIL,+919876500897,1
LEA898,Khurda Cyber Crime Cell Unit-898,CYBER_CRIME_CELL,Khurda,Odisha,20.311466,85.766716,BEAT_KHU_48,PHONE,+919876500898,1
LEA899,Thane Police Station Unit-899,POLICE_STATION,Thane,Maharashtra,19.010005,72.969011,BEAT_THA_49,PHONE,+919876500899,1
LEA900,Nuh Cyber Crime Cell Unit-900,CYBER_CRIME_CELL,Nuh,Haryana,28.17985,77.003541,BEAT_NUH_00,PHONE,+919876500900,1
LEA901,Alwar Special Task Force Unit-901,SPECIAL_TASK_FORCE,Alwar,Rajasthan,27.690023,76.629669,BEAT_ALW_01,EMAIL,+919876500901,1
LEA902,Bharatpur Cyber Crime Cell Unit-902,CYBER_CRIME_CELL,Bharatpur,Rajasthan,27.165944,77.36682,BEAT_BHA_02,PHONE,+919876500902,1
LEA903,Jamtara Cyber Crime Cell Unit-903,CYBER_CRIME_CELL,Jamtara,Jharkhand,23.832044,86.67506,BEAT_JAM_03,EMAIL,+919876500903,1
LEA904,Malda Police Station Unit-904,POLICE_STATION,Malda,West Bengal,25.030052,88.181559,BEAT_MAL_04,PHONE,+919876500904,1
LEA905,Dhanbad Cyber Crime Cell Unit-905,CYBER_CRIME_CELL,Dhanbad,Jharkhand,23.68174,86.500901,BEAT_DHA_05,PHONE,+919876500905,1
LEA906,Deoghar Police Station Unit-906,POLICE_STATION,Deoghar,Jharkhand,24.447785,86.708425,BEAT_DEO_06,EMAIL,+919876500906,1
LEA907,Srinagar Cyber Crime Cell Unit-907,CYBER_CRIME_CELL,Srinagar,Jammu and Kashmir,34.199896,74.875343,BEAT_SRI_07,PHONE,+919876500907,1
LEA908,Gurugram Cyber Crime Cell Unit-908,CYBER_CRIME_CELL,Gurugram,Haryana,28.440146,76.953541,BEAT_GUR_08,DISPATCH_RADIO,+919876500908,1
LEA909,Kolkata Cyber Crime Cell Unit-909,CYBER_CRIME_CELL,Kolkata,West Bengal,22.417514,88.307769,BEAT_KOL_09,EMAIL,+919876500909,1
LEA910,Patna Police Station Unit-910,POLICE_STATION,Patna,Bihar,25.578883,85.058711,BEAT_PAT_10,PHONE,+919876500910,1
LEA911,Jaipur Cyber Crime Cell Unit-911,CYBER_CRIME_CELL,Jaipur,Rajasthan,26.90294,75.793512,BEAT_JAI_11,PHONE,+919876500911,1
LEA912,New Delhi Police Station Unit-912,POLICE_STATION,New Delhi,Delhi,28.597694,77.155635,BEAT_NEW_12,EMAIL,+919876500912,1
LEA913,Mumbai City Police Station Unit-913,POLICE_STATION,Mumbai City,Maharashtra,19.088155,72.911402,BEAT_MUM_13,PHONE,+919876500913,1
LEA914,Bengaluru Urban Cyber Crime Cell Unit-914,CYBER_CRIME_CELL,Bengaluru Urban,Karnataka,12.893013,77.698952,BEAT_BEN_14,DISPATCH_RADIO,+919876500914,1
LEA915,Lucknow District Hq Unit-915,DISTRICT_HQ,Lucknow,Uttar Pradesh,26.839595,80.947723,BEAT_LUC_15,PHONE,+919876500915,1
LEA916,Khurda Special Task Force Unit-916,SPECIAL_TASK_FORCE,Khurda,Odisha,20.347142,85.842421,BEAT_KHU_16,EMAIL,+919876500916,1
LEA917,Thane Police Station Unit-917,POLICE_STATION,Thane,Maharashtra,19.101695,73.05159,BEAT_THA_17,EMAIL,+919876500917,1
LEA918,Nuh District Hq Unit-918,DISTRICT_HQ,Nuh,Haryana,28.05816,77.031336,BEAT_NUH_18,EMAIL,+919876500918,1
LEA919,Alwar Cyber Crime Cell Unit-919,CYBER_CRIME_CELL,Alwar,Rajasthan,27.470569,76.643425,BEAT_ALW_19,PHONE,+919876500919,1
LEA920,Bharatpur Special Task Force Unit-920,SPECIAL_TASK_FORCE,Bharatpur,Rajasthan,27.214605,77.472633,BEAT_BHA_20,PHONE,+919876500920,1
LEA921,Jamtara Cyber Crime Cell Unit-921,CYBER_CRIME_CELL,Jamtara,Jharkhand,23.952736,86.65158,BEAT_JAM_21,PHONE,+919876500921,1
LEA922,Malda Police Station Unit-922,POLICE_STATION,Malda,West Bengal,24.971252,88.148484,BEAT_MAL_22,EMAIL,+919876500922,1
LEA923,Dhanbad Special Task Force Unit-923,SPECIAL_TASK_FORCE,Dhanbad,Jharkhand,23.807221,86.349452,BEAT_DHA_23,PHONE,+919876500923,1
LEA924,Deoghar Cyber Crime Cell Unit-924,CYBER_CRIME_CELL,Deoghar,Jharkhand,24.573822,86.628205,BEAT_DEO_24,PHONE,+919876500924,1
LEA925,Srinagar District Hq Unit-925,DISTRICT_HQ,Srinagar,Jammu and Kashmir,34.153571,74.834475,BEAT_SRI_25,EMAIL,+919876500925,1
LEA926,Gurugram Cyber Crime Cell Unit-926,CYBER_CRIME_CELL,Gurugram,Haryana,28.412925,77.172138,BEAT_GUR_26,EMAIL,+919876500926,1
LEA927,Kolkata District Hq Unit-927,DISTRICT_HQ,Kolkata,West Bengal,22.486572,88.435641,BEAT_KOL_27,EMAIL,+919876500927,1
LEA928,Patna Special Task Force Unit-928,SPECIAL_TASK_FORCE,Patna,Bihar,25.666214,85.084008,BEAT_PAT_28,PHONE,+919876500928,1
LEA929,Jaipur District Hq Unit-929,DISTRICT_HQ,Jaipur,Rajasthan,27.012758,75.76709,BEAT_JAI_29,PHONE,+919876500929,1
LEA930,New Delhi District Hq Unit-930,DISTRICT_HQ,New Delhi,Delhi,28.634707,77.230372,BEAT_NEW_30,EMAIL,+919876500930,1
LEA931,Mumbai City District Hq Unit-931,DISTRICT_HQ,Mumbai City,Maharashtra,19.06632,72.939532,BEAT_MUM_31,EMAIL,+919876500931,1
LEA932,Bengaluru Urban Cyber Crime Cell Unit-932,CYBER_CRIME_CELL,Bengaluru Urban,Karnataka,13.028788,77.46528,BEAT_BEN_32,PHONE,+919876500932,1
LEA933,Lucknow Special Task Force Unit-933,SPECIAL_TASK_FORCE,Lucknow,Uttar Pradesh,26.940707,80.811906,BEAT_LUC_33,DISPATCH_RADIO,+919876500933,1
LEA934,Khurda Cyber Crime Cell Unit-934,CYBER_CRIME_CELL,Khurda,Odisha,20.370518,85.911079,BEAT_KHU_34,PHONE,+919876500934,1
LEA935,Thane Cyber Crime Cell Unit-935,CYBER_CRIME_CELL,Thane,Maharashtra,18.954372,72.998379,BEAT_THA_35,EMAIL,+919876500935,1
LEA936,Nuh District Hq Unit-936,DISTRICT_HQ,Nuh,Haryana,28.02261,76.98424,BEAT_NUH_36,PHONE,+919876500936,1
LEA937,Alwar Police Station Unit-937,POLICE_STATION,Alwar,Rajasthan,27.530799,76.69798,BEAT_ALW_37,EMAIL,+919876500937,1
LEA938,Bharatpur Police Station Unit-938,POLICE_STATION,Bharatpur,Rajasthan,27.311437,77.602614,BEAT_BHA_38,PHONE,+919876500938,1
LEA939,Jamtara Police Station Unit-939,POLICE_STATION,Jamtara,Jharkhand,23.921483,86.783499,BEAT_JAM_39,PHONE,+919876500939,1
LEA940,Malda Cyber Crime Cell Unit-940,CYBER_CRIME_CELL,Malda,West Bengal,24.889471,88.077009,BEAT_MAL_40,PHONE,+919876500940,1
LEA941,Dhanbad Police Station Unit-941,POLICE_STATION,Dhanbad,Jharkhand,23.865239,86.557656,BEAT_DHA_41,EMAIL,+919876500941,1
LEA942,Deoghar Police Station Unit-942,POLICE_STATION,Deoghar,Jharkhand,24.393638,86.649881,BEAT_DEO_42,EMAIL,+919876500942,1
LEA943,Srinagar Cyber Crime Cell Unit-943,CYBER_CRIME_CELL,Srinagar,Jammu and Kashmir,34.081797,74.82168,BEAT_SRI_43,PHONE,+919876500943,1
LEA944,Gurugram Cyber Crime Cell Unit-944,CYBER_CRIME_CELL,Gurugram,Haryana,28.40115,77.061364,BEAT_GUR_44,PHONE,+919876500944,1
LEA945,Kolkata Police Station Unit-945,POLICE_STATION,Kolkata,West Bengal,22.538449,88.362772,BEAT_KOL_45,DISPATCH_RADIO,+919876500945,1
LEA946,Patna Cyber Crime Cell Unit-946,CYBER_CRIME_CELL,Patna,Bihar,25.633472,85.138113,BEAT_PAT_46,PHONE,+919876500946,1
LEA947,Jaipur District Hq Unit-947,DISTRICT_HQ,Jaipur,Rajasthan,26.880949,75.778441,BEAT_JAI_47,PHONE,+919876500947,1
LEA948,New Delhi Police Station Unit-948,POLICE_STATION,New Delhi,Delhi,28.607531,77.178622,BEAT_NEW_48,EMAIL,+919876500948,1
LEA949,Mumbai City Police Station Unit-949,POLICE_STATION,Mumbai City,Maharashtra,19.057348,72.999613,BEAT_MUM_49,PHONE,+919876500949,1
LEA950,Bengaluru Urban Cyber Crime Cell Unit-950,CYBER_CRIME_CELL,Bengaluru Urban,Karnataka,13.012027,77.572746,BEAT_BEN_00,EMAIL,+919876500950,1
LEA951,Lucknow Police Station Unit-951,POLICE_STATION,Lucknow,Uttar Pradesh,26.896931,80.919235,BEAT_LUC_01,PHONE,+919876500951,1
LEA952,Khurda District Hq Unit-952,DISTRICT_HQ,Khurda,Odisha,20.38065,85.852904,BEAT_KHU_02,PHONE,+919876500952,1
LEA953,Thane Police Station Unit-953,POLICE_STATION,Thane,Maharashtra,19.025267,73.063834,BEAT_THA_03,PHONE,+919876500953,1
LEA954,Nuh Special Task Force Unit-954,SPECIAL_TASK_FORCE,Nuh,Haryana,27.989084,76.909738,BEAT_NUH_04,PHONE,+919876500954,1
LEA955,Alwar Cyber Crime Cell Unit-955,CYBER_CRIME_CELL,Alwar,Rajasthan,27.466951,76.64622,BEAT_ALW_05,PHONE,+919876500955,1
LEA956,Bharatpur Cyber Crime Cell Unit-956,CYBER_CRIME_CELL,Bharatpur,Rajasthan,27.341866,77.670337,BEAT_BHA_06,EMAIL,+919876500956,1
LEA957,Jamtara Special Task Force Unit-957,SPECIAL_TASK_FORCE,Jamtara,Jharkhand,24.007986,86.839501,BEAT_JAM_07,PHONE,+919876500957,1
LEA958,Malda Police Station Unit-958,POLICE_STATION,Malda,West Bengal,24.880994,88.097941,BEAT_MAL_08,EMAIL,+919876500958,1
LEA959,Dhanbad District Hq Unit-959,DISTRICT_HQ,Dhanbad,Jharkhand,23.738923,86.381497,BEAT_DHA_09,PHONE,+919876500959,1
LEA960,Deoghar Cyber Crime Cell Unit-960,CYBER_CRIME_CELL,Deoghar,Jharkhand,24.470482,86.659414,BEAT_DEO_10,PHONE,+919876500960,1
LEA961,Srinagar Police Station Unit-961,POLICE_STATION,Srinagar,Jammu and Kashmir,33.941048,74.862383,BEAT_SRI_11,PHONE,+919876500961,1
LEA962,Gurugram Police Station Unit-962,POLICE_STATION,Gurugram,Haryana,28.382185,77.046213,BEAT_GUR_12,PHONE,+919876500962,1
LEA963,Kolkata District Hq Unit-963,DISTRICT_HQ,Kolkata,West Bengal,22.722083,88.292141,BEAT_KOL_13,PHONE,+919876500963,1
LEA964,Patna Police Station Unit-964,POLICE_STATION,Patna,Bihar,25.411737,85.114744,BEAT_PAT_14,PHONE,+919876500964,1
LEA965,Jaipur Police Station Unit-965,POLICE_STATION,Jaipur,Rajasthan,26.991748,75.945584,BEAT_JAI_15,PHONE,+919876500965,1
LEA966,New Delhi Police Station Unit-966,POLICE_STATION,New Delhi,Delhi,28.525284,77.249779,BEAT_NEW_16,PHONE,+919876500966,1
LEA967,Mumbai City Police Station Unit-967,POLICE_STATION,Mumbai City,Maharashtra,19.042464,72.86962,BEAT_MUM_17,EMAIL,+919876500967,1
LEA968,Bengaluru Urban Police Station Unit-968,POLICE_STATION,Bengaluru Urban,Karnataka,13.162183,77.483441,BEAT_BEN_18,EMAIL,+919876500968,1
LEA969,Lucknow Cyber Crime Cell Unit-969,CYBER_CRIME_CELL,Lucknow,Uttar Pradesh,26.864988,80.98398,BEAT_LUC_19,EMAIL,+919876500969,1
LEA970,Khurda Police Station Unit-970,POLICE_STATION,Khurda,Odisha,20.374355,85.832029,BEAT_KHU_20,PHONE,+919876500970,1
LEA971,Thane Cyber Crime Cell Unit-971,CYBER_CRIME_CELL,Thane,Maharashtra,19.055202,72.999841,BEAT_THA_21,PHONE,+919876500971,1
LEA972,Nuh District Hq Unit-972,DISTRICT_HQ,Nuh,Haryana,28.121697,76.97376,BEAT_NUH_22,EMAIL,+919876500972,1
LEA973,Alwar District Hq Unit-973,DISTRICT_HQ,Alwar,Rajasthan,27.597798,76.604554,BEAT_ALW_23,PHONE,+919876500973,1
LEA974,Bharatpur Police Station Unit-974,POLICE_STATION,Bharatpur,Rajasthan,27.244178,77.487128,BEAT_BHA_24,PHONE,+919876500974,1
LEA975,Jamtara Cyber Crime Cell Unit-975,CYBER_CRIME_CELL,Jamtara,Jharkhand,24.043157,86.795947,BEAT_JAM_25,PHONE,+919876500975,1
LEA976,Malda Cyber Crime Cell Unit-976,CYBER_CRIME_CELL,Malda,West Bengal,24.883014,88.24146,BEAT_MAL_26,PHONE,+919876500976,1
LEA977,Dhanbad Police Station Unit-977,POLICE_STATION,Dhanbad,Jharkhand,23.730422,86.378904,BEAT_DHA_27,EMAIL,+919876500977,1
LEA978,Deoghar Special Task Force Unit-978,SPECIAL_TASK_FORCE,Deoghar,Jharkhand,24.439669,86.805645,BEAT_DEO_28,DISPATCH_RADIO,+919876500978,1
LEA979,Srinagar Police Station Unit-979,POLICE_STATION,Srinagar,Jammu and Kashmir,33.929778,75.070348,BEAT_SRI_29,PHONE,+919876500979,1
LEA980,Gurugram Police Station Unit-980,POLICE_STATION,Gurugram,Haryana,28.535612,77.044901,BEAT_GUR_30,EMAIL,+919876500980,1
LEA981,Kolkata Cyber Crime Cell Unit-981,CYBER_CRIME_CELL,Kolkata,West Bengal,22.568644,88.386188,BEAT_KOL_31,PHONE,+919876500981,1
LEA982,Patna District Hq Unit-982,DISTRICT_HQ,Patna,Bihar,25.631658,85.189161,BEAT_PAT_32,PHONE,+919876500982,1
LEA983,Jaipur Police Station Unit-983,POLICE_STATION,Jaipur,Rajasthan,26.952444,75.79454,BEAT_JAI_33,PHONE,+919876500983,1
LEA984,New Delhi Cyber Crime Cell Unit-984,CYBER_CRIME_CELL,New Delhi,Delhi,28.599677,77.196581,BEAT_NEW_34,PHONE,+919876500984,1
LEA985,Mumbai City Cyber Crime Cell Unit-985,CYBER_CRIME_CELL,Mumbai City,Maharashtra,19.061953,72.964161,BEAT_MUM_35,PHONE,+919876500985,1
LEA986,Bengaluru Urban Cyber Crime Cell Unit-986,CYBER_CRIME_CELL,Bengaluru Urban,Karnataka,13.014379,77.377131,BEAT_BEN_36,EMAIL,+919876500986,1
LEA987,Lucknow Cyber Crime Cell Unit-987,CYBER_CRIME_CELL,Lucknow,Uttar Pradesh,26.893972,80.961931,BEAT_LUC_37,PHONE,+919876500987,1
LEA988,Khurda Cyber Crime Cell Unit-988,CYBER_CRIME_CELL,Khurda,Odisha,20.294752,85.794645,BEAT_KHU_38,DISPATCH_RADIO,+919876500988,1
LEA989,Thane Cyber Crime Cell Unit-989,CYBER_CRIME_CELL,Thane,Maharashtra,19.114017,73.101939,BEAT_THA_39,PHONE,+919876500989,1
LEA990,Nuh District Hq Unit-990,DISTRICT_HQ,Nuh,Haryana,28.046597,77.035058,BEAT_NUH_40,EMAIL,+919876500990,1
LEA991,Alwar Cyber Crime Cell Unit-991,CYBER_CRIME_CELL,Alwar,Rajasthan,27.482971,76.522448,BEAT_ALW_41,EMAIL,+919876500991,1
LEA992,Bharatpur Police Station Unit-992,POLICE_STATION,Bharatpur,Rajasthan,27.171831,77.559393,BEAT_BHA_42,PHONE,+919876500992,1
LEA993,Jamtara Cyber Crime Cell Unit-993,CYBER_CRIME_CELL,Jamtara,Jharkhand,24.030694,86.840467,BEAT_JAM_43,PHONE,+919876500993,1
LEA994,Malda Police Station Unit-994,POLICE_STATION,Malda,West Bengal,25.063059,88.182152,BEAT_MAL_44,PHONE,+919876500994,1
LEA995,Dhanbad Police Station Unit-995,POLICE_STATION,Dhanbad,Jharkhand,23.749467,86.464422,BEAT_DHA_45,EMAIL,+919876500995,1
LEA996,Deoghar District Hq Unit-996,DISTRICT_HQ,Deoghar,Jharkhand,24.540287,86.756534,BEAT_DEO_46,PHONE,+919876500996,1
LEA997,Srinagar Police Station Unit-997,POLICE_STATION,Srinagar,Jammu and Kashmir,34.169387,74.858937,BEAT_SRI_47,PHONE,+919876500997,1
LEA998,Gurugram District Hq Unit-998,DISTRICT_HQ,Gurugram,Haryana,28.48483,77.11433,BEAT_GUR_48,EMAIL,+919876500998,1
LEA999,Kolkata Special Task Force Unit-999,SPECIAL_TASK_FORCE,Kolkata,West Bengal,22.570689,88.295069,BEAT_KOL_49,PHONE,+919876500999,1
LEA1000,Patna Cyber Crime Cell Unit-1000,CYBER_CRIME_CELL,Patna,Bihar,25.582347,85.078072,BEAT_PAT_00,PHONE,+919876501000,1
