case_id,source_alert_id,source_type,user_id,transaction_id,priority,status,assigned_officer,assigned_team,creation_source,reason,evidence,created_at,updated_at,sla_deadline,escalation_level,freeze_status,sar_status,resolution,runtime_session_id
CASE-20474C9A,TXN-F303FB0C,TRANSACTION_SUSPECT,U-1079,ee3fe310-544a-470b-a3c7-f9181171d771,P1,OPEN,101,AML_CRITICAL_QUEUE,AUTO_ALERT,TRANSACTION_SUSPECT,"{'trans_id': 'ee3fe310-544a-470b-a3c7-f9181171d771', 'sender_id': 'U-1079', 'receiver_id': 'M-2048', 'amount': 127577.09, 'currency': 'INR', 'transaction_type': 'GATHER_SCATTER', 'channel': 'NEFT', 'sender_bal_before': 130260.84, 'sender_bal_after': 2683.75, 'receiver_bal_after': 332172.8, 'timestamp': '2026-09-27T09:03:51.098484+05:30', 'location': 'Hyderabad', 'is_sim_bound': False, 'is_sim_bound_at_tx': 0, 'device_id': 'D-30078', 'time_to_pay_ms': 26, 'scenario_type': 'P1_CRITICAL', 'scenario_variant': 'GATHER_SCATTER', 'scenario_risk_band': 'P1', 'txn_velocity_1h': 33, 'drain_ratio': 0.9794, 'forwarding_delay_mins': 5, 'balance_depletion_speed': 36313.8105, 'amount_deviation': 0.0382, 'avg_tx_amount_7d': 122877.3, 'distance_from_1L_threshold': 27577.09, 'distance_from_50k_threshold': 77577.09, 'empty_account_flag': 1, 'is_night_tx': 1, 'is_round_amount': 0, 'near_threshold_flag': 0, 'account_age_days': 2, 'device_shared_count': 19, 'ip_shared_count': 8, 'graph_score': 0.9379, 'fallback_behavior_score': 0.9623, 'fallback_sequence_score': 0.9416, 'fallback_graph_score': 0.9379, 'identity_trust_score': 20.18, 'device_trust_score': 7.99, 'sim_binding_ok': 0, 'sim_swap_flag': 1, 'vpn_flag': 1, 'hosting_flag': 0, 'city_mismatch_flag': 1, 'device_age_years': 0.88, 'network_risk_score': 0.8892, 'known_fraud_connections': 12, 'known_fraud_neighbors': 12, 'mule_cluster_size': 19, 'inbound_sources': 13, 'outbound_dest': 10, 'rapid_account_cluster_flag': 1, 'mule_cluster_flag': 1, 'tx_count_24h': 27, 'unique_receivers_7d': 5, 'days_since_last_tx': 0, 'high_value_txn': 1, 'rapid_movement': 1, 'rapid_outbound_after_inbound': 1, 'pass_through_ratio': 0.96, 'structuring_pattern': 0, 'fragmentation_score': 0.0382, 'night_high_value_txn': 1, 'velocity_risk_score': 0.9618, 'signals': ['P1_CRITICAL', 'GATHER_SCATTER', 'RAPID_DRAIN', 'MULE_CLUSTER', 'SIM_NOT_BOUND', 'REALTIME_SCENARIO_BEHAVIOR_FALLBACK', 'HIGH_VALUE_TRANSFER', 'VERY_HIGH_VALUE_TRANSACTION', 'NEO4J_UNAVAILABLE', 'REALTIME_SCENARIO_GRAPH_FALLBACK', 'CRITICAL_RISK', 'URGENT_REVIEW'], 'pair_repeat_count': 1, 'decision': 'BLOCK', 'engine_decision': 'BLOCK', 'priority': 'P1', 'status': 'BLOCKED', 'risk': 0.9617, 'final_score': 0.9617, 'behavior_score': 0.9623, 'behaviorScore': 0.9623, 'sequence_score': 0.9416, 'sequenceScore': 0.9416, 'graphScore': 0.9379, 'neo4j_graph_score': 0.9379, 'rule_score': 1.0, 'behavior_label': 'UNKNOWN', 'sequence_pattern': 'GATHER_SCATTER', 'community_risk': 'CRITICAL', 'network_role': 'UNKNOWN', 'reasons': ['Critical mule laundering pattern detected', 'Realtime scenario behavior fallback', 'GATHER_SCATTER', 'Connected to mule cluster'], 'alert_type': 'TRANSACTION_SUSPECT', 'requires_review': False, 'requires_block': True, 'requires_case': True, 'sla_minutes': 15, 'escalation_minutes': 20, 'queue': 'AML_CRITICAL_QUEUE', 'severity': 'CRITICAL'}",2026-09-27T03:33:51.315103,2026-09-27T03:33:51.317117+00:00,,,,,,RUN-20260927-033332-A7E2F7
CASE-C2D95644,TXN-0B220343,TRANSACTION_SUSPECT,U-1079,43fd796f-bb2d-4e3f-b0ef-f0e55c658b06,P1,OPEN,102,AML_CRITICAL_QUEUE,AUTO_ALERT,TRANSACTION_SUSPECT,"{'trans_id': '43fd796f-bb2d-4e3f-b0ef-f0e55c658b06', 'sender_id': 'U-1079', 'receiver_id': 'M-2043', 'amount': 49730.32, 'currency': 'INR', 'transaction_type': 'STRUCTURING', 'channel': 'UPI', 'sender_bal_before': 50482.01, 'sender_bal_after': 751.69, 'receiver_bal_after': 211168.81, 'timestamp': '2026-09-27T09:05:24.908590+05:30', 'location': 'Chennai', 'is_sim_bound': False, 'is_sim_bound_at_tx': 0, 'device_id': 'D-30076', 'time_to_pay_ms': 189, 'scenario_type': 'P1_CRITICAL', 'scenario_variant': 'STRUCTURING', 'scenario_risk_band': 'P1', 'txn_velocity_1h': 28, 'drain_ratio': 0.9851, 'forwarding_delay_mins': 1, 'balance_depletion_speed': 6699.6613, 'amount_deviation': 0.0756, 'avg_tx_amount_7d': 46234.43, 'distance_from_1L_threshold': 50269.68, 'distance_from_50k_threshold': 269.68, 'empty_account_flag': 1, 'is_night_tx': 1, 'is_round_amount': 0, 'near_threshold_flag': 1, 'account_age_days': 60, 'device_shared_count': 10, 'ip_shared_count': 9, 'graph_score': 0.9258, 'fallback_behavior_score': 0.9212, 'fallback_sequence_score': 0.9876, 'fallback_graph_score': 0.9258, 'identity_trust_score': 27.09, 'device_trust_score': 20.54, 'sim_binding_ok': 0, 'sim_swap_flag': 1, 'vpn_flag': 1, 'hosting_flag': 0, 'city_mismatch_flag': 1, 'device_age_years': 1.92, 'network_risk_score': 0.9039, 'known_fraud_connections': 9, 'known_fraud_neighbors': 9, 'mule_cluster_size': 10, 'inbound_sources': 9, 'outbound_dest': 7, 'rapid_account_cluster_flag': 1, 'mule_cluster_flag': 1, 'tx_count_24h': 24, 'unique_receivers_7d': 10, 'days_since_last_tx': 0, 'high_value_txn': 1, 'rapid_movement': 1, 'rapid_outbound_after_inbound': 1, 'pass_through_ratio': 0.9595, 'structuring_pattern': 1, 'fragmentation_score': 0.9595, 'night_high_value_txn': 1, 'velocity_risk_score': 0.9259, 'signals': ['P1_CRITICAL', 'STRUCTURING', 'NEAR_THRESHOLD', 'HIGH_VALUE_TRANSFER', 'REALTIME_SCENARIO_BEHAVIOR_FALLBACK', 'GATHER_SCATTER', 'NEO4J_UNAVAILABLE', 'REALTIME_SCENARIO_GRAPH_FALLBACK', 'CRITICAL_RISK', 'URGENT_REVIEW'], 'pair_repeat_count': 1, 'decision': 'BLOCK', 'engine_decision': 'BLOCK', 'priority': 'P1', 'status': 'BLOCKED', 'risk': 0.9584, 'final_score': 0.9584, 'behavior_score': 0.9212, 'behaviorScore': 0.9212, 'sequence_score': 0.9876, 'sequenceScore': 0.9876, 'graphScore': 0.9258, 'neo4j_graph_score': 0.9258, 'rule_score': 1.0, 'behavior_label': 'UNKNOWN', 'sequence_pattern': 'GATHER_SCATTER', 'community_risk': 'CRITICAL', 'network_role': 'UNKNOWN', 'reasons': ['Critical mule laundering pattern detected', 'Realtime scenario behavior fallback', 'GATHER_SCATTER', 'Connected to mule cluster'], 'alert_type': 'TRANSACTION_SUSPECT', 'requires_review': False, 'requires_block': True, 'requires_case': True, 'sla_minutes': 15, 'escalation_minutes': 20, 'queue': 'AML_CRITICAL_QUEUE', 'severity': 'CRITICAL'}",2026-09-27T03:35:25.013042,2026-09-27T03:35:25.014717+00:00,,,,,,RUN-20260927-033508-16E90F
CASE-042573A8,TXN-9EDE9642,TRANSACTION_SUSPECT,U-1087,c4b4fadc-3e5f-4115-94de-9ba57a896ea8,P1,OPEN,101,AML_CRITICAL_QUEUE,AUTO_ALERT,TRANSACTION_SUSPECT,"{'trans_id': 'c4b4fadc-3e5f-4115-94de-9ba57a896ea8', 'sender_id': 'U-1087', 'receiver_id': 'U-1090', 'amount': 124952.81, 'currency': 'INR', 'transaction_type': 'GATHER_SCATTER', 'channel': 'UPI', 'sender_bal_before': 129251.05, 'sender_bal_after': 4298.24, 'receiver_bal_after': 751635.87, 'timestamp': '2026-09-27T09:06:28.570155+05:30', 'location': 'Kolkata', 'is_sim_bound': False, 'is_sim_bound_at_tx': 0, 'device_id': 'D-30092', 'time_to_pay_ms': 200, 'scenario_type': 'P1_CRITICAL', 'scenario_variant': 'GATHER_SCATTER', 'scenario_risk_band': 'P1', 'txn_velocity_1h': 29, 'drain_ratio': 0.9667, 'forwarding_delay_mins': 4, 'balance_depletion_speed': 22382.7178, 'amount_deviation': 0.0959, 'avg_tx_amount_7d': 114020.75, 'distance_from_1L_threshold': 24952.81, 'distance_from_50k_threshold': 74952.81, 'empty_account_flag': 1, 'is_night_tx': 0, 'is_round_amount': 0, 'near_threshold_flag': 0, 'account_age_days': 24, 'device_shared_count': 17, 'ip_shared_count': 12, 'graph_score': 0.9857, 'fallback_behavior_score': 0.9861, 'fallback_sequence_score': 0.9644, 'fallback_graph_score': 0.9857, 'identity_trust_score': 23.38, 'device_trust_score': 24.46, 'sim_binding_ok': 0, 'sim_swap_flag': 1, 'vpn_flag': 1, 'hosting_flag': 0, 'city_mismatch_flag': 1, 'device_age_years': 1.22, 'network_risk_score': 0.7272, 'known_fraud_connections': 12, 'known_fraud_neighbors': 12, 'mule_cluster_size': 25, 'inbound_sources': 6, 'outbound_dest': 6, 'rapid_account_cluster_flag': 1, 'mule_cluster_flag': 1, 'tx_count_24h': 31, 'unique_receivers_7d': 10, 'days_since_last_tx': 0, 'high_value_txn': 1, 'rapid_movement': 1, 'rapid_outbound_after_inbound': 1, 'pass_through_ratio': 0.9874, 'structuring_pattern': 0, 'fragmentation_score': 0.0959, 'night_high_value_txn': 1, 'velocity_risk_score': 0.9723, 'signals': ['P1_CRITICAL', 'GATHER_SCATTER', 'RAPID_DRAIN', 'MULE_CLUSTER', 'SIM_NOT_BOUND', 'REALTIME_SCENARIO_BEHAVIOR_FALLBACK', 'HIGH_VALUE_TRANSFER', 'VERY_HIGH_VALUE_TRANSACTION', 'NEO4J_UNAVAILABLE', 'REALTIME_SCENARIO_GRAPH_FALLBACK', 'CRITICAL_RISK', 'URGENT_REVIEW'], 'pair_repeat_count': 1, 'decision': 'BLOCK', 'engine_decision': 'BLOCK', 'priority': 'P1', 'status': 'BLOCKED', 'risk': 0.9841, 'final_score': 0.9841, 'behavior_score': 0.9861, 'behaviorScore': 0.9861, 'sequence_score': 0.9644, 'sequenceScore': 0.9644, 'graphScore': 0.9857, 'neo4j_graph_score': 0.9857, 'rule_score': 1.0, 'behavior_label': 'UNKNOWN', 'sequence_pattern': 'GATHER_SCATTER', 'community_risk': 'CRITICAL', 'network_role': 'UNKNOWN', 'reasons': ['Critical mule laundering pattern detected', 'Realtime scenario behavior fallback', 'GATHER_SCATTER', 'Connected to mule cluster'], 'alert_type': 'TRANSACTION_SUSPECT', 'requires_review': False, 'requires_block': True, 'requires_case': True, 'sla_minutes': 15, 'escalation_minutes': 20, 'queue': 'AML_CRITICAL_QUEUE', 'severity': 'CRITICAL'}",2026-09-27T03:36:28.869165,2026-09-27T03:36:28.879312+00:00,,,,,,RUN-20260927-033508-16E90F
CASE-CA175C84,TXN-6031B5C7,TRANSACTION_SUSPECT,U-1082,dc616498-47bc-470b-a338-815b5bb58da3,P1,OPEN,105,AML_CRITICAL_QUEUE,AUTO_ALERT,TRANSACTION_SUSPECT,"{'trans_id': 'dc616498-47bc-470b-a338-815b5bb58da3', 'sender_id': 'U-1082', 'receiver_id': 'U-1098', 'amount': 306903.87, 'currency': 'INR', 'transaction_type': 'GATHER_SCATTER', 'channel': 'NEFT', 'sender_bal_before': 321949.96, 'sender_bal_after': 15046.09, 'receiver_bal_after': 668471.13, 'timestamp': '2026-09-27T09:07:26.526219+05:30', 'location': 'Mumbai', 'is_sim_bound': False, 'is_sim_bound_at_tx': 0, 'device_id': 'D-30071', 'time_to_pay_ms': 55, 'scenario_type': 'P1_CRITICAL', 'scenario_variant': 'GATHER_SCATTER', 'scenario_risk_band': 'P1', 'txn_velocity_1h': 37, 'drain_ratio': 0.9533, 'forwarding_delay_mins': 4, 'balance_depletion_speed': 84930.9907, 'amount_deviation': 0.0581, 'avg_tx_amount_7d': 290054.09, 'distance_from_1L_threshold': 206903.87, 'distance_from_50k_threshold': 256903.87, 'empty_account_flag': 1, 'is_night_tx': 0, 'is_round_amount': 0, 'near_threshold_flag': 0, 'account_age_days': 38, 'device_shared_count': 13, 'ip_shared_count': 15, 'graph_score': 0.9559, 'fallback_behavior_score': 0.9411, 'fallback_sequence_score': 0.9362, 'fallback_graph_score': 0.9559, 'identity_trust_score': 14.6, 'device_trust_score': 5.91, 'sim_binding_ok': 0, 'sim_swap_flag': 1, 'vpn_flag': 1, 'hosting_flag': 1, 'city_mismatch_flag': 1, 'device_age_years': 2.46, 'network_risk_score': 0.9161, 'known_fraud_connections': 8, 'known_fraud_neighbors': 8, 'mule_cluster_size': 26, 'inbound_sources': 8, 'outbound_dest': 10, 'rapid_account_cluster_flag': 1, 'mule_cluster_flag': 1, 'tx_count_24h': 26, 'unique_receivers_7d': 12, 'days_since_last_tx': 0, 'high_value_txn': 1, 'rapid_movement': 1, 'rapid_outbound_after_inbound': 1, 'pass_through_ratio': 0.9073, 'structuring_pattern': 0, 'fragmentation_score': 0.0581, 'night_high_value_txn': 1, 'velocity_risk_score': 0.9455, 'signals': ['P1_CRITICAL', 'GATHER_SCATTER', 'RAPID_DRAIN', 'MULE_CLUSTER', 'SIM_NOT_BOUND', 'REALTIME_SCENARIO_BEHAVIOR_FALLBACK', 'HIGH_VALUE_TRANSFER', 'VERY_HIGH_VALUE_TRANSACTION', 'NEO4J_UNAVAILABLE', 'REALTIME_SCENARIO_GRAPH_FALLBACK', 'CRITICAL_RISK', 'URGENT_REVIEW'], 'pair_repeat_count': 1, 'decision': 'BLOCK', 'engine_decision': 'BLOCK', 'priority': 'P1', 'status': 'BLOCKED', 'risk': 0.9576, 'final_score': 0.9576, 'behavior_score': 0.9411, 'behaviorScore': 0.9411, 'sequence_score': 0.9362, 'sequenceScore': 0.9362, 'graphScore': 0.9559, 'neo4j_graph_score': 0.9559, 'rule_score': 1.0, 'behavior_label': 'UNKNOWN', 'sequence_pattern': 'GATHER_SCATTER', 'community_risk': 'CRITICAL', 'network_role': 'UNKNOWN', 'reasons': ['Critical mule laundering pattern detected', 'Realtime scenario behavior fallback', 'GATHER_SCATTER', 'Connected to mule cluster'], 'alert_type': 'TRANSACTION_SUSPECT', 'requires_review': False, 'requires_block': True, 'requires_case': True, 'sla_minutes': 15, 'escalation_minutes': 20, 'queue': 'AML_CRITICAL_QUEUE', 'severity': 'CRITICAL'}",2026-09-27T03:37:26.619253,2026-09-27T03:37:26.625594+00:00,,,,,,RUN-20260927-033508-16E90F
CASE-DDCA69EF,TXN-A5101627,TRANSACTION_SUSPECT,U-1079,39add6f8-9fb0-4037-ad83-188240e9c3b1,P1,OPEN,101,AML_CRITICAL_QUEUE,AUTO_ALERT,TRANSACTION_SUSPECT,"{'trans_id': '39add6f8-9fb0-4037-ad83-188240e9c3b1', 'sender_id': 'U-1079', 'receiver_id': 'U-1088', 'amount': 99507.4, 'currency': 'INR', 'transaction_type': 'STRUCTURING', 'channel': 'IMPS', 'sender_bal_before': 104595.19, 'sender_bal_after': 5087.79, 'receiver_bal_after': 245442.63, 'timestamp': '2026-09-27T09:07:56.978106+05:30', 'location': 'Chennai', 'is_sim_bound': False, 'is_sim_bound_at_tx': 0, 'device_id': 'D-30059', 'time_to_pay_ms': 320, 'scenario_type': 'P1_CRITICAL', 'scenario_variant': 'STRUCTURING', 'scenario_risk_band': 'P1', 'txn_velocity_1h': 33, 'drain_ratio': 0.9514, 'forwarding_delay_mins': 4, 'balance_depletion_speed': 16528.6566, 'amount_deviation': 0.0315, 'avg_tx_amount_7d': 102742.58, 'distance_from_1L_threshold': 492.6, 'distance_from_50k_threshold': 49507.4, 'empty_account_flag': 1, 'is_night_tx': 1, 'is_round_amount': 0, 'near_threshold_flag': 1, 'account_age_days': 41, 'device_shared_count': 17, 'ip_shared_count': 6, 'graph_score': 0.9835, 'fallback_behavior_score': 0.9057, 'fallback_sequence_score': 0.9265, 'fallback_graph_score': 0.9835, 'identity_trust_score': 7.91, 'device_trust_score': 20.17, 'sim_binding_ok': 0, 'sim_swap_flag': 1, 'vpn_flag': 1, 'hosting_flag': 1, 'city_mismatch_flag': 1, 'device_age_years': 2.47, 'network_risk_score': 0.908, 'known_fraud_connections': 9, 'known_fraud_neighbors': 9, 'mule_cluster_size': 26, 'inbound_sources': 12, 'outbound_dest': 5, 'rapid_account_cluster_flag': 1, 'mule_cluster_flag': 1, 'tx_count_24h': 31, 'unique_receivers_7d': 10, 'days_since_last_tx': 0, 'high_value_txn': 1, 'rapid_movement': 1, 'rapid_outbound_after_inbound': 1, 'pass_through_ratio': 0.9765, 'structuring_pattern': 1, 'fragmentation_score': 0.9765, 'night_high_value_txn': 1, 'velocity_risk_score': 0.9335, 'signals': ['P1_CRITICAL', 'STRUCTURING', 'NEAR_THRESHOLD', 'HIGH_VALUE_TRANSFER', 'REALTIME_SCENARIO_BEHAVIOR_FALLBACK', 'GATHER_SCATTER', 'NEO4J_UNAVAILABLE', 'REALTIME_SCENARIO_GRAPH_FALLBACK', 'CRITICAL_RISK', 'URGENT_REVIEW'], 'pair_repeat_count': 1, 'decision': 'BLOCK', 'engine_decision': 'BLOCK', 'priority': 'P1', 'status': 'BLOCKED', 'risk': 0.95, 'final_score': 0.95, 'behavior_score': 0.9057, 'behaviorScore': 0.9057, 'sequence_score': 0.9265, 'sequenceScore': 0.9265, 'graphScore': 0.9835, 'neo4j_graph_score': 0.9835, 'rule_score': 1.0, 'behavior_label': 'UNKNOWN', 'sequence_pattern': 'GATHER_SCATTER', 'community_risk': 'CRITICAL', 'network_role': 'UNKNOWN', 'reasons': ['Critical mule laundering pattern detected', 'Realtime scenario behavior fallback', 'GATHER_SCATTER', 'Connected to mule cluster'], 'alert_type': 'TRANSACTION_SUSPECT', 'requires_review': False, 'requires_block': True, 'requires_case': True, 'sla_minutes': 15, 'escalation_minutes': 20, 'queue': 'AML_CRITICAL_QUEUE', 'severity': 'CRITICAL'}",2026-09-27T03:37:57.059609,2026-09-27T03:37:57.062710+00:00,,,,,,RUN-20260927-033508-16E90F
CASE-3BEF2DF0,TXN-F06C6A80,TRANSACTION_SUSPECT,U-1087,40123385-9028-433b-8e82-dcd00957c528,P1,OPEN,103,AML_CRITICAL_QUEUE,AUTO_ALERT,TRANSACTION_SUSPECT,"{'trans_id': '40123385-9028-433b-8e82-dcd00957c528', 'sender_id': 'U-1087', 'receiver_id': 'U-1088', 'amount': 155135.52, 'currency': 'INR', 'transaction_type': 'GATHER_SCATTER', 'channel': 'NEFT', 'sender_bal_before': 167628.27, 'sender_bal_after': 12492.75, 'receiver_bal_after': 600788.31, 'timestamp': '2026-09-27T09:08:24.983490+05:30', 'location': 'Pune', 'is_sim_bound': False, 'is_sim_bound_at_tx': 0, 'device_id': 'D-30067', 'time_to_pay_ms': 162, 'scenario_type': 'P1_CRITICAL', 'scenario_variant': 'GATHER_SCATTER', 'scenario_risk_band': 'P1', 'txn_velocity_1h': 43, 'drain_ratio': 0.9255, 'forwarding_delay_mins': 1, 'balance_depletion_speed': 16315.2725, 'amount_deviation': 0.0771, 'avg_tx_amount_7d': 168094.98, 'distance_from_1L_threshold': 55135.52, 'distance_from_50k_threshold': 105135.52, 'empty_account_flag': 0, 'is_night_tx': 0, 'is_round_amount': 0, 'near_threshold_flag': 0, 'account_age_days': 2, 'device_shared_count': 11, 'ip_shared_count': 12, 'graph_score': 0.9325, 'fallback_behavior_score': 0.9037, 'fallback_sequence_score': 0.9478, 'fallback_graph_score': 0.9325, 'identity_trust_score': 5.5, 'device_trust_score': 8.04, 'sim_binding_ok': 0, 'sim_swap_flag': 1, 'vpn_flag': 1, 'hosting_flag': 0, 'city_mismatch_flag': 1, 'device_age_years': 2.45, 'network_risk_score': 0.7961, 'known_fraud_connections': 5, 'known_fraud_neighbors': 5, 'mule_cluster_size': 24, 'inbound_sources': 15, 'outbound_dest': 5, 'rapid_account_cluster_flag': 1, 'mule_cluster_flag': 1, 'tx_count_24h': 43, 'unique_receivers_7d': 6, 'days_since_last_tx': 0, 'high_value_txn': 1, 'rapid_movement': 1, 'rapid_outbound_after_inbound': 1, 'pass_through_ratio': 0.9463, 'structuring_pattern': 0, 'fragmentation_score': 0.0771, 'night_high_value_txn': 1, 'velocity_risk_score': 0.9594, 'signals': ['P1_CRITICAL', 'GATHER_SCATTER', 'RAPID_DRAIN', 'MULE_CLUSTER', 'SIM_NOT_BOUND', 'REALTIME_SCENARIO_BEHAVIOR_FALLBACK', 'HIGH_VALUE_TRANSFER', 'VERY_HIGH_VALUE_TRANSACTION', 'NEO4J_UNAVAILABLE', 'REALTIME_SCENARIO_GRAPH_FALLBACK', 'CRITICAL_RISK', 'URGENT_REVIEW'], 'pair_repeat_count': 1, 'decision': 'BLOCK', 'engine_decision': 'BLOCK', 'priority': 'P1', 'status': 'BLOCKED', 'risk': 0.9446, 'final_score': 0.9446, 'behavior_score': 0.9037, 'behaviorScore': 0.9037, 'sequence_score': 0.9478, 'sequenceScore': 0.9478, 'graphScore': 0.9325, 'neo4j_graph_score': 0.9325, 'rule_score': 1.0, 'behavior_label': 'UNKNOWN', 'sequence_pattern': 'GATHER_SCATTER', 'community_risk': 'CRITICAL', 'network_role': 'UNKNOWN', 'reasons': ['Critical mule laundering pattern detected', 'Realtime scenario behavior fallback', 'GATHER_SCATTER', 'Connected to mule cluster'], 'alert_type': 'TRANSACTION_SUSPECT', 'requires_review': False, 'requires_block': True, 'requires_case': True, 'sla_minutes': 15, 'escalation_minutes': 20, 'queue': 'AML_CRITICAL_QUEUE', 'severity': 'CRITICAL'}",2026-09-27T03:38:25.081091,2026-09-27T03:38:25.086622+00:00,,,,,,RUN-20260927-033508-16E90F
CASE-E5239F39,TXN-43840ABB,TRANSACTION_SUSPECT,U-1081,8d464edd-07c0-42db-ab1e-128c86549144,P1,OPEN,105,AML_CRITICAL_QUEUE,AUTO_ALERT,TRANSACTION_SUSPECT,"{'trans_id': '8d464edd-07c0-42db-ab1e-128c86549144', 'sender_id': 'U-1081', 'receiver_id': 'U-1088', 'amount': 121868.47, 'currency': 'INR', 'transaction_type': 'LAYERING_STEP', 'channel': 'IMPS', 'sender_bal_before': 128411.18, 'sender_bal_after': 6542.71, 'receiver_bal_after': 86247.25, 'timestamp': '2026-09-27T09:10:34.328121+05:30', 'location': 'Bengaluru', 'is_sim_bound': False, 'is_sim_bound_at_tx': 0, 'device_id': 'D-30077', 'time_to_pay_ms': 25, 'scenario_type': 'P1_CRITICAL', 'scenario_variant': 'LAYERING', 'scenario_risk_band': 'P1', 'txn_velocity_1h': 26, 'drain_ratio': 0.949, 'forwarding_delay_mins': 5, 'balance_depletion_speed': 10378.3567, 'amount_deviation': 0.0253, 'avg_tx_amount_7d': 118866.45, 'distance_from_1L_threshold': 21868.47, 'distance_from_50k_threshold': 71868.47, 'empty_account_flag': 0, 'is_night_tx': 1, 'is_round_amount': 0, 'near_threshold_flag': 0, 'account_age_days': 21, 'device_shared_count': 19, 'ip_shared_count': 11, 'graph_score': 0.9616, 'fallback_behavior_score': 0.9397, 'fallback_sequence_score': 0.9464, 'fallback_graph_score': 0.9616, 'identity_trust_score': 25.25, 'device_trust_score': 17.34, 'sim_binding_ok': 0, 'sim_swap_flag': 1, 'vpn_flag': 1, 'hosting_flag': 1, 'city_mismatch_flag': 1, 'device_age_years': 0.83, 'network_risk_score': 0.7747, 'known_fraud_connections': 14, 'known_fraud_neighbors': 14, 'mule_cluster_size': 13, 'inbound_sources': 12, 'outbound_dest': 11, 'rapid_account_cluster_flag': 1, 'mule_cluster_flag': 1, 'tx_count_24h': 39, 'unique_receivers_7d': 9, 'days_since_last_tx': 0, 'high_value_txn': 1, 'rapid_movement': 1, 'rapid_outbound_after_inbound': 1, 'pass_through_ratio': 0.9674, 'structuring_pattern': 0, 'fragmentation_score': 0.0253, 'night_high_value_txn': 1, 'velocity_risk_score': 0.9594, 'signals': ['P1_CRITICAL', 'LAYERING', 'LAYERING_CHAIN', 'MULE_CLUSTER', 'SHORT_FORWARDING_DELAY', 'SIM_NOT_BOUND', 'REALTIME_SCENARIO_BEHAVIOR_FALLBACK', 'GATHER_SCATTER', 'HIGH_VALUE_TRANSFER', 'VERY_HIGH_VALUE_TRANSACTION', 'NEO4J_UNAVAILABLE', 'REALTIME_SCENARIO_GRAPH_FALLBACK', 'CRITICAL_RISK', 'URGENT_REVIEW'], 'pair_repeat_count': 1, 'decision': 'BLOCK', 'engine_decision': 'BLOCK', 'priority': 'P1', 'status': 'BLOCKED', 'risk': 0.9608, 'final_score': 0.9608, 'behavior_score': 0.9397, 'behaviorScore': 0.9397, 'sequence_score': 0.9464, 'sequenceScore': 0.9464, 'graphScore': 0.9616, 'neo4j_graph_score': 0.9616, 'rule_score': 1.0, 'behavior_label': 'UNKNOWN', 'sequence_pattern': 'GATHER_SCATTER', 'community_risk': 'CRITICAL', 'network_role': 'UNKNOWN', 'reasons': ['Critical mule laundering pattern detected', 'Realtime scenario behavior fallback', 'GATHER_SCATTER', 'Connected to mule cluster'], 'alert_type': 'TRANSACTION_SUSPECT', 'requires_review': False, 'requires_block': True, 'requires_case': True, 'sla_minutes': 15, 'escalation_minutes': 20, 'queue': 'AML_CRITICAL_QUEUE', 'severity': 'CRITICAL'}",2026-09-27T03:40:34.415336,2026-09-27T03:40:34.431537+00:00,,,,,,RUN-20260927-033508-16E90F
CASE-4BE2D441,TXN-BFD397F8,TRANSACTION_SUSPECT,U-1083,7dd5ec2c-ddde-4b59-a6e8-faa056420aef,P1,OPEN,101,AML_CRITICAL_QUEUE,AUTO_ALERT,TRANSACTION_SUSPECT,"{'trans_id': '7dd5ec2c-ddde-4b59-a6e8-faa056420aef', 'sender_id': 'U-1083', 'receiver_id': 'U-1090', 'amount': 98906.55, 'currency': 'INR', 'transaction_type': 'STRUCTURING', 'channel': 'NEFT', 'sender_bal_before': 108571.69, 'sender_bal_after': 9665.14, 'receiver_bal_after': 42981.66, 'timestamp': '2026-09-27T09:11:51.292200+05:30', 'location': 'Pune', 'is_sim_bound': False, 'is_sim_bound_at_tx': 0, 'device_id': 'D-30066', 'time_to_pay_ms': 23, 'scenario_type': 'P1_CRITICAL', 'scenario_variant': 'STRUCTURING', 'scenario_risk_band': 'P1', 'txn_velocity_1h': 43, 'drain_ratio': 0.911, 'forwarding_delay_mins': 0, 'balance_depletion_speed': 9805.8321, 'amount_deviation': 0.0134, 'avg_tx_amount_7d': 97594.66, 'distance_from_1L_threshold': 1093.45, 'distance_from_50k_threshold': 48906.55, 'empty_account_flag': 0, 'is_night_tx': 1, 'is_round_amount': 0, 'near_threshold_flag': 1, 'account_age_days': 55, 'device_shared_count': 18, 'ip_shared_count': 7, 'graph_score': 0.928, 'fallback_behavior_score': 0.9006, 'fallback_sequence_score': 0.9146, 'fallback_graph_score': 0.928, 'identity_trust_score': 5.8, 'device_trust_score': 24.2, 'sim_binding_ok': 0, 'sim_swap_flag': 1, 'vpn_flag': 1, 'hosting_flag': 0, 'city_mismatch_flag': 1, 'device_age_years': 0.36, 'network_risk_score': 0.8794, 'known_fraud_connections': 9, 'known_fraud_neighbors': 9, 'mule_cluster_size': 13, 'inbound_sources': 6, 'outbound_dest': 8, 'rapid_account_cluster_flag': 1, 'mule_cluster_flag': 1, 'tx_count_24h': 35, 'unique_receivers_7d': 8, 'days_since_last_tx': 0, 'high_value_txn': 1, 'rapid_movement': 1, 'rapid_outbound_after_inbound': 1, 'pass_through_ratio': 0.9141, 'structuring_pattern': 1, 'fragmentation_score': 0.9141, 'night_high_value_txn': 1, 'velocity_risk_score': 0.9265, 'signals': ['P1_CRITICAL', 'STRUCTURING', 'NEAR_THRESHOLD', 'HIGH_VALUE_TRANSFER', 'REALTIME_SCENARIO_BEHAVIOR_FALLBACK', 'GATHER_SCATTER', 'NEO4J_UNAVAILABLE', 'REALTIME_SCENARIO_GRAPH_FALLBACK', 'CRITICAL_RISK', 'URGENT_REVIEW'], 'pair_repeat_count': 1, 'decision': 'BLOCK', 'engine_decision': 'BLOCK', 'priority': 'P1', 'status': 'BLOCKED', 'risk': 0.9344, 'final_score': 0.9344, 'behavior_score': 0.9006, 'behaviorScore': 0.9006, 'sequence_score': 0.9146, 'sequenceScore': 0.9146, 'graphScore': 0.928, 'neo4j_graph_score': 0.928, 'rule_score': 1.0, 'behavior_label': 'UNKNOWN', 'sequence_pattern': 'GATHER_SCATTER', 'community_risk': 'CRITICAL', 'network_role': 'UNKNOWN', 'reasons': ['Critical mule laundering pattern detected', 'Realtime scenario behavior fallback', 'GATHER_SCATTER', 'Connected to mule cluster'], 'alert_type': 'TRANSACTION_SUSPECT', 'requires_review': False, 'requires_block': True, 'requires_case': True, 'sla_minutes': 15, 'escalation_minutes': 20, 'queue': 'AML_CRITICAL_QUEUE', 'severity': 'CRITICAL'}",2026-09-27T03:41:51.395576,2026-09-27T03:41:51.395576+00:00,,,,,,RUN-20260927-033508-16E90F
CASE-1DE22159,TXN-A27729D9,TRANSACTION_SUSPECT,U-1083,8139e09e-418d-4e8a-95de-d01cd1efd0b5,P1,OPEN,102,AML_CRITICAL_QUEUE,AUTO_ALERT,TRANSACTION_SUSPECT,"{'trans_id': '8139e09e-418d-4e8a-95de-d01cd1efd0b5', 'sender_id': 'U-1083', 'receiver_id': 'U-1092', 'amount': 332874.53, 'currency': 'INR', 'transaction_type': 'LAYERING_STEP', 'channel': 'UPI', 'sender_bal_before': 367740.51, 'sender_bal_after': 34865.98, 'receiver_bal_after': 115627.58, 'timestamp': '2026-09-27T09:11:53.911294+05:30', 'location': 'Mumbai', 'is_sim_bound': False, 'is_sim_bound_at_tx': 0, 'device_id': 'D-30090', 'time_to_pay_ms': 136, 'scenario_type': 'P1_CRITICAL', 'scenario_variant': 'LAYERING', 'scenario_risk_band': 'P1', 'txn_velocity_1h': 20, 'drain_ratio': 0.9052, 'forwarding_delay_mins': 5, 'balance_depletion_speed': 81199.7472, 'amount_deviation': 0.1277, 'avg_tx_amount_7d': 295180.86, 'distance_from_1L_threshold': 232874.53, 'distance_from_50k_threshold': 282874.53, 'empty_account_flag': 0, 'is_night_tx': 1, 'is_round_amount': 0, 'near_threshold_flag': 0, 'account_age_days': 58, 'device_shared_count': 19, 'ip_shared_count': 7, 'graph_score': 0.9558, 'fallback_behavior_score': 0.9238, 'fallback_sequence_score': 0.925, 'fallback_graph_score': 0.9558, 'identity_trust_score': 29.97, 'device_trust_score': 7.95, 'sim_binding_ok': 0, 'sim_swap_flag': 1, 'vpn_flag': 1, 'hosting_flag': 1, 'city_mismatch_flag': 1, 'device_age_years': 2.19, 'network_risk_score': 0.8675, 'known_fraud_connections': 14, 'known_fraud_neighbors': 14, 'mule_cluster_size': 30, 'inbound_sources': 12, 'outbound_dest': 8, 'rapid_account_cluster_flag': 1, 'mule_cluster_flag': 1, 'tx_count_24h': 42, 'unique_receivers_7d': 9, 'days_since_last_tx': 0, 'high_value_txn': 1, 'rapid_movement': 1, 'rapid_outbound_after_inbound': 1, 'pass_through_ratio': 0.9596, 'structuring_pattern': 0, 'fragmentation_score': 0.1277, 'night_high_value_txn': 1, 'velocity_risk_score': 0.9284, 'signals': ['P1_CRITICAL', 'LAYERING', 'LAYERING_CHAIN', 'MULE_CLUSTER', 'SHORT_FORWARDING_DELAY', 'SIM_NOT_BOUND', 'REALTIME_SCENARIO_BEHAVIOR_FALLBACK', 'GATHER_SCATTER', 'HIGH_VALUE_TRANSFER', 'VERY_HIGH_VALUE_TRANSACTION', 'NEO4J_UNAVAILABLE', 'REALTIME_SCENARIO_GRAPH_FALLBACK', 'CRITICAL_RISK', 'URGENT_REVIEW'], 'pair_repeat_count': 1, 'decision': 'BLOCK', 'engine_decision': 'BLOCK', 'priority': 'P1', 'status': 'BLOCKED', 'risk': 0.9496, 'final_score': 0.9496, 'behavior_score': 0.9238, 'behaviorScore': 0.9238, 'sequence_score': 0.925, 'sequenceScore': 0.925, 'graphScore': 0.9558, 'neo4j_graph_score': 0.9558, 'rule_score': 1.0, 'behavior_label': 'UNKNOWN', 'sequence_pattern': 'GATHER_SCATTER', 'community_risk': 'CRITICAL', 'network_role': 'UNKNOWN', 'reasons': ['Critical mule laundering pattern detected', 'Realtime scenario behavior fallback', 'GATHER_SCATTER', 'Connected to mule cluster'], 'alert_type': 'TRANSACTION_SUSPECT', 'requires_review': False, 'requires_block': True, 'requires_case': True, 'sla_minutes': 15, 'escalation_minutes': 20, 'queue': 'AML_CRITICAL_QUEUE', 'severity': 'CRITICAL'}",2026-09-27T03:41:54.025766,2026-09-27T03:41:54.029327+00:00,,,,,,RUN-20260927-033508-16E90F
CASE-F49F7436,TXN-FFD05603,TRANSACTION_SUSPECT,U-1078,b42bbe6c-c270-4a35-8191-3ab3fe0a8d5c,P1,OPEN,103,AML_CRITICAL_QUEUE,AUTO_ALERT,TRANSACTION_SUSPECT,"{'trans_id': 'b42bbe6c-c270-4a35-8191-3ab3fe0a8d5c', 'sender_id': 'U-1078', 'receiver_id': 'M-2049', 'amount': 49745.5, 'currency': 'INR', 'transaction_type': 'STRUCTURING', 'channel': 'IMPS', 'sender_bal_before': 51513.53, 'sender_bal_after': 1768.03, 'receiver_bal_after': 549535.27, 'timestamp': '2026-09-27T09:12:27.022298+05:30', 'location': 'Pune', 'is_sim_bound': False, 'is_sim_bound_at_tx': 0, 'device_id': 'D-30048', 'time_to_pay_ms': 401, 'scenario_type': 'P1_CRITICAL', 'scenario_variant': 'STRUCTURING', 'scenario_risk_band': 'P1', 'txn_velocity_1h': 26, 'drain_ratio': 0.9657, 'forwarding_delay_mins': 4, 'balance_depletion_speed': 4261.5217, 'amount_deviation': 0.0496, 'avg_tx_amount_7d': 47396.54, 'distance_from_1L_threshold': 50254.5, 'distance_from_50k_threshold': 254.5, 'empty_account_flag': 1, 'is_night_tx': 0, 'is_round_amount': 0, 'near_threshold_flag': 1, 'account_age_days': 38, 'device_shared_count': 19, 'ip_shared_count': 12, 'graph_score': 0.9358, 'fallback_behavior_score': 0.9499, 'fallback_sequence_score': 0.9006, 'fallback_graph_score': 0.9358, 'identity_trust_score': 29.24, 'device_trust_score': 12.38, 'sim_binding_ok': 0, 'sim_swap_flag': 1, 'vpn_flag': 1, 'hosting_flag': 0, 'city_mismatch_flag': 1, 'device_age_years': 2.49, 'network_risk_score': 0.8845, 'known_fraud_connections': 13, 'known_fraud_neighbors': 13, 'mule_cluster_size': 18, 'inbound_sources': 9, 'outbound_dest': 7, 'rapid_account_cluster_flag': 1, 'mule_cluster_flag': 1, 'tx_count_24h': 25, 'unique_receivers_7d': 6, 'days_since_last_tx': 0, 'high_value_txn': 1, 'rapid_movement': 1, 'rapid_outbound_after_inbound': 1, 'pass_through_ratio': 0.9324, 'structuring_pattern': 1, 'fragmentation_score': 0.9324, 'night_high_value_txn': 1, 'velocity_risk_score': 0.9156, 'signals': ['P1_CRITICAL', 'STRUCTURING', 'NEAR_THRESHOLD', 'HIGH_VALUE_TRANSFER', 'REALTIME_SCENARIO_BEHAVIOR_FALLBACK', 'GATHER_SCATTER', 'NEO4J_UNAVAILABLE', 'REALTIME_SCENARIO_GRAPH_FALLBACK', 'CRITICAL_RISK', 'URGENT_REVIEW'], 'pair_repeat_count': 1, 'decision': 'BLOCK', 'engine_decision': 'BLOCK', 'priority': 'P1', 'status': 'BLOCKED', 'risk': 0.9473, 'final_score': 0.9473, 'behavior_score': 0.9499, 'behaviorScore': 0.9499, 'sequence_score': 0.9006, 'sequenceScore': 0.9006, 'graphScore': 0.9358, 'neo4j_graph_score': 0.9358, 'rule_score': 1.0, 'behavior_label': 'UNKNOWN', 'sequence_pattern': 'GATHER_SCATTER', 'community_risk': 'CRITICAL', 'network_role': 'UNKNOWN', 'reasons': ['Critical mule laundering pattern detected', 'Realtime scenario behavior fallback', 'GATHER_SCATTER', 'Connected to mule cluster'], 'alert_type': 'TRANSACTION_SUSPECT', 'requires_review': False, 'requires_block': True, 'requires_case': True, 'sla_minutes': 15, 'escalation_minutes': 20, 'queue': 'AML_CRITICAL_QUEUE', 'severity': 'CRITICAL'}",2026-09-27T03:42:27.298976,2026-09-27T03:42:27.309013+00:00,,,,,,RUN-20260927-033508-16E90F
CASE-BE995B2F,TXN-77229637,TRANSACTION_SUSPECT,U-1081,c923e71d-06c8-468e-886e-f07551b4eb91,P1,OPEN,101,AML_CRITICAL_QUEUE,AUTO_ALERT,TRANSACTION_SUSPECT,"{'trans_id': 'c923e71d-06c8-468e-886e-f07551b4eb91', 'sender_id': 'U-1081', 'receiver_id': 'U-1094', 'amount': 111089.8, 'currency': 'INR', 'transaction_type': 'GATHER_SCATTER', 'channel': 'NEFT', 'sender_bal_before': 119137.35, 'sender_bal_after': 8047.55, 'receiver_bal_after': 253203.2, 'timestamp': '2026-09-27T09:13:05.776321+05:30', 'location': 'Pune', 'is_sim_bound': False, 'is_sim_bound_at_tx': 0, 'device_id': 'D-30076', 'time_to_pay_ms': 50, 'scenario_type': 'P1_CRITICAL', 'scenario_variant': 'GATHER_SCATTER', 'scenario_risk_band': 'P1', 'txn_velocity_1h': 24, 'drain_ratio': 0.9325, 'forwarding_delay_mins': 1, 'balance_depletion_speed': 18380.9036, 'amount_deviation': 0.0684, 'avg_tx_amount_7d': 119244.17, 'distance_from_1L_threshold': 11089.8, 'distance_from_50k_threshold': 61089.8, 'empty_account_flag': 0, 'is_night_tx': 1, 'is_round_amount': 0, 'near_threshold_flag': 0, 'account_age_days': 55, 'device_shared_count': 13, 'ip_shared_count': 6, 'graph_score': 0.9866, 'fallback_behavior_score': 0.9891, 'fallback_sequence_score': 0.9779, 'fallback_graph_score': 0.9866, 'identity_trust_score': 27.88, 'device_trust_score': 8.21, 'sim_binding_ok': 0, 'sim_swap_flag': 1, 'vpn_flag': 1, 'hosting_flag': 1, 'city_mismatch_flag': 1, 'device_age_years': 1.93, 'network_risk_score': 0.8571, 'known_fraud_connections': 9, 'known_fraud_neighbors': 9, 'mule_cluster_size': 16, 'inbound_sources': 10, 'outbound_dest': 10, 'rapid_account_cluster_flag': 1, 'mule_cluster_flag': 1, 'tx_count_24h': 25, 'unique_receivers_7d': 5, 'days_since_last_tx': 0, 'high_value_txn': 1, 'rapid_movement': 1, 'rapid_outbound_after_inbound': 1, 'pass_through_ratio': 0.9454, 'structuring_pattern': 0, 'fragmentation_score': 0.0684, 'night_high_value_txn': 1, 'velocity_risk_score': 0.9742, 'signals': ['P1_CRITICAL', 'GATHER_SCATTER', 'RAPID_DRAIN', 'MULE_CLUSTER', 'SIM_NOT_BOUND', 'REALTIME_SCENARIO_BEHAVIOR_FALLBACK', 'HIGH_VALUE_TRANSFER', 'VERY_HIGH_VALUE_TRANSACTION', 'NEO4J_UNAVAILABLE', 'REALTIME_SCENARIO_GRAPH_FALLBACK', 'CRITICAL_RISK', 'URGENT_REVIEW'], 'pair_repeat_count': 1, 'decision': 'BLOCK', 'engine_decision': 'BLOCK', 'priority': 'P1', 'status': 'BLOCKED', 'risk': 0.9885, 'final_score': 0.9885, 'behavior_score': 0.9891, 'behaviorScore': 0.9891, 'sequence_score': 0.9779, 'sequenceScore': 0.9779, 'graphScore': 0.9866, 'neo4j_graph_score': 0.9866, 'rule_score': 1.0, 'behavior_label': 'UNKNOWN', 'sequence_pattern': 'GATHER_SCATTER', 'community_risk': 'CRITICAL', 'network_role': 'UNKNOWN', 'reasons': ['Critical mule laundering pattern detected', 'Realtime scenario behavior fallback', 'GATHER_SCATTER', 'Connected to mule cluster'], 'alert_type': 'TRANSACTION_SUSPECT', 'requires_review': False, 'requires_block': True, 'requires_case': True, 'sla_minutes': 15, 'escalation_minutes': 20, 'queue': 'AML_CRITICAL_QUEUE', 'severity': 'CRITICAL'}",2026-09-27T03:43:05.882202,2026-09-27T03:43:05.888653+00:00,,,,,,RUN-20260927-033508-16E90F
CASE-7C476ED0,TXN-148A62B7,TRANSACTION_SUSPECT,U-1087,c114de74-6ad1-445f-b704-7394c2b06a53,P1,OPEN,104,AML_CRITICAL_QUEUE,AUTO_ALERT,TRANSACTION_SUSPECT,"{'trans_id': 'c114de74-6ad1-445f-b704-7394c2b06a53', 'sender_id': 'U-1087', 'receiver_id': 'U-1093', 'amount': 115604.81, 'currency': 'INR', 'transaction_type': 'GATHER_SCATTER', 'channel': 'IMPS', 'sender_bal_before': 127478.21, 'sender_bal_after': 11873.4, 'receiver_bal_after': 36731.68, 'timestamp': '2026-09-27T09:14:06.598953+05:30', 'location': 'Pune', 'is_sim_bound': False, 'is_sim_bound_at_tx': 0, 'device_id': 'D-30086', 'time_to_pay_ms': 45, 'scenario_type': 'P1_CRITICAL', 'scenario_variant': 'GATHER_SCATTER', 'scenario_risk_band': 'P1', 'txn_velocity_1h': 45, 'drain_ratio': 0.9069, 'forwarding_delay_mins': 4, 'balance_depletion_speed': 14926.5131, 'amount_deviation': 0.1218, 'avg_tx_amount_7d': 103050.2, 'distance_from_1L_threshold': 15604.81, 'distance_from_50k_threshold': 65604.81, 'empty_account_flag': 0, 'is_night_tx': 0, 'is_round_amount': 0, 'near_threshold_flag': 0, 'account_age_days': 16, 'device_shared_count': 19, 'ip_shared_count': 10, 'graph_score': 0.9415, 'fallback_behavior_score': 0.973, 'fallback_sequence_score': 0.9476, 'fallback_graph_score': 0.9415, 'identity_trust_score': 5.12, 'device_trust_score': 7.45, 'sim_binding_ok': 0, 'sim_swap_flag': 1, 'vpn_flag': 1, 'hosting_flag': 0, 'city_mismatch_flag': 1, 'device_age_years': 1.31, 'network_risk_score': 0.881, 'known_fraud_connections': 12, 'known_fraud_neighbors': 12, 'mule_cluster_size': 28, 'inbound_sources': 12, 'outbound_dest': 9, 'rapid_account_cluster_flag': 1, 'mule_cluster_flag': 1, 'tx_count_24h': 34, 'unique_receivers_7d': 9, 'days_since_last_tx': 0, 'high_value_txn': 1, 'rapid_movement': 1, 'rapid_outbound_after_inbound': 1, 'pass_through_ratio': 0.9734, 'structuring_pattern': 0, 'fragmentation_score': 0.1218, 'night_high_value_txn': 1, 'velocity_risk_score': 0.9267, 'signals': ['P1_CRITICAL', 'GATHER_SCATTER', 'RAPID_DRAIN', 'MULE_CLUSTER', 'SIM_NOT_BOUND', 'REALTIME_SCENARIO_BEHAVIOR_FALLBACK', 'HIGH_VALUE_TRANSFER', 'VERY_HIGH_VALUE_TRANSACTION', 'NEO4J_UNAVAILABLE', 'REALTIME_SCENARIO_GRAPH_FALLBACK', 'CRITICAL_RISK', 'URGENT_REVIEW'], 'pair_repeat_count': 1, 'decision': 'BLOCK', 'engine_decision': 'BLOCK', 'priority': 'P1', 'status': 'BLOCKED', 'risk': 0.9671, 'final_score': 0.9671, 'behavior_score': 0.973, 'behaviorScore': 0.973, 'sequence_score': 0.9476, 'sequenceScore': 0.9476, 'graphScore': 0.9415, 'neo4j_graph_score': 0.9415, 'rule_score': 1.0, 'behavior_label': 'UNKNOWN', 'sequence_pattern': 'GATHER_SCATTER', 'community_risk': 'CRITICAL', 'network_role': 'UNKNOWN', 'reasons': ['Critical mule laundering pattern detected', 'Realtime scenario behavior fallback', 'GATHER_SCATTER', 'Connected to mule cluster'], 'alert_type': 'TRANSACTION_SUSPECT', 'requires_review': False, 'requires_block': True, 'requires_case': True, 'sla_minutes': 15, 'escalation_minutes': 20, 'queue': 'AML_CRITICAL_QUEUE', 'severity': 'CRITICAL'}",2026-09-27T03:44:06.772966,2026-09-27T03:44:06.772966+00:00,,,,,,RUN-20260927-034318-12BEC2
CASE-37723CD2,TXN-D6F1BB91,TRANSACTION_SUSPECT,U-1084,2c650015-bd33-4ddd-b35a-ba84c4fb6e8c,P1,OPEN,103,AML_CRITICAL_QUEUE,AUTO_ALERT,TRANSACTION_SUSPECT,"{'trans_id': '2c650015-bd33-4ddd-b35a-ba84c4fb6e8c', 'sender_id': 'U-1084', 'receiver_id': 'U-1098', 'amount': 49791.35, 'currency': 'INR', 'transaction_type': 'STRUCTURING', 'channel': 'UPI', 'sender_bal_before': 55339.32, 'sender_bal_after': 5547.97, 'receiver_bal_after': 464266.14, 'timestamp': '2026-09-27T09:15:03.387206+05:30', 'location': 'Hyderabad', 'is_sim_bound': False, 'is_sim_bound_at_tx': 0, 'device_id': 'D-30056', 'time_to_pay_ms': 163, 'scenario_type': 'P1_CRITICAL', 'scenario_variant': 'STRUCTURING', 'scenario_risk_band': 'P1', 'txn_velocity_1h': 39, 'drain_ratio': 0.8997, 'forwarding_delay_mins': 3, 'balance_depletion_speed': 16296.9396, 'amount_deviation': 0.0447, 'avg_tx_amount_7d': 47661.79, 'distance_from_1L_threshold': 50208.65, 'distance_from_50k_threshold': 208.65, 'empty_account_flag': 0, 'is_night_tx': 1, 'is_round_amount': 0, 'near_threshold_flag': 1, 'account_age_days': 5, 'device_shared_count': 12, 'ip_shared_count': 7, 'graph_score': 0.9402, 'fallback_behavior_score': 0.9237, 'fallback_sequence_score': 0.9375, 'fallback_graph_score': 0.9402, 'identity_trust_score': 19.19, 'device_trust_score': 12.35, 'sim_binding_ok': 0, 'sim_swap_flag': 1, 'vpn_flag': 1, 'hosting_flag': 1, 'city_mismatch_flag': 1, 'device_age_years': 1.23, 'network_risk_score': 0.9193, 'known_fraud_connections': 11, 'known_fraud_neighbors': 11, 'mule_cluster_size': 19, 'inbound_sources': 10, 'outbound_dest': 8, 'rapid_account_cluster_flag': 1, 'mule_cluster_flag': 1, 'tx_count_24h': 36, 'unique_receivers_7d': 8, 'days_since_last_tx': 0, 'high_value_txn': 1, 'rapid_movement': 1, 'rapid_outbound_after_inbound': 1, 'pass_through_ratio': 0.9842, 'structuring_pattern': 1, 'fragmentation_score': 0.9842, 'night_high_value_txn': 1, 'velocity_risk_score': 0.9604, 'signals': ['P1_CRITICAL', 'STRUCTURING', 'NEAR_THRESHOLD', 'HIGH_VALUE_TRANSFER', 'REALTIME_SCENARIO_BEHAVIOR_FALLBACK', 'GATHER_SCATTER', 'NEO4J_UNAVAILABLE', 'REALTIME_SCENARIO_GRAPH_FALLBACK', 'CRITICAL_RISK', 'URGENT_REVIEW'], 'pair_repeat_count': 1, 'decision': 'BLOCK', 'engine_decision': 'BLOCK', 'priority': 'P1', 'status': 'BLOCKED', 'risk': 0.9495, 'final_score': 0.9495, 'behavior_score': 0.9237, 'behaviorScore': 0.9237, 'sequence_score': 0.9375, 'sequenceScore': 0.9375, 'graphScore': 0.9402, 'neo4j_graph_score': 0.9402, 'rule_score': 1.0, 'behavior_label': 'UNKNOWN', 'sequence_pattern': 'GATHER_SCATTER', 'community_risk': 'CRITICAL', 'network_role': 'UNKNOWN', 'reasons': ['Critical mule laundering pattern detected', 'Realtime scenario behavior fallback', 'GATHER_SCATTER', 'Connected to mule cluster'], 'alert_type': 'TRANSACTION_SUSPECT', 'requires_review': False, 'requires_block': True, 'requires_case': True, 'sla_minutes': 15, 'escalation_minutes': 20, 'queue': 'AML_CRITICAL_QUEUE', 'severity': 'CRITICAL'}",2026-09-27T03:45:03.473929,2026-09-27T03:45:03.473929+00:00,,,,,,RUN-20260927-034318-12BEC2
CASE-2F7C9544,TXN-77D49A42,TRANSACTION_SUSPECT,U-1079,0d62c560-c426-4a0e-8fd3-bd1c5c639547,P1,OPEN,105,AML_CRITICAL_QUEUE,AUTO_ALERT,TRANSACTION_SUSPECT,"{'trans_id': '0d62c560-c426-4a0e-8fd3-bd1c5c639547', 'sender_id': 'U-1079', 'receiver_id': 'U-1092', 'amount': 261667.37, 'currency': 'INR', 'transaction_type': 'LAYERING_STEP', 'channel': 'NEFT', 'sender_bal_before': 280044.11, 'sender_bal_after': 18376.74, 'receiver_bal_after': 217065.08, 'timestamp': '2026-09-27T09:16:18.282151+05:30', 'location': 'Kolkata', 'is_sim_bound': False, 'is_sim_bound_at_tx': 0, 'device_id': 'D-30072', 'time_to_pay_ms': 198, 'scenario_type': 'P1_CRITICAL', 'scenario_variant': 'LAYERING', 'scenario_risk_band': 'P1', 'txn_velocity_1h': 39, 'drain_ratio': 0.9344, 'forwarding_delay_mins': 1, 'balance_depletion_speed': 49882.7115, 'amount_deviation': 0.0395, 'avg_tx_amount_7d': 272422.51, 'distance_from_1L_threshold': 161667.37, 'distance_from_50k_threshold': 211667.37, 'empty_account_flag': 0, 'is_night_tx': 1, 'is_round_amount': 0, 'near_threshold_flag': 0, 'account_age_days': 46, 'device_shared_count': 10, 'ip_shared_count': 10, 'graph_score': 0.9126, 'fallback_behavior_score': 0.97, 'fallback_sequence_score': 0.9304, 'fallback_graph_score': 0.9126, 'identity_trust_score': 5.3, 'device_trust_score': 23.74, 'sim_binding_ok': 0, 'sim_swap_flag': 1, 'vpn_flag': 1, 'hosting_flag': 1, 'city_mismatch_flag': 1, 'device_age_years': 1.73, 'network_risk_score': 0.7748, 'known_fraud_connections': 12, 'known_fraud_neighbors': 12, 'mule_cluster_size': 20, 'inbound_sources': 9, 'outbound_dest': 9, 'rapid_account_cluster_flag': 1, 'mule_cluster_flag': 1, 'tx_count_24h': 30, 'unique_receivers_7d': 7, 'days_since_last_tx': 0, 'high_value_txn': 1, 'rapid_movement': 1, 'rapid_outbound_after_inbound': 1, 'pass_through_ratio': 0.961, 'structuring_pattern': 0, 'fragmentation_score': 0.0395, 'night_high_value_txn': 1, 'velocity_risk_score': 0.9553, 'signals': ['P1_CRITICAL', 'LAYERING', 'LAYERING_CHAIN', 'MULE_CLUSTER', 'SHORT_FORWARDING_DELAY', 'SIM_NOT_BOUND', 'REALTIME_SCENARIO_BEHAVIOR_FALLBACK', 'GATHER_SCATTER', 'HIGH_VALUE_TRANSFER', 'VERY_HIGH_VALUE_TRANSACTION', 'NEO4J_UNAVAILABLE', 'REALTIME_SCENARIO_GRAPH_FALLBACK', 'CRITICAL_RISK', 'URGENT_REVIEW'], 'pair_repeat_count': 1, 'decision': 'BLOCK', 'engine_decision': 'BLOCK', 'priority': 'P1', 'status': 'BLOCKED', 'risk': 0.9561, 'final_score': 0.9561, 'behavior_score': 0.97, 'behaviorScore': 0.97, 'sequence_score': 0.9304, 'sequenceScore': 0.9304, 'graphScore': 0.9126, 'neo4j_graph_score': 0.9126, 'rule_score': 1.0, 'behavior_label': 'UNKNOWN', 'sequence_pattern': 'GATHER_SCATTER', 'community_risk': 'CRITICAL', 'network_role': 'UNKNOWN', 'reasons': ['Critical mule laundering pattern detected', 'Realtime scenario behavior fallback', 'GATHER_SCATTER', 'Connected to mule cluster'], 'alert_type': 'TRANSACTION_SUSPECT', 'requires_review': False, 'requires_block': True, 'requires_case': True, 'sla_minutes': 15, 'escalation_minutes': 20, 'queue': 'AML_CRITICAL_QUEUE', 'severity': 'CRITICAL'}",2026-09-27T03:46:18.420120,2026-09-27T03:46:18.420120+00:00,,,,,,RUN-20260927-034544-CE4C7A
CASE-A11F008E,TXN-779CE385,TRANSACTION_SUSPECT,U-1085,c4ab2f02-b26c-468c-b4d1-63761b55965d,P1,OPEN,105,AML_CRITICAL_QUEUE,AUTO_ALERT,TRANSACTION_SUSPECT,"{'trans_id': 'c4ab2f02-b26c-468c-b4d1-63761b55965d', 'sender_id': 'U-1085', 'receiver_id': 'M-2045', 'amount': 98931.41, 'currency': 'INR', 'transaction_type': 'STRUCTURING', 'channel': 'NEFT', 'sender_bal_before': 101419.13, 'sender_bal_after': 2487.72, 'receiver_bal_after': 512029.0, 'timestamp': '2026-09-27T09:18:39.237739+05:30', 'location': 'Pune', 'is_sim_bound': False, 'is_sim_bound_at_tx': 0, 'device_id': 'D-30054', 'time_to_pay_ms': 152, 'scenario_type': 'P1_CRITICAL', 'scenario_variant': 'STRUCTURING', 'scenario_risk_band': 'P1', 'txn_velocity_1h': 39, 'drain_ratio': 0.9755, 'forwarding_delay_mins': 5, 'balance_depletion_speed': 8786.9107, 'amount_deviation': 0.0031, 'avg_tx_amount_7d': 98624.98, 'distance_from_1L_threshold': 1068.59, 'distance_from_50k_threshold': 48931.41, 'empty_account_flag': 1, 'is_night_tx': 1, 'is_round_amount': 0, 'near_threshold_flag': 1, 'account_age_days': 16, 'device_shared_count': 9, 'ip_shared_count': 6, 'graph_score': 0.9054, 'fallback_behavior_score': 0.9072, 'fallback_sequence_score': 0.9026, 'fallback_graph_score': 0.9054, 'identity_trust_score': 19.41, 'device_trust_score': 5.23, 'sim_binding_ok': 0, 'sim_swap_flag': 1, 'vpn_flag': 1, 'hosting_flag': 0, 'city_mismatch_flag': 1, 'device_age_years': 1.81, 'network_risk_score': 0.7189, 'known_fraud_connections': 7, 'known_fraud_neighbors': 7, 'mule_cluster_size': 26, 'inbound_sources': 8, 'outbound_dest': 7, 'rapid_account_cluster_flag': 1, 'mule_cluster_flag': 1, 'tx_count_24h': 36, 'unique_receivers_7d': 7, 'days_since_last_tx': 0, 'high_value_txn': 1, 'rapid_movement': 1, 'rapid_outbound_after_inbound': 1, 'pass_through_ratio': 0.9158, 'structuring_pattern': 1, 'fragmentation_score': 0.9158, 'night_high_value_txn': 1, 'velocity_risk_score': 0.9144, 'signals': ['P1_CRITICAL', 'STRUCTURING', 'NEAR_THRESHOLD', 'HIGH_VALUE_TRANSFER', 'REALTIME_SCENARIO_BEHAVIOR_FALLBACK', 'GATHER_SCATTER', 'NEO4J_UNAVAILABLE', 'REALTIME_SCENARIO_GRAPH_FALLBACK', 'CRITICAL_RISK', 'URGENT_REVIEW'], 'pair_repeat_count': 1, 'decision': 'BLOCK', 'engine_decision': 'BLOCK', 'priority': 'P1', 'status': 'BLOCKED', 'risk': 0.9289, 'final_score': 0.9289, 'behavior_score': 0.9072, 'behaviorScore': 0.9072, 'sequence_score': 0.9026, 'sequenceScore': 0.9026, 'graphScore': 0.9054, 'neo4j_graph_score': 0.9054, 'rule_score': 1.0, 'behavior_label': 'UNKNOWN', 'sequence_pattern': 'GATHER_SCATTER', 'community_risk': 'CRITICAL', 'network_role': 'UNKNOWN', 'reasons': ['Critical mule laundering pattern detected', 'Realtime scenario behavior fallback', 'GATHER_SCATTER', 'Connected to mule cluster'], 'alert_type': 'TRANSACTION_SUSPECT', 'requires_review': False, 'requires_block': True, 'requires_case': True, 'sla_minutes': 15, 'escalation_minutes': 20, 'queue': 'AML_CRITICAL_QUEUE', 'severity': 'CRITICAL'}",2026-09-27T03:48:39.341450,2026-09-27T03:48:39.341450+00:00,,,,,,RUN-20260927-034544-CE4C7A
CASE-B34AC93A,TXN-BA0DBE10,TRANSACTION_SUSPECT,U-1078,4ab72257-7839-4fee-b5d8-f6534e786ea8,P1,OPEN,101,AML_CRITICAL_QUEUE,AUTO_ALERT,TRANSACTION_SUSPECT,"{'trans_id': '4ab72257-7839-4fee-b5d8-f6534e786ea8', 'sender_id': 'U-1078', 'receiver_id': 'M-2046', 'amount': 98891.92, 'currency': 'INR', 'transaction_type': 'STRUCTURING', 'channel': 'IMPS', 'sender_bal_before': 100728.01, 'sender_bal_after': 1836.09, 'receiver_bal_after': 204776.68, 'timestamp': '2026-09-27T09:19:35.536974+05:30', 'location': 'Chennai', 'is_sim_bound': False, 'is_sim_bound_at_tx': 0, 'device_id': 'D-30066', 'time_to_pay_ms': 375, 'scenario_type': 'P1_CRITICAL', 'scenario_variant': 'STRUCTURING', 'scenario_risk_band': 'P1', 'txn_velocity_1h': 32, 'drain_ratio': 0.9818, 'forwarding_delay_mins': 2, 'balance_depletion_speed': 10799.4209, 'amount_deviation': 0.0803, 'avg_tx_amount_7d': 91540.76, 'distance_from_1L_threshold': 1108.08, 'distance_from_50k_threshold': 48891.92, 'empty_account_flag': 1, 'is_night_tx': 0, 'is_round_amount': 0, 'near_threshold_flag': 1, 'account_age_days': 32, 'device_shared_count': 14, 'ip_shared_count': 14, 'graph_score': 0.9087, 'fallback_behavior_score': 0.9473, 'fallback_sequence_score': 0.9289, 'fallback_graph_score': 0.9087, 'identity_trust_score': 12.49, 'device_trust_score': 23.37, 'sim_binding_ok': 0, 'sim_swap_flag': 1, 'vpn_flag': 1, 'hosting_flag': 1, 'city_mismatch_flag': 1, 'device_age_years': 0.5, 'network_risk_score': 0.8534, 'known_fraud_connections': 6, 'known_fraud_neighbors': 6, 'mule_cluster_size': 11, 'inbound_sources': 12, 'outbound_dest': 8, 'rapid_account_cluster_flag': 1, 'mule_cluster_flag': 1, 'tx_count_24h': 32, 'unique_receivers_7d': 9, 'days_since_last_tx': 0, 'high_value_txn': 1, 'rapid_movement': 1, 'rapid_outbound_after_inbound': 1, 'pass_through_ratio': 0.904, 'structuring_pattern': 1, 'fragmentation_score': 0.904, 'night_high_value_txn': 1, 'velocity_risk_score': 0.99, 'signals': ['P1_CRITICAL', 'STRUCTURING', 'NEAR_THRESHOLD', 'HIGH_VALUE_TRANSFER', 'REALTIME_SCENARIO_BEHAVIOR_FALLBACK', 'GATHER_SCATTER', 'NEO4J_UNAVAILABLE', 'REALTIME_SCENARIO_GRAPH_FALLBACK', 'CRITICAL_RISK', 'URGENT_REVIEW'], 'pair_repeat_count': 1, 'decision': 'BLOCK', 'engine_decision': 'BLOCK', 'priority': 'P1', 'status': 'BLOCKED', 'risk': 0.9482, 'final_score': 0.9482, 'behavior_score': 0.9473, 'behaviorScore': 0.9473, 'sequence_score': 0.9289, 'sequenceScore': 0.9289, 'graphScore': 0.9087, 'neo4j_graph_score': 0.9087, 'rule_score': 1.0, 'behavior_label': 'UNKNOWN', 'sequence_pattern': 'GATHER_SCATTER', 'community_risk': 'CRITICAL', 'network_role': 'UNKNOWN', 'reasons': ['Critical mule laundering pattern detected', 'Realtime scenario behavior fallback', 'GATHER_SCATTER', 'Connected to mule cluster'], 'alert_type': 'TRANSACTION_SUSPECT', 'requires_review': False, 'requires_block': True, 'requires_case': True, 'sla_minutes': 15, 'escalation_minutes': 20, 'queue': 'AML_CRITICAL_QUEUE', 'severity': 'CRITICAL'}",2026-09-27T03:49:35.832999,2026-09-27T03:49:35.845591+00:00,,,,,,RUN-20260927-034544-CE4C7A
CASE-E6FF0E16,TXN-CF749165,TRANSACTION_SUSPECT,U-1081,58432ee2-27f1-474a-9471-76857584ed75,P1,OPEN,102,AML_CRITICAL_QUEUE,AUTO_ALERT,TRANSACTION_SUSPECT,"{'trans_id': '58432ee2-27f1-474a-9471-76857584ed75', 'sender_id': 'U-1081', 'receiver_id': 'U-1094', 'amount': 181946.92, 'currency': 'INR', 'transaction_type': 'LAYERING_STEP', 'channel': 'UPI', 'sender_bal_before': 198659.5, 'sender_bal_after': 16712.58, 'receiver_bal_after': 464431.61, 'timestamp': '2026-09-27T09:20:04.258021+05:30', 'location': 'Chennai', 'is_sim_bound': False, 'is_sim_bound_at_tx': 0, 'device_id': 'D-30070', 'time_to_pay_ms': 163, 'scenario_type': 'P1_CRITICAL', 'scenario_variant': 'LAYERING', 'scenario_risk_band': 'P1', 'txn_velocity_1h': 37, 'drain_ratio': 0.9159, 'forwarding_delay_mins': 4, 'balance_depletion_speed': 15235.7453, 'amount_deviation': 0.0095, 'avg_tx_amount_7d': 180239.83, 'distance_from_1L_threshold': 81946.92, 'distance_from_50k_threshold': 131946.92, 'empty_account_flag': 0, 'is_night_tx': 1, 'is_round_amount': 0, 'near_threshold_flag': 0, 'account_age_days': 58, 'device_shared_count': 8, 'ip_shared_count': 5, 'graph_score': 0.9171, 'fallback_behavior_score': 0.9305, 'fallback_sequence_score': 0.9066, 'fallback_graph_score': 0.9171, 'identity_trust_score': 7.24, 'device_trust_score': 18.89, 'sim_binding_ok': 0, 'sim_swap_flag': 1, 'vpn_flag': 1, 'hosting_flag': 1, 'city_mismatch_flag': 1, 'device_age_years': 2.38, 'network_risk_score': 0.8612, 'known_fraud_connections': 15, 'known_fraud_neighbors': 15, 'mule_cluster_size': 29, 'inbound_sources': 10, 'outbound_dest': 6, 'rapid_account_cluster_flag': 1, 'mule_cluster_flag': 1, 'tx_count_24h': 25, 'unique_receivers_7d': 7, 'days_since_last_tx': 0, 'high_value_txn': 1, 'rapid_movement': 1, 'rapid_outbound_after_inbound': 1, 'pass_through_ratio': 0.9418, 'structuring_pattern': 0, 'fragmentation_score': 0.0095, 'night_high_value_txn': 1, 'velocity_risk_score': 0.9336, 'signals': ['P1_CRITICAL', 'LAYERING', 'LAYERING_CHAIN', 'MULE_CLUSTER', 'SHORT_FORWARDING_DELAY', 'SIM_NOT_BOUND', 'REALTIME_SCENARIO_BEHAVIOR_FALLBACK', 'GATHER_SCATTER', 'HIGH_VALUE_TRANSFER', 'VERY_HIGH_VALUE_TRANSACTION', 'NEO4J_UNAVAILABLE', 'REALTIME_SCENARIO_GRAPH_FALLBACK', 'CRITICAL_RISK', 'URGENT_REVIEW'], 'pair_repeat_count': 1, 'decision': 'BLOCK', 'engine_decision': 'BLOCK', 'priority': 'P1', 'status': 'BLOCKED', 'risk': 0.9392, 'final_score': 0.9392, 'behavior_score': 0.9305, 'behaviorScore': 0.9305, 'sequence_score': 0.9066, 'sequenceScore': 0.9066, 'graphScore': 0.9171, 'neo4j_graph_score': 0.9171, 'rule_score': 1.0, 'behavior_label': 'UNKNOWN', 'sequence_pattern': 'GATHER_SCATTER', 'community_risk': 'CRITICAL', 'network_role': 'UNKNOWN', 'reasons': ['Critical mule laundering pattern detected', 'Realtime scenario behavior fallback', 'GATHER_SCATTER', 'Connected to mule cluster'], 'alert_type': 'TRANSACTION_SUSPECT', 'requires_review': False, 'requires_block': True, 'requires_case': True, 'sla_minutes': 15, 'escalation_minutes': 20, 'queue': 'AML_CRITICAL_QUEUE', 'severity': 'CRITICAL'}",2026-09-27T03:50:04.546845,2026-09-27T03:50:04.557101+00:00,,,,,,RUN-20260927-034544-CE4C7A
CASE-6E67BE53,TXN-DEB3C16F,TRANSACTION_SUSPECT,U-1085,50453234-442e-4b7d-aa93-ec48fa906517,P1,OPEN,103,AML_CRITICAL_QUEUE,AUTO_ALERT,TRANSACTION_SUSPECT,"{'trans_id': '50453234-442e-4b7d-aa93-ec48fa906517', 'sender_id': 'U-1085', 'receiver_id': 'M-2042', 'amount': 98977.85, 'currency': 'INR', 'transaction_type': 'STRUCTURING', 'channel': 'UPI', 'sender_bal_before': 109758.48, 'sender_bal_after': 10780.63, 'receiver_bal_after': 280403.78, 'timestamp': '2026-09-27T09:20:07.107632+05:30', 'location': 'Pune', 'is_sim_bound': False, 'is_sim_bound_at_tx': 0, 'device_id': 'D-30055', 'time_to_pay_ms': 68, 'scenario_type': 'P1_CRITICAL', 'scenario_variant': 'STRUCTURING', 'scenario_risk_band': 'P1', 'txn_velocity_1h': 29, 'drain_ratio': 0.9018, 'forwarding_delay_mins': 1, 'balance_depletion_speed': 22552.0134, 'amount_deviation': 0.011, 'avg_tx_amount_7d': 97898.82, 'distance_from_1L_threshold': 1022.15, 'distance_from_50k_threshold': 48977.85, 'empty_account_flag': 0, 'is_night_tx': 1, 'is_round_amount': 0, 'near_threshold_flag': 1, 'account_age_days': 29, 'device_shared_count': 13, 'ip_shared_count': 9, 'graph_score': 0.9506, 'fallback_behavior_score': 0.9779, 'fallback_sequence_score': 0.9437, 'fallback_graph_score': 0.9506, 'identity_trust_score': 15.78, 'device_trust_score': 9.9, 'sim_binding_ok': 0, 'sim_swap_flag': 1, 'vpn_flag': 1, 'hosting_flag': 0, 'city_mismatch_flag': 1, 'device_age_years': 0.86, 'network_risk_score': 0.9499, 'known_fraud_connections': 7, 'known_fraud_neighbors': 7, 'mule_cluster_size': 24, 'inbound_sources': 7, 'outbound_dest': 6, 'rapid_account_cluster_flag': 1, 'mule_cluster_flag': 1, 'tx_count_24h': 37, 'unique_receivers_7d': 10, 'days_since_last_tx': 0, 'high_value_txn': 1, 'rapid_movement': 1, 'rapid_outbound_after_inbound': 1, 'pass_through_ratio': 0.9546, 'structuring_pattern': 1, 'fragmentation_score': 0.9546, 'night_high_value_txn': 1, 'velocity_risk_score': 0.9372, 'signals': ['P1_CRITICAL', 'STRUCTURING', 'NEAR_THRESHOLD', 'HIGH_VALUE_TRANSFER', 'REALTIME_SCENARIO_BEHAVIOR_FALLBACK', 'GATHER_SCATTER', 'NEO4J_UNAVAILABLE', 'REALTIME_SCENARIO_GRAPH_FALLBACK', 'CRITICAL_RISK', 'URGENT_REVIEW'], 'pair_repeat_count': 1, 'decision': 'BLOCK', 'engine_decision': 'BLOCK', 'priority': 'P1', 'status': 'BLOCKED', 'risk': 0.9694, 'final_score': 0.9694, 'behavior_score': 0.9779, 'behaviorScore': 0.9779, 'sequence_score': 0.9437, 'sequenceScore': 0.9437, 'graphScore': 0.9506, 'neo4j_graph_score': 0.9506, 'rule_score': 1.0, 'behavior_label': 'UNKNOWN', 'sequence_pattern': 'GATHER_SCATTER', 'community_risk': 'CRITICAL', 'network_role': 'UNKNOWN', 'reasons': ['Critical mule laundering pattern detected', 'Realtime scenario behavior fallback', 'GATHER_SCATTER', 'Connected to mule cluster'], 'alert_type': 'TRANSACTION_SUSPECT', 'requires_review': False, 'requires_block': True, 'requires_case': True, 'sla_minutes': 15, 'escalation_minutes': 20, 'queue': 'AML_CRITICAL_QUEUE', 'severity': 'CRITICAL'}",2026-09-27T03:50:07.362656,2026-09-27T03:50:07.375162+00:00,,,,,,RUN-20260927-034544-CE4C7A
CASE-DA84EFF6,TXN-48A62A67,TRANSACTION_SUSPECT,U-1083,27c2ba5d-2ab9-471f-a03d-f1b7e2b4de3f,P1,OPEN,104,AML_CRITICAL_QUEUE,AUTO_ALERT,TRANSACTION_SUSPECT,"{'trans_id': '27c2ba5d-2ab9-471f-a03d-f1b7e2b4de3f', 'sender_id': 'U-1083', 'receiver_id': 'M-2044', 'amount': 278961.1, 'currency': 'INR', 'transaction_type': 'GATHER_SCATTER', 'channel': 'IMPS', 'sender_bal_before': 287836.98, 'sender_bal_after': 8875.88, 'receiver_bal_after': 421841.6, 'timestamp': '2026-09-27T09:20:17.721282+05:30', 'location': 'Pune', 'is_sim_bound': False, 'is_sim_bound_at_tx': 0, 'device_id': 'D-30077', 'time_to_pay_ms': 185, 'scenario_type': 'P1_CRITICAL', 'scenario_variant': 'GATHER_SCATTER', 'scenario_risk_band': 'P1', 'txn_velocity_1h': 24, 'drain_ratio': 0.9692, 'forwarding_delay_mins': 0, 'balance_depletion_speed': 28575.5669, 'amount_deviation': 0.0404, 'avg_tx_amount_7d': 268130.56, 'distance_from_1L_threshold': 178961.1, 'distance_from_50k_threshold': 228961.1, 'empty_account_flag': 1, 'is_night_tx': 1, 'is_round_amount': 0, 'near_threshold_flag': 0, 'account_age_days': 37, 'device_shared_count': 18, 'ip_shared_count': 11, 'graph_score': 0.9097, 'fallback_behavior_score': 0.9343, 'fallback_sequence_score': 0.9256, 'fallback_graph_score': 0.9097, 'identity_trust_score': 18.94, 'device_trust_score': 14.84, 'sim_binding_ok': 0, 'sim_swap_flag': 1, 'vpn_flag': 1, 'hosting_flag': 0, 'city_mismatch_flag': 1, 'device_age_years': 1.25, 'network_risk_score': 0.7962, 'known_fraud_connections': 7, 'known_fraud_neighbors': 7, 'mule_cluster_size': 13, 'inbound_sources': 8, 'outbound_dest': 6, 'rapid_account_cluster_flag': 1, 'mule_cluster_flag': 1, 'tx_count_24h': 45, 'unique_receivers_7d': 5, 'days_since_last_tx': 0, 'high_value_txn': 1, 'rapid_movement': 1, 'rapid_outbound_after_inbound': 1, 'pass_through_ratio': 0.9841, 'structuring_pattern': 0, 'fragmentation_score': 0.0404, 'night_high_value_txn': 1, 'velocity_risk_score': 0.9273, 'signals': ['P1_CRITICAL', 'GATHER_SCATTER', 'RAPID_DRAIN', 'MULE_CLUSTER', 'SIM_NOT_BOUND', 'REALTIME_SCENARIO_BEHAVIOR_FALLBACK', 'HIGH_VALUE_TRANSFER', 'VERY_HIGH_VALUE_TRANSACTION', 'NEO4J_UNAVAILABLE', 'REALTIME_SCENARIO_GRAPH_FALLBACK', 'CRITICAL_RISK', 'URGENT_REVIEW'], 'pair_repeat_count': 1, 'decision': 'BLOCK', 'engine_decision': 'BLOCK', 'priority': 'P1', 'status': 'BLOCKED', 'risk': 0.9436, 'final_score': 0.9436, 'behavior_score': 0.9343, 'behaviorScore': 0.9343, 'sequence_score': 0.9256, 'sequenceScore': 0.9256, 'graphScore': 0.9097, 'neo4j_graph_score': 0.9097, 'rule_score': 1.0, 'behavior_label': 'UNKNOWN', 'sequence_pattern': 'GATHER_SCATTER', 'community_risk': 'CRITICAL', 'network_role': 'UNKNOWN', 'reasons': ['Critical mule laundering pattern detected', 'Realtime scenario behavior fallback', 'GATHER_SCATTER', 'Connected to mule cluster'], 'alert_type': 'TRANSACTION_SUSPECT', 'requires_review': False, 'requires_block': True, 'requires_case': True, 'sla_minutes': 15, 'escalation_minutes': 20, 'queue': 'AML_CRITICAL_QUEUE', 'severity': 'CRITICAL'}",2026-09-27T03:50:18.135663,2026-09-27T03:50:18.147094+00:00,,,,,,RUN-20260927-034544-CE4C7A
CASE-AC900078,TXN-C7AE1B10,TRANSACTION_SUSPECT,U-1086,246bd5e1-201d-4916-a15a-26a0a25af117,P1,OPEN,105,AML_CRITICAL_QUEUE,AUTO_ALERT,TRANSACTION_SUSPECT,"{'trans_id': '246bd5e1-201d-4916-a15a-26a0a25af117', 'sender_id': 'U-1086', 'receiver_id': 'M-2042', 'amount': 48897.45, 'currency': 'INR', 'transaction_type': 'STRUCTURING', 'channel': 'UPI', 'sender_bal_before': 53074.51, 'sender_bal_after': 4177.06, 'receiver_bal_after': 617944.32, 'timestamp': '2026-09-27T09:20:25.925005+05:30', 'location': 'Bengaluru', 'is_sim_bound': False, 'is_sim_bound_at_tx': 0, 'device_id': 'D-30088', 'time_to_pay_ms': 242, 'scenario_type': 'P1_CRITICAL', 'scenario_variant': 'STRUCTURING', 'scenario_risk_band': 'P1', 'txn_velocity_1h': 37, 'drain_ratio': 0.9213, 'forwarding_delay_mins': 4, 'balance_depletion_speed': 4613.6229, 'amount_deviation': 0.0514, 'avg_tx_amount_7d': 46506.62, 'distance_from_1L_threshold': 51102.55, 'distance_from_50k_threshold': 1102.55, 'empty_account_flag': 0, 'is_night_tx': 1, 'is_round_amount': 0, 'near_threshold_flag': 1, 'account_age_days': 49, 'device_shared_count': 11, 'ip_shared_count': 6, 'graph_score': 0.9261, 'fallback_behavior_score': 0.9398, 'fallback_sequence_score': 0.9452, 'fallback_graph_score': 0.9261, 'identity_trust_score': 21.14, 'device_trust_score': 19.58, 'sim_binding_ok': 0, 'sim_swap_flag': 1, 'vpn_flag': 1, 'hosting_flag': 0, 'city_mismatch_flag': 1, 'device_age_years': 0.46, 'network_risk_score': 0.7022, 'known_fraud_connections': 12, 'known_fraud_neighbors': 12, 'mule_cluster_size': 20, 'inbound_sources': 8, 'outbound_dest': 10, 'rapid_account_cluster_flag': 1, 'mule_cluster_flag': 1, 'tx_count_24h': 37, 'unique_receivers_7d': 10, 'days_since_last_tx': 0, 'high_value_txn': 1, 'rapid_movement': 1, 'rapid_outbound_after_inbound': 1, 'pass_through_ratio': 0.9339, 'structuring_pattern': 1, 'fragmentation_score': 0.9339, 'night_high_value_txn': 1, 'velocity_risk_score': 0.9368, 'signals': ['P1_CRITICAL', 'STRUCTURING', 'NEAR_THRESHOLD', 'HIGH_VALUE_TRANSFER', 'REALTIME_SCENARIO_BEHAVIOR_FALLBACK', 'GATHER_SCATTER', 'NEO4J_UNAVAILABLE', 'REALTIME_SCENARIO_GRAPH_FALLBACK', 'CRITICAL_RISK', 'URGENT_REVIEW'], 'pair_repeat_count': 1, 'decision': 'BLOCK', 'engine_decision': 'BLOCK', 'priority': 'P1', 'status': 'BLOCKED', 'risk': 0.9535, 'final_score': 0.9535, 'behavior_score': 0.9398, 'behaviorScore': 0.9398, 'sequence_score': 0.9452, 'sequenceScore': 0.9452, 'graphScore': 0.9261, 'neo4j_graph_score': 0.9261, 'rule_score': 1.0, 'behavior_label': 'UNKNOWN', 'sequence_pattern': 'GATHER_SCATTER', 'community_risk': 'CRITICAL', 'network_role': 'UNKNOWN', 'reasons': ['Critical mule laundering pattern detected', 'Realtime scenario behavior fallback', 'GATHER_SCATTER', 'Connected to mule cluster'], 'alert_type': 'TRANSACTION_SUSPECT', 'requires_review': False, 'requires_block': True, 'requires_case': True, 'sla_minutes': 15, 'escalation_minutes': 20, 'queue': 'AML_CRITICAL_QUEUE', 'severity': 'CRITICAL'}",2026-09-27T03:50:26.258765,2026-09-27T03:50:26.272426+00:00,,,,,,RUN-20260927-034544-CE4C7A
CASE-57095E5C,TXN-6A36325D,TRANSACTION_SUSPECT,U-1079,de8bd6c5-58fb-4323-8b06-9441ecd88c34,P1,OPEN,105,AML_CRITICAL_QUEUE,AUTO_ALERT,TRANSACTION_SUSPECT,"{'trans_id': 'de8bd6c5-58fb-4323-8b06-9441ecd88c34', 'sender_id': 'U-1079', 'receiver_id': 'M-2045', 'amount': 139167.99, 'currency': 'INR', 'transaction_type': 'LAYERING_STEP', 'channel': 'IMPS', 'sender_bal_before': 145515.75, 'sender_bal_after': 6347.76, 'receiver_bal_after': 204966.97, 'timestamp': '2026-09-27T09:21:33.427566+05:30', 'location': 'Mumbai', 'is_sim_bound': False, 'is_sim_bound_at_tx': 0, 'device_id': 'D-30088', 'time_to_pay_ms': 41, 'scenario_type': 'P1_CRITICAL', 'scenario_variant': 'LAYERING', 'scenario_risk_band': 'P1', 'txn_velocity_1h': 39, 'drain_ratio': 0.9564, 'forwarding_delay_mins': 2, 'balance_depletion_speed': 17434.8714, 'amount_deviation': 0.1246, 'avg_tx_amount_7d': 158970.05, 'distance_from_1L_threshold': 39167.99, 'distance_from_50k_threshold': 89167.99, 'empty_account_flag': 1, 'is_night_tx': 0, 'is_round_amount': 0, 'near_threshold_flag': 0, 'account_age_days': 43, 'device_shared_count': 12, 'ip_shared_count': 7, 'graph_score': 0.945, 'fallback_behavior_score': 0.9612, 'fallback_sequence_score': 0.9744, 'fallback_graph_score': 0.945, 'identity_trust_score': 15.0, 'device_trust_score': 5.93, 'sim_binding_ok': 0, 'sim_swap_flag': 1, 'vpn_flag': 1, 'hosting_flag': 1, 'city_mismatch_flag': 1, 'device_age_years': 1.73, 'network_risk_score': 0.9013, 'known_fraud_connections': 12, 'known_fraud_neighbors': 12, 'mule_cluster_size': 22, 'inbound_sources': 5, 'outbound_dest': 6, 'rapid_account_cluster_flag': 1, 'mule_cluster_flag': 1, 'tx_count_24h': 33, 'unique_receivers_7d': 9, 'days_since_last_tx': 0, 'high_value_txn': 1, 'rapid_movement': 1, 'rapid_outbound_after_inbound': 1, 'pass_through_ratio': 0.9621, 'structuring_pattern': 0, 'fragmentation_score': 0.1246, 'night_high_value_txn': 1, 'velocity_risk_score': 0.9219, 'signals': ['P1_CRITICAL', 'LAYERING', 'LAYERING_CHAIN', 'MULE_CLUSTER', 'SHORT_FORWARDING_DELAY', 'SIM_NOT_BOUND', 'REALTIME_SCENARIO_BEHAVIOR_FALLBACK', 'GATHER_SCATTER', 'HIGH_VALUE_TRANSFER', 'VERY_HIGH_VALUE_TRANSACTION', 'NEO4J_UNAVAILABLE', 'REALTIME_SCENARIO_GRAPH_FALLBACK', 'CRITICAL_RISK', 'URGENT_REVIEW'], 'pair_repeat_count': 1, 'decision': 'BLOCK', 'engine_decision': 'BLOCK', 'priority': 'P1', 'status': 'BLOCKED', 'risk': 0.971, 'final_score': 0.971, 'behavior_score': 0.9612, 'behaviorScore': 0.9612, 'sequence_score': 0.9744, 'sequenceScore': 0.9744, 'graphScore': 0.945, 'neo4j_graph_score': 0.945, 'rule_score': 1.0, 'behavior_label': 'UNKNOWN', 'sequence_pattern': 'GATHER_SCATTER', 'community_risk': 'CRITICAL', 'network_role': 'UNKNOWN', 'reasons': ['Critical mule laundering pattern detected', 'Realtime scenario behavior fallback', 'GATHER_SCATTER', 'Connected to mule cluster'], 'alert_type': 'TRANSACTION_SUSPECT', 'requires_review': False, 'requires_block': True, 'requires_case': True, 'sla_minutes': 15, 'escalation_minutes': 20, 'queue': 'AML_CRITICAL_QUEUE', 'severity': 'CRITICAL'}",2026-09-27T03:51:34.318372,2026-09-27T03:51:34.348894+00:00,,,,,,RUN-20260927-034544-CE4C7A
CASE-0E89A9A0,TXN-BEC26760,TRANSACTION_SUSPECT,U-1079,6c4c57fd-6f91-45e1-ade2-04bda28f3576,P1,OPEN,101,AML_CRITICAL_QUEUE,AUTO_ALERT,TRANSACTION_SUSPECT,"{'trans_id': '6c4c57fd-6f91-45e1-ade2-04bda28f3576', 'sender_id': 'U-1079', 'receiver_id': 'U-1095', 'amount': 253972.46, 'currency': 'INR', 'transaction_type': 'LAYERING_STEP', 'channel': 'UPI', 'sender_bal_before': 261570.65, 'sender_bal_after': 7598.19, 'receiver_bal_after': 540231.82, 'timestamp': '2026-09-27T09:21:42.188476+05:30', 'location': 'Chennai', 'is_sim_bound': False, 'is_sim_bound_at_tx': 0, 'device_id': 'D-30081', 'time_to_pay_ms': 18, 'scenario_type': 'P1_CRITICAL', 'scenario_variant': 'LAYERING', 'scenario_risk_band': 'P1', 'txn_velocity_1h': 41, 'drain_ratio': 0.971, 'forwarding_delay_mins': 1, 'balance_depletion_speed': 59737.2666, 'amount_deviation': 0.1031, 'avg_tx_amount_7d': 283165.91, 'distance_from_1L_threshold': 153972.46, 'distance_from_50k_threshold': 203972.46, 'empty_account_flag': 1, 'is_night_tx': 1, 'is_round_amount': 0, 'near_threshold_flag': 0, 'account_age_days': 2, 'device_shared_count': 10, 'ip_shared_count': 6, 'graph_score': 0.9115, 'fallback_behavior_score': 0.9332, 'fallback_sequence_score': 0.9155, 'fallback_graph_score': 0.9115, 'identity_trust_score': 8.59, 'device_trust_score': 18.01, 'sim_binding_ok': 0, 'sim_swap_flag': 1, 'vpn_flag': 1, 'hosting_flag': 0, 'city_mismatch_flag': 1, 'device_age_years': 2.18, 'network_risk_score': 0.8982, 'known_fraud_connections': 7, 'known_fraud_neighbors': 7, 'mule_cluster_size': 25, 'inbound_sources': 8, 'outbound_dest': 11, 'rapid_account_cluster_flag': 1, 'mule_cluster_flag': 1, 'tx_count_24h': 36, 'unique_receivers_7d': 9, 'days_since_last_tx': 0, 'high_value_txn': 1, 'rapid_movement': 1, 'rapid_outbound_after_inbound': 1, 'pass_through_ratio': 0.9685, 'structuring_pattern': 0, 'fragmentation_score': 0.1031, 'night_high_value_txn': 1, 'velocity_risk_score': 0.9722, 'signals': ['P1_CRITICAL', 'LAYERING', 'LAYERING_CHAIN', 'MULE_CLUSTER', 'SHORT_FORWARDING_DELAY', 'SIM_NOT_BOUND', 'REALTIME_SCENARIO_BEHAVIOR_FALLBACK', 'GATHER_SCATTER', 'HIGH_VALUE_TRANSFER', 'VERY_HIGH_VALUE_TRANSACTION', 'NEO4J_UNAVAILABLE', 'REALTIME_SCENARIO_GRAPH_FALLBACK', 'CRITICAL_RISK', 'URGENT_REVIEW'], 'pair_repeat_count': 1, 'decision': 'BLOCK', 'engine_decision': 'BLOCK', 'priority': 'P1', 'status': 'BLOCKED', 'risk': 0.9411, 'final_score': 0.9411, 'behavior_score': 0.9332, 'behaviorScore': 0.9332, 'sequence_score': 0.9155, 'sequenceScore': 0.9155, 'graphScore': 0.9115, 'neo4j_graph_score': 0.9115, 'rule_score': 1.0, 'behavior_label': 'UNKNOWN', 'sequence_pattern': 'GATHER_SCATTER', 'community_risk': 'CRITICAL', 'network_role': 'UNKNOWN', 'reasons': ['Critical mule laundering pattern detected', 'Realtime scenario behavior fallback', 'GATHER_SCATTER', 'Connected to mule cluster'], 'alert_type': 'TRANSACTION_SUSPECT', 'requires_review': False, 'requires_block': True, 'requires_case': True, 'sla_minutes': 15, 'escalation_minutes': 20, 'queue': 'AML_CRITICAL_QUEUE', 'severity': 'CRITICAL'}",2026-09-27T03:51:42.748721,2026-09-27T03:51:42.799146+00:00,,,,,,RUN-20260927-034544-CE4C7A
CASE-F45E30AF,TXN-86A78EA3,TRANSACTION_SUSPECT,U-1085,5525028e-7bb6-4235-a6b9-44ec9e580106,P1,OPEN,102,AML_CRITICAL_QUEUE,AUTO_ALERT,TRANSACTION_SUSPECT,"{'trans_id': '5525028e-7bb6-4235-a6b9-44ec9e580106', 'sender_id': 'U-1085', 'receiver_id': 'U-1098', 'amount': 49729.89, 'currency': 'INR', 'transaction_type': 'STRUCTURING', 'channel': 'IMPS', 'sender_bal_before': 51332.72, 'sender_bal_after': 1602.83, 'receiver_bal_after': 320577.71, 'timestamp': '2026-09-27T09:23:45.478168+05:30', 'location': 'Mumbai', 'is_sim_bound': False, 'is_sim_bound_at_tx': 0, 'device_id': 'D-30070', 'time_to_pay_ms': 20, 'scenario_type': 'P1_CRITICAL', 'scenario_variant': 'STRUCTURING', 'scenario_risk_band': 'P1', 'txn_velocity_1h': 30, 'drain_ratio': 0.9688, 'forwarding_delay_mins': 3, 'balance_depletion_speed': 5528.4528, 'amount_deviation': 0.0144, 'avg_tx_amount_7d': 49023.09, 'distance_from_1L_threshold': 50270.11, 'distance_from_50k_threshold': 270.11, 'empty_account_flag': 1, 'is_night_tx': 0, 'is_round_amount': 0, 'near_threshold_flag': 1, 'account_age_days': 4, 'device_shared_count': 20, 'ip_shared_count': 10, 'graph_score': 0.9352, 'fallback_behavior_score': 0.9603, 'fallback_sequence_score': 0.9035, 'fallback_graph_score': 0.9352, 'identity_trust_score': 6.39, 'device_trust_score': 19.47, 'sim_binding_ok': 0, 'sim_swap_flag': 1, 'vpn_flag': 1, 'hosting_flag': 1, 'city_mismatch_flag': 1, 'device_age_years': 0.49, 'network_risk_score': 0.8048, 'known_fraud_connections': 8, 'known_fraud_neighbors': 8, 'mule_cluster_size': 11, 'inbound_sources': 5, 'outbound_dest': 5, 'rapid_account_cluster_flag': 1, 'mule_cluster_flag': 1, 'tx_count_24h': 23, 'unique_receivers_7d': 5, 'days_since_last_tx': 0, 'high_value_txn': 1, 'rapid_movement': 1, 'rapid_outbound_after_inbound': 1, 'pass_through_ratio': 0.963, 'structuring_pattern': 1, 'fragmentation_score': 0.963, 'night_high_value_txn': 1, 'velocity_risk_score': 0.9669, 'signals': ['P1_CRITICAL', 'STRUCTURING', 'NEAR_THRESHOLD', 'HIGH_VALUE_TRANSFER', 'REALTIME_SCENARIO_BEHAVIOR_FALLBACK', 'GATHER_SCATTER', 'NEO4J_UNAVAILABLE', 'REALTIME_SCENARIO_GRAPH_FALLBACK', 'CRITICAL_RISK', 'URGENT_REVIEW'], 'pair_repeat_count': 1, 'decision': 'BLOCK', 'engine_decision': 'BLOCK', 'priority': 'P1', 'status': 'BLOCKED', 'risk': 0.951, 'final_score': 0.951, 'behavior_score': 0.9603, 'behaviorScore': 0.9603, 'sequence_score': 0.9035, 'sequenceScore': 0.9035, 'graphScore': 0.9352, 'neo4j_graph_score': 0.9352, 'rule_score': 1.0, 'behavior_label': 'UNKNOWN', 'sequence_pattern': 'GATHER_SCATTER', 'community_risk': 'CRITICAL', 'network_role': 'UNKNOWN', 'reasons': ['Critical mule laundering pattern detected', 'Realtime scenario behavior fallback', 'GATHER_SCATTER', 'Connected to mule cluster'], 'alert_type': 'TRANSACTION_SUSPECT', 'requires_review': False, 'requires_block': True, 'requires_case': True, 'sla_minutes': 15, 'escalation_minutes': 20, 'queue': 'AML_CRITICAL_QUEUE', 'severity': 'CRITICAL'}",2026-09-27T03:53:45.684925,2026-09-27T03:53:45.694556+00:00,,,,,,RUN-20260927-034544-CE4C7A
CASE-F89DCDFE,TXN-BE887FC5,TRANSACTION_SUSPECT,U-1085,f1da0fef-0c05-4794-b40f-53814b1a695d,P1,OPEN,105,AML_CRITICAL_QUEUE,AUTO_ALERT,TRANSACTION_SUSPECT,"{'trans_id': 'f1da0fef-0c05-4794-b40f-53814b1a695d', 'sender_id': 'U-1085', 'receiver_id': 'U-1090', 'amount': 322171.06, 'currency': 'INR', 'transaction_type': 'GATHER_SCATTER', 'channel': 'NEFT', 'sender_bal_before': 336175.08, 'sender_bal_after': 14004.02, 'receiver_bal_after': 782307.73, 'timestamp': '2026-09-27T09:24:58.063433+05:30', 'location': 'Bengaluru', 'is_sim_bound': False, 'is_sim_bound_at_tx': 0, 'device_id': 'D-30079', 'time_to_pay_ms': 84, 'scenario_type': 'P1_CRITICAL', 'scenario_variant': 'GATHER_SCATTER', 'scenario_risk_band': 'P1', 'txn_velocity_1h': 31, 'drain_ratio': 0.9583, 'forwarding_delay_mins': 4, 'balance_depletion_speed': 34837.4195, 'amount_deviation': 0.0189, 'avg_tx_amount_7d': 328364.77, 'distance_from_1L_threshold': 222171.06, 'distance_from_50k_threshold': 272171.06, 'empty_account_flag': 1, 'is_night_tx': 0, 'is_round_amount': 0, 'near_threshold_flag': 0, 'account_age_days': 38, 'device_shared_count': 18, 'ip_shared_count': 14, 'graph_score': 0.9721, 'fallback_behavior_score': 0.9514, 'fallback_sequence_score': 0.9664, 'fallback_graph_score': 0.9721, 'identity_trust_score': 7.82, 'device_trust_score': 15.44, 'sim_binding_ok': 0, 'sim_swap_flag': 1, 'vpn_flag': 1, 'hosting_flag': 0, 'city_mismatch_flag': 1, 'device_age_years': 0.62, 'network_risk_score': 0.7924, 'known_fraud_connections': 11, 'known_fraud_neighbors': 11, 'mule_cluster_size': 11, 'inbound_sources': 15, 'outbound_dest': 12, 'rapid_account_cluster_flag': 1, 'mule_cluster_flag': 1, 'tx_count_24h': 21, 'unique_receivers_7d': 11, 'days_since_last_tx': 0, 'high_value_txn': 1, 'rapid_movement': 1, 'rapid_outbound_after_inbound': 1, 'pass_through_ratio': 0.9647, 'structuring_pattern': 0, 'fragmentation_score': 0.0189, 'night_high_value_txn': 1, 'velocity_risk_score': 0.9259, 'signals': ['P1_CRITICAL', 'GATHER_SCATTER', 'RAPID_DRAIN', 'MULE_CLUSTER', 'SIM_NOT_BOUND', 'REALTIME_SCENARIO_BEHAVIOR_FALLBACK', 'HIGH_VALUE_TRANSFER', 'VERY_HIGH_VALUE_TRANSACTION', 'NEO4J_UNAVAILABLE', 'REALTIME_SCENARIO_GRAPH_FALLBACK', 'CRITICAL_RISK', 'URGENT_REVIEW'], 'pair_repeat_count': 1, 'decision': 'BLOCK', 'engine_decision': 'BLOCK', 'priority': 'P1', 'status': 'BLOCKED', 'risk': 0.9714, 'final_score': 0.9714, 'behavior_score': 0.9514, 'behaviorScore': 0.9514, 'sequence_score': 0.9664, 'sequenceScore': 0.9664, 'graphScore': 0.9721, 'neo4j_graph_score': 0.9721, 'rule_score': 1.0, 'behavior_label': 'UNKNOWN', 'sequence_pattern': 'GATHER_SCATTER', 'community_risk': 'CRITICAL', 'network_role': 'UNKNOWN', 'reasons': ['Critical mule laundering pattern detected', 'Realtime scenario behavior fallback', 'GATHER_SCATTER', 'Connected to mule cluster'], 'alert_type': 'TRANSACTION_SUSPECT', 'requires_review': False, 'requires_block': True, 'requires_case': True, 'sla_minutes': 15, 'escalation_minutes': 20, 'queue': 'AML_CRITICAL_QUEUE', 'severity': 'CRITICAL'}",2026-09-27T03:54:58.350734,2026-09-27T03:54:58.367578+00:00,,,,,,RUN-20260927-034544-CE4C7A
CASE-C8688BA6,TXN-65393F63,TRANSACTION_SUSPECT,U-1078,a13d1cab-ea32-457c-bbfb-2f2b77802abf,P1,OPEN,101,AML_CRITICAL_QUEUE,AUTO_ALERT,TRANSACTION_SUSPECT,"{'trans_id': 'a13d1cab-ea32-457c-bbfb-2f2b77802abf', 'sender_id': 'U-1078', 'receiver_id': 'M-2042', 'amount': 324380.17, 'currency': 'INR', 'transaction_type': 'LAYERING_STEP', 'channel': 'UPI', 'sender_bal_before': 335229.17, 'sender_bal_after': 10849.0, 'receiver_bal_after': 67529.2, 'timestamp': '2026-09-27T09:25:00.903211+05:30', 'location': 'Pune', 'is_sim_bound': False, 'is_sim_bound_at_tx': 0, 'device_id': 'D-30085', 'time_to_pay_ms': 184, 'scenario_type': 'P1_CRITICAL', 'scenario_variant': 'LAYERING', 'scenario_risk_band': 'P1', 'txn_velocity_1h': 44, 'drain_ratio': 0.9676, 'forwarding_delay_mins': 3, 'balance_depletion_speed': 29422.1106, 'amount_deviation': 0.0929, 'avg_tx_amount_7d': 357592.45, 'distance_from_1L_threshold': 224380.17, 'distance_from_50k_threshold': 274380.17, 'empty_account_flag': 1, 'is_night_tx': 1, 'is_round_amount': 0, 'near_threshold_flag': 0, 'account_age_days': 11, 'device_shared_count': 15, 'ip_shared_count': 13, 'graph_score': 0.9331, 'fallback_behavior_score': 0.9111, 'fallback_sequence_score': 0.9055, 'fallback_graph_score': 0.9331, 'identity_trust_score': 15.72, 'device_trust_score': 5.71, 'sim_binding_ok': 0, 'sim_swap_flag': 1, 'vpn_flag': 1, 'hosting_flag': 1, 'city_mismatch_flag': 1, 'device_age_years': 0.61, 'network_risk_score': 0.7564, 'known_fraud_connections': 15, 'known_fraud_neighbors': 15, 'mule_cluster_size': 17, 'inbound_sources': 7, 'outbound_dest': 12, 'rapid_account_cluster_flag': 1, 'mule_cluster_flag': 1, 'tx_count_24h': 44, 'unique_receivers_7d': 11, 'days_since_last_tx': 0, 'high_value_txn': 1, 'rapid_movement': 1, 'rapid_outbound_after_inbound': 1, 'pass_through_ratio': 0.9531, 'structuring_pattern': 0, 'fragmentation_score': 0.0929, 'night_high_value_txn': 1, 'velocity_risk_score': 0.9591, 'signals': ['P1_CRITICAL', 'LAYERING', 'LAYERING_CHAIN', 'MULE_CLUSTER', 'SHORT_FORWARDING_DELAY', 'SIM_NOT_BOUND', 'REALTIME_SCENARIO_BEHAVIOR_FALLBACK', 'GATHER_SCATTER', 'HIGH_VALUE_TRANSFER', 'VERY_HIGH_VALUE_TRANSACTION', 'NEO4J_UNAVAILABLE', 'REALTIME_SCENARIO_GRAPH_FALLBACK', 'CRITICAL_RISK', 'URGENT_REVIEW'], 'pair_repeat_count': 1, 'decision': 'BLOCK', 'engine_decision': 'BLOCK', 'priority': 'P1', 'status': 'BLOCKED', 'risk': 0.9363, 'final_score': 0.9363, 'behavior_score': 0.9111, 'behaviorScore': 0.9111, 'sequence_score': 0.9055, 'sequenceScore': 0.9055, 'graphScore': 0.9331, 'neo4j_graph_score': 0.9331, 'rule_score': 1.0, 'behavior_label': 'UNKNOWN', 'sequence_pattern': 'GATHER_SCATTER', 'community_risk': 'CRITICAL', 'network_role': 'UNKNOWN', 'reasons': ['Critical mule laundering pattern detected', 'Realtime scenario behavior fallback', 'GATHER_SCATTER', 'Connected to mule cluster'], 'alert_type': 'TRANSACTION_SUSPECT', 'requires_review': False, 'requires_block': True, 'requires_case': True, 'sla_minutes': 15, 'escalation_minutes': 20, 'queue': 'AML_CRITICAL_QUEUE', 'severity': 'CRITICAL'}",2026-09-27T03:55:01.340679,2026-09-27T03:55:01.346514+00:00,,,,,,RUN-20260927-034544-CE4C7A
CASE-F3106449,TXN-121B33D1,TRANSACTION_SUSPECT,U-1079,4961ccd1-c6b7-402b-9945-cd7c38e40388,P1,OPEN,104,AML_CRITICAL_QUEUE,AUTO_ALERT,TRANSACTION_SUSPECT,"{'trans_id': '4961ccd1-c6b7-402b-9945-cd7c38e40388', 'sender_id': 'U-1079', 'receiver_id': 'M-2047', 'amount': 281021.47, 'currency': 'INR', 'transaction_type': 'GATHER_SCATTER', 'channel': 'NEFT', 'sender_bal_before': 303660.85, 'sender_bal_after': 22639.38, 'receiver_bal_after': 61071.37, 'timestamp': '2026-09-27T09:25:52.980130+05:30', 'location': 'Kolkata', 'is_sim_bound': False, 'is_sim_bound_at_tx': 0, 'device_id': 'D-30086', 'time_to_pay_ms': 79, 'scenario_type': 'P1_CRITICAL', 'scenario_variant': 'GATHER_SCATTER', 'scenario_risk_band': 'P1', 'txn_velocity_1h': 45, 'drain_ratio': 0.9254, 'forwarding_delay_mins': 3, 'balance_depletion_speed': 78223.1922, 'amount_deviation': 0.0285, 'avg_tx_amount_7d': 289255.8, 'distance_from_1L_threshold': 181021.47, 'distance_from_50k_threshold': 231021.47, 'empty_account_flag': 0, 'is_night_tx': 1, 'is_round_amount': 0, 'near_threshold_flag': 0, 'account_age_days': 12, 'device_shared_count': 9, 'ip_shared_count': 6, 'graph_score': 0.9408, 'fallback_behavior_score': 0.9536, 'fallback_sequence_score': 0.9434, 'fallback_graph_score': 0.9408, 'identity_trust_score': 9.67, 'device_trust_score': 14.09, 'sim_binding_ok': 0, 'sim_swap_flag': 1, 'vpn_flag': 1, 'hosting_flag': 1, 'city_mismatch_flag': 1, 'device_age_years': 2.38, 'network_risk_score': 0.7427, 'known_fraud_connections': 15, 'known_fraud_neighbors': 15, 'mule_cluster_size': 13, 'inbound_sources': 15, 'outbound_dest': 11, 'rapid_account_cluster_flag': 1, 'mule_cluster_flag': 1, 'tx_count_24h': 45, 'unique_receivers_7d': 5, 'days_since_last_tx': 0, 'high_value_txn': 1, 'rapid_movement': 1, 'rapid_outbound_after_inbound': 1, 'pass_through_ratio': 0.9052, 'structuring_pattern': 0, 'fragmentation_score': 0.0285, 'night_high_value_txn': 1, 'velocity_risk_score': 0.9053, 'signals': ['P1_CRITICAL', 'GATHER_SCATTER', 'RAPID_DRAIN', 'MULE_CLUSTER', 'SIM_NOT_BOUND', 'REALTIME_SCENARIO_BEHAVIOR_FALLBACK', 'HIGH_VALUE_TRANSFER', 'VERY_HIGH_VALUE_TRANSACTION', 'NEO4J_UNAVAILABLE', 'REALTIME_SCENARIO_GRAPH_FALLBACK', 'CRITICAL_RISK', 'URGENT_REVIEW'], 'pair_repeat_count': 1, 'decision': 'BLOCK', 'engine_decision': 'BLOCK', 'priority': 'P1', 'status': 'BLOCKED', 'risk': 0.9601, 'final_score': 0.9601, 'behavior_score': 0.9536, 'behaviorScore': 0.9536, 'sequence_score': 0.9434, 'sequenceScore': 0.9434, 'graphScore': 0.9408, 'neo4j_graph_score': 0.9408, 'rule_score': 1.0, 'behavior_label': 'UNKNOWN', 'sequence_pattern': 'GATHER_SCATTER', 'community_risk': 'CRITICAL', 'network_role': 'UNKNOWN', 'reasons': ['Critical mule laundering pattern detected', 'Realtime scenario behavior fallback', 'GATHER_SCATTER', 'Connected to mule cluster'], 'alert_type': 'TRANSACTION_SUSPECT', 'requires_review': False, 'requires_block': True, 'requires_case': True, 'sla_minutes': 15, 'escalation_minutes': 20, 'queue': 'AML_CRITICAL_QUEUE', 'severity': 'CRITICAL'}",2026-09-27T03:55:53.488029,2026-09-27T03:55:53.490051+00:00,,,,,,RUN-20260927-034544-CE4C7A
CASE-49502DDF,TXN-F34ED187,TRANSACTION_SUSPECT,U-1081,d7173298-e4b1-4fc9-b69f-045d4ffea67d,P1,OPEN,105,AML_CRITICAL_QUEUE,AUTO_ALERT,TRANSACTION_SUSPECT,"{'trans_id': 'd7173298-e4b1-4fc9-b69f-045d4ffea67d', 'sender_id': 'U-1081', 'receiver_id': 'U-1094', 'amount': 387893.05, 'currency': 'INR', 'transaction_type': 'GATHER_SCATTER', 'channel': 'NEFT', 'sender_bal_before': 407124.56, 'sender_bal_after': 19231.51, 'receiver_bal_after': 13903.24, 'timestamp': '2026-09-27T09:26:14.047286+05:30', 'location': 'Chennai', 'is_sim_bound': False, 'is_sim_bound_at_tx': 0, 'device_id': 'D-30067', 'time_to_pay_ms': 172, 'scenario_type': 'P1_CRITICAL', 'scenario_variant': 'GATHER_SCATTER', 'scenario_risk_band': 'P1', 'txn_velocity_1h': 23, 'drain_ratio': 0.9528, 'forwarding_delay_mins': 4, 'balance_depletion_speed': 48337.7038, 'amount_deviation': 0.1233, 'avg_tx_amount_7d': 345305.42, 'distance_from_1L_threshold': 287893.05, 'distance_from_50k_threshold': 337893.05, 'empty_account_flag': 1, 'is_night_tx': 1, 'is_round_amount': 0, 'near_threshold_flag': 0, 'account_age_days': 42, 'device_shared_count': 11, 'ip_shared_count': 6, 'graph_score': 0.9034, 'fallback_behavior_score': 0.9692, 'fallback_sequence_score': 0.9449, 'fallback_graph_score': 0.9034, 'identity_trust_score': 13.14, 'device_trust_score': 20.38, 'sim_binding_ok': 0, 'sim_swap_flag': 1, 'vpn_flag': 1, 'hosting_flag': 1, 'city_mismatch_flag': 1, 'device_age_years': 2.29, 'network_risk_score': 0.8933, 'known_fraud_connections': 6, 'known_fraud_neighbors': 6, 'mule_cluster_size': 14, 'inbound_sources': 8, 'outbound_dest': 6, 'rapid_account_cluster_flag': 1, 'mule_cluster_flag': 1, 'tx_count_24h': 32, 'unique_receivers_7d': 6, 'days_since_last_tx': 0, 'high_value_txn': 1, 'rapid_movement': 1, 'rapid_outbound_after_inbound': 1, 'pass_through_ratio': 0.9472, 'structuring_pattern': 0, 'fragmentation_score': 0.1233, 'night_high_value_txn': 1, 'velocity_risk_score': 0.9196, 'signals': ['P1_CRITICAL', 'GATHER_SCATTER', 'RAPID_DRAIN', 'MULE_CLUSTER', 'SIM_NOT_BOUND', 'REALTIME_SCENARIO_BEHAVIOR_FALLBACK', 'HIGH_VALUE_TRANSFER', 'VERY_HIGH_VALUE_TRANSACTION', 'NEO4J_UNAVAILABLE', 'REALTIME_SCENARIO_GRAPH_FALLBACK', 'CRITICAL_RISK', 'URGENT_REVIEW'], 'pair_repeat_count': 2, 'decision': 'BLOCK', 'engine_decision': 'BLOCK', 'priority': 'P1', 'status': 'BLOCKED', 'risk': 0.9577, 'final_score': 0.9577, 'behavior_score': 0.9692, 'behaviorScore': 0.9692, 'sequence_score': 0.9449, 'sequenceScore': 0.9449, 'graphScore': 0.9034, 'neo4j_graph_score': 0.9034, 'rule_score': 1.0, 'behavior_label': 'UNKNOWN', 'sequence_pattern': 'GATHER_SCATTER', 'community_risk': 'CRITICAL', 'network_role': 'UNKNOWN', 'reasons': ['Critical mule laundering pattern detected', 'Realtime scenario behavior fallback', 'GATHER_SCATTER', 'Connected to mule cluster'], 'alert_type': 'TRANSACTION_SUSPECT', 'requires_review': False, 'requires_block': True, 'requires_case': True, 'sla_minutes': 15, 'escalation_minutes': 20, 'queue': 'AML_CRITICAL_QUEUE', 'severity': 'CRITICAL'}",2026-09-27T03:56:14.413869,2026-09-27T03:56:14.426632+00:00,,,,,,RUN-20260927-034544-CE4C7A
CASE-92AE0A06,TXN-9BB87E5B,TRANSACTION_SUSPECT,U-1085,a94f7127-17bc-48c6-962a-8a65bd0f8ac6,P1,OPEN,101,AML_CRITICAL_QUEUE,AUTO_ALERT,TRANSACTION_SUSPECT,"{'trans_id': 'a94f7127-17bc-48c6-962a-8a65bd0f8ac6', 'sender_id': 'U-1085', 'receiver_id': 'U-1091', 'amount': 107916.85, 'currency': 'INR', 'transaction_type': 'LAYERING_STEP', 'channel': 'UPI', 'sender_bal_before': 113601.41, 'sender_bal_after': 5684.56, 'receiver_bal_after': 792736.77, 'timestamp': '2026-09-27T09:26:22.379281+05:30', 'location': 'Hyderabad', 'is_sim_bound': False, 'is_sim_bound_at_tx': 0, 'device_id': 'D-30060', 'time_to_pay_ms': 175, 'scenario_type': 'P1_CRITICAL', 'scenario_variant': 'LAYERING', 'scenario_risk_band': 'P1', 'txn_velocity_1h': 43, 'drain_ratio': 0.95, 'forwarding_delay_mins': 1, 'balance_depletion_speed': 18963.6747, 'amount_deviation': 0.092, 'avg_tx_amount_7d': 98826.25, 'distance_from_1L_threshold': 7916.85, 'distance_from_50k_threshold': 57916.85, 'empty_account_flag': 0, 'is_night_tx': 1, 'is_round_amount': 0, 'near_threshold_flag': 0, 'account_age_days': 25, 'device_shared_count': 16, 'ip_shared_count': 5, 'graph_score': 0.9798, 'fallback_behavior_score': 0.9009, 'fallback_sequence_score': 0.9791, 'fallback_graph_score': 0.9798, 'identity_trust_score': 15.93, 'device_trust_score': 14.07, 'sim_binding_ok': 0, 'sim_swap_flag': 1, 'vpn_flag': 1, 'hosting_flag': 0, 'city_mismatch_flag': 1, 'device_age_years': 0.38, 'network_risk_score': 0.8991, 'known_fraud_connections': 5, 'known_fraud_neighbors': 5, 'mule_cluster_size': 28, 'inbound_sources': 11, 'outbound_dest': 10, 'rapid_account_cluster_flag': 1, 'mule_cluster_flag': 1, 'tx_count_24h': 31, 'unique_receivers_7d': 6, 'days_since_last_tx': 0, 'high_value_txn': 1, 'rapid_movement': 1, 'rapid_outbound_after_inbound': 1, 'pass_through_ratio': 0.9544, 'structuring_pattern': 0, 'fragmentation_score': 0.092, 'night_high_value_txn': 1, 'velocity_risk_score': 0.9317, 'signals': ['P1_CRITICAL', 'LAYERING', 'LAYERING_CHAIN', 'MULE_CLUSTER', 'SHORT_FORWARDING_DELAY', 'SIM_NOT_BOUND', 'REALTIME_SCENARIO_BEHAVIOR_FALLBACK', 'GATHER_SCATTER', 'HIGH_VALUE_TRANSFER', 'VERY_HIGH_VALUE_TRANSACTION', 'NEO4J_UNAVAILABLE', 'REALTIME_SCENARIO_GRAPH_FALLBACK', 'CRITICAL_RISK', 'URGENT_REVIEW'], 'pair_repeat_count': 1, 'decision': 'BLOCK', 'engine_decision': 'BLOCK', 'priority': 'P1', 'status': 'BLOCKED', 'risk': 0.961, 'final_score': 0.961, 'behavior_score': 0.9009, 'behaviorScore': 0.9009, 'sequence_score': 0.9791, 'sequenceScore': 0.9791, 'graphScore': 0.9798, 'neo4j_graph_score': 0.9798, 'rule_score': 1.0, 'behavior_label': 'UNKNOWN', 'sequence_pattern': 'GATHER_SCATTER', 'community_risk': 'CRITICAL', 'network_role': 'UNKNOWN', 'reasons': ['Critical mule laundering pattern detected', 'Realtime scenario behavior fallback', 'GATHER_SCATTER', 'Connected to mule cluster'], 'alert_type': 'TRANSACTION_SUSPECT', 'requires_review': False, 'requires_block': True, 'requires_case': True, 'sla_minutes': 15, 'escalation_minutes': 20, 'queue': 'AML_CRITICAL_QUEUE', 'severity': 'CRITICAL'}",2026-09-27T03:56:22.773346,2026-09-27T03:56:22.788244+00:00,,,,,,RUN-20260927-034544-CE4C7A
CASE-83D8A459,TXN-D42A1BC4,TRANSACTION_SUSPECT,U-1079,acd30cb1-1f94-439d-9bcc-29114467b4e1,P1,OPEN,104,AML_CRITICAL_QUEUE,AUTO_ALERT,TRANSACTION_SUSPECT,"{'trans_id': 'acd30cb1-1f94-439d-9bcc-29114467b4e1', 'sender_id': 'U-1079', 'receiver_id': 'U-1095', 'amount': 98899.91, 'currency': 'INR', 'transaction_type': 'STRUCTURING', 'channel': 'NEFT', 'sender_bal_before': 102065.7, 'sender_bal_after': 3165.79, 'receiver_bal_after': 555808.22, 'timestamp': '2026-09-27T09:30:35.141371+05:30', 'location': 'Pune', 'is_sim_bound': False, 'is_sim_bound_at_tx': 0, 'device_id': 'D-30073', 'time_to_pay_ms': 412, 'scenario_type': 'P1_CRITICAL', 'scenario_variant': 'STRUCTURING', 'scenario_risk_band': 'P1', 'txn_velocity_1h': 20, 'drain_ratio': 0.969, 'forwarding_delay_mins': 3, 'balance_depletion_speed': 22074.5317, 'amount_deviation': 0.0088, 'avg_tx_amount_7d': 99778.61, 'distance_from_1L_threshold': 1100.09, 'distance_from_50k_threshold': 48899.91, 'empty_account_flag': 1, 'is_night_tx': 0, 'is_round_amount': 0, 'near_threshold_flag': 1, 'account_age_days': 39, 'device_shared_count': 14, 'ip_shared_count': 11, 'graph_score': 0.9879, 'fallback_behavior_score': 0.9385, 'fallback_sequence_score': 0.9121, 'fallback_graph_score': 0.9879, 'identity_trust_score': 21.83, 'device_trust_score': 6.48, 'sim_binding_ok': 0, 'sim_swap_flag': 1, 'vpn_flag': 1, 'hosting_flag': 0, 'city_mismatch_flag': 1, 'device_age_years': 0.33, 'network_risk_score': 0.8494, 'known_fraud_connections': 7, 'known_fraud_neighbors': 7, 'mule_cluster_size': 28, 'inbound_sources': 11, 'outbound_dest': 7, 'rapid_account_cluster_flag': 1, 'mule_cluster_flag': 1, 'tx_count_24h': 33, 'unique_receivers_7d': 8, 'days_since_last_tx': 0, 'high_value_txn': 1, 'rapid_movement': 1, 'rapid_outbound_after_inbound': 1, 'pass_through_ratio': 0.9323, 'structuring_pattern': 1, 'fragmentation_score': 0.9323, 'night_high_value_txn': 1, 'velocity_risk_score': 0.9105, 'signals': ['P1_CRITICAL', 'STRUCTURING', 'NEAR_THRESHOLD', 'HIGH_VALUE_TRANSFER', 'REALTIME_SCENARIO_BEHAVIOR_FALLBACK', 'GATHER_SCATTER', 'NEO4J_UNAVAILABLE', 'REALTIME_SCENARIO_GRAPH_FALLBACK', 'CRITICAL_RISK', 'URGENT_REVIEW'], 'pair_repeat_count': 2, 'decision': 'BLOCK', 'engine_decision': 'BLOCK', 'priority': 'P1', 'status': 'BLOCKED', 'risk': 0.9572, 'final_score': 0.9572, 'behavior_score': 0.9385, 'behaviorScore': 0.9385, 'sequence_score': 0.9121, 'sequenceScore': 0.9121, 'graphScore': 0.9879, 'neo4j_graph_score': 0.9879, 'rule_score': 1.0, 'behavior_label': 'UNKNOWN', 'sequence_pattern': 'GATHER_SCATTER', 'community_risk': 'CRITICAL', 'network_role': 'UNKNOWN', 'reasons': ['Critical mule laundering pattern detected', 'Realtime scenario behavior fallback', 'GATHER_SCATTER', 'Connected to mule cluster'], 'alert_type': 'TRANSACTION_SUSPECT', 'requires_review': False, 'requires_block': True, 'requires_case': True, 'sla_minutes': 15, 'escalation_minutes': 20, 'queue': 'AML_CRITICAL_QUEUE', 'severity': 'CRITICAL'}",2026-09-27T04:00:35.411773,2026-09-27T04:00:35.415645+00:00,,,,,,RUN-20260927-034544-CE4C7A
CASE-92EF3137,TXN-9BFB3EBC,TRANSACTION_SUSPECT,U-1082,a95d768b-68c0-4876-ba91-be129de6e8ee,P1,OPEN,105,AML_CRITICAL_QUEUE,AUTO_ALERT,TRANSACTION_SUSPECT,"{'trans_id': 'a95d768b-68c0-4876-ba91-be129de6e8ee', 'sender_id': 'U-1082', 'receiver_id': 'M-2044', 'amount': 440808.77, 'currency': 'INR', 'transaction_type': 'GATHER_SCATTER', 'channel': 'UPI', 'sender_bal_before': 475196.02, 'sender_bal_after': 34387.25, 'receiver_bal_after': 17453.37, 'timestamp': '2026-09-27T09:31:27.168118+05:30', 'location': 'Pune', 'is_sim_bound': False, 'is_sim_bound_at_tx': 0, 'device_id': 'D-30073', 'time_to_pay_ms': 214, 'scenario_type': 'P1_CRITICAL', 'scenario_variant': 'GATHER_SCATTER', 'scenario_risk_band': 'P1', 'txn_velocity_1h': 24, 'drain_ratio': 0.9276, 'forwarding_delay_mins': 0, 'balance_depletion_speed': 49958.8124, 'amount_deviation': 0.1276, 'avg_tx_amount_7d': 390917.31, 'distance_from_1L_threshold': 340808.77, 'distance_from_50k_threshold': 390808.77, 'empty_account_flag': 0, 'is_night_tx': 0, 'is_round_amount': 0, 'near_threshold_flag': 0, 'account_age_days': 16, 'device_shared_count': 9, 'ip_shared_count': 6, 'graph_score': 0.9576, 'fallback_behavior_score': 0.9254, 'fallback_sequence_score': 0.9872, 'fallback_graph_score': 0.9576, 'identity_trust_score': 20.69, 'device_trust_score': 18.9, 'sim_binding_ok': 0, 'sim_swap_flag': 1, 'vpn_flag': 1, 'hosting_flag': 1, 'city_mismatch_flag': 1, 'device_age_years': 1.2, 'network_risk_score': 0.922, 'known_fraud_connections': 12, 'known_fraud_neighbors': 12, 'mule_cluster_size': 10, 'inbound_sources': 15, 'outbound_dest': 7, 'rapid_account_cluster_flag': 1, 'mule_cluster_flag': 1, 'tx_count_24h': 37, 'unique_receivers_7d': 7, 'days_since_last_tx': 0, 'high_value_txn': 1, 'rapid_movement': 1, 'rapid_outbound_after_inbound': 1, 'pass_through_ratio': 0.9155, 'structuring_pattern': 0, 'fragmentation_score': 0.1276, 'night_high_value_txn': 1, 'velocity_risk_score': 0.9389, 'signals': ['P1_CRITICAL', 'GATHER_SCATTER', 'RAPID_DRAIN', 'MULE_CLUSTER', 'SIM_NOT_BOUND', 'REALTIME_SCENARIO_BEHAVIOR_FALLBACK', 'HIGH_VALUE_TRANSFER', 'VERY_HIGH_VALUE_TRANSACTION', 'NEO4J_UNAVAILABLE', 'REALTIME_SCENARIO_GRAPH_FALLBACK', 'CRITICAL_RISK', 'URGENT_REVIEW'], 'pair_repeat_count': 1, 'decision': 'BLOCK', 'engine_decision': 'BLOCK', 'priority': 'P1', 'status': 'BLOCKED', 'risk': 0.9659, 'final_score': 0.9659, 'behavior_score': 0.9254, 'behaviorScore': 0.9254, 'sequence_score': 0.9872, 'sequenceScore': 0.9872, 'graphScore': 0.9576, 'neo4j_graph_score': 0.9576, 'rule_score': 1.0, 'behavior_label': 'UNKNOWN', 'sequence_pattern': 'GATHER_SCATTER', 'community_risk': 'CRITICAL', 'network_role': 'UNKNOWN', 'reasons': ['Critical mule laundering pattern detected', 'Realtime scenario behavior fallback', 'GATHER_SCATTER', 'Connected to mule cluster'], 'alert_type': 'TRANSACTION_SUSPECT', 'requires_review': False, 'requires_block': True, 'requires_case': True, 'sla_minutes': 15, 'escalation_minutes': 20, 'queue': 'AML_CRITICAL_QUEUE', 'severity': 'CRITICAL'}",2026-09-27T04:01:27.447774,2026-09-27T04:01:27.498432+00:00,,,,,,RUN-20260927-034544-CE4C7A
CASE-B46B3894,TXN-6F59424D,TRANSACTION_SUSPECT,U-1082,378fabbd-e68d-4631-8840-9aa4d8fa147f,P1,OPEN,103,AML_CRITICAL_QUEUE,AUTO_ALERT,TRANSACTION_SUSPECT,"{'trans_id': '378fabbd-e68d-4631-8840-9aa4d8fa147f', 'sender_id': 'U-1082', 'receiver_id': 'U-1088', 'amount': 339129.58, 'currency': 'INR', 'transaction_type': 'LAYERING_STEP', 'channel': 'UPI', 'sender_bal_before': 347897.1, 'sender_bal_after': 8767.52, 'receiver_bal_after': 512230.68, 'timestamp': '2026-09-27T09:31:51.004338+05:30', 'location': 'Bengaluru', 'is_sim_bound': False, 'is_sim_bound_at_tx': 0, 'device_id': 'D-30081', 'time_to_pay_ms': 262, 'scenario_type': 'P1_CRITICAL', 'scenario_variant': 'LAYERING', 'scenario_risk_band': 'P1', 'txn_velocity_1h': 36, 'drain_ratio': 0.9748, 'forwarding_delay_mins': 3, 'balance_depletion_speed': 99508.7909, 'amount_deviation': 0.1464, 'avg_tx_amount_7d': 295830.86, 'distance_from_1L_threshold': 239129.58, 'distance_from_50k_threshold': 289129.58, 'empty_account_flag': 1, 'is_night_tx': 0, 'is_round_amount': 0, 'near_threshold_flag': 0, 'account_age_days': 25, 'device_shared_count': 20, 'ip_shared_count': 7, 'graph_score': 0.9811, 'fallback_behavior_score': 0.9727, 'fallback_sequence_score': 0.973, 'fallback_graph_score': 0.9811, 'identity_trust_score': 8.4, 'device_trust_score': 7.17, 'sim_binding_ok': 0, 'sim_swap_flag': 1, 'vpn_flag': 1, 'hosting_flag': 0, 'city_mismatch_flag': 1, 'device_age_years': 2.25, 'network_risk_score': 0.7565, 'known_fraud_connections': 15, 'known_fraud_neighbors': 15, 'mule_cluster_size': 27, 'inbound_sources': 9, 'outbound_dest': 6, 'rapid_account_cluster_flag': 1, 'mule_cluster_flag': 1, 'tx_count_24h': 28, 'unique_receivers_7d': 7, 'days_since_last_tx': 0, 'high_value_txn': 1, 'rapid_movement': 1, 'rapid_outbound_after_inbound': 1, 'pass_through_ratio': 0.949, 'structuring_pattern': 0, 'fragmentation_score': 0.1464, 'night_high_value_txn': 1, 'velocity_risk_score': 0.9652, 'signals': ['P1_CRITICAL', 'LAYERING', 'LAYERING_CHAIN', 'MULE_CLUSTER', 'SHORT_FORWARDING_DELAY', 'SIM_NOT_BOUND', 'REALTIME_SCENARIO_BEHAVIOR_FALLBACK', 'GATHER_SCATTER', 'HIGH_VALUE_TRANSFER', 'VERY_HIGH_VALUE_TRANSACTION', 'NEO4J_UNAVAILABLE', 'REALTIME_SCENARIO_GRAPH_FALLBACK', 'CRITICAL_RISK', 'URGENT_REVIEW'], 'pair_repeat_count': 1, 'decision': 'BLOCK', 'engine_decision': 'BLOCK', 'priority': 'P1', 'status': 'BLOCKED', 'risk': 0.9813, 'final_score': 0.9813, 'behavior_score': 0.9727, 'behaviorScore': 0.9727, 'sequence_score': 0.973, 'sequenceScore': 0.973, 'graphScore': 0.9811, 'neo4j_graph_score': 0.9811, 'rule_score': 1.0, 'behavior_label': 'UNKNOWN', 'sequence_pattern': 'GATHER_SCATTER', 'community_risk': 'CRITICAL', 'network_role': 'UNKNOWN', 'reasons': ['Critical mule laundering pattern detected', 'Realtime scenario behavior fallback', 'GATHER_SCATTER', 'Connected to mule cluster'], 'alert_type': 'TRANSACTION_SUSPECT', 'requires_review': False, 'requires_block': True, 'requires_case': True, 'sla_minutes': 15, 'escalation_minutes': 20, 'queue': 'AML_CRITICAL_QUEUE', 'severity': 'CRITICAL'}",2026-09-27T04:01:51.295798,2026-09-27T04:01:51.335680+00:00,,,,,,RUN-20260927-034544-CE4C7A
CASE-FBEDB110,TXN-94B121F5,TRANSACTION_SUSPECT,U-1087,1e365332-0e12-41ce-94d5-43525d2537d7,P1,OPEN,105,AML_CRITICAL_QUEUE,AUTO_ALERT,TRANSACTION_SUSPECT,"{'trans_id': '1e365332-0e12-41ce-94d5-43525d2537d7', 'sender_id': 'U-1087', 'receiver_id': 'U-1094', 'amount': 337534.96, 'currency': 'INR', 'transaction_type': 'LAYERING_STEP', 'channel': 'NEFT', 'sender_bal_before': 373958.97, 'sender_bal_after': 36424.01, 'receiver_bal_after': 205289.42, 'timestamp': '2026-09-27T09:32:22.693400+05:30', 'location': 'Delhi', 'is_sim_bound': False, 'is_sim_bound_at_tx': 0, 'device_id': 'D-30061', 'time_to_pay_ms': 17, 'scenario_type': 'P1_CRITICAL', 'scenario_variant': 'LAYERING', 'scenario_risk_band': 'P1', 'txn_velocity_1h': 26, 'drain_ratio': 0.9026, 'forwarding_delay_mins': 4, 'balance_depletion_speed': 28170.8361, 'amount_deviation': 0.0633, 'avg_tx_amount_7d': 317443.18, 'distance_from_1L_threshold': 237534.96, 'distance_from_50k_threshold': 287534.96, 'empty_account_flag': 0, 'is_night_tx': 1, 'is_round_amount': 0, 'near_threshold_flag': 0, 'account_age_days': 14, 'device_shared_count': 16, 'ip_shared_count': 8, 'graph_score': 0.9482, 'fallback_behavior_score': 0.9184, 'fallback_sequence_score': 0.9121, 'fallback_graph_score': 0.9482, 'identity_trust_score': 8.02, 'device_trust_score': 11.81, 'sim_binding_ok': 0, 'sim_swap_flag': 1, 'vpn_flag': 1, 'hosting_flag': 1, 'city_mismatch_flag': 1, 'device_age_years': 0.17, 'network_risk_score': 0.9477, 'known_fraud_connections': 5, 'known_fraud_neighbors': 5, 'mule_cluster_size': 21, 'inbound_sources': 7, 'outbound_dest': 5, 'rapid_account_cluster_flag': 1, 'mule_cluster_flag': 1, 'tx_count_24h': 37, 'unique_receivers_7d': 7, 'days_since_last_tx': 0, 'high_value_txn': 1, 'rapid_movement': 1, 'rapid_outbound_after_inbound': 1, 'pass_through_ratio': 0.9298, 'structuring_pattern': 0, 'fragmentation_score': 0.0633, 'night_high_value_txn': 1, 'velocity_risk_score': 0.9781, 'signals': ['P1_CRITICAL', 'LAYERING', 'LAYERING_CHAIN', 'MULE_CLUSTER', 'SHORT_FORWARDING_DELAY', 'SIM_NOT_BOUND', 'REALTIME_SCENARIO_BEHAVIOR_FALLBACK', 'GATHER_SCATTER', 'HIGH_VALUE_TRANSFER', 'VERY_HIGH_VALUE_TRANSACTION', 'NEO4J_UNAVAILABLE', 'REALTIME_SCENARIO_GRAPH_FALLBACK', 'CRITICAL_RISK', 'URGENT_REVIEW'], 'pair_repeat_count': 1, 'decision': 'BLOCK', 'engine_decision': 'BLOCK', 'priority': 'P1', 'status': 'BLOCKED', 'risk': 0.9432, 'final_score': 0.9432, 'behavior_score': 0.9184, 'behaviorScore': 0.9184, 'sequence_score': 0.9121, 'sequenceScore': 0.9121, 'graphScore': 0.9482, 'neo4j_graph_score': 0.9482, 'rule_score': 1.0, 'behavior_label': 'UNKNOWN', 'sequence_pattern': 'GATHER_SCATTER', 'community_risk': 'CRITICAL', 'network_role': 'UNKNOWN', 'reasons': ['Critical mule laundering pattern detected', 'Realtime scenario behavior fallback', 'GATHER_SCATTER', 'Connected to mule cluster'], 'alert_type': 'TRANSACTION_SUSPECT', 'requires_review': False, 'requires_block': True, 'requires_case': True, 'sla_minutes': 15, 'escalation_minutes': 20, 'queue': 'AML_CRITICAL_QUEUE', 'severity': 'CRITICAL'}",2026-09-27T04:02:22.972931,2026-09-27T04:02:23.004746+00:00,,,,,,RUN-20260927-034544-CE4C7A
CASE-3634516F,TXN-447ADE80,TRANSACTION_SUSPECT,U-1078,4fc18fad-d232-4ba4-bcc3-12080f8d490f,P1,OPEN,101,AML_CRITICAL_QUEUE,AUTO_ALERT,TRANSACTION_SUSPECT,"{'trans_id': '4fc18fad-d232-4ba4-bcc3-12080f8d490f', 'sender_id': 'U-1078', 'receiver_id': 'U-1098', 'amount': 321182.94, 'currency': 'INR', 'transaction_type': 'LAYERING_STEP', 'channel': 'UPI', 'sender_bal_before': 333732.37, 'sender_bal_after': 12549.43, 'receiver_bal_after': 83878.02, 'timestamp': '2026-09-27T09:32:28.122373+05:30', 'location': 'Hyderabad', 'is_sim_bound': False, 'is_sim_bound_at_tx': 0, 'device_id': 'D-30093', 'time_to_pay_ms': 55, 'scenario_type': 'P1_CRITICAL', 'scenario_variant': 'LAYERING', 'scenario_risk_band': 'P1', 'txn_velocity_1h': 40, 'drain_ratio': 0.9624, 'forwarding_delay_mins': 2, 'balance_depletion_speed': 96717.0805, 'amount_deviation': 0.0919, 'avg_tx_amount_7d': 353700.82, 'distance_from_1L_threshold': 221182.94, 'distance_from_50k_threshold': 271182.94, 'empty_account_flag': 1, 'is_night_tx': 1, 'is_round_amount': 0, 'near_threshold_flag': 0, 'account_age_days': 15, 'device_shared_count': 18, 'ip_shared_count': 14, 'graph_score': 0.9695, 'fallback_behavior_score': 0.9045, 'fallback_sequence_score': 0.918, 'fallback_graph_score': 0.9695, 'identity_trust_score': 15.19, 'device_trust_score': 12.95, 'sim_binding_ok': 0, 'sim_swap_flag': 1, 'vpn_flag': 1, 'hosting_flag': 0, 'city_mismatch_flag': 1, 'device_age_years': 0.78, 'network_risk_score': 0.7648, 'known_fraud_connections': 9, 'known_fraud_neighbors': 9, 'mule_cluster_size': 19, 'inbound_sources': 11, 'outbound_dest': 5, 'rapid_account_cluster_flag': 1, 'mule_cluster_flag': 1, 'tx_count_24h': 43, 'unique_receivers_7d': 12, 'days_since_last_tx': 0, 'high_value_txn': 1, 'rapid_movement': 1, 'rapid_outbound_after_inbound': 1, 'pass_through_ratio': 0.9027, 'structuring_pattern': 0, 'fragmentation_score': 0.0919, 'night_high_value_txn': 1, 'velocity_risk_score': 0.9474, 'signals': ['P1_CRITICAL', 'LAYERING', 'LAYERING_CHAIN', 'MULE_CLUSTER', 'SHORT_FORWARDING_DELAY', 'SIM_NOT_BOUND', 'REALTIME_SCENARIO_BEHAVIOR_FALLBACK', 'GATHER_SCATTER', 'HIGH_VALUE_TRANSFER', 'VERY_HIGH_VALUE_TRANSACTION', 'NEO4J_UNAVAILABLE', 'REALTIME_SCENARIO_GRAPH_FALLBACK', 'CRITICAL_RISK', 'URGENT_REVIEW'], 'pair_repeat_count': 1, 'decision': 'BLOCK', 'engine_decision': 'BLOCK', 'priority': 'P1', 'status': 'BLOCKED', 'risk': 0.9447, 'final_score': 0.9447, 'behavior_score': 0.9045, 'behaviorScore': 0.9045, 'sequence_score': 0.918, 'sequenceScore': 0.918, 'graphScore': 0.9695, 'neo4j_graph_score': 0.9695, 'rule_score': 1.0, 'behavior_label': 'UNKNOWN', 'sequence_pattern': 'GATHER_SCATTER', 'community_risk': 'CRITICAL', 'network_role': 'UNKNOWN', 'reasons': ['Critical mule laundering pattern detected', 'Realtime scenario behavior fallback', 'GATHER_SCATTER', 'Connected to mule cluster'], 'alert_type': 'TRANSACTION_SUSPECT', 'requires_review': False, 'requires_block': True, 'requires_case': True, 'sla_minutes': 15, 'escalation_minutes': 20, 'queue': 'AML_CRITICAL_QUEUE', 'severity': 'CRITICAL'}",2026-09-27T04:02:28.570107,2026-09-27T04:02:28.606874+00:00,,,,,,RUN-20260927-034544-CE4C7A
CASE-158F3D72,TXN-C247D018,TRANSACTION_SUSPECT,U-1080,4d395f6d-a45e-4e7c-9b30-5ea95b1c4269,P1,OPEN,101,AML_CRITICAL_QUEUE,AUTO_ALERT,TRANSACTION_SUSPECT,"{'trans_id': '4d395f6d-a45e-4e7c-9b30-5ea95b1c4269', 'sender_id': 'U-1080', 'receiver_id': 'M-2043', 'amount': 98680.99, 'currency': 'INR', 'transaction_type': 'LAYERING_STEP', 'channel': 'NEFT', 'sender_bal_before': 108200.94, 'sender_bal_after': 9519.95, 'receiver_bal_after': 446237.76, 'timestamp': '2026-09-27T09:33:58.922366+05:30', 'location': 'Pune', 'is_sim_bound': False, 'is_sim_bound_at_tx': 0, 'device_id': 'D-30060', 'time_to_pay_ms': 245, 'scenario_type': 'P1_CRITICAL', 'scenario_variant': 'LAYERING', 'scenario_risk_band': 'P1', 'txn_velocity_1h': 28, 'drain_ratio': 0.912, 'forwarding_delay_mins': 5, 'balance_depletion_speed': 9467.2707, 'amount_deviation': 0.1778, 'avg_tx_amount_7d': 83786.76, 'distance_from_1L_threshold': 1319.01, 'distance_from_50k_threshold': 48680.99, 'empty_account_flag': 0, 'is_night_tx': 1, 'is_round_amount': 0, 'near_threshold_flag': 1, 'account_age_days': 55, 'device_shared_count': 13, 'ip_shared_count': 11, 'graph_score': 0.9837, 'fallback_behavior_score': 0.9379, 'fallback_sequence_score': 0.9222, 'fallback_graph_score': 0.9837, 'identity_trust_score': 16.67, 'device_trust_score': 16.66, 'sim_binding_ok': 0, 'sim_swap_flag': 1, 'vpn_flag': 1, 'hosting_flag': 0, 'city_mismatch_flag': 1, 'device_age_years': 1.17, 'network_risk_score': 0.8938, 'known_fraud_connections': 14, 'known_fraud_neighbors': 14, 'mule_cluster_size': 29, 'inbound_sources': 10, 'outbound_dest': 10, 'rapid_account_cluster_flag': 1, 'mule_cluster_flag': 1, 'tx_count_24h': 40, 'unique_receivers_7d': 7, 'days_since_last_tx': 0, 'high_value_txn': 1, 'rapid_movement': 1, 'rapid_outbound_after_inbound': 1, 'pass_through_ratio': 0.9873, 'structuring_pattern': 0, 'fragmentation_score': 0.1778, 'night_high_value_txn': 1, 'velocity_risk_score': 0.9549, 'signals': ['P1_CRITICAL', 'LAYERING', 'LAYERING_CHAIN', 'MULE_CLUSTER', 'SHORT_FORWARDING_DELAY', 'SIM_NOT_BOUND', 'REALTIME_SCENARIO_BEHAVIOR_FALLBACK', 'GATHER_SCATTER', 'HIGH_VALUE_TRANSFER', 'NEO4J_UNAVAILABLE', 'REALTIME_SCENARIO_GRAPH_FALLBACK', 'CRITICAL_RISK', 'URGENT_REVIEW'], 'pair_repeat_count': 1, 'decision': 'BLOCK', 'engine_decision': 'BLOCK', 'priority': 'P1', 'status': 'BLOCKED', 'risk': 0.9587, 'final_score': 0.9587, 'behavior_score': 0.9379, 'behaviorScore': 0.9379, 'sequence_score': 0.9222, 'sequenceScore': 0.9222, 'graphScore': 0.9837, 'neo4j_graph_score': 0.9837, 'rule_score': 1.0, 'behavior_label': 'UNKNOWN', 'sequence_pattern': 'GATHER_SCATTER', 'community_risk': 'CRITICAL', 'network_role': 'UNKNOWN', 'reasons': ['Critical mule laundering pattern detected', 'Realtime scenario behavior fallback', 'GATHER_SCATTER', 'Connected to mule cluster'], 'alert_type': 'TRANSACTION_SUSPECT', 'requires_review': False, 'requires_block': True, 'requires_case': True, 'sla_minutes': 15, 'escalation_minutes': 20, 'queue': 'AML_CRITICAL_QUEUE', 'severity': 'CRITICAL'}",2026-09-27T04:03:59.340488,2026-09-27T04:03:59.392429+00:00,,,,,,RUN-20260927-034544-CE4C7A
CASE-CBE68A47,TXN-093FCBEF,TRANSACTION_SUSPECT,U-1082,00b25597-57f2-4731-91c4-76617cf64442,P1,OPEN,103,AML_CRITICAL_QUEUE,AUTO_ALERT,TRANSACTION_SUSPECT,"{'trans_id': '00b25597-57f2-4731-91c4-76617cf64442', 'sender_id': 'U-1082', 'receiver_id': 'M-2042', 'amount': 49758.21, 'currency': 'INR', 'transaction_type': 'STRUCTURING', 'channel': 'IMPS', 'sender_bal_before': 52410.52, 'sender_bal_after': 2652.31, 'receiver_bal_after': 454312.02, 'timestamp': '2026-09-27T09:35:21.306214+05:30', 'location': 'Hyderabad', 'is_sim_bound': False, 'is_sim_bound_at_tx': 0, 'device_id': 'D-30062', 'time_to_pay_ms': 30, 'scenario_type': 'P1_CRITICAL', 'scenario_variant': 'STRUCTURING', 'scenario_risk_band': 'P1', 'txn_velocity_1h': 42, 'drain_ratio': 0.9494, 'forwarding_delay_mins': 5, 'balance_depletion_speed': 4379.9132, 'amount_deviation': 0.0193, 'avg_tx_amount_7d': 50737.89, 'distance_from_1L_threshold': 50241.79, 'distance_from_50k_threshold': 241.79, 'empty_account_flag': 0, 'is_night_tx': 1, 'is_round_amount': 0, 'near_threshold_flag': 1, 'account_age_days': 9, 'device_shared_count': 10, 'ip_shared_count': 7, 'graph_score': 0.964, 'fallback_behavior_score': 0.9187, 'fallback_sequence_score': 0.9873, 'fallback_graph_score': 0.964, 'identity_trust_score': 22.49, 'device_trust_score': 15.2, 'sim_binding_ok': 0, 'sim_swap_flag': 1, 'vpn_flag': 1, 'hosting_flag': 1, 'city_mismatch_flag': 1, 'device_age_years': 0.44, 'network_risk_score': 0.8391, 'known_fraud_connections': 13, 'known_fraud_neighbors': 13, 'mule_cluster_size': 16, 'inbound_sources': 9, 'outbound_dest': 4, 'rapid_account_cluster_flag': 1, 'mule_cluster_flag': 1, 'tx_count_24h': 42, 'unique_receivers_7d': 7, 'days_since_last_tx': 0, 'high_value_txn': 1, 'rapid_movement': 1, 'rapid_outbound_after_inbound': 1, 'pass_through_ratio': 0.9713, 'structuring_pattern': 1, 'fragmentation_score': 0.9713, 'night_high_value_txn': 1, 'velocity_risk_score': 0.9176, 'signals': ['P1_CRITICAL', 'STRUCTURING', 'NEAR_THRESHOLD', 'HIGH_VALUE_TRANSFER', 'REALTIME_SCENARIO_BEHAVIOR_FALLBACK', 'GATHER_SCATTER', 'NEO4J_UNAVAILABLE', 'REALTIME_SCENARIO_GRAPH_FALLBACK', 'CRITICAL_RISK', 'URGENT_REVIEW'], 'pair_repeat_count': 1, 'decision': 'BLOCK', 'engine_decision': 'BLOCK', 'priority': 'P1', 'status': 'BLOCKED', 'risk': 0.9652, 'final_score': 0.9652, 'behavior_score': 0.9187, 'behaviorScore': 0.9187, 'sequence_score': 0.9873, 'sequenceScore': 0.9873, 'graphScore': 0.964, 'neo4j_graph_score': 0.964, 'rule_score': 1.0, 'behavior_label': 'UNKNOWN', 'sequence_pattern': 'GATHER_SCATTER', 'community_risk': 'CRITICAL', 'network_role': 'UNKNOWN', 'reasons': ['Critical mule laundering pattern detected', 'Realtime scenario behavior fallback', 'GATHER_SCATTER', 'Connected to mule cluster'], 'alert_type': 'TRANSACTION_SUSPECT', 'requires_review': False, 'requires_block': True, 'requires_case': True, 'sla_minutes': 15, 'escalation_minutes': 20, 'queue': 'AML_CRITICAL_QUEUE', 'severity': 'CRITICAL'}",2026-09-27T04:05:21.526933,2026-09-27T04:05:21.561590+00:00,,,,,,RUN-20260927-034544-CE4C7A
CASE-68347766,TXN-6AAEF093,TRANSACTION_SUSPECT,U-1087,781137c6-1b21-43b4-99fc-d4b67d5e2f36,P1,OPEN,105,AML_CRITICAL_QUEUE,AUTO_ALERT,TRANSACTION_SUSPECT,"{'trans_id': '781137c6-1b21-43b4-99fc-d4b67d5e2f36', 'sender_id': 'U-1087', 'receiver_id': 'U-1091', 'amount': 390906.1, 'currency': 'INR', 'transaction_type': 'GATHER_SCATTER', 'channel': 'IMPS', 'sender_bal_before': 424639.43, 'sender_bal_after': 33733.33, 'receiver_bal_after': 426286.19, 'timestamp': '2026-09-27T09:36:03.487342+05:30', 'location': 'Mumbai', 'is_sim_bound': False, 'is_sim_bound_at_tx': 0, 'device_id': 'D-30071', 'time_to_pay_ms': 167, 'scenario_type': 'P1_CRITICAL', 'scenario_variant': 'GATHER_SCATTER', 'scenario_risk_band': 'P1', 'txn_velocity_1h': 39, 'drain_ratio': 0.9206, 'forwarding_delay_mins': 4, 'balance_depletion_speed': 80641.9438, 'amount_deviation': 0.0066, 'avg_tx_amount_7d': 393521.01, 'distance_from_1L_threshold': 290906.1, 'distance_from_50k_threshold': 340906.1, 'empty_account_flag': 0, 'is_night_tx': 0, 'is_round_amount': 0, 'near_threshold_flag': 0, 'account_age_days': 7, 'device_shared_count': 16, 'ip_shared_count': 15, 'graph_score': 0.9303, 'fallback_behavior_score': 0.9216, 'fallback_sequence_score': 0.9028, 'fallback_graph_score': 0.9303, 'identity_trust_score': 28.8, 'device_trust_score': 7.52, 'sim_binding_ok': 0, 'sim_swap_flag': 1, 'vpn_flag': 1, 'hosting_flag': 1, 'city_mismatch_flag': 1, 'device_age_years': 0.59, 'network_risk_score': 0.8713, 'known_fraud_connections': 7, 'known_fraud_neighbors': 7, 'mule_cluster_size': 13, 'inbound_sources': 11, 'outbound_dest': 5, 'rapid_account_cluster_flag': 1, 'mule_cluster_flag': 1, 'tx_count_24h': 34, 'unique_receivers_7d': 5, 'days_since_last_tx': 0, 'high_value_txn': 1, 'rapid_movement': 1, 'rapid_outbound_after_inbound': 1, 'pass_through_ratio': 0.9206, 'structuring_pattern': 0, 'fragmentation_score': 0.0066, 'night_high_value_txn': 1, 'velocity_risk_score': 0.9199, 'signals': ['P1_CRITICAL', 'GATHER_SCATTER', 'RAPID_DRAIN', 'MULE_CLUSTER', 'SIM_NOT_BOUND', 'REALTIME_SCENARIO_BEHAVIOR_FALLBACK', 'HIGH_VALUE_TRANSFER', 'VERY_HIGH_VALUE_TRANSACTION', 'NEO4J_UNAVAILABLE', 'REALTIME_SCENARIO_GRAPH_FALLBACK', 'CRITICAL_RISK', 'URGENT_REVIEW'], 'pair_repeat_count': 1, 'decision': 'BLOCK', 'engine_decision': 'BLOCK', 'priority': 'P1', 'status': 'BLOCKED', 'risk': 0.9382, 'final_score': 0.9382, 'behavior_score': 0.9216, 'behaviorScore': 0.9216, 'sequence_score': 0.9028, 'sequenceScore': 0.9028, 'graphScore': 0.9303, 'neo4j_graph_score': 0.9303, 'rule_score': 1.0, 'behavior_label': 'UNKNOWN', 'sequence_pattern': 'GATHER_SCATTER', 'community_risk': 'CRITICAL', 'network_role': 'UNKNOWN', 'reasons': ['Critical mule laundering pattern detected', 'Realtime scenario behavior fallback', 'GATHER_SCATTER', 'Connected to mule cluster'], 'alert_type': 'TRANSACTION_SUSPECT', 'requires_review': False, 'requires_block': True, 'requires_case': True, 'sla_minutes': 15, 'escalation_minutes': 20, 'queue': 'AML_CRITICAL_QUEUE', 'severity': 'CRITICAL'}",2026-09-27T04:06:03.597482,2026-09-27T04:06:03.630885+00:00,,,,,,RUN-20260927-034544-CE4C7A
CASE-3C2AA1FB,TXN-DFE0B9A9,TRANSACTION_SUSPECT,U-1080,f31eddaa-4b33-47ea-be77-ff485137da23,P1,OPEN,104,AML_CRITICAL_QUEUE,AUTO_ALERT,TRANSACTION_SUSPECT,"{'trans_id': 'f31eddaa-4b33-47ea-be77-ff485137da23', 'sender_id': 'U-1080', 'receiver_id': 'U-1089', 'amount': 49709.57, 'currency': 'INR', 'transaction_type': 'STRUCTURING', 'channel': 'IMPS', 'sender_bal_before': 53228.47, 'sender_bal_after': 3518.9, 'receiver_bal_after': 655630.11, 'timestamp': '2026-09-27T09:37:13.288810+05:30', 'location': 'Delhi', 'is_sim_bound': False, 'is_sim_bound_at_tx': 0, 'device_id': 'D-30083', 'time_to_pay_ms': 169, 'scenario_type': 'P1_CRITICAL', 'scenario_variant': 'STRUCTURING', 'scenario_risk_band': 'P1', 'txn_velocity_1h': 39, 'drain_ratio': 0.9339, 'forwarding_delay_mins': 4, 'balance_depletion_speed': 10664.5732, 'amount_deviation': 0.0562, 'avg_tx_amount_7d': 52669.9, 'distance_from_1L_threshold': 50290.43, 'distance_from_50k_threshold': 290.43, 'empty_account_flag': 0, 'is_night_tx': 0, 'is_round_amount': 0, 'near_threshold_flag': 1, 'account_age_days': 13, 'device_shared_count': 14, 'ip_shared_count': 6, 'graph_score': 0.9012, 'fallback_behavior_score': 0.9131, 'fallback_sequence_score': 0.9883, 'fallback_graph_score': 0.9012, 'identity_trust_score': 27.93, 'device_trust_score': 20.28, 'sim_binding_ok': 0, 'sim_swap_flag': 1, 'vpn_flag': 1, 'hosting_flag': 1, 'city_mismatch_flag': 1, 'device_age_years': 0.59, 'network_risk_score': 0.8162, 'known_fraud_connections': 6, 'known_fraud_neighbors': 6, 'mule_cluster_size': 20, 'inbound_sources': 10, 'outbound_dest': 8, 'rapid_account_cluster_flag': 1, 'mule_cluster_flag': 1, 'tx_count_24h': 24, 'unique_receivers_7d': 9, 'days_since_last_tx': 0, 'high_value_txn': 1, 'rapid_movement': 1, 'rapid_outbound_after_inbound': 1, 'pass_through_ratio': 0.9211, 'structuring_pattern': 1, 'fragmentation_score': 0.9211, 'night_high_value_txn': 1, 'velocity_risk_score': 0.9562, 'signals': ['P1_CRITICAL', 'STRUCTURING', 'NEAR_THRESHOLD', 'HIGH_VALUE_TRANSFER', 'REALTIME_SCENARIO_BEHAVIOR_FALLBACK', 'GATHER_SCATTER', 'NEO4J_UNAVAILABLE', 'REALTIME_SCENARIO_GRAPH_FALLBACK', 'CRITICAL_RISK', 'URGENT_REVIEW'], 'pair_repeat_count': 1, 'decision': 'BLOCK', 'engine_decision': 'BLOCK', 'priority': 'P1', 'status': 'BLOCKED', 'risk': 0.9512, 'final_score': 0.9512, 'behavior_score': 0.9131, 'behaviorScore': 0.9131, 'sequence_score': 0.9883, 'sequenceScore': 0.9883, 'graphScore': 0.9012, 'neo4j_graph_score': 0.9012, 'rule_score': 1.0, 'behavior_label': 'UNKNOWN', 'sequence_pattern': 'GATHER_SCATTER', 'community_risk': 'CRITICAL', 'network_role': 'UNKNOWN', 'reasons': ['Critical mule laundering pattern detected', 'Realtime scenario behavior fallback', 'GATHER_SCATTER', 'Connected to mule cluster'], 'alert_type': 'TRANSACTION_SUSPECT', 'requires_review': False, 'requires_block': True, 'requires_case': True, 'sla_minutes': 15, 'escalation_minutes': 20, 'queue': 'AML_CRITICAL_QUEUE', 'severity': 'CRITICAL'}",2026-09-27T04:07:13.457766,2026-09-27T04:07:13.487107+00:00,,,,,,RUN-20260927-034544-CE4C7A
CASE-C3172749,TXN-7BFF01B0,TRANSACTION_SUSPECT,U-1087,5c021ffb-6433-4d7e-a218-ca440009ba97,P1,OPEN,102,AML_CRITICAL_QUEUE,AUTO_ALERT,TRANSACTION_SUSPECT,"{'trans_id': '5c021ffb-6433-4d7e-a218-ca440009ba97', 'sender_id': 'U-1087', 'receiver_id': 'U-1092', 'amount': 99432.05, 'currency': 'INR', 'transaction_type': 'STRUCTURING', 'channel': 'NEFT', 'sender_bal_before': 107029.8, 'sender_bal_after': 7597.75, 'receiver_bal_after': 726026.76, 'timestamp': '2026-09-27T09:37:33.785312+05:30', 'location': 'Kolkata', 'is_sim_bound': False, 'is_sim_bound_at_tx': 0, 'device_id': 'D-30070', 'time_to_pay_ms': 102, 'scenario_type': 'P1_CRITICAL', 'scenario_variant': 'STRUCTURING', 'scenario_risk_band': 'P1', 'txn_velocity_1h': 41, 'drain_ratio': 0.929, 'forwarding_delay_mins': 2, 'balance_depletion_speed': 11232.2759, 'amount_deviation': 0.035, 'avg_tx_amount_7d': 96071.53, 'distance_from_1L_threshold': 567.95, 'distance_from_50k_threshold': 49432.05, 'empty_account_flag': 0, 'is_night_tx': 0, 'is_round_amount': 0, 'near_threshold_flag': 1, 'account_age_days': 43, 'device_shared_count': 19, 'ip_shared_count': 8, 'graph_score': 0.93, 'fallback_behavior_score': 0.982, 'fallback_sequence_score': 0.9454, 'fallback_graph_score': 0.93, 'identity_trust_score': 16.71, 'device_trust_score': 21.05, 'sim_binding_ok': 0, 'sim_swap_flag': 1, 'vpn_flag': 1, 'hosting_flag': 0, 'city_mismatch_flag': 1, 'device_age_years': 1.27, 'network_risk_score': 0.8107, 'known_fraud_connections': 15, 'known_fraud_neighbors': 15, 'mule_cluster_size': 18, 'inbound_sources': 7, 'outbound_dest': 8, 'rapid_account_cluster_flag': 1, 'mule_cluster_flag': 1, 'tx_count_24h': 40, 'unique_receivers_7d': 5, 'days_since_last_tx': 0, 'high_value_txn': 1, 'rapid_movement': 1, 'rapid_outbound_after_inbound': 1, 'pass_through_ratio': 0.9033, 'structuring_pattern': 1, 'fragmentation_score': 0.9033, 'night_high_value_txn': 1, 'velocity_risk_score': 0.9039, 'signals': ['P1_CRITICAL', 'STRUCTURING', 'NEAR_THRESHOLD', 'HIGH_VALUE_TRANSFER', 'REALTIME_SCENARIO_BEHAVIOR_FALLBACK', 'GATHER_SCATTER', 'NEO4J_UNAVAILABLE', 'REALTIME_SCENARIO_GRAPH_FALLBACK', 'CRITICAL_RISK', 'URGENT_REVIEW'], 'pair_repeat_count': 1, 'decision': 'BLOCK', 'engine_decision': 'BLOCK', 'priority': 'P1', 'status': 'BLOCKED', 'risk': 0.967, 'final_score': 0.967, 'behavior_score': 0.982, 'behaviorScore': 0.982, 'sequence_score': 0.9454, 'sequenceScore': 0.9454, 'graphScore': 0.93, 'neo4j_graph_score': 0.93, 'rule_score': 1.0, 'behavior_label': 'UNKNOWN', 'sequence_pattern': 'GATHER_SCATTER', 'community_risk': 'CRITICAL', 'network_role': 'UNKNOWN', 'reasons': ['Critical mule laundering pattern detected', 'Realtime scenario behavior fallback', 'GATHER_SCATTER', 'Connected to mule cluster'], 'alert_type': 'TRANSACTION_SUSPECT', 'requires_review': False, 'requires_block': True, 'requires_case': True, 'sla_minutes': 15, 'escalation_minutes': 20, 'queue': 'AML_CRITICAL_QUEUE', 'severity': 'CRITICAL'}",2026-09-27T04:07:33.912844,2026-09-27T04:07:33.944688+00:00,,,,,,RUN-20260927-034544-CE4C7A
CASE-4B19DE65,TXN-63F9FCF1,TRANSACTION_SUSPECT,U-1084,2fb6de06-62ed-4be0-82ae-c59a3a3a8df8,P1,OPEN,105,AML_CRITICAL_QUEUE,AUTO_ALERT,TRANSACTION_SUSPECT,"{'trans_id': '2fb6de06-62ed-4be0-82ae-c59a3a3a8df8', 'sender_id': 'U-1084', 'receiver_id': 'U-1097', 'amount': 307089.45, 'currency': 'INR', 'transaction_type': 'GATHER_SCATTER', 'channel': 'UPI', 'sender_bal_before': 325535.39, 'sender_bal_after': 18445.94, 'receiver_bal_after': 348030.78, 'timestamp': '2026-09-27T09:38:12.099045+05:30', 'location': 'Bengaluru', 'is_sim_bound': False, 'is_sim_bound_at_tx': 0, 'device_id': 'D-30086', 'time_to_pay_ms': 152, 'scenario_type': 'P1_CRITICAL', 'scenario_variant': 'GATHER_SCATTER', 'scenario_risk_band': 'P1', 'txn_velocity_1h': 37, 'drain_ratio': 0.9433, 'forwarding_delay_mins': 1, 'balance_depletion_speed': 45179.2695, 'amount_deviation': 0.0184, 'avg_tx_amount_7d': 301528.55, 'distance_from_1L_threshold': 207089.45, 'distance_from_50k_threshold': 257089.45, 'empty_account_flag': 0, 'is_night_tx': 0, 'is_round_amount': 0, 'near_threshold_flag': 0, 'account_age_days': 28, 'device_shared_count': 11, 'ip_shared_count': 15, 'graph_score': 0.9207, 'fallback_behavior_score': 0.9052, 'fallback_sequence_score': 0.9612, 'fallback_graph_score': 0.9207, 'identity_trust_score': 12.19, 'device_trust_score': 6.86, 'sim_binding_ok': 0, 'sim_swap_flag': 1, 'vpn_flag': 1, 'hosting_flag': 1, 'city_mismatch_flag': 1, 'device_age_years': 0.55, 'network_risk_score': 0.7847, 'known_fraud_connections': 14, 'known_fraud_neighbors': 14, 'mule_cluster_size': 18, 'inbound_sources': 11, 'outbound_dest': 11, 'rapid_account_cluster_flag': 1, 'mule_cluster_flag': 1, 'tx_count_24h': 33, 'unique_receivers_7d': 12, 'days_since_last_tx': 0, 'high_value_txn': 1, 'rapid_movement': 1, 'rapid_outbound_after_inbound': 1, 'pass_through_ratio': 0.9472, 'structuring_pattern': 0, 'fragmentation_score': 0.0184, 'night_high_value_txn': 1, 'velocity_risk_score': 0.9512, 'signals': ['P1_CRITICAL', 'GATHER_SCATTER', 'RAPID_DRAIN', 'MULE_CLUSTER', 'SIM_NOT_BOUND', 'REALTIME_SCENARIO_BEHAVIOR_FALLBACK', 'HIGH_VALUE_TRANSFER', 'VERY_HIGH_VALUE_TRANSACTION', 'NEO4J_UNAVAILABLE', 'REALTIME_SCENARIO_GRAPH_FALLBACK', 'CRITICAL_RISK', 'URGENT_REVIEW'], 'pair_repeat_count': 1, 'decision': 'BLOCK', 'engine_decision': 'BLOCK', 'priority': 'P1', 'status': 'BLOCKED', 'risk': 0.946, 'final_score': 0.946, 'behavior_score': 0.9052, 'behaviorScore': 0.9052, 'sequence_score': 0.9612, 'sequenceScore': 0.9612, 'graphScore': 0.9207, 'neo4j_graph_score': 0.9207, 'rule_score': 1.0, 'behavior_label': 'UNKNOWN', 'sequence_pattern': 'GATHER_SCATTER', 'community_risk': 'CRITICAL', 'network_role': 'UNKNOWN', 'reasons': ['Critical mule laundering pattern detected', 'Realtime scenario behavior fallback', 'GATHER_SCATTER', 'Connected to mule cluster'], 'alert_type': 'TRANSACTION_SUSPECT', 'requires_review': False, 'requires_block': True, 'requires_case': True, 'sla_minutes': 15, 'escalation_minutes': 20, 'queue': 'AML_CRITICAL_QUEUE', 'severity': 'CRITICAL'}",2026-09-27T04:08:12.218752,2026-09-27T04:08:12.252200+00:00,,,,,,RUN-20260927-034544-CE4C7A
CASE-2B3E051B,TXN-651F32C5,TRANSACTION_SUSPECT,U-1079,c22626a8-3a04-4e50-ad95-9cab10af9720,P1,OPEN,102,AML_CRITICAL_QUEUE,AUTO_ALERT,TRANSACTION_SUSPECT,"{'trans_id': 'c22626a8-3a04-4e50-ad95-9cab10af9720', 'sender_id': 'U-1079', 'receiver_id': 'U-1099', 'amount': 318989.85, 'currency': 'INR', 'transaction_type': 'LAYERING_STEP', 'channel': 'UPI', 'sender_bal_before': 342620.15, 'sender_bal_after': 23630.3, 'receiver_bal_after': 86362.13, 'timestamp': '2026-09-27T09:39:24.842866+05:30', 'location': 'Hyderabad', 'is_sim_bound': False, 'is_sim_bound_at_tx': 0, 'device_id': 'D-30070', 'time_to_pay_ms': 120, 'scenario_type': 'P1_CRITICAL', 'scenario_variant': 'LAYERING', 'scenario_risk_band': 'P1', 'txn_velocity_1h': 37, 'drain_ratio': 0.931, 'forwarding_delay_mins': 3, 'balance_depletion_speed': 40540.5399, 'amount_deviation': 0.1785, 'avg_tx_amount_7d': 270678.49, 'distance_from_1L_threshold': 218989.85, 'distance_from_50k_threshold': 268989.85, 'empty_account_flag': 0, 'is_night_tx': 1, 'is_round_amount': 0, 'near_threshold_flag': 0, 'account_age_days': 8, 'device_shared_count': 8, 'ip_shared_count': 14, 'graph_score': 0.9012, 'fallback_behavior_score': 0.9406, 'fallback_sequence_score': 0.9026, 'fallback_graph_score': 0.9012, 'identity_trust_score': 26.12, 'device_trust_score': 13.55, 'sim_binding_ok': 0, 'sim_swap_flag': 1, 'vpn_flag': 1, 'hosting_flag': 1, 'city_mismatch_flag': 1, 'device_age_years': 0.89, 'network_risk_score': 0.9404, 'known_fraud_connections': 15, 'known_fraud_neighbors': 15, 'mule_cluster_size': 13, 'inbound_sources': 6, 'outbound_dest': 12, 'rapid_account_cluster_flag': 1, 'mule_cluster_flag': 1, 'tx_count_24h': 43, 'unique_receivers_7d': 10, 'days_since_last_tx': 0, 'high_value_txn': 1, 'rapid_movement': 1, 'rapid_outbound_after_inbound': 1, 'pass_through_ratio': 0.9434, 'structuring_pattern': 0, 'fragmentation_score': 0.1785, 'night_high_value_txn': 1, 'velocity_risk_score': 0.9798, 'signals': ['P1_CRITICAL', 'LAYERING', 'LAYERING_CHAIN', 'MULE_CLUSTER', 'SHORT_FORWARDING_DELAY', 'SIM_NOT_BOUND', 'REALTIME_SCENARIO_BEHAVIOR_FALLBACK', 'GATHER_SCATTER', 'HIGH_VALUE_TRANSFER', 'VERY_HIGH_VALUE_TRANSACTION', 'NEO4J_UNAVAILABLE', 'REALTIME_SCENARIO_GRAPH_FALLBACK', 'CRITICAL_RISK', 'URGENT_REVIEW'], 'pair_repeat_count': 1, 'decision': 'BLOCK', 'engine_decision': 'BLOCK', 'priority': 'P1', 'status': 'BLOCKED', 'risk': 0.9381, 'final_score': 0.9381, 'behavior_score': 0.9406, 'behaviorScore': 0.9406, 'sequence_score': 0.9026, 'sequenceScore': 0.9026, 'graphScore': 0.9012, 'neo4j_graph_score': 0.9012, 'rule_score': 1.0, 'behavior_label': 'UNKNOWN', 'sequence_pattern': 'GATHER_SCATTER', 'community_risk': 'CRITICAL', 'network_role': 'UNKNOWN', 'reasons': ['Critical mule laundering pattern detected', 'Realtime scenario behavior fallback', 'GATHER_SCATTER', 'Connected to mule cluster'], 'alert_type': 'TRANSACTION_SUSPECT', 'requires_review': False, 'requires_block': True, 'requires_case': True, 'sla_minutes': 15, 'escalation_minutes': 20, 'queue': 'AML_CRITICAL_QUEUE', 'severity': 'CRITICAL'}",2026-09-27T04:09:25.010639,2026-09-27T04:09:25.026851+00:00,,,,,,RUN-20260927-034544-CE4C7A
CASE-D263FDF6,TXN-7CAB6456,TRANSACTION_SUSPECT,U-1084,716ddec9-3b4b-430c-9def-49f64688fed1,P1,OPEN,104,AML_CRITICAL_QUEUE,AUTO_ALERT,TRANSACTION_SUSPECT,"{'trans_id': '716ddec9-3b4b-430c-9def-49f64688fed1', 'sender_id': 'U-1084', 'receiver_id': 'U-1088', 'amount': 99433.15, 'currency': 'INR', 'transaction_type': 'STRUCTURING', 'channel': 'NEFT', 'sender_bal_before': 103854.48, 'sender_bal_after': 4421.33, 'receiver_bal_after': 317476.93, 'timestamp': '2026-09-27T09:40:01.270289+05:30', 'location': 'Hyderabad', 'is_sim_bound': False, 'is_sim_bound_at_tx': 0, 'device_id': 'D-30078', 'time_to_pay_ms': 262, 'scenario_type': 'P1_CRITICAL', 'scenario_variant': 'STRUCTURING', 'scenario_risk_band': 'P1', 'txn_velocity_1h': 36, 'drain_ratio': 0.9574, 'forwarding_delay_mins': 3, 'balance_depletion_speed': 9374.3434, 'amount_deviation': 0.0679, 'avg_tx_amount_7d': 93111.74, 'distance_from_1L_threshold': 566.85, 'distance_from_50k_threshold': 49433.15, 'empty_account_flag': 1, 'is_night_tx': 0, 'is_round_amount': 0, 'near_threshold_flag': 1, 'account_age_days': 16, 'device_shared_count': 16, 'ip_shared_count': 7, 'graph_score': 0.984, 'fallback_behavior_score': 0.9398, 'fallback_sequence_score': 0.9536, 'fallback_graph_score': 0.984, 'identity_trust_score': 14.52, 'device_trust_score': 9.18, 'sim_binding_ok': 0, 'sim_swap_flag': 1, 'vpn_flag': 1, 'hosting_flag': 1, 'city_mismatch_flag': 1, 'device_age_years': 1.8, 'network_risk_score': 0.8416, 'known_fraud_connections': 5, 'known_fraud_neighbors': 5, 'mule_cluster_size': 16, 'inbound_sources': 6, 'outbound_dest': 8, 'rapid_account_cluster_flag': 1, 'mule_cluster_flag': 1, 'tx_count_24h': 26, 'unique_receivers_7d': 6, 'days_since_last_tx': 0, 'high_value_txn': 1, 'rapid_movement': 1, 'rapid_outbound_after_inbound': 1, 'pass_through_ratio': 0.9544, 'structuring_pattern': 1, 'fragmentation_score': 0.9544, 'night_high_value_txn': 1, 'velocity_risk_score': 0.9055, 'signals': ['P1_CRITICAL', 'STRUCTURING', 'NEAR_THRESHOLD', 'HIGH_VALUE_TRANSFER', 'REALTIME_SCENARIO_BEHAVIOR_FALLBACK', 'GATHER_SCATTER', 'NEO4J_UNAVAILABLE', 'REALTIME_SCENARIO_GRAPH_FALLBACK', 'CRITICAL_RISK', 'URGENT_REVIEW'], 'pair_repeat_count': 1, 'decision': 'BLOCK', 'engine_decision': 'BLOCK', 'priority': 'P1', 'status': 'BLOCKED', 'risk': 0.9671, 'final_score': 0.9671, 'behavior_score': 0.9398, 'behaviorScore': 0.9398, 'sequence_score': 0.9536, 'sequenceScore': 0.9536, 'graphScore': 0.984, 'neo4j_graph_score': 0.984, 'rule_score': 1.0, 'behavior_label': 'UNKNOWN', 'sequence_pattern': 'GATHER_SCATTER', 'community_risk': 'CRITICAL', 'network_role': 'UNKNOWN', 'reasons': ['Critical mule laundering pattern detected', 'Realtime scenario behavior fallback', 'GATHER_SCATTER', 'Connected to mule cluster'], 'alert_type': 'TRANSACTION_SUSPECT', 'requires_review': False, 'requires_block': True, 'requires_case': True, 'sla_minutes': 15, 'escalation_minutes': 20, 'queue': 'AML_CRITICAL_QUEUE', 'severity': 'CRITICAL'}",2026-09-27T04:10:01.547260,2026-09-27T04:10:01.595375+00:00,,,,,,RUN-20260927-034544-CE4C7A
CASE-F16400B7,TXN-587BD735,TRANSACTION_SUSPECT,U-1078,67fbf702-da7a-4657-986a-da8094c61d38,P1,OPEN,104,AML_CRITICAL_QUEUE,AUTO_ALERT,TRANSACTION_SUSPECT,"{'trans_id': '67fbf702-da7a-4657-986a-da8094c61d38', 'sender_id': 'U-1078', 'receiver_id': 'U-1092', 'amount': 112109.94, 'currency': 'INR', 'transaction_type': 'LAYERING_STEP', 'channel': 'IMPS', 'sender_bal_before': 123461.12, 'sender_bal_after': 11351.18, 'receiver_bal_after': 301992.28, 'timestamp': '2026-09-27T09:41:23.303791+05:30', 'location': 'Kolkata', 'is_sim_bound': False, 'is_sim_bound_at_tx': 0, 'device_id': 'D-30096', 'time_to_pay_ms': 57, 'scenario_type': 'P1_CRITICAL', 'scenario_variant': 'LAYERING', 'scenario_risk_band': 'P1', 'txn_velocity_1h': 27, 'drain_ratio': 0.9081, 'forwarding_delay_mins': 1, 'balance_depletion_speed': 30217.5273, 'amount_deviation': 0.0114, 'avg_tx_amount_7d': 113403.06, 'distance_from_1L_threshold': 12109.94, 'distance_from_50k_threshold': 62109.94, 'empty_account_flag': 0, 'is_night_tx': 1, 'is_round_amount': 0, 'near_threshold_flag': 0, 'account_age_days': 25, 'device_shared_count': 17, 'ip_shared_count': 5, 'graph_score': 0.9445, 'fallback_behavior_score': 0.9054, 'fallback_sequence_score': 0.9711, 'fallback_graph_score': 0.9445, 'identity_trust_score': 5.95, 'device_trust_score': 11.46, 'sim_binding_ok': 0, 'sim_swap_flag': 1, 'vpn_flag': 1, 'hosting_flag': 1, 'city_mismatch_flag': 1, 'device_age_years': 1.26, 'network_risk_score': 0.7758, 'known_fraud_connections': 5, 'known_fraud_neighbors': 5, 'mule_cluster_size': 26, 'inbound_sources': 8, 'outbound_dest': 10, 'rapid_account_cluster_flag': 1, 'mule_cluster_flag': 1, 'tx_count_24h': 41, 'unique_receivers_7d': 11, 'days_since_last_tx': 0, 'high_value_txn': 1, 'rapid_movement': 1, 'rapid_outbound_after_inbound': 1, 'pass_through_ratio': 0.9435, 'structuring_pattern': 0, 'fragmentation_score': 0.0114, 'night_high_value_txn': 1, 'velocity_risk_score': 0.9035, 'signals': ['P1_CRITICAL', 'LAYERING', 'LAYERING_CHAIN', 'MULE_CLUSTER', 'SHORT_FORWARDING_DELAY', 'SIM_NOT_BOUND', 'REALTIME_SCENARIO_BEHAVIOR_FALLBACK', 'GATHER_SCATTER', 'HIGH_VALUE_TRANSFER', 'VERY_HIGH_VALUE_TRANSACTION', 'NEO4J_UNAVAILABLE', 'REALTIME_SCENARIO_GRAPH_FALLBACK', 'CRITICAL_RISK', 'URGENT_REVIEW'], 'pair_repeat_count': 1, 'decision': 'BLOCK', 'engine_decision': 'BLOCK', 'priority': 'P1', 'status': 'BLOCKED', 'risk': 0.9533, 'final_score': 0.9533, 'behavior_score': 0.9054, 'behaviorScore': 0.9054, 'sequence_score': 0.9711, 'sequenceScore': 0.9711, 'graphScore': 0.9445, 'neo4j_graph_score': 0.9445, 'rule_score': 1.0, 'behavior_label': 'UNKNOWN', 'sequence_pattern': 'GATHER_SCATTER', 'community_risk': 'CRITICAL', 'network_role': 'UNKNOWN', 'reasons': ['Critical mule laundering pattern detected', 'Realtime scenario behavior fallback', 'GATHER_SCATTER', 'Connected to mule cluster'], 'alert_type': 'TRANSACTION_SUSPECT', 'requires_review': False, 'requires_block': True, 'requires_case': True, 'sla_minutes': 15, 'escalation_minutes': 20, 'queue': 'AML_CRITICAL_QUEUE', 'severity': 'CRITICAL'}",2026-09-27T04:11:23.420547,2026-09-27T04:11:23.452355+00:00,,,,,,RUN-20260927-034544-CE4C7A
CASE-24DD3985,TXN-CC0C1447,TRANSACTION_SUSPECT,U-1078,504a8a50-8dc4-48b5-b323-0888e509a976,P1,OPEN,105,AML_CRITICAL_QUEUE,AUTO_ALERT,TRANSACTION_SUSPECT,"{'trans_id': '504a8a50-8dc4-48b5-b323-0888e509a976', 'sender_id': 'U-1078', 'receiver_id': 'M-2046', 'amount': 406180.96, 'currency': 'INR', 'transaction_type': 'LAYERING_STEP', 'channel': 'NEFT', 'sender_bal_before': 424863.34, 'sender_bal_after': 18682.38, 'receiver_bal_after': 228236.11, 'timestamp': '2026-09-27T09:41:33.621731+05:30', 'location': 'Chennai', 'is_sim_bound': False, 'is_sim_bound_at_tx': 0, 'device_id': 'D-30061', 'time_to_pay_ms': 183, 'scenario_type': 'P1_CRITICAL', 'scenario_variant': 'LAYERING', 'scenario_risk_band': 'P1', 'txn_velocity_1h': 25, 'drain_ratio': 0.956, 'forwarding_delay_mins': 4, 'balance_depletion_speed': 34883.1442, 'amount_deviation': 0.098, 'avg_tx_amount_7d': 369926.1, 'distance_from_1L_threshold': 306180.96, 'distance_from_50k_threshold': 356180.96, 'empty_account_flag': 1, 'is_night_tx': 1, 'is_round_amount': 0, 'near_threshold_flag': 0, 'account_age_days': 41, 'device_shared_count': 10, 'ip_shared_count': 15, 'graph_score': 0.9045, 'fallback_behavior_score': 0.9884, 'fallback_sequence_score': 0.9861, 'fallback_graph_score': 0.9045, 'identity_trust_score': 6.7, 'device_trust_score': 20.83, 'sim_binding_ok': 0, 'sim_swap_flag': 1, 'vpn_flag': 1, 'hosting_flag': 1, 'city_mismatch_flag': 1, 'device_age_years': 1.58, 'network_risk_score': 0.7387, 'known_fraud_connections': 5, 'known_fraud_neighbors': 5, 'mule_cluster_size': 23, 'inbound_sources': 6, 'outbound_dest': 11, 'rapid_account_cluster_flag': 1, 'mule_cluster_flag': 1, 'tx_count_24h': 44, 'unique_receivers_7d': 10, 'days_since_last_tx': 0, 'high_value_txn': 1, 'rapid_movement': 1, 'rapid_outbound_after_inbound': 1, 'pass_through_ratio': 0.9104, 'structuring_pattern': 0, 'fragmentation_score': 0.098, 'night_high_value_txn': 1, 'velocity_risk_score': 0.9455, 'signals': ['P1_CRITICAL', 'LAYERING', 'LAYERING_CHAIN', 'MULE_CLUSTER', 'SHORT_FORWARDING_DELAY', 'SIM_NOT_BOUND', 'REALTIME_SCENARIO_BEHAVIOR_FALLBACK', 'GATHER_SCATTER', 'HIGH_VALUE_TRANSFER', 'VERY_HIGH_VALUE_TRANSACTION', 'NEO4J_UNAVAILABLE', 'REALTIME_SCENARIO_GRAPH_FALLBACK', 'CRITICAL_RISK', 'URGENT_REVIEW'], 'pair_repeat_count': 2, 'decision': 'BLOCK', 'engine_decision': 'BLOCK', 'priority': 'P1', 'status': 'BLOCKED', 'risk': 0.9739, 'final_score': 0.9739, 'behavior_score': 0.9884, 'behaviorScore': 0.9884, 'sequence_score': 0.9861, 'sequenceScore': 0.9861, 'graphScore': 0.9045, 'neo4j_graph_score': 0.9045, 'rule_score': 1.0, 'behavior_label': 'UNKNOWN', 'sequence_pattern': 'GATHER_SCATTER', 'community_risk': 'CRITICAL', 'network_role': 'UNKNOWN', 'reasons': ['Critical mule laundering pattern detected', 'Realtime scenario behavior fallback', 'GATHER_SCATTER', 'Connected to mule cluster'], 'alert_type': 'TRANSACTION_SUSPECT', 'requires_review': False, 'requires_block': True, 'requires_case': True, 'sla_minutes': 15, 'escalation_minutes': 20, 'queue': 'AML_CRITICAL_QUEUE', 'severity': 'CRITICAL'}",2026-09-27T04:11:33.821388,2026-09-27T04:11:33.852939+00:00,,,,,,RUN-20260927-034544-CE4C7A
CASE-D0A85D30,TXN-71AB5402,TRANSACTION_SUSPECT,U-1083,24df2a6f-d613-44cd-bef5-3a45e0731be2,P1,OPEN,103,AML_CRITICAL_QUEUE,AUTO_ALERT,TRANSACTION_SUSPECT,"{'trans_id': '24df2a6f-d613-44cd-bef5-3a45e0731be2', 'sender_id': 'U-1083', 'receiver_id': 'M-2044', 'amount': 301240.7, 'currency': 'INR', 'transaction_type': 'LAYERING_STEP', 'channel': 'UPI', 'sender_bal_before': 323966.6, 'sender_bal_after': 22725.9, 'receiver_bal_after': 494952.24, 'timestamp': '2026-09-27T09:43:36.491860+05:30', 'location': 'Mumbai', 'is_sim_bound': False, 'is_sim_bound_at_tx': 0, 'device_id': 'D-30088', 'time_to_pay_ms': 266, 'scenario_type': 'P1_CRITICAL', 'scenario_variant': 'LAYERING', 'scenario_risk_band': 'P1', 'txn_velocity_1h': 38, 'drain_ratio': 0.9299, 'forwarding_delay_mins': 2, 'balance_depletion_speed': 47232.7629, 'amount_deviation': 0.1618, 'avg_tx_amount_7d': 259288.83, 'distance_from_1L_threshold': 201240.7, 'distance_from_50k_threshold': 251240.7, 'empty_account_flag': 0, 'is_night_tx': 1, 'is_round_amount': 0, 'near_threshold_flag': 0, 'account_age_days': 40, 'device_shared_count': 8, 'ip_shared_count': 12, 'graph_score': 0.9516, 'fallback_behavior_score': 0.9004, 'fallback_sequence_score': 0.9392, 'fallback_graph_score': 0.9516, 'identity_trust_score': 12.37, 'device_trust_score': 6.33, 'sim_binding_ok': 0, 'sim_swap_flag': 1, 'vpn_flag': 1, 'hosting_flag': 1, 'city_mismatch_flag': 1, 'device_age_years': 0.31, 'network_risk_score': 0.7245, 'known_fraud_connections': 11, 'known_fraud_neighbors': 11, 'mule_cluster_size': 26, 'inbound_sources': 12, 'outbound_dest': 10, 'rapid_account_cluster_flag': 1, 'mule_cluster_flag': 1, 'tx_count_24h': 40, 'unique_receivers_7d': 5, 'days_since_last_tx': 0, 'high_value_txn': 1, 'rapid_movement': 1, 'rapid_outbound_after_inbound': 1, 'pass_through_ratio': 0.9053, 'structuring_pattern': 0, 'fragmentation_score': 0.1618, 'night_high_value_txn': 1, 'velocity_risk_score': 0.9332, 'signals': ['P1_CRITICAL', 'LAYERING', 'LAYERING_CHAIN', 'MULE_CLUSTER', 'SHORT_FORWARDING_DELAY', 'SIM_NOT_BOUND', 'REALTIME_SCENARIO_BEHAVIOR_FALLBACK', 'GATHER_SCATTER', 'HIGH_VALUE_TRANSFER', 'VERY_HIGH_VALUE_TRANSACTION', 'NEO4J_UNAVAILABLE', 'REALTIME_SCENARIO_GRAPH_FALLBACK', 'CRITICAL_RISK', 'URGENT_REVIEW'], 'pair_repeat_count': 2, 'decision': 'BLOCK', 'engine_decision': 'BLOCK', 'priority': 'P1', 'status': 'BLOCKED', 'risk': 0.9452, 'final_score': 0.9452, 'behavior_score': 0.9004, 'behaviorScore': 0.9004, 'sequence_score': 0.9392, 'sequenceScore': 0.9392, 'graphScore': 0.9516, 'neo4j_graph_score': 0.9516, 'rule_score': 1.0, 'behavior_label': 'UNKNOWN', 'sequence_pattern': 'GATHER_SCATTER', 'community_risk': 'CRITICAL', 'network_role': 'UNKNOWN', 'reasons': ['Critical mule laundering pattern detected', 'Realtime scenario behavior fallback', 'GATHER_SCATTER', 'Connected to mule cluster'], 'alert_type': 'TRANSACTION_SUSPECT', 'requires_review': False, 'requires_block': True, 'requires_case': True, 'sla_minutes': 15, 'escalation_minutes': 20, 'queue': 'AML_CRITICAL_QUEUE', 'severity': 'CRITICAL'}",2026-09-27T04:13:36.614762,2026-09-27T04:13:36.644618+00:00,,,,,,RUN-20260927-034544-CE4C7A
CASE-3C72238A,TXN-6D731FBB,TRANSACTION_SUSPECT,U-1084,a0cfc4f5-304b-4d2c-8e0f-bbc761abcd0e,P1,OPEN,104,AML_CRITICAL_QUEUE,AUTO_ALERT,TRANSACTION_SUSPECT,"{'trans_id': 'a0cfc4f5-304b-4d2c-8e0f-bbc761abcd0e', 'sender_id': 'U-1084', 'receiver_id': 'U-1093', 'amount': 49282.44, 'currency': 'INR', 'transaction_type': 'STRUCTURING', 'channel': 'IMPS', 'sender_bal_before': 50266.58, 'sender_bal_after': 984.14, 'receiver_bal_after': 536578.77, 'timestamp': '2026-09-27T09:44:32.451283+05:30', 'location': 'Delhi', 'is_sim_bound': False, 'is_sim_bound_at_tx': 0, 'device_id': 'D-30069', 'time_to_pay_ms': 399, 'scenario_type': 'P1_CRITICAL', 'scenario_variant': 'STRUCTURING', 'scenario_risk_band': 'P1', 'txn_velocity_1h': 28, 'drain_ratio': 0.9804, 'forwarding_delay_mins': 1, 'balance_depletion_speed': 4900.0213, 'amount_deviation': 0.0811, 'avg_tx_amount_7d': 45585.07, 'distance_from_1L_threshold': 50717.56, 'distance_from_50k_threshold': 717.56, 'empty_account_flag': 1, 'is_night_tx': 0, 'is_round_amount': 0, 'near_threshold_flag': 1, 'account_age_days': 41, 'device_shared_count': 13, 'ip_shared_count': 8, 'graph_score': 0.9634, 'fallback_behavior_score': 0.9563, 'fallback_sequence_score': 0.9716, 'fallback_graph_score': 0.9634, 'identity_trust_score': 10.94, 'device_trust_score': 24.76, 'sim_binding_ok': 0, 'sim_swap_flag': 1, 'vpn_flag': 1, 'hosting_flag': 1, 'city_mismatch_flag': 1, 'device_age_years': 1.01, 'network_risk_score': 0.8314, 'known_fraud_connections': 7, 'known_fraud_neighbors': 7, 'mule_cluster_size': 29, 'inbound_sources': 12, 'outbound_dest': 4, 'rapid_account_cluster_flag': 1, 'mule_cluster_flag': 1, 'tx_count_24h': 45, 'unique_receivers_7d': 9, 'days_since_last_tx': 0, 'high_value_txn': 1, 'rapid_movement': 1, 'rapid_outbound_after_inbound': 1, 'pass_through_ratio': 0.9572, 'structuring_pattern': 1, 'fragmentation_score': 0.9572, 'night_high_value_txn': 1, 'velocity_risk_score': 0.9328, 'signals': ['P1_CRITICAL', 'STRUCTURING', 'NEAR_THRESHOLD', 'HIGH_VALUE_TRANSFER', 'REALTIME_SCENARIO_BEHAVIOR_FALLBACK', 'GATHER_SCATTER', 'NEO4J_UNAVAILABLE', 'REALTIME_SCENARIO_GRAPH_FALLBACK', 'CRITICAL_RISK', 'URGENT_REVIEW'], 'pair_repeat_count': 1, 'decision': 'BLOCK', 'engine_decision': 'BLOCK', 'priority': 'P1', 'status': 'BLOCKED', 'risk': 0.9725, 'final_score': 0.9725, 'behavior_score': 0.9563, 'behaviorScore': 0.9563, 'sequence_score': 0.9716, 'sequenceScore': 0.9716, 'graphScore': 0.9634, 'neo4j_graph_score': 0.9634, 'rule_score': 1.0, 'behavior_label': 'UNKNOWN', 'sequence_pattern': 'GATHER_SCATTER', 'community_risk': 'CRITICAL', 'network_role': 'UNKNOWN', 'reasons': ['Critical mule laundering pattern detected', 'Realtime scenario behavior fallback', 'GATHER_SCATTER', 'Connected to mule cluster'], 'alert_type': 'TRANSACTION_SUSPECT', 'requires_review': False, 'requires_block': True, 'requires_case': True, 'sla_minutes': 15, 'escalation_minutes': 20, 'queue': 'AML_CRITICAL_QUEUE', 'severity': 'CRITICAL'}",2026-09-27T04:14:32.557153,2026-09-27T04:14:32.584397+00:00,,,,,,RUN-20260927-034544-CE4C7A
CASE-08884CF5,TXN-27E5B456,TRANSACTION_SUSPECT,U-1080,149c9d18-97e4-4c4a-8d97-d9fdf7aa9fd4,P1,OPEN,105,AML_CRITICAL_QUEUE,AUTO_ALERT,TRANSACTION_SUSPECT,"{'trans_id': '149c9d18-97e4-4c4a-8d97-d9fdf7aa9fd4', 'sender_id': 'U-1080', 'receiver_id': 'U-1098', 'amount': 426148.54, 'currency': 'INR', 'transaction_type': 'GATHER_SCATTER', 'channel': 'UPI', 'sender_bal_before': 442516.97, 'sender_bal_after': 16368.43, 'receiver_bal_after': 767257.15, 'timestamp': '2026-09-27T09:44:37.613048+05:30', 'location': 'Bengaluru', 'is_sim_bound': False, 'is_sim_bound_at_tx': 0, 'device_id': 'D-30080', 'time_to_pay_ms': 194, 'scenario_type': 'P1_CRITICAL', 'scenario_variant': 'GATHER_SCATTER', 'scenario_risk_band': 'P1', 'txn_velocity_1h': 22, 'drain_ratio': 0.963, 'forwarding_delay_mins': 5, 'balance_depletion_speed': 72034.1424, 'amount_deviation': 0.102, 'avg_tx_amount_7d': 386687.78, 'distance_from_1L_threshold': 326148.54, 'distance_from_50k_threshold': 376148.54, 'empty_account_flag': 1, 'is_night_tx': 0, 'is_round_amount': 0, 'near_threshold_flag': 0, 'account_age_days': 49, 'device_shared_count': 14, 'ip_shared_count': 14, 'graph_score': 0.9367, 'fallback_behavior_score': 0.9102, 'fallback_sequence_score': 0.9749, 'fallback_graph_score': 0.9367, 'identity_trust_score': 6.02, 'device_trust_score': 24.51, 'sim_binding_ok': 0, 'sim_swap_flag': 1, 'vpn_flag': 1, 'hosting_flag': 1, 'city_mismatch_flag': 1, 'device_age_years': 1.1, 'network_risk_score': 0.7268, 'known_fraud_connections': 12, 'known_fraud_neighbors': 12, 'mule_cluster_size': 18, 'inbound_sources': 14, 'outbound_dest': 8, 'rapid_account_cluster_flag': 1, 'mule_cluster_flag': 1, 'tx_count_24h': 27, 'unique_receivers_7d': 11, 'days_since_last_tx': 0, 'high_value_txn': 1, 'rapid_movement': 1, 'rapid_outbound_after_inbound': 1, 'pass_through_ratio': 0.9821, 'structuring_pattern': 0, 'fragmentation_score': 0.102, 'night_high_value_txn': 1, 'velocity_risk_score': 0.9346, 'signals': ['P1_CRITICAL', 'GATHER_SCATTER', 'RAPID_DRAIN', 'MULE_CLUSTER', 'SIM_NOT_BOUND', 'REALTIME_SCENARIO_BEHAVIOR_FALLBACK', 'HIGH_VALUE_TRANSFER', 'VERY_HIGH_VALUE_TRANSACTION', 'NEO4J_UNAVAILABLE', 'REALTIME_SCENARIO_GRAPH_FALLBACK', 'CRITICAL_RISK', 'URGENT_REVIEW'], 'pair_repeat_count': 1, 'decision': 'BLOCK', 'engine_decision': 'BLOCK', 'priority': 'P1', 'status': 'BLOCKED', 'risk': 0.9541, 'final_score': 0.9541, 'behavior_score': 0.9102, 'behaviorScore': 0.9102, 'sequence_score': 0.9749, 'sequenceScore': 0.9749, 'graphScore': 0.9367, 'neo4j_graph_score': 0.9367, 'rule_score': 1.0, 'behavior_label': 'UNKNOWN', 'sequence_pattern': 'GATHER_SCATTER', 'community_risk': 'CRITICAL', 'network_role': 'UNKNOWN', 'reasons': ['Critical mule laundering pattern detected', 'Realtime scenario behavior fallback', 'GATHER_SCATTER', 'Connected to mule cluster'], 'alert_type': 'TRANSACTION_SUSPECT', 'requires_review': False, 'requires_block': True, 'requires_case': True, 'sla_minutes': 15, 'escalation_minutes': 20, 'queue': 'AML_CRITICAL_QUEUE', 'severity': 'CRITICAL'}",2026-09-27T04:14:37.777252,2026-09-27T04:14:37.818140+00:00,,,,,,RUN-20260927-034544-CE4C7A
CASE-C35B4894,TXN-5ABBE6B7,TRANSACTION_SUSPECT,U-1086,c877a84c-4e0c-4091-937a-36b7d88ad301,P1,OPEN,101,AML_CRITICAL_QUEUE,AUTO_ALERT,TRANSACTION_SUSPECT,"{'trans_id': 'c877a84c-4e0c-4091-937a-36b7d88ad301', 'sender_id': 'U-1086', 'receiver_id': 'U-1097', 'amount': 48981.4, 'currency': 'INR', 'transaction_type': 'STRUCTURING', 'channel': 'UPI', 'sender_bal_before': 50332.25, 'sender_bal_after': 1350.85, 'receiver_bal_after': 694739.14, 'timestamp': '2026-09-27T09:44:45.411035+05:30', 'location': 'Chennai', 'is_sim_bound': False, 'is_sim_bound_at_tx': 0, 'device_id': 'D-30087', 'time_to_pay_ms': 402, 'scenario_type': 'P1_CRITICAL', 'scenario_variant': 'STRUCTURING', 'scenario_risk_band': 'P1', 'txn_velocity_1h': 37, 'drain_ratio': 0.9732, 'forwarding_delay_mins': 3, 'balance_depletion_speed': 6790.3419, 'amount_deviation': 0.0648, 'avg_tx_amount_7d': 52373.7, 'distance_from_1L_threshold': 51018.6, 'distance_from_50k_threshold': 1018.6, 'empty_account_flag': 1, 'is_night_tx': 0, 'is_round_amount': 0, 'near_threshold_flag': 1, 'account_age_days': 19, 'device_shared_count': 15, 'ip_shared_count': 6, 'graph_score': 0.9406, 'fallback_behavior_score': 0.9857, 'fallback_sequence_score': 0.9657, 'fallback_graph_score': 0.9406, 'identity_trust_score': 19.42, 'device_trust_score': 23.94, 'sim_binding_ok': 0, 'sim_swap_flag': 1, 'vpn_flag': 1, 'hosting_flag': 1, 'city_mismatch_flag': 1, 'device_age_years': 1.3, 'network_risk_score': 0.8859, 'known_fraud_connections': 15, 'known_fraud_neighbors': 15, 'mule_cluster_size': 17, 'inbound_sources': 7, 'outbound_dest': 6, 'rapid_account_cluster_flag': 1, 'mule_cluster_flag': 1, 'tx_count_24h': 21, 'unique_receivers_7d': 10, 'days_since_last_tx': 0, 'high_value_txn': 1, 'rapid_movement': 1, 'rapid_outbound_after_inbound': 1, 'pass_through_ratio': 0.9256, 'structuring_pattern': 1, 'fragmentation_score': 0.9256, 'night_high_value_txn': 1, 'velocity_risk_score': 0.9686, 'signals': ['P1_CRITICAL', 'STRUCTURING', 'NEAR_THRESHOLD', 'HIGH_VALUE_TRANSFER', 'REALTIME_SCENARIO_BEHAVIOR_FALLBACK', 'GATHER_SCATTER', 'NEO4J_UNAVAILABLE', 'REALTIME_SCENARIO_GRAPH_FALLBACK', 'CRITICAL_RISK', 'URGENT_REVIEW'], 'pair_repeat_count': 1, 'decision': 'BLOCK', 'engine_decision': 'BLOCK', 'priority': 'P1', 'status': 'BLOCKED', 'risk': 0.9753, 'final_score': 0.9753, 'behavior_score': 0.9857, 'behaviorScore': 0.9857, 'sequence_score': 0.9657, 'sequenceScore': 0.9657, 'graphScore': 0.9406, 'neo4j_graph_score': 0.9406, 'rule_score': 1.0, 'behavior_label': 'UNKNOWN', 'sequence_pattern': 'GATHER_SCATTER', 'community_risk': 'CRITICAL', 'network_role': 'UNKNOWN', 'reasons': ['Critical mule laundering pattern detected', 'Realtime scenario behavior fallback', 'GATHER_SCATTER', 'Connected to mule cluster'], 'alert_type': 'TRANSACTION_SUSPECT', 'requires_review': False, 'requires_block': True, 'requires_case': True, 'sla_minutes': 15, 'escalation_minutes': 20, 'queue': 'AML_CRITICAL_QUEUE', 'severity': 'CRITICAL'}",2026-09-27T04:14:45.515643,2026-09-27T04:14:45.548916+00:00,,,,,,RUN-20260927-034544-CE4C7A
CASE-15E32114,TXN-740C7337,TRANSACTION_SUSPECT,U-1086,4fdacd30-6c91-443b-b371-e813ba2daf54,P1,OPEN,103,AML_CRITICAL_QUEUE,AUTO_ALERT,TRANSACTION_SUSPECT,"{'trans_id': '4fdacd30-6c91-443b-b371-e813ba2daf54', 'sender_id': 'U-1086', 'receiver_id': 'U-1089', 'amount': 177872.92, 'currency': 'INR', 'transaction_type': 'GATHER_SCATTER', 'channel': 'UPI', 'sender_bal_before': 189218.24, 'sender_bal_after': 11345.32, 'receiver_bal_after': 531554.81, 'timestamp': '2026-09-27T09:45:13.468411+05:30', 'location': 'Delhi', 'is_sim_bound': False, 'is_sim_bound_at_tx': 0, 'device_id': 'D-30089', 'time_to_pay_ms': 33, 'scenario_type': 'P1_CRITICAL', 'scenario_variant': 'GATHER_SCATTER', 'scenario_risk_band': 'P1', 'txn_velocity_1h': 36, 'drain_ratio': 0.94, 'forwarding_delay_mins': 2, 'balance_depletion_speed': 39745.8122, 'amount_deviation': 0.0761, 'avg_tx_amount_7d': 165290.05, 'distance_from_1L_threshold': 77872.92, 'distance_from_50k_threshold': 127872.92, 'empty_account_flag': 0, 'is_night_tx': 1, 'is_round_amount': 0, 'near_threshold_flag': 0, 'account_age_days': 20, 'device_shared_count': 8, 'ip_shared_count': 9, 'graph_score': 0.9307, 'fallback_behavior_score': 0.9449, 'fallback_sequence_score': 0.9211, 'fallback_graph_score': 0.9307, 'identity_trust_score': 21.33, 'device_trust_score': 7.58, 'sim_binding_ok': 0, 'sim_swap_flag': 1, 'vpn_flag': 1, 'hosting_flag': 1, 'city_mismatch_flag': 1, 'device_age_years': 1.48, 'network_risk_score': 0.7772, 'known_fraud_connections': 12, 'known_fraud_neighbors': 12, 'mule_cluster_size': 25, 'inbound_sources': 13, 'outbound_dest': 10, 'rapid_account_cluster_flag': 1, 'mule_cluster_flag': 1, 'tx_count_24h': 31, 'unique_receivers_7d': 8, 'days_since_last_tx': 0, 'high_value_txn': 1, 'rapid_movement': 1, 'rapid_outbound_after_inbound': 1, 'pass_through_ratio': 0.9894, 'structuring_pattern': 0, 'fragmentation_score': 0.0761, 'night_high_value_txn': 1, 'velocity_risk_score': 0.9279, 'signals': ['P1_CRITICAL', 'GATHER_SCATTER', 'RAPID_DRAIN', 'MULE_CLUSTER', 'SIM_NOT_BOUND', 'REALTIME_SCENARIO_BEHAVIOR_FALLBACK', 'HIGH_VALUE_TRANSFER', 'VERY_HIGH_VALUE_TRANSACTION', 'NEO4J_UNAVAILABLE', 'REALTIME_SCENARIO_GRAPH_FALLBACK', 'CRITICAL_RISK', 'URGENT_REVIEW'], 'pair_repeat_count': 1, 'decision': 'BLOCK', 'engine_decision': 'BLOCK', 'priority': 'P1', 'status': 'BLOCKED', 'risk': 0.9499, 'final_score': 0.9499, 'behavior_score': 0.9449, 'behaviorScore': 0.9449, 'sequence_score': 0.9211, 'sequenceScore': 0.9211, 'graphScore': 0.9307, 'neo4j_graph_score': 0.9307, 'rule_score': 1.0, 'behavior_label': 'UNKNOWN', 'sequence_pattern': 'GATHER_SCATTER', 'community_risk': 'CRITICAL', 'network_role': 'UNKNOWN', 'reasons': ['Critical mule laundering pattern detected', 'Realtime scenario behavior fallback', 'GATHER_SCATTER', 'Connected to mule cluster'], 'alert_type': 'TRANSACTION_SUSPECT', 'requires_review': False, 'requires_block': True, 'requires_case': True, 'sla_minutes': 15, 'escalation_minutes': 20, 'queue': 'AML_CRITICAL_QUEUE', 'severity': 'CRITICAL'}",2026-09-27T04:15:13.594376,2026-09-27T04:15:13.623242+00:00,,,,,,RUN-20260927-034544-CE4C7A
CASE-C8F2B9EF,TXN-2D44AB80,TRANSACTION_SUSPECT,U-1084,d60b3667-1394-4f7b-bcd0-c8de7718f5f5,P1,OPEN,104,AML_CRITICAL_QUEUE,AUTO_ALERT,TRANSACTION_SUSPECT,"{'trans_id': 'd60b3667-1394-4f7b-bcd0-c8de7718f5f5', 'sender_id': 'U-1084', 'receiver_id': 'U-1098', 'amount': 441226.11, 'currency': 'INR', 'transaction_type': 'LAYERING_STEP', 'channel': 'NEFT', 'sender_bal_before': 466305.43, 'sender_bal_after': 25079.32, 'receiver_bal_after': 347534.79, 'timestamp': '2026-09-27T09:46:27.488828+05:30', 'location': 'Kolkata', 'is_sim_bound': False, 'is_sim_bound_at_tx': 0, 'device_id': 'D-30061', 'time_to_pay_ms': 164, 'scenario_type': 'P1_CRITICAL', 'scenario_variant': 'LAYERING', 'scenario_risk_band': 'P1', 'txn_velocity_1h': 25, 'drain_ratio': 0.9462, 'forwarding_delay_mins': 2, 'balance_depletion_speed': 59583.4398, 'amount_deviation': 0.0077, 'avg_tx_amount_7d': 444657.2, 'distance_from_1L_threshold': 341226.11, 'distance_from_50k_threshold': 391226.11, 'empty_account_flag': 0, 'is_night_tx': 1, 'is_round_amount': 0, 'near_threshold_flag': 0, 'account_age_days': 4, 'device_shared_count': 16, 'ip_shared_count': 7, 'graph_score': 0.9089, 'fallback_behavior_score': 0.9037, 'fallback_sequence_score': 0.9169, 'fallback_graph_score': 0.9089, 'identity_trust_score': 15.35, 'device_trust_score': 22.97, 'sim_binding_ok': 0, 'sim_swap_flag': 1, 'vpn_flag': 1, 'hosting_flag': 0, 'city_mismatch_flag': 1, 'device_age_years': 1.63, 'network_risk_score': 0.9055, 'known_fraud_connections': 14, 'known_fraud_neighbors': 14, 'mule_cluster_size': 20, 'inbound_sources': 8, 'outbound_dest': 5, 'rapid_account_cluster_flag': 1, 'mule_cluster_flag': 1, 'tx_count_24h': 28, 'unique_receivers_7d': 11, 'days_since_last_tx': 0, 'high_value_txn': 1, 'rapid_movement': 1, 'rapid_outbound_after_inbound': 1, 'pass_through_ratio': 0.9188, 'structuring_pattern': 0, 'fragmentation_score': 0.0077, 'night_high_value_txn': 1, 'velocity_risk_score': 0.9143, 'signals': ['P1_CRITICAL', 'LAYERING', 'LAYERING_CHAIN', 'MULE_CLUSTER', 'SHORT_FORWARDING_DELAY', 'SIM_NOT_BOUND', 'REALTIME_SCENARIO_BEHAVIOR_FALLBACK', 'GATHER_SCATTER', 'HIGH_VALUE_TRANSFER', 'VERY_HIGH_VALUE_TRANSACTION', 'NEO4J_UNAVAILABLE', 'REALTIME_SCENARIO_GRAPH_FALLBACK', 'CRITICAL_RISK', 'URGENT_REVIEW'], 'pair_repeat_count': 1, 'decision': 'BLOCK', 'engine_decision': 'BLOCK', 'priority': 'P1', 'status': 'BLOCKED', 'risk': 0.9321, 'final_score': 0.9321, 'behavior_score': 0.9037, 'behaviorScore': 0.9037, 'sequence_score': 0.9169, 'sequenceScore': 0.9169, 'graphScore': 0.9089, 'neo4j_graph_score': 0.9089, 'rule_score': 1.0, 'behavior_label': 'UNKNOWN', 'sequence_pattern': 'GATHER_SCATTER', 'community_risk': 'CRITICAL', 'network_role': 'UNKNOWN', 'reasons': ['Critical mule laundering pattern detected', 'Realtime scenario behavior fallback', 'GATHER_SCATTER', 'Connected to mule cluster'], 'alert_type': 'TRANSACTION_SUSPECT', 'requires_review': False, 'requires_block': True, 'requires_case': True, 'sla_minutes': 15, 'escalation_minutes': 20, 'queue': 'AML_CRITICAL_QUEUE', 'severity': 'CRITICAL'}",2026-09-27T04:16:27.601951,2026-09-27T04:16:27.634073+00:00,,,,,,RUN-20260927-034544-CE4C7A
CASE-6A2763FC,TXN-3AD3A55A,TRANSACTION_SUSPECT,U-1085,495a24bd-7cf8-42ff-9d4a-50a7f8818b0c,P1,OPEN,104,AML_CRITICAL_QUEUE,AUTO_ALERT,TRANSACTION_SUSPECT,"{'trans_id': '495a24bd-7cf8-42ff-9d4a-50a7f8818b0c', 'sender_id': 'U-1085', 'receiver_id': 'U-1096', 'amount': 408782.91, 'currency': 'INR', 'transaction_type': 'LAYERING_STEP', 'channel': 'IMPS', 'sender_bal_before': 430979.59, 'sender_bal_after': 22196.68, 'receiver_bal_after': 742971.63, 'timestamp': '2026-09-27T09:48:18.004699+05:30', 'location': 'Chennai', 'is_sim_bound': False, 'is_sim_bound_at_tx': 0, 'device_id': 'D-30094', 'time_to_pay_ms': 161, 'scenario_type': 'P1_CRITICAL', 'scenario_variant': 'LAYERING', 'scenario_risk_band': 'P1', 'txn_velocity_1h': 22, 'drain_ratio': 0.9485, 'forwarding_delay_mins': 1, 'balance_depletion_speed': 77180.8897, 'amount_deviation': 0.1869, 'avg_tx_amount_7d': 344419.1, 'distance_from_1L_threshold': 308782.91, 'distance_from_50k_threshold': 358782.91, 'empty_account_flag': 0, 'is_night_tx': 1, 'is_round_amount': 0, 'near_threshold_flag': 0, 'account_age_days': 25, 'device_shared_count': 11, 'ip_shared_count': 7, 'graph_score': 0.9493, 'fallback_behavior_score': 0.9491, 'fallback_sequence_score': 0.9391, 'fallback_graph_score': 0.9493, 'identity_trust_score': 19.78, 'device_trust_score': 6.33, 'sim_binding_ok': 0, 'sim_swap_flag': 1, 'vpn_flag': 1, 'hosting_flag': 1, 'city_mismatch_flag': 1, 'device_age_years': 1.24, 'network_risk_score': 0.8159, 'known_fraud_connections': 6, 'known_fraud_neighbors': 6, 'mule_cluster_size': 29, 'inbound_sources': 12, 'outbound_dest': 7, 'rapid_account_cluster_flag': 1, 'mule_cluster_flag': 1, 'tx_count_24h': 41, 'unique_receivers_7d': 8, 'days_since_last_tx': 0, 'high_value_txn': 1, 'rapid_movement': 1, 'rapid_outbound_after_inbound': 1, 'pass_through_ratio': 0.9794, 'structuring_pattern': 0, 'fragmentation_score': 0.1869, 'night_high_value_txn': 1, 'velocity_risk_score': 0.9824, 'signals': ['P1_CRITICAL', 'LAYERING', 'LAYERING_CHAIN', 'MULE_CLUSTER', 'SHORT_FORWARDING_DELAY', 'SIM_NOT_BOUND', 'REALTIME_SCENARIO_BEHAVIOR_FALLBACK', 'GATHER_SCATTER', 'HIGH_VALUE_TRANSFER', 'VERY_HIGH_VALUE_TRANSACTION', 'NEO4J_UNAVAILABLE', 'REALTIME_SCENARIO_GRAPH_FALLBACK', 'CRITICAL_RISK', 'URGENT_REVIEW'], 'pair_repeat_count': 1, 'decision': 'BLOCK', 'engine_decision': 'BLOCK', 'priority': 'P1', 'status': 'BLOCKED', 'risk': 0.9594, 'final_score': 0.9594, 'behavior_score': 0.9491, 'behaviorScore': 0.9491, 'sequence_score': 0.9391, 'sequenceScore': 0.9391, 'graphScore': 0.9493, 'neo4j_graph_score': 0.9493, 'rule_score': 1.0, 'behavior_label': 'UNKNOWN', 'sequence_pattern': 'GATHER_SCATTER', 'community_risk': 'CRITICAL', 'network_role': 'UNKNOWN', 'reasons': ['Critical mule laundering pattern detected', 'Realtime scenario behavior fallback', 'GATHER_SCATTER', 'Connected to mule cluster'], 'alert_type': 'TRANSACTION_SUSPECT', 'requires_review': False, 'requires_block': True, 'requires_case': True, 'sla_minutes': 15, 'escalation_minutes': 20, 'queue': 'AML_CRITICAL_QUEUE', 'severity': 'CRITICAL'}",2026-09-27T04:18:18.222921,2026-09-27T04:18:18.256551+00:00,,,,,,RUN-20260927-034544-CE4C7A
CASE-FC05087D,TXN-255E25E7,TRANSACTION_SUSPECT,U-1083,12e95f7e-b2cc-460d-bc5b-743426ddb6f1,P1,OPEN,105,AML_CRITICAL_QUEUE,AUTO_ALERT,TRANSACTION_SUSPECT,"{'trans_id': '12e95f7e-b2cc-460d-bc5b-743426ddb6f1', 'sender_id': 'U-1083', 'receiver_id': 'U-1089', 'amount': 101117.71, 'currency': 'INR', 'transaction_type': 'GATHER_SCATTER', 'channel': 'IMPS', 'sender_bal_before': 102691.29, 'sender_bal_after': 1573.58, 'receiver_bal_after': 46305.45, 'timestamp': '2026-09-27T09:48:25.968277+05:30', 'location': 'Bengaluru', 'is_sim_bound': False, 'is_sim_bound_at_tx': 0, 'device_id': 'D-30069', 'time_to_pay_ms': 36, 'scenario_type': 'P1_CRITICAL', 'scenario_variant': 'GATHER_SCATTER', 'scenario_risk_band': 'P1', 'txn_velocity_1h': 39, 'drain_ratio': 0.9847, 'forwarding_delay_mins': 4, 'balance_depletion_speed': 12108.2754, 'amount_deviation': 0.1083, 'avg_tx_amount_7d': 91235.87, 'distance_from_1L_threshold': 1117.71, 'distance_from_50k_threshold': 51117.71, 'empty_account_flag': 1, 'is_night_tx': 1, 'is_round_amount': 0, 'near_threshold_flag': 0, 'account_age_days': 52, 'device_shared_count': 17, 'ip_shared_count': 8, 'graph_score': 0.9177, 'fallback_behavior_score': 0.9101, 'fallback_sequence_score': 0.9365, 'fallback_graph_score': 0.9177, 'identity_trust_score': 22.9, 'device_trust_score': 9.63, 'sim_binding_ok': 0, 'sim_swap_flag': 1, 'vpn_flag': 1, 'hosting_flag': 0, 'city_mismatch_flag': 1, 'device_age_years': 2.37, 'network_risk_score': 0.7819, 'known_fraud_connections': 11, 'known_fraud_neighbors': 11, 'mule_cluster_size': 14, 'inbound_sources': 6, 'outbound_dest': 11, 'rapid_account_cluster_flag': 1, 'mule_cluster_flag': 1, 'tx_count_24h': 37, 'unique_receivers_7d': 7, 'days_since_last_tx': 0, 'high_value_txn': 1, 'rapid_movement': 1, 'rapid_outbound_after_inbound': 1, 'pass_through_ratio': 0.903, 'structuring_pattern': 0, 'fragmentation_score': 0.1083, 'night_high_value_txn': 1, 'velocity_risk_score': 0.9524, 'signals': ['P1_CRITICAL', 'GATHER_SCATTER', 'RAPID_DRAIN', 'MULE_CLUSTER', 'SIM_NOT_BOUND', 'REALTIME_SCENARIO_BEHAVIOR_FALLBACK', 'HIGH_VALUE_TRANSFER', 'VERY_HIGH_VALUE_TRANSACTION', 'NEO4J_UNAVAILABLE', 'REALTIME_SCENARIO_GRAPH_FALLBACK', 'CRITICAL_RISK', 'URGENT_REVIEW'], 'pair_repeat_count': 1, 'decision': 'BLOCK', 'engine_decision': 'BLOCK', 'priority': 'P1', 'status': 'BLOCKED', 'risk': 0.9407, 'final_score': 0.9407, 'behavior_score': 0.9101, 'behaviorScore': 0.9101, 'sequence_score': 0.9365, 'sequenceScore': 0.9365, 'graphScore': 0.9177, 'neo4j_graph_score': 0.9177, 'rule_score': 1.0, 'behavior_label': 'UNKNOWN', 'sequence_pattern': 'GATHER_SCATTER', 'community_risk': 'CRITICAL', 'network_role': 'UNKNOWN', 'reasons': ['Critical mule laundering pattern detected', 'Realtime scenario behavior fallback', 'GATHER_SCATTER', 'Connected to mule cluster'], 'alert_type': 'TRANSACTION_SUSPECT', 'requires_review': False, 'requires_block': True, 'requires_case': True, 'sla_minutes': 15, 'escalation_minutes': 20, 'queue': 'AML_CRITICAL_QUEUE', 'severity': 'CRITICAL'}",2026-09-27T04:18:26.180457,2026-09-27T04:18:26.226299+00:00,,,,,,RUN-20260927-034544-CE4C7A
CASE-3142FF1B,TXN-673F3CE3,TRANSACTION_SUSPECT,U-1085,ba891a62-8670-4f72-9286-505edcfbe1f4,P1,OPEN,102,AML_CRITICAL_QUEUE,AUTO_ALERT,TRANSACTION_SUSPECT,"{'trans_id': 'ba891a62-8670-4f72-9286-505edcfbe1f4', 'sender_id': 'U-1085', 'receiver_id': 'M-2049', 'amount': 349725.56, 'currency': 'INR', 'transaction_type': 'LAYERING_STEP', 'channel': 'IMPS', 'sender_bal_before': 363177.19, 'sender_bal_after': 13451.63, 'receiver_bal_after': 548291.0, 'timestamp': '2026-09-27T09:48:44.087724+05:30', 'location': 'Pune', 'is_sim_bound': False, 'is_sim_bound_at_tx': 0, 'device_id': 'D-30076', 'time_to_pay_ms': 96, 'scenario_type': 'P1_CRITICAL', 'scenario_variant': 'LAYERING', 'scenario_risk_band': 'P1', 'txn_velocity_1h': 32, 'drain_ratio': 0.963, 'forwarding_delay_mins': 2, 'balance_depletion_speed': 108461.115, 'amount_deviation': 0.1488, 'avg_tx_amount_7d': 304416.22, 'distance_from_1L_threshold': 249725.56, 'distance_from_50k_threshold': 299725.56, 'empty_account_flag': 1, 'is_night_tx': 1, 'is_round_amount': 0, 'near_threshold_flag': 0, 'account_age_days': 38, 'device_shared_count': 10, 'ip_shared_count': 10, 'graph_score': 0.9043, 'fallback_behavior_score': 0.967, 'fallback_sequence_score': 0.985, 'fallback_graph_score': 0.9043, 'identity_trust_score': 19.29, 'device_trust_score': 23.47, 'sim_binding_ok': 0, 'sim_swap_flag': 1, 'vpn_flag': 1, 'hosting_flag': 0, 'city_mismatch_flag': 1, 'device_age_years': 0.25, 'network_risk_score': 0.7886, 'known_fraud_connections': 13, 'known_fraud_neighbors': 13, 'mule_cluster_size': 21, 'inbound_sources': 8, 'outbound_dest': 10, 'rapid_account_cluster_flag': 1, 'mule_cluster_flag': 1, 'tx_count_24h': 21, 'unique_receivers_7d': 8, 'days_since_last_tx': 0, 'high_value_txn': 1, 'rapid_movement': 1, 'rapid_outbound_after_inbound': 1, 'pass_through_ratio': 0.9726, 'structuring_pattern': 0, 'fragmentation_score': 0.1488, 'night_high_value_txn': 1, 'velocity_risk_score': 0.9484, 'signals': ['P1_CRITICAL', 'LAYERING', 'LAYERING_CHAIN', 'MULE_CLUSTER', 'SHORT_FORWARDING_DELAY', 'SIM_NOT_BOUND', 'REALTIME_SCENARIO_BEHAVIOR_FALLBACK', 'GATHER_SCATTER', 'HIGH_VALUE_TRANSFER', 'VERY_HIGH_VALUE_TRANSACTION', 'NEO4J_UNAVAILABLE', 'REALTIME_SCENARIO_GRAPH_FALLBACK', 'CRITICAL_RISK', 'URGENT_REVIEW'], 'pair_repeat_count': 1, 'decision': 'BLOCK', 'engine_decision': 'BLOCK', 'priority': 'P1', 'status': 'BLOCKED', 'risk': 0.9672, 'final_score': 0.9672, 'behavior_score': 0.967, 'behaviorScore': 0.967, 'sequence_score': 0.985, 'sequenceScore': 0.985, 'graphScore': 0.9043, 'neo4j_graph_score': 0.9043, 'rule_score': 1.0, 'behavior_label': 'UNKNOWN', 'sequence_pattern': 'GATHER_SCATTER', 'community_risk': 'CRITICAL', 'network_role': 'UNKNOWN', 'reasons': ['Critical mule laundering pattern detected', 'Realtime scenario behavior fallback', 'GATHER_SCATTER', 'Connected to mule cluster'], 'alert_type': 'TRANSACTION_SUSPECT', 'requires_review': False, 'requires_block': True, 'requires_case': True, 'sla_minutes': 15, 'escalation_minutes': 20, 'queue': 'AML_CRITICAL_QUEUE', 'severity': 'CRITICAL'}",2026-09-27T04:18:44.296840,2026-09-27T04:18:44.325017+00:00,,,,,,RUN-20260927-034544-CE4C7A
CASE-75508249,TXN-8866238B,TRANSACTION_SUSPECT,U-1084,a38cc043-ed24-46c1-95dd-ff6ea704f656,P1,OPEN,103,AML_CRITICAL_QUEUE,AUTO_ALERT,TRANSACTION_SUSPECT,"{'trans_id': 'a38cc043-ed24-46c1-95dd-ff6ea704f656', 'sender_id': 'U-1084', 'receiver_id': 'U-1097', 'amount': 49703.41, 'currency': 'INR', 'transaction_type': 'STRUCTURING', 'channel': 'UPI', 'sender_bal_before': 51626.3, 'sender_bal_after': 1922.89, 'receiver_bal_after': 620464.47, 'timestamp': '2026-09-27T09:49:15.051969+05:30', 'location': 'Hyderabad', 'is_sim_bound': False, 'is_sim_bound_at_tx': 0, 'device_id': 'D-30051', 'time_to_pay_ms': 397, 'scenario_type': 'P1_CRITICAL', 'scenario_variant': 'STRUCTURING', 'scenario_risk_band': 'P1', 'txn_velocity_1h': 43, 'drain_ratio': 0.9628, 'forwarding_delay_mins': 5, 'balance_depletion_speed': 5324.5196, 'amount_deviation': 0.0076, 'avg_tx_amount_7d': 50086.14, 'distance_from_1L_threshold': 50296.59, 'distance_from_50k_threshold': 296.59, 'empty_account_flag': 1, 'is_night_tx': 1, 'is_round_amount': 0, 'near_threshold_flag': 1, 'account_age_days': 58, 'device_shared_count': 16, 'ip_shared_count': 7, 'graph_score': 0.9209, 'fallback_behavior_score': 0.9865, 'fallback_sequence_score': 0.9742, 'fallback_graph_score': 0.9209, 'identity_trust_score': 16.88, 'device_trust_score': 13.22, 'sim_binding_ok': 0, 'sim_swap_flag': 1, 'vpn_flag': 1, 'hosting_flag': 1, 'city_mismatch_flag': 1, 'device_age_years': 2.27, 'network_risk_score': 0.7095, 'known_fraud_connections': 9, 'known_fraud_neighbors': 9, 'mule_cluster_size': 18, 'inbound_sources': 6, 'outbound_dest': 8, 'rapid_account_cluster_flag': 1, 'mule_cluster_flag': 1, 'tx_count_24h': 44, 'unique_receivers_7d': 10, 'days_since_last_tx': 0, 'high_value_txn': 1, 'rapid_movement': 1, 'rapid_outbound_after_inbound': 1, 'pass_through_ratio': 0.9024, 'structuring_pattern': 1, 'fragmentation_score': 0.9024, 'night_high_value_txn': 1, 'velocity_risk_score': 0.9176, 'signals': ['P1_CRITICAL', 'STRUCTURING', 'NEAR_THRESHOLD', 'HIGH_VALUE_TRANSFER', 'REALTIME_SCENARIO_BEHAVIOR_FALLBACK', 'GATHER_SCATTER', 'NEO4J_UNAVAILABLE', 'REALTIME_SCENARIO_GRAPH_FALLBACK', 'CRITICAL_RISK', 'URGENT_REVIEW'], 'pair_repeat_count': 2, 'decision': 'BLOCK', 'engine_decision': 'BLOCK', 'priority': 'P1', 'status': 'BLOCKED', 'risk': 0.9737, 'final_score': 0.9737, 'behavior_score': 0.9865, 'behaviorScore': 0.9865, 'sequence_score': 0.9742, 'sequenceScore': 0.9742, 'graphScore': 0.9209, 'neo4j_graph_score': 0.9209, 'rule_score': 1.0, 'behavior_label': 'UNKNOWN', 'sequence_pattern': 'GATHER_SCATTER', 'community_risk': 'CRITICAL', 'network_role': 'UNKNOWN', 'reasons': ['Critical mule laundering pattern detected', 'Realtime scenario behavior fallback', 'GATHER_SCATTER', 'Connected to mule cluster'], 'alert_type': 'TRANSACTION_SUSPECT', 'requires_review': False, 'requires_block': True, 'requires_case': True, 'sla_minutes': 15, 'escalation_minutes': 20, 'queue': 'AML_CRITICAL_QUEUE', 'severity': 'CRITICAL'}",2026-09-27T04:19:15.293237,2026-09-27T04:19:15.324905+00:00,,,,,,RUN-20260927-034544-CE4C7A
CASE-D1350BEF,TXN-FBB62013,TRANSACTION_SUSPECT,U-1080,05233b8f-6587-4e1e-8d7e-898e7e0aced0,P1,OPEN,104,AML_CRITICAL_QUEUE,AUTO_ALERT,TRANSACTION_SUSPECT,"{'trans_id': '05233b8f-6587-4e1e-8d7e-898e7e0aced0', 'sender_id': 'U-1080', 'receiver_id': 'M-2044', 'amount': 209744.15, 'currency': 'INR', 'transaction_type': 'LAYERING_STEP', 'channel': 'NEFT', 'sender_bal_before': 212832.04, 'sender_bal_after': 3087.89, 'receiver_bal_after': 588541.33, 'timestamp': '2026-09-27T09:50:34.725688+05:30', 'location': 'Bengaluru', 'is_sim_bound': False, 'is_sim_bound_at_tx': 0, 'device_id': 'D-30098', 'time_to_pay_ms': 123, 'scenario_type': 'P1_CRITICAL', 'scenario_variant': 'LAYERING', 'scenario_risk_band': 'P1', 'txn_velocity_1h': 22, 'drain_ratio': 0.9855, 'forwarding_delay_mins': 5, 'balance_depletion_speed': 19344.9417, 'amount_deviation': 0.076, 'avg_tx_amount_7d': 194925.44, 'distance_from_1L_threshold': 109744.15, 'distance_from_50k_threshold': 159744.15, 'empty_account_flag': 1, 'is_night_tx': 1, 'is_round_amount': 0, 'near_threshold_flag': 0, 'account_age_days': 33, 'device_shared_count': 9, 'ip_shared_count': 7, 'graph_score': 0.9473, 'fallback_behavior_score': 0.9816, 'fallback_sequence_score': 0.9349, 'fallback_graph_score': 0.9473, 'identity_trust_score': 7.4, 'device_trust_score': 20.98, 'sim_binding_ok': 0, 'sim_swap_flag': 1, 'vpn_flag': 1, 'hosting_flag': 0, 'city_mismatch_flag': 1, 'device_age_years': 0.31, 'network_risk_score': 0.9176, 'known_fraud_connections': 6, 'known_fraud_neighbors': 6, 'mule_cluster_size': 21, 'inbound_sources': 11, 'outbound_dest': 12, 'rapid_account_cluster_flag': 1, 'mule_cluster_flag': 1, 'tx_count_24h': 41, 'unique_receivers_7d': 7, 'days_since_last_tx': 0, 'high_value_txn': 1, 'rapid_movement': 1, 'rapid_outbound_after_inbound': 1, 'pass_through_ratio': 0.9344, 'structuring_pattern': 0, 'fragmentation_score': 0.076, 'night_high_value_txn': 1, 'velocity_risk_score': 0.9169, 'signals': ['P1_CRITICAL', 'LAYERING', 'LAYERING_CHAIN', 'MULE_CLUSTER', 'SHORT_FORWARDING_DELAY', 'SIM_NOT_BOUND', 'REALTIME_SCENARIO_BEHAVIOR_FALLBACK', 'GATHER_SCATTER', 'HIGH_VALUE_TRANSFER', 'VERY_HIGH_VALUE_TRANSACTION', 'NEO4J_UNAVAILABLE', 'REALTIME_SCENARIO_GRAPH_FALLBACK', 'CRITICAL_RISK', 'URGENT_REVIEW'], 'pair_repeat_count': 1, 'decision': 'BLOCK', 'engine_decision': 'BLOCK', 'priority': 'P1', 'status': 'BLOCKED', 'risk': 0.9677, 'final_score': 0.9677, 'behavior_score': 0.9816, 'behaviorScore': 0.9816, 'sequence_score': 0.9349, 'sequenceScore': 0.9349, 'graphScore': 0.9473, 'neo4j_graph_score': 0.9473, 'rule_score': 1.0, 'behavior_label': 'UNKNOWN', 'sequence_pattern': 'GATHER_SCATTER', 'community_risk': 'CRITICAL', 'network_role': 'UNKNOWN', 'reasons': ['Critical mule laundering pattern detected', 'Realtime scenario behavior fallback', 'GATHER_SCATTER', 'Connected to mule cluster'], 'alert_type': 'TRANSACTION_SUSPECT', 'requires_review': False, 'requires_block': True, 'requires_case': True, 'sla_minutes': 15, 'escalation_minutes': 20, 'queue': 'AML_CRITICAL_QUEUE', 'severity': 'CRITICAL'}",2026-09-27T04:20:34.912987,2026-09-27T04:20:34.945830+00:00,,,,,,RUN-20260927-034544-CE4C7A
CASE-046A408C,TXN-173735C4,TRANSACTION_SUSPECT,U-1085,676d749b-dfdd-41ff-bd26-db00c3b781b1,P1,OPEN,105,AML_CRITICAL_QUEUE,AUTO_ALERT,TRANSACTION_SUSPECT,"{'trans_id': '676d749b-dfdd-41ff-bd26-db00c3b781b1', 'sender_id': 'U-1085', 'receiver_id': 'M-2044', 'amount': 98946.07, 'currency': 'INR', 'transaction_type': 'STRUCTURING', 'channel': 'IMPS', 'sender_bal_before': 106140.87, 'sender_bal_after': 7194.8, 'receiver_bal_after': 203601.29, 'timestamp': '2026-09-27T09:51:00.472212+05:30', 'location': 'Kolkata', 'is_sim_bound': False, 'is_sim_bound_at_tx': 0, 'device_id': 'D-30078', 'time_to_pay_ms': 206, 'scenario_type': 'P1_CRITICAL', 'scenario_variant': 'STRUCTURING', 'scenario_risk_band': 'P1', 'txn_velocity_1h': 26, 'drain_ratio': 0.9322, 'forwarding_delay_mins': 3, 'balance_depletion_speed': 28885.1765, 'amount_deviation': 0.0272, 'avg_tx_amount_7d': 101710.66, 'distance_from_1L_threshold': 1053.93, 'distance_from_50k_threshold': 48946.07, 'empty_account_flag': 0, 'is_night_tx': 1, 'is_round_amount': 0, 'near_threshold_flag': 1, 'account_age_days': 5, 'device_shared_count': 13, 'ip_shared_count': 5, 'graph_score': 0.931, 'fallback_behavior_score': 0.9279, 'fallback_sequence_score': 0.929, 'fallback_graph_score': 0.931, 'identity_trust_score': 23.75, 'device_trust_score': 13.01, 'sim_binding_ok': 0, 'sim_swap_flag': 1, 'vpn_flag': 1, 'hosting_flag': 1, 'city_mismatch_flag': 1, 'device_age_years': 1.54, 'network_risk_score': 0.745, 'known_fraud_connections': 8, 'known_fraud_neighbors': 8, 'mule_cluster_size': 12, 'inbound_sources': 12, 'outbound_dest': 9, 'rapid_account_cluster_flag': 1, 'mule_cluster_flag': 1, 'tx_count_24h': 29, 'unique_receivers_7d': 6, 'days_since_last_tx': 0, 'high_value_txn': 1, 'rapid_movement': 1, 'rapid_outbound_after_inbound': 1, 'pass_through_ratio': 0.9386, 'structuring_pattern': 1, 'fragmentation_score': 0.9386, 'night_high_value_txn': 1, 'velocity_risk_score': 0.9462, 'signals': ['P1_CRITICAL', 'STRUCTURING', 'NEAR_THRESHOLD', 'HIGH_VALUE_TRANSFER', 'REALTIME_SCENARIO_BEHAVIOR_FALLBACK', 'GATHER_SCATTER', 'NEO4J_UNAVAILABLE', 'REALTIME_SCENARIO_GRAPH_FALLBACK', 'CRITICAL_RISK', 'URGENT_REVIEW'], 'pair_repeat_count': 1, 'decision': 'BLOCK', 'engine_decision': 'BLOCK', 'priority': 'P1', 'status': 'BLOCKED', 'risk': 0.9468, 'final_score': 0.9468, 'behavior_score': 0.9279, 'behaviorScore': 0.9279, 'sequence_score': 0.929, 'sequenceScore': 0.929, 'graphScore': 0.931, 'neo4j_graph_score': 0.931, 'rule_score': 1.0, 'behavior_label': 'UNKNOWN', 'sequence_pattern': 'GATHER_SCATTER', 'community_risk': 'CRITICAL', 'network_role': 'UNKNOWN', 'reasons': ['Critical mule laundering pattern detected', 'Realtime scenario behavior fallback', 'GATHER_SCATTER', 'Connected to mule cluster'], 'alert_type': 'TRANSACTION_SUSPECT', 'requires_review': False, 'requires_block': True, 'requires_case': True, 'sla_minutes': 15, 'escalation_minutes': 20, 'queue': 'AML_CRITICAL_QUEUE', 'severity': 'CRITICAL'}",2026-09-27T04:21:00.662588,2026-09-27T04:21:00.702644+00:00,,,,,,RUN-20260927-034544-CE4C7A
CASE-B5C6F921,TXN-A468E836,TRANSACTION_SUSPECT,U-1082,b55e51c3-f464-4cd6-bde8-280b06a6a466,P1,OPEN,105,AML_CRITICAL_QUEUE,AUTO_ALERT,TRANSACTION_SUSPECT,"{'trans_id': 'b55e51c3-f464-4cd6-bde8-280b06a6a466', 'sender_id': 'U-1082', 'receiver_id': 'U-1095', 'amount': 396088.0, 'currency': 'INR', 'transaction_type': 'LAYERING_STEP', 'channel': 'UPI', 'sender_bal_before': 432410.67, 'sender_bal_after': 36322.67, 'receiver_bal_after': 116904.47, 'timestamp': '2026-09-27T09:52:25.078691+05:30', 'location': 'Chennai', 'is_sim_bound': False, 'is_sim_bound_at_tx': 0, 'device_id': 'D-30078', 'time_to_pay_ms': 130, 'scenario_type': 'P1_CRITICAL', 'scenario_variant': 'LAYERING', 'scenario_risk_band': 'P1', 'txn_velocity_1h': 34, 'drain_ratio': 0.916, 'forwarding_delay_mins': 5, 'balance_depletion_speed': 55603.6443, 'amount_deviation': 0.0033, 'avg_tx_amount_7d': 394798.86, 'distance_from_1L_threshold': 296088.0, 'distance_from_50k_threshold': 346088.0, 'empty_account_flag': 0, 'is_night_tx': 0, 'is_round_amount': 0, 'near_threshold_flag': 0, 'account_age_days': 35, 'device_shared_count': 12, 'ip_shared_count': 6, 'graph_score': 0.914, 'fallback_behavior_score': 0.9759, 'fallback_sequence_score': 0.9889, 'fallback_graph_score': 0.914, 'identity_trust_score': 21.71, 'device_trust_score': 21.85, 'sim_binding_ok': 0, 'sim_swap_flag': 1, 'vpn_flag': 1, 'hosting_flag': 0, 'city_mismatch_flag': 1, 'device_age_years': 1.27, 'network_risk_score': 0.9016, 'known_fraud_connections': 15, 'known_fraud_neighbors': 15, 'mule_cluster_size': 20, 'inbound_sources': 9, 'outbound_dest': 5, 'rapid_account_cluster_flag': 1, 'mule_cluster_flag': 1, 'tx_count_24h': 32, 'unique_receivers_7d': 11, 'days_since_last_tx': 0, 'high_value_txn': 1, 'rapid_movement': 1, 'rapid_outbound_after_inbound': 1, 'pass_through_ratio': 0.9359, 'structuring_pattern': 0, 'fragmentation_score': 0.0033, 'night_high_value_txn': 1, 'velocity_risk_score': 0.9331, 'signals': ['P1_CRITICAL', 'LAYERING', 'LAYERING_CHAIN', 'MULE_CLUSTER', 'SHORT_FORWARDING_DELAY', 'SIM_NOT_BOUND', 'REALTIME_SCENARIO_BEHAVIOR_FALLBACK', 'GATHER_SCATTER', 'HIGH_VALUE_TRANSFER', 'VERY_HIGH_VALUE_TRANSACTION', 'NEO4J_UNAVAILABLE', 'REALTIME_SCENARIO_GRAPH_FALLBACK', 'CRITICAL_RISK', 'URGENT_REVIEW'], 'pair_repeat_count': 1, 'decision': 'BLOCK', 'engine_decision': 'BLOCK', 'priority': 'P1', 'status': 'BLOCKED', 'risk': 0.9728, 'final_score': 0.9728, 'behavior_score': 0.9759, 'behaviorScore': 0.9759, 'sequence_score': 0.9889, 'sequenceScore': 0.9889, 'graphScore': 0.914, 'neo4j_graph_score': 0.914, 'rule_score': 1.0, 'behavior_label': 'UNKNOWN', 'sequence_pattern': 'GATHER_SCATTER', 'community_risk': 'CRITICAL', 'network_role': 'UNKNOWN', 'reasons': ['Critical mule laundering pattern detected', 'Realtime scenario behavior fallback', 'GATHER_SCATTER', 'Connected to mule cluster'], 'alert_type': 'TRANSACTION_SUSPECT', 'requires_review': False, 'requires_block': True, 'requires_case': True, 'sla_minutes': 15, 'escalation_minutes': 20, 'queue': 'AML_CRITICAL_QUEUE', 'severity': 'CRITICAL'}",2026-09-27T04:22:25.179574,2026-09-27T04:22:25.203429+00:00,,,,,,RUN-20260927-034544-CE4C7A
CASE-943361B3,TXN-6BA7779D,TRANSACTION_SUSPECT,U-1085,1d42417b-5d67-4e8f-a2cc-c081f52d6c37,P1,OPEN,101,AML_CRITICAL_QUEUE,AUTO_ALERT,TRANSACTION_SUSPECT,"{'trans_id': '1d42417b-5d67-4e8f-a2cc-c081f52d6c37', 'sender_id': 'U-1085', 'receiver_id': 'U-1092', 'amount': 49725.06, 'currency': 'INR', 'transaction_type': 'STRUCTURING', 'channel': 'NEFT', 'sender_bal_before': 52887.39, 'sender_bal_after': 3162.33, 'receiver_bal_after': 42833.26, 'timestamp': '2026-09-27T09:53:06.203306+05:30', 'location': 'Hyderabad', 'is_sim_bound': False, 'is_sim_bound_at_tx': 0, 'device_id': 'D-30061', 'time_to_pay_ms': 439, 'scenario_type': 'P1_CRITICAL', 'scenario_variant': 'STRUCTURING', 'scenario_risk_band': 'P1', 'txn_velocity_1h': 25, 'drain_ratio': 0.9402, 'forwarding_delay_mins': 2, 'balance_depletion_speed': 4153.1965, 'amount_deviation': 0.0278, 'avg_tx_amount_7d': 51148.0, 'distance_from_1L_threshold': 50274.94, 'distance_from_50k_threshold': 274.94, 'empty_account_flag': 0, 'is_night_tx': 1, 'is_round_amount': 0, 'near_threshold_flag': 1, 'account_age_days': 46, 'device_shared_count': 14, 'ip_shared_count': 11, 'graph_score': 0.9742, 'fallback_behavior_score': 0.9775, 'fallback_sequence_score': 0.9837, 'fallback_graph_score': 0.9742, 'identity_trust_score': 23.23, 'device_trust_score': 24.08, 'sim_binding_ok': 0, 'sim_swap_flag': 1, 'vpn_flag': 1, 'hosting_flag': 1, 'city_mismatch_flag': 1, 'device_age_years': 2.21, 'network_risk_score': 0.8067, 'known_fraud_connections': 7, 'known_fraud_neighbors': 7, 'mule_cluster_size': 19, 'inbound_sources': 6, 'outbound_dest': 8, 'rapid_account_cluster_flag': 1, 'mule_cluster_flag': 1, 'tx_count_24h': 39, 'unique_receivers_7d': 8, 'days_since_last_tx': 0, 'high_value_txn': 1, 'rapid_movement': 1, 'rapid_outbound_after_inbound': 1, 'pass_through_ratio': 0.9712, 'structuring_pattern': 1, 'fragmentation_score': 0.9712, 'night_high_value_txn': 1, 'velocity_risk_score': 0.9823, 'signals': ['P1_CRITICAL', 'STRUCTURING', 'NEAR_THRESHOLD', 'HIGH_VALUE_TRANSFER', 'REALTIME_SCENARIO_BEHAVIOR_FALLBACK', 'GATHER_SCATTER', 'NEO4J_UNAVAILABLE', 'REALTIME_SCENARIO_GRAPH_FALLBACK', 'CRITICAL_RISK', 'URGENT_REVIEW'], 'pair_repeat_count': 1, 'decision': 'BLOCK', 'engine_decision': 'BLOCK', 'priority': 'P1', 'status': 'BLOCKED', 'risk': 0.984, 'final_score': 0.984, 'behavior_score': 0.9775, 'behaviorScore': 0.9775, 'sequence_score': 0.9837, 'sequenceScore': 0.9837, 'graphScore': 0.9742, 'neo4j_graph_score': 0.9742, 'rule_score': 1.0, 'behavior_label': 'UNKNOWN', 'sequence_pattern': 'GATHER_SCATTER', 'community_risk': 'CRITICAL', 'network_role': 'UNKNOWN', 'reasons': ['Critical mule laundering pattern detected', 'Realtime scenario behavior fallback', 'GATHER_SCATTER', 'Connected to mule cluster'], 'alert_type': 'TRANSACTION_SUSPECT', 'requires_review': False, 'requires_block': True, 'requires_case': True, 'sla_minutes': 15, 'escalation_minutes': 20, 'queue': 'AML_CRITICAL_QUEUE', 'severity': 'CRITICAL'}",2026-09-27T04:23:06.334225,2026-09-27T04:23:06.367518+00:00,,,,,,RUN-20260927-034544-CE4C7A
CASE-10D0D461,TXN-DA2F755E,TRANSACTION_SUSPECT,U-1082,d50b3a0f-39bf-4d5d-9d6b-7ff8719e8d11,P1,OPEN,102,AML_CRITICAL_QUEUE,AUTO_ALERT,TRANSACTION_SUSPECT,"{'trans_id': 'd50b3a0f-39bf-4d5d-9d6b-7ff8719e8d11', 'sender_id': 'U-1082', 'receiver_id': 'U-1095', 'amount': 278377.93, 'currency': 'INR', 'transaction_type': 'GATHER_SCATTER', 'channel': 'IMPS', 'sender_bal_before': 304773.24, 'sender_bal_after': 26395.31, 'receiver_bal_after': 613816.91, 'timestamp': '2026-09-27T09:54:00.259397+05:30', 'location': 'Pune', 'is_sim_bound': False, 'is_sim_bound_at_tx': 0, 'device_id': 'D-30070', 'time_to_pay_ms': 196, 'scenario_type': 'P1_CRITICAL', 'scenario_variant': 'GATHER_SCATTER', 'scenario_risk_band': 'P1', 'txn_velocity_1h': 28, 'drain_ratio': 0.9134, 'forwarding_delay_mins': 2, 'balance_depletion_speed': 32477.4315, 'amount_deviation': 0.0803, 'avg_tx_amount_7d': 302669.17, 'distance_from_1L_threshold': 178377.93, 'distance_from_50k_threshold': 228377.93, 'empty_account_flag': 0, 'is_night_tx': 0, 'is_round_amount': 0, 'near_threshold_flag': 0, 'account_age_days': 25, 'device_shared_count': 15, 'ip_shared_count': 12, 'graph_score': 0.9588, 'fallback_behavior_score': 0.9351, 'fallback_sequence_score': 0.9222, 'fallback_graph_score': 0.9588, 'identity_trust_score': 7.55, 'device_trust_score': 10.28, 'sim_binding_ok': 0, 'sim_swap_flag': 1, 'vpn_flag': 1, 'hosting_flag': 1, 'city_mismatch_flag': 1, 'device_age_years': 0.4, 'network_risk_score': 0.7479, 'known_fraud_connections': 9, 'known_fraud_neighbors': 9, 'mule_cluster_size': 11, 'inbound_sources': 10, 'outbound_dest': 5, 'rapid_account_cluster_flag': 1, 'mule_cluster_flag': 1, 'tx_count_24h': 41, 'unique_receivers_7d': 8, 'days_since_last_tx': 0, 'high_value_txn': 1, 'rapid_movement': 1, 'rapid_outbound_after_inbound': 1, 'pass_through_ratio': 0.9013, 'structuring_pattern': 0, 'fragmentation_score': 0.0803, 'night_high_value_txn': 1, 'velocity_risk_score': 0.907, 'signals': ['P1_CRITICAL', 'GATHER_SCATTER', 'RAPID_DRAIN', 'MULE_CLUSTER', 'SIM_NOT_BOUND', 'REALTIME_SCENARIO_BEHAVIOR_FALLBACK', 'HIGH_VALUE_TRANSFER', 'VERY_HIGH_VALUE_TRANSACTION', 'NEO4J_UNAVAILABLE', 'REALTIME_SCENARIO_GRAPH_FALLBACK', 'CRITICAL_RISK', 'URGENT_REVIEW'], 'pair_repeat_count': 2, 'decision': 'BLOCK', 'engine_decision': 'BLOCK', 'priority': 'P1', 'status': 'BLOCKED', 'risk': 0.9528, 'final_score': 0.9528, 'behavior_score': 0.9351, 'behaviorScore': 0.9351, 'sequence_score': 0.9222, 'sequenceScore': 0.9222, 'graphScore': 0.9588, 'neo4j_graph_score': 0.9588, 'rule_score': 1.0, 'behavior_label': 'UNKNOWN', 'sequence_pattern': 'GATHER_SCATTER', 'community_risk': 'CRITICAL', 'network_role': 'UNKNOWN', 'reasons': ['Critical mule laundering pattern detected', 'Realtime scenario behavior fallback', 'GATHER_SCATTER', 'Connected to mule cluster'], 'alert_type': 'TRANSACTION_SUSPECT', 'requires_review': False, 'requires_block': True, 'requires_case': True, 'sla_minutes': 15, 'escalation_minutes': 20, 'queue': 'AML_CRITICAL_QUEUE', 'severity': 'CRITICAL'}",2026-09-27T04:24:00.542647,2026-09-27T04:24:00.579168+00:00,,,,,,RUN-20260927-034544-CE4C7A
CASE-FF1A423E,TXN-1AFA2382,TRANSACTION_SUSPECT,U-1084,65112337-ae69-489e-97e7-a5dbc1626ecd,P1,OPEN,101,AML_CRITICAL_QUEUE,AUTO_ALERT,TRANSACTION_SUSPECT,"{'trans_id': '65112337-ae69-489e-97e7-a5dbc1626ecd', 'sender_id': 'U-1084', 'receiver_id': 'M-2048', 'amount': 48948.92, 'currency': 'INR', 'transaction_type': 'STRUCTURING', 'channel': 'UPI', 'sender_bal_before': 53199.24, 'sender_bal_after': 4250.32, 'receiver_bal_after': 781415.26, 'timestamp': '2026-09-27T09:56:58.339844+05:30', 'location': 'Delhi', 'is_sim_bound': False, 'is_sim_bound_at_tx': 0, 'device_id': 'D-30052', 'time_to_pay_ms': 214, 'scenario_type': 'P1_CRITICAL', 'scenario_variant': 'STRUCTURING', 'scenario_risk_band': 'P1', 'txn_velocity_1h': 44, 'drain_ratio': 0.9201, 'forwarding_delay_mins': 0, 'balance_depletion_speed': 4320.2194, 'amount_deviation': 0.0685, 'avg_tx_amount_7d': 52546.99, 'distance_from_1L_threshold': 51051.08, 'distance_from_50k_threshold': 1051.08, 'empty_account_flag': 0, 'is_night_tx': 1, 'is_round_amount': 0, 'near_threshold_flag': 1, 'account_age_days': 60, 'device_shared_count': 15, 'ip_shared_count': 15, 'graph_score': 0.9235, 'fallback_behavior_score': 0.9437, 'fallback_sequence_score': 0.9054, 'fallback_graph_score': 0.9235, 'identity_trust_score': 18.67, 'device_trust_score': 6.05, 'sim_binding_ok': 0, 'sim_swap_flag': 1, 'vpn_flag': 1, 'hosting_flag': 0, 'city_mismatch_flag': 1, 'device_age_years': 0.97, 'network_risk_score': 0.8856, 'known_fraud_connections': 8, 'known_fraud_neighbors': 8, 'mule_cluster_size': 18, 'inbound_sources': 11, 'outbound_dest': 6, 'rapid_account_cluster_flag': 1, 'mule_cluster_flag': 1, 'tx_count_24h': 43, 'unique_receivers_7d': 8, 'days_since_last_tx': 0, 'high_value_txn': 1, 'rapid_movement': 1, 'rapid_outbound_after_inbound': 1, 'pass_through_ratio': 0.9312, 'structuring_pattern': 1, 'fragmentation_score': 0.9312, 'night_high_value_txn': 1, 'velocity_risk_score': 0.9741, 'signals': ['P1_CRITICAL', 'STRUCTURING', 'NEAR_THRESHOLD', 'HIGH_VALUE_TRANSFER', 'REALTIME_SCENARIO_BEHAVIOR_FALLBACK', 'GATHER_SCATTER', 'NEO4J_UNAVAILABLE', 'REALTIME_SCENARIO_GRAPH_FALLBACK', 'CRITICAL_RISK', 'URGENT_REVIEW'], 'pair_repeat_count': 1, 'decision': 'BLOCK', 'engine_decision': 'BLOCK', 'priority': 'P1', 'status': 'BLOCKED', 'risk': 0.9442, 'final_score': 0.9442, 'behavior_score': 0.9437, 'behaviorScore': 0.9437, 'sequence_score': 0.9054, 'sequenceScore': 0.9054, 'graphScore': 0.9235, 'neo4j_graph_score': 0.9235, 'rule_score': 1.0, 'behavior_label': 'UNKNOWN', 'sequence_pattern': 'GATHER_SCATTER', 'community_risk': 'CRITICAL', 'network_role': 'UNKNOWN', 'reasons': ['Critical mule laundering pattern detected', 'Realtime scenario behavior fallback', 'GATHER_SCATTER', 'Connected to mule cluster'], 'alert_type': 'TRANSACTION_SUSPECT', 'requires_review': False, 'requires_block': True, 'requires_case': True, 'sla_minutes': 15, 'escalation_minutes': 20, 'queue': 'AML_CRITICAL_QUEUE', 'severity': 'CRITICAL'}",2026-09-27T04:26:58.579012,2026-09-27T04:26:58.620358+00:00,,,,,,RUN-20260927-034544-CE4C7A
CASE-5932FB55,TXN-55FF3A75,TRANSACTION_SUSPECT,U-1087,b431321d-0c68-4e82-963e-d3a0f0dd661c,P1,OPEN,102,AML_CRITICAL_QUEUE,AUTO_ALERT,TRANSACTION_SUSPECT,"{'trans_id': 'b431321d-0c68-4e82-963e-d3a0f0dd661c', 'sender_id': 'U-1087', 'receiver_id': 'U-1095', 'amount': 399773.06, 'currency': 'INR', 'transaction_type': 'LAYERING_STEP', 'channel': 'UPI', 'sender_bal_before': 443769.36, 'sender_bal_after': 43996.3, 'receiver_bal_after': 533921.46, 'timestamp': '2026-09-27T09:57:06.238488+05:30', 'location': 'Delhi', 'is_sim_bound': False, 'is_sim_bound_at_tx': 0, 'device_id': 'D-30075', 'time_to_pay_ms': 277, 'scenario_type': 'P1_CRITICAL', 'scenario_variant': 'LAYERING', 'scenario_risk_band': 'P1', 'txn_velocity_1h': 33, 'drain_ratio': 0.9009, 'forwarding_delay_mins': 5, 'balance_depletion_speed': 49825.8153, 'amount_deviation': 0.1077, 'avg_tx_amount_7d': 448048.28, 'distance_from_1L_threshold': 299773.06, 'distance_from_50k_threshold': 349773.06, 'empty_account_flag': 0, 'is_night_tx': 0, 'is_round_amount': 0, 'near_threshold_flag': 0, 'account_age_days': 43, 'device_shared_count': 10, 'ip_shared_count': 14, 'graph_score': 0.9867, 'fallback_behavior_score': 0.945, 'fallback_sequence_score': 0.9645, 'fallback_graph_score': 0.9867, 'identity_trust_score': 7.79, 'device_trust_score': 16.07, 'sim_binding_ok': 0, 'sim_swap_flag': 1, 'vpn_flag': 1, 'hosting_flag': 0, 'city_mismatch_flag': 1, 'device_age_years': 0.89, 'network_risk_score': 0.9178, 'known_fraud_connections': 9, 'known_fraud_neighbors': 9, 'mule_cluster_size': 15, 'inbound_sources': 10, 'outbound_dest': 5, 'rapid_account_cluster_flag': 1, 'mule_cluster_flag': 1, 'tx_count_24h': 21, 'unique_receivers_7d': 12, 'days_since_last_tx': 0, 'high_value_txn': 1, 'rapid_movement': 1, 'rapid_outbound_after_inbound': 1, 'pass_through_ratio': 0.9466, 'structuring_pattern': 0, 'fragmentation_score': 0.1077, 'night_high_value_txn': 1, 'velocity_risk_score': 0.961, 'signals': ['P1_CRITICAL', 'LAYERING', 'LAYERING_CHAIN', 'MULE_CLUSTER', 'SHORT_FORWARDING_DELAY', 'SIM_NOT_BOUND', 'REALTIME_SCENARIO_BEHAVIOR_FALLBACK', 'GATHER_SCATTER', 'HIGH_VALUE_TRANSFER', 'VERY_HIGH_VALUE_TRANSACTION', 'NEO4J_UNAVAILABLE', 'REALTIME_SCENARIO_GRAPH_FALLBACK', 'CRITICAL_RISK', 'URGENT_REVIEW'], 'pair_repeat_count': 1, 'decision': 'BLOCK', 'engine_decision': 'BLOCK', 'priority': 'P1', 'status': 'BLOCKED', 'risk': 0.972, 'final_score': 0.972, 'behavior_score': 0.945, 'behaviorScore': 0.945, 'sequence_score': 0.9645, 'sequenceScore': 0.9645, 'graphScore': 0.9867, 'neo4j_graph_score': 0.9867, 'rule_score': 1.0, 'behavior_label': 'UNKNOWN', 'sequence_pattern': 'GATHER_SCATTER', 'community_risk': 'CRITICAL', 'network_role': 'UNKNOWN', 'reasons': ['Critical mule laundering pattern detected', 'Realtime scenario behavior fallback', 'GATHER_SCATTER', 'Connected to mule cluster'], 'alert_type': 'TRANSACTION_SUSPECT', 'requires_review': False, 'requires_block': True, 'requires_case': True, 'sla_minutes': 15, 'escalation_minutes': 20, 'queue': 'AML_CRITICAL_QUEUE', 'severity': 'CRITICAL'}",2026-09-27T04:27:06.578782,2026-09-27T04:27:06.608752+00:00,,,,,,RUN-20260927-034544-CE4C7A
CASE-1A10AE4B,TXN-50B349EE,TRANSACTION_SUSPECT,U-1080,0e483937-3612-4eeb-a552-559e61392718,P1,OPEN,104,AML_CRITICAL_QUEUE,AUTO_ALERT,TRANSACTION_SUSPECT,"{'trans_id': '0e483937-3612-4eeb-a552-559e61392718', 'sender_id': 'U-1080', 'receiver_id': 'M-2046', 'amount': 309628.8, 'currency': 'INR', 'transaction_type': 'LAYERING_STEP', 'channel': 'NEFT', 'sender_bal_before': 318506.19, 'sender_bal_after': 8877.39, 'receiver_bal_after': 557835.99, 'timestamp': '2026-09-27T09:57:27.240290+05:30', 'location': 'Chennai', 'is_sim_bound': False, 'is_sim_bound_at_tx': 0, 'device_id': 'D-30066', 'time_to_pay_ms': 79, 'scenario_type': 'P1_CRITICAL', 'scenario_variant': 'LAYERING', 'scenario_risk_band': 'P1', 'txn_velocity_1h': 33, 'drain_ratio': 0.9721, 'forwarding_delay_mins': 2, 'balance_depletion_speed': 42202.307, 'amount_deviation': 0.0616, 'avg_tx_amount_7d': 329947.58, 'distance_from_1L_threshold': 209628.8, 'distance_from_50k_threshold': 259628.8, 'empty_account_flag': 1, 'is_night_tx': 1, 'is_round_amount': 0, 'near_threshold_flag': 0, 'account_age_days': 42, 'device_shared_count': 14, 'ip_shared_count': 15, 'graph_score': 0.9501, 'fallback_behavior_score': 0.9863, 'fallback_sequence_score': 0.9792, 'fallback_graph_score': 0.9501, 'identity_trust_score': 12.15, 'device_trust_score': 20.57, 'sim_binding_ok': 0, 'sim_swap_flag': 1, 'vpn_flag': 1, 'hosting_flag': 1, 'city_mismatch_flag': 1, 'device_age_years': 2.09, 'network_risk_score': 0.769, 'known_fraud_connections': 9, 'known_fraud_neighbors': 9, 'mule_cluster_size': 14, 'inbound_sources': 12, 'outbound_dest': 8, 'rapid_account_cluster_flag': 1, 'mule_cluster_flag': 1, 'tx_count_24h': 43, 'unique_receivers_7d': 9, 'days_since_last_tx': 0, 'high_value_txn': 1, 'rapid_movement': 1, 'rapid_outbound_after_inbound': 1, 'pass_through_ratio': 0.9773, 'structuring_pattern': 0, 'fragmentation_score': 0.0616, 'night_high_value_txn': 1, 'velocity_risk_score': 0.9841, 'signals': ['P1_CRITICAL', 'LAYERING', 'LAYERING_CHAIN', 'MULE_CLUSTER', 'SHORT_FORWARDING_DELAY', 'SIM_NOT_BOUND', 'REALTIME_SCENARIO_BEHAVIOR_FALLBACK', 'GATHER_SCATTER', 'HIGH_VALUE_TRANSFER', 'VERY_HIGH_VALUE_TRANSACTION', 'NEO4J_UNAVAILABLE', 'REALTIME_SCENARIO_GRAPH_FALLBACK', 'CRITICAL_RISK', 'URGENT_REVIEW'], 'pair_repeat_count': 1, 'decision': 'BLOCK', 'engine_decision': 'BLOCK', 'priority': 'P1', 'status': 'BLOCKED', 'risk': 0.9807, 'final_score': 0.9807, 'behavior_score': 0.9863, 'behaviorScore': 0.9863, 'sequence_score': 0.9792, 'sequenceScore': 0.9792, 'graphScore': 0.9501, 'neo4j_graph_score': 0.9501, 'rule_score': 1.0, 'behavior_label': 'UNKNOWN', 'sequence_pattern': 'GATHER_SCATTER', 'community_risk': 'CRITICAL', 'network_role': 'UNKNOWN', 'reasons': ['Critical mule laundering pattern detected', 'Realtime scenario behavior fallback', 'GATHER_SCATTER', 'Connected to mule cluster'], 'alert_type': 'TRANSACTION_SUSPECT', 'requires_review': False, 'requires_block': True, 'requires_case': True, 'sla_minutes': 15, 'escalation_minutes': 20, 'queue': 'AML_CRITICAL_QUEUE', 'severity': 'CRITICAL'}",2026-09-27T04:27:27.509263,2026-09-27T04:27:27.554212+00:00,,,,,,RUN-20260927-034544-CE4C7A
CASE-699F13CF,TXN-39279570,TRANSACTION_SUSPECT,U-1080,4129abbf-d45c-4bb6-8800-779fc80220d5,P1,OPEN,105,AML_CRITICAL_QUEUE,AUTO_ALERT,TRANSACTION_SUSPECT,"{'trans_id': '4129abbf-d45c-4bb6-8800-779fc80220d5', 'sender_id': 'U-1080', 'receiver_id': 'M-2046', 'amount': 49780.19, 'currency': 'INR', 'transaction_type': 'STRUCTURING', 'channel': 'NEFT', 'sender_bal_before': 51975.11, 'sender_bal_after': 2194.92, 'receiver_bal_after': 220548.07, 'timestamp': '2026-09-27T09:58:01.013224+05:30', 'location': 'Bengaluru', 'is_sim_bound': False, 'is_sim_bound_at_tx': 0, 'device_id': 'D-30066', 'time_to_pay_ms': 418, 'scenario_type': 'P1_CRITICAL', 'scenario_variant': 'STRUCTURING', 'scenario_risk_band': 'P1', 'txn_velocity_1h': 30, 'drain_ratio': 0.9578, 'forwarding_delay_mins': 3, 'balance_depletion_speed': 5770.9432, 'amount_deviation': 0.07, 'avg_tx_amount_7d': 53529.31, 'distance_from_1L_threshold': 50219.81, 'distance_from_50k_threshold': 219.81, 'empty_account_flag': 1, 'is_night_tx': 1, 'is_round_amount': 0, 'near_threshold_flag': 1, 'account_age_days': 37, 'device_shared_count': 16, 'ip_shared_count': 15, 'graph_score': 0.9672, 'fallback_behavior_score': 0.9321, 'fallback_sequence_score': 0.9265, 'fallback_graph_score': 0.9672, 'identity_trust_score': 13.91, 'device_trust_score': 6.57, 'sim_binding_ok': 0, 'sim_swap_flag': 1, 'vpn_flag': 1, 'hosting_flag': 1, 'city_mismatch_flag': 1, 'device_age_years': 1.54, 'network_risk_score': 0.8094, 'known_fraud_connections': 15, 'known_fraud_neighbors': 15, 'mule_cluster_size': 29, 'inbound_sources': 12, 'outbound_dest': 9, 'rapid_account_cluster_flag': 1, 'mule_cluster_flag': 1, 'tx_count_24h': 32, 'unique_receivers_7d': 8, 'days_since_last_tx': 0, 'high_value_txn': 1, 'rapid_movement': 1, 'rapid_outbound_after_inbound': 1, 'pass_through_ratio': 0.9136, 'structuring_pattern': 1, 'fragmentation_score': 0.9136, 'night_high_value_txn': 1, 'velocity_risk_score': 0.9521, 'signals': ['P1_CRITICAL', 'STRUCTURING', 'NEAR_THRESHOLD', 'HIGH_VALUE_TRANSFER', 'REALTIME_SCENARIO_BEHAVIOR_FALLBACK', 'GATHER_SCATTER', 'NEO4J_UNAVAILABLE', 'REALTIME_SCENARIO_GRAPH_FALLBACK', 'CRITICAL_RISK', 'URGENT_REVIEW'], 'pair_repeat_count': 2, 'decision': 'BLOCK', 'engine_decision': 'BLOCK', 'priority': 'P1', 'status': 'BLOCKED', 'risk': 0.9547, 'final_score': 0.9547, 'behavior_score': 0.9321, 'behaviorScore': 0.9321, 'sequence_score': 0.9265, 'sequenceScore': 0.9265, 'graphScore': 0.9672, 'neo4j_graph_score': 0.9672, 'rule_score': 1.0, 'behavior_label': 'UNKNOWN', 'sequence_pattern': 'GATHER_SCATTER', 'community_risk': 'CRITICAL', 'network_role': 'UNKNOWN', 'reasons': ['Critical mule laundering pattern detected', 'Realtime scenario behavior fallback', 'GATHER_SCATTER', 'Connected to mule cluster'], 'alert_type': 'TRANSACTION_SUSPECT', 'requires_review': False, 'requires_block': True, 'requires_case': True, 'sla_minutes': 15, 'escalation_minutes': 20, 'queue': 'AML_CRITICAL_QUEUE', 'severity': 'CRITICAL'}",2026-09-27T04:28:01.247123,2026-09-27T04:28:01.287560+00:00,,,,,,RUN-20260927-034544-CE4C7A
CASE-96E75656,TXN-A80CE5EA,TRANSACTION_SUSPECT,U-1080,00eb4baf-2458-42ec-a72b-6668311f6b42,P1,OPEN,101,AML_CRITICAL_QUEUE,AUTO_ALERT,TRANSACTION_SUSPECT,"{'trans_id': '00eb4baf-2458-42ec-a72b-6668311f6b42', 'sender_id': 'U-1080', 'receiver_id': 'U-1098', 'amount': 48900.21, 'currency': 'INR', 'transaction_type': 'STRUCTURING', 'channel': 'UPI', 'sender_bal_before': 49635.33, 'sender_bal_after': 735.12, 'receiver_bal_after': 205550.87, 'timestamp': '2026-09-27T09:58:03.818879+05:30', 'location': 'Hyderabad', 'is_sim_bound': False, 'is_sim_bound_at_tx': 0, 'device_id': 'D-30082', 'time_to_pay_ms': 412, 'scenario_type': 'P1_CRITICAL', 'scenario_variant': 'STRUCTURING', 'scenario_risk_band': 'P1', 'txn_velocity_1h': 35, 'drain_ratio': 0.9852, 'forwarding_delay_mins': 3, 'balance_depletion_speed': 4829.6727, 'amount_deviation': 0.005, 'avg_tx_amount_7d': 48659.14, 'distance_from_1L_threshold': 51099.79, 'distance_from_50k_threshold': 1099.79, 'empty_account_flag': 1, 'is_night_tx': 1, 'is_round_amount': 0, 'near_threshold_flag': 1, 'account_age_days': 38, 'device_shared_count': 17, 'ip_shared_count': 11, 'graph_score': 0.9192, 'fallback_behavior_score': 0.9113, 'fallback_sequence_score': 0.9329, 'fallback_graph_score': 0.9192, 'identity_trust_score': 13.96, 'device_trust_score': 18.21, 'sim_binding_ok': 0, 'sim_swap_flag': 1, 'vpn_flag': 1, 'hosting_flag': 0, 'city_mismatch_flag': 1, 'device_age_years': 1.97, 'network_risk_score': 0.9368, 'known_fraud_connections': 11, 'known_fraud_neighbors': 11, 'mule_cluster_size': 23, 'inbound_sources': 11, 'outbound_dest': 7, 'rapid_account_cluster_flag': 1, 'mule_cluster_flag': 1, 'tx_count_24h': 44, 'unique_receivers_7d': 10, 'days_since_last_tx': 0, 'high_value_txn': 1, 'rapid_movement': 1, 'rapid_outbound_after_inbound': 1, 'pass_through_ratio': 0.9094, 'structuring_pattern': 1, 'fragmentation_score': 0.9094, 'night_high_value_txn': 1, 'velocity_risk_score': 0.9776, 'signals': ['P1_CRITICAL', 'STRUCTURING', 'NEAR_THRESHOLD', 'HIGH_VALUE_TRANSFER', 'REALTIME_SCENARIO_BEHAVIOR_FALLBACK', 'GATHER_SCATTER', 'NEO4J_UNAVAILABLE', 'REALTIME_SCENARIO_GRAPH_FALLBACK', 'CRITICAL_RISK', 'URGENT_REVIEW'], 'pair_repeat_count': 2, 'decision': 'BLOCK', 'engine_decision': 'BLOCK', 'priority': 'P1', 'status': 'BLOCKED', 'risk': 0.9405, 'final_score': 0.9405, 'behavior_score': 0.9113, 'behaviorScore': 0.9113, 'sequence_score': 0.9329, 'sequenceScore': 0.9329, 'graphScore': 0.9192, 'neo4j_graph_score': 0.9192, 'rule_score': 1.0, 'behavior_label': 'UNKNOWN', 'sequence_pattern': 'GATHER_SCATTER', 'community_risk': 'CRITICAL', 'network_role': 'UNKNOWN', 'reasons': ['Critical mule laundering pattern detected', 'Realtime scenario behavior fallback', 'GATHER_SCATTER', 'Connected to mule cluster'], 'alert_type': 'TRANSACTION_SUSPECT', 'requires_review': False, 'requires_block': True, 'requires_case': True, 'sla_minutes': 15, 'escalation_minutes': 20, 'queue': 'AML_CRITICAL_QUEUE', 'severity': 'CRITICAL'}",2026-09-27T04:28:04.108386,2026-09-27T04:28:04.155635+00:00,,,,,,RUN-20260927-034544-CE4C7A
CASE-F20C69AE,TXN-C8AFC830,TRANSACTION_SUSPECT,U-1084,1c327923-1bc5-4a2a-8026-a9b2a91b85e0,P1,OPEN,105,AML_CRITICAL_QUEUE,AUTO_ALERT,TRANSACTION_SUSPECT,"{'trans_id': '1c327923-1bc5-4a2a-8026-a9b2a91b85e0', 'sender_id': 'U-1084', 'receiver_id': 'U-1093', 'amount': 195611.47, 'currency': 'INR', 'transaction_type': 'LAYERING_STEP', 'channel': 'UPI', 'sender_bal_before': 212687.91, 'sender_bal_after': 17076.44, 'receiver_bal_after': 234564.36, 'timestamp': '2026-09-27T09:59:37.585533+05:30', 'location': 'Kolkata', 'is_sim_bound': False, 'is_sim_bound_at_tx': 0, 'device_id': 'D-30074', 'time_to_pay_ms': 24, 'scenario_type': 'P1_CRITICAL', 'scenario_variant': 'LAYERING', 'scenario_risk_band': 'P1', 'txn_velocity_1h': 31, 'drain_ratio': 0.9197, 'forwarding_delay_mins': 1, 'balance_depletion_speed': 35216.3166, 'amount_deviation': 0.058, 'avg_tx_amount_7d': 207666.5, 'distance_from_1L_threshold': 95611.47, 'distance_from_50k_threshold': 145611.47, 'empty_account_flag': 0, 'is_night_tx': 1, 'is_round_amount': 0, 'near_threshold_flag': 0, 'account_age_days': 4, 'device_shared_count': 9, 'ip_shared_count': 8, 'graph_score': 0.904, 'fallback_behavior_score': 0.9834, 'fallback_sequence_score': 0.9456, 'fallback_graph_score': 0.904, 'identity_trust_score': 11.52, 'device_trust_score': 19.03, 'sim_binding_ok': 0, 'sim_swap_flag': 1, 'vpn_flag': 1, 'hosting_flag': 1, 'city_mismatch_flag': 1, 'device_age_years': 1.56, 'network_risk_score': 0.877, 'known_fraud_connections': 13, 'known_fraud_neighbors': 13, 'mule_cluster_size': 13, 'inbound_sources': 5, 'outbound_dest': 5, 'rapid_account_cluster_flag': 1, 'mule_cluster_flag': 1, 'tx_count_24h': 23, 'unique_receivers_7d': 6, 'days_since_last_tx': 0, 'high_value_txn': 1, 'rapid_movement': 1, 'rapid_outbound_after_inbound': 1, 'pass_through_ratio': 0.953, 'structuring_pattern': 0, 'fragmentation_score': 0.058, 'night_high_value_txn': 1, 'velocity_risk_score': 0.9244, 'signals': ['P1_CRITICAL', 'LAYERING', 'LAYERING_CHAIN', 'MULE_CLUSTER', 'SHORT_FORWARDING_DELAY', 'SIM_NOT_BOUND', 'REALTIME_SCENARIO_BEHAVIOR_FALLBACK', 'GATHER_SCATTER', 'HIGH_VALUE_TRANSFER', 'VERY_HIGH_VALUE_TRANSACTION', 'NEO4J_UNAVAILABLE', 'REALTIME_SCENARIO_GRAPH_FALLBACK', 'CRITICAL_RISK', 'URGENT_REVIEW'], 'pair_repeat_count': 2, 'decision': 'BLOCK', 'engine_decision': 'BLOCK', 'priority': 'P1', 'status': 'BLOCKED', 'risk': 0.9622, 'final_score': 0.9622, 'behavior_score': 0.9834, 'behaviorScore': 0.9834, 'sequence_score': 0.9456, 'sequenceScore': 0.9456, 'graphScore': 0.904, 'neo4j_graph_score': 0.904, 'rule_score': 1.0, 'behavior_label': 'UNKNOWN', 'sequence_pattern': 'GATHER_SCATTER', 'community_risk': 'CRITICAL', 'network_role': 'UNKNOWN', 'reasons': ['Critical mule laundering pattern detected', 'Realtime scenario behavior fallback', 'GATHER_SCATTER', 'Connected to mule cluster'], 'alert_type': 'TRANSACTION_SUSPECT', 'requires_review': False, 'requires_block': True, 'requires_case': True, 'sla_minutes': 15, 'escalation_minutes': 20, 'queue': 'AML_CRITICAL_QUEUE', 'severity': 'CRITICAL'}",2026-09-27T04:29:37.714103,2026-09-27T04:29:37.747198+00:00,,,,,,RUN-20260927-034544-CE4C7A
CASE-5C5F3918,TXN-8EF682BB,TRANSACTION_SUSPECT,U-1081,2afbff6a-b6c1-4756-97a4-30a8df3b15ff,P1,OPEN,103,AML_CRITICAL_QUEUE,AUTO_ALERT,TRANSACTION_SUSPECT,"{'trans_id': '2afbff6a-b6c1-4756-97a4-30a8df3b15ff', 'sender_id': 'U-1081', 'receiver_id': 'M-2044', 'amount': 220288.34, 'currency': 'INR', 'transaction_type': 'LAYERING_STEP', 'channel': 'NEFT', 'sender_bal_before': 242535.21, 'sender_bal_after': 22246.87, 'receiver_bal_after': 321978.38, 'timestamp': '2026-09-27T10:00:20.865936+05:30', 'location': 'Delhi', 'is_sim_bound': False, 'is_sim_bound_at_tx': 0, 'device_id': 'D-30095', 'time_to_pay_ms': 98, 'scenario_type': 'P1_CRITICAL', 'scenario_variant': 'LAYERING', 'scenario_risk_band': 'P1', 'txn_velocity_1h': 36, 'drain_ratio': 0.9083, 'forwarding_delay_mins': 3, 'balance_depletion_speed': 19378.2585, 'amount_deviation': 0.0533, 'avg_tx_amount_7d': 232678.88, 'distance_from_1L_threshold': 120288.34, 'distance_from_50k_threshold': 170288.34, 'empty_account_flag': 0, 'is_night_tx': 0, 'is_round_amount': 0, 'near_threshold_flag': 0, 'account_age_days': 60, 'device_shared_count': 9, 'ip_shared_count': 14, 'graph_score': 0.9739, 'fallback_behavior_score': 0.9271, 'fallback_sequence_score': 0.9367, 'fallback_graph_score': 0.9739, 'identity_trust_score': 20.73, 'device_trust_score': 16.5, 'sim_binding_ok': 0, 'sim_swap_flag': 1, 'vpn_flag': 1, 'hosting_flag': 1, 'city_mismatch_flag': 1, 'device_age_years': 1.32, 'network_risk_score': 0.76, 'known_fraud_connections': 12, 'known_fraud_neighbors': 12, 'mule_cluster_size': 30, 'inbound_sources': 7, 'outbound_dest': 11, 'rapid_account_cluster_flag': 1, 'mule_cluster_flag': 1, 'tx_count_24h': 43, 'unique_receivers_7d': 12, 'days_since_last_tx': 0, 'high_value_txn': 1, 'rapid_movement': 1, 'rapid_outbound_after_inbound': 1, 'pass_through_ratio': 0.9642, 'structuring_pattern': 0, 'fragmentation_score': 0.0533, 'night_high_value_txn': 1, 'velocity_risk_score': 0.9058, 'signals': ['P1_CRITICAL', 'LAYERING', 'LAYERING_CHAIN', 'MULE_CLUSTER', 'SHORT_FORWARDING_DELAY', 'SIM_NOT_BOUND', 'REALTIME_SCENARIO_BEHAVIOR_FALLBACK', 'GATHER_SCATTER', 'HIGH_VALUE_TRANSFER', 'VERY_HIGH_VALUE_TRANSACTION', 'NEO4J_UNAVAILABLE', 'REALTIME_SCENARIO_GRAPH_FALLBACK', 'CRITICAL_RISK', 'URGENT_REVIEW'], 'pair_repeat_count': 1, 'decision': 'BLOCK', 'engine_decision': 'BLOCK', 'priority': 'P1', 'status': 'BLOCKED', 'risk': 0.9571, 'final_score': 0.9571, 'behavior_score': 0.9271, 'behaviorScore': 0.9271, 'sequence_score': 0.9367, 'sequenceScore': 0.9367, 'graphScore': 0.9739, 'neo4j_graph_score': 0.9739, 'rule_score': 1.0, 'behavior_label': 'UNKNOWN', 'sequence_pattern': 'GATHER_SCATTER', 'community_risk': 'CRITICAL', 'network_role': 'UNKNOWN', 'reasons': ['Critical mule laundering pattern detected', 'Realtime scenario behavior fallback', 'GATHER_SCATTER', 'Connected to mule cluster'], 'alert_type': 'TRANSACTION_SUSPECT', 'requires_review': False, 'requires_block': True, 'requires_case': True, 'sla_minutes': 15, 'escalation_minutes': 20, 'queue': 'AML_CRITICAL_QUEUE', 'severity': 'CRITICAL'}",2026-09-27T04:30:21.181801,2026-09-27T04:30:21.240959+00:00,,,,,,RUN-20260927-034544-CE4C7A
CASE-EFD2A90B,TXN-E2E45960,TRANSACTION_SUSPECT,U-1079,b38d7319-476d-4903-93c9-8fb3c9482d8d,P1,OPEN,103,AML_CRITICAL_QUEUE,AUTO_ALERT,TRANSACTION_SUSPECT,"{'trans_id': 'b38d7319-476d-4903-93c9-8fb3c9482d8d', 'sender_id': 'U-1079', 'receiver_id': 'U-1090', 'amount': 208959.78, 'currency': 'INR', 'transaction_type': 'GATHER_SCATTER', 'channel': 'IMPS', 'sender_bal_before': 230599.59, 'sender_bal_after': 21639.81, 'receiver_bal_after': 14820.08, 'timestamp': '2026-09-27T10:02:03.410009+05:30', 'location': 'Bengaluru', 'is_sim_bound': False, 'is_sim_bound_at_tx': 0, 'device_id': 'D-30087', 'time_to_pay_ms': 149, 'scenario_type': 'P1_CRITICAL', 'scenario_variant': 'GATHER_SCATTER', 'scenario_risk_band': 'P1', 'txn_velocity_1h': 29, 'drain_ratio': 0.9062, 'forwarding_delay_mins': 2, 'balance_depletion_speed': 21998.2599, 'amount_deviation': 0.1051, 'avg_tx_amount_7d': 233509.67, 'distance_from_1L_threshold': 108959.78, 'distance_from_50k_threshold': 158959.78, 'empty_account_flag': 0, 'is_night_tx': 1, 'is_round_amount': 0, 'near_threshold_flag': 0, 'account_age_days': 33, 'device_shared_count': 17, 'ip_shared_count': 12, 'graph_score': 0.984, 'fallback_behavior_score': 0.9237, 'fallback_sequence_score': 0.9709, 'fallback_graph_score': 0.984, 'identity_trust_score': 26.32, 'device_trust_score': 17.57, 'sim_binding_ok': 0, 'sim_swap_flag': 1, 'vpn_flag': 1, 'hosting_flag': 1, 'city_mismatch_flag': 1, 'device_age_years': 2.02, 'network_risk_score': 0.8748, 'known_fraud_connections': 9, 'known_fraud_neighbors': 9, 'mule_cluster_size': 18, 'inbound_sources': 8, 'outbound_dest': 12, 'rapid_account_cluster_flag': 1, 'mule_cluster_flag': 1, 'tx_count_24h': 41, 'unique_receivers_7d': 11, 'days_since_last_tx': 0, 'high_value_txn': 1, 'rapid_movement': 1, 'rapid_outbound_after_inbound': 1, 'pass_through_ratio': 0.9529, 'structuring_pattern': 0, 'fragmentation_score': 0.1051, 'night_high_value_txn': 1, 'velocity_risk_score': 0.99, 'signals': ['P1_CRITICAL', 'GATHER_SCATTER', 'RAPID_DRAIN', 'MULE_CLUSTER', 'SIM_NOT_BOUND', 'REALTIME_SCENARIO_BEHAVIOR_FALLBACK', 'HIGH_VALUE_TRANSFER', 'VERY_HIGH_VALUE_TRANSACTION', 'NEO4J_UNAVAILABLE', 'REALTIME_SCENARIO_GRAPH_FALLBACK', 'CRITICAL_RISK', 'URGENT_REVIEW'], 'pair_repeat_count': 1, 'decision': 'BLOCK', 'engine_decision': 'BLOCK', 'priority': 'P1', 'status': 'BLOCKED', 'risk': 0.9666, 'final_score': 0.9666, 'behavior_score': 0.9237, 'behaviorScore': 0.9237, 'sequence_score': 0.9709, 'sequenceScore': 0.9709, 'graphScore': 0.984, 'neo4j_graph_score': 0.984, 'rule_score': 1.0, 'behavior_label': 'UNKNOWN', 'sequence_pattern': 'GATHER_SCATTER', 'community_risk': 'CRITICAL', 'network_role': 'UNKNOWN', 'reasons': ['Critical mule laundering pattern detected', 'Realtime scenario behavior fallback', 'GATHER_SCATTER', 'Connected to mule cluster'], 'alert_type': 'TRANSACTION_SUSPECT', 'requires_review': False, 'requires_block': True, 'requires_case': True, 'sla_minutes': 15, 'escalation_minutes': 20, 'queue': 'AML_CRITICAL_QUEUE', 'severity': 'CRITICAL'}",2026-09-27T04:32:03.507378,2026-09-27T04:32:03.539635+00:00,,,,,,RUN-20260927-034544-CE4C7A
CASE-208ED8BD,TXN-56BD5504,TRANSACTION_SUSPECT,U-1083,9592cffb-859f-4420-be8f-401414597072,P1,OPEN,105,AML_CRITICAL_QUEUE,AUTO_ALERT,TRANSACTION_SUSPECT,"{'trans_id': '9592cffb-859f-4420-be8f-401414597072', 'sender_id': 'U-1083', 'receiver_id': 'U-1091', 'amount': 183214.83, 'currency': 'INR', 'transaction_type': 'GATHER_SCATTER', 'channel': 'NEFT', 'sender_bal_before': 195140.63, 'sender_bal_after': 11925.8, 'receiver_bal_after': 502376.63, 'timestamp': '2026-09-27T10:02:23.939061+05:30', 'location': 'Delhi', 'is_sim_bound': False, 'is_sim_bound_at_tx': 0, 'device_id': 'D-30059', 'time_to_pay_ms': 99, 'scenario_type': 'P1_CRITICAL', 'scenario_variant': 'GATHER_SCATTER', 'scenario_risk_band': 'P1', 'txn_velocity_1h': 31, 'drain_ratio': 0.9389, 'forwarding_delay_mins': 4, 'balance_depletion_speed': 48251.1339, 'amount_deviation': 0.0165, 'avg_tx_amount_7d': 180234.82, 'distance_from_1L_threshold': 83214.83, 'distance_from_50k_threshold': 133214.83, 'empty_account_flag': 0, 'is_night_tx': 1, 'is_round_amount': 0, 'near_threshold_flag': 0, 'account_age_days': 27, 'device_shared_count': 18, 'ip_shared_count': 14, 'graph_score': 0.962, 'fallback_behavior_score': 0.913, 'fallback_sequence_score': 0.9255, 'fallback_graph_score': 0.962, 'identity_trust_score': 29.98, 'device_trust_score': 22.82, 'sim_binding_ok': 0, 'sim_swap_flag': 1, 'vpn_flag': 1, 'hosting_flag': 0, 'city_mismatch_flag': 1, 'device_age_years': 0.14, 'network_risk_score': 0.7729, 'known_fraud_connections': 13, 'known_fraud_neighbors': 13, 'mule_cluster_size': 13, 'inbound_sources': 12, 'outbound_dest': 10, 'rapid_account_cluster_flag': 1, 'mule_cluster_flag': 1, 'tx_count_24h': 31, 'unique_receivers_7d': 6, 'days_since_last_tx': 0, 'high_value_txn': 1, 'rapid_movement': 1, 'rapid_outbound_after_inbound': 1, 'pass_through_ratio': 0.9786, 'structuring_pattern': 0, 'fragmentation_score': 0.0165, 'night_high_value_txn': 1, 'velocity_risk_score': 0.9637, 'signals': ['P1_CRITICAL', 'GATHER_SCATTER', 'RAPID_DRAIN', 'MULE_CLUSTER', 'SIM_NOT_BOUND', 'REALTIME_SCENARIO_BEHAVIOR_FALLBACK', 'HIGH_VALUE_TRANSFER', 'VERY_HIGH_VALUE_TRANSACTION', 'NEO4J_UNAVAILABLE', 'REALTIME_SCENARIO_GRAPH_FALLBACK', 'CRITICAL_RISK', 'URGENT_REVIEW'], 'pair_repeat_count': 1, 'decision': 'BLOCK', 'engine_decision': 'BLOCK', 'priority': 'P1', 'status': 'BLOCKED', 'risk': 0.9477, 'final_score': 0.9477, 'behavior_score': 0.913, 'behaviorScore': 0.913, 'sequence_score': 0.9255, 'sequenceScore': 0.9255, 'graphScore': 0.962, 'neo4j_graph_score': 0.962, 'rule_score': 1.0, 'behavior_label': 'UNKNOWN', 'sequence_pattern': 'GATHER_SCATTER', 'community_risk': 'CRITICAL', 'network_role': 'UNKNOWN', 'reasons': ['Critical mule laundering pattern detected', 'Realtime scenario behavior fallback', 'GATHER_SCATTER', 'Connected to mule cluster'], 'alert_type': 'TRANSACTION_SUSPECT', 'requires_review': False, 'requires_block': True, 'requires_case': True, 'sla_minutes': 15, 'escalation_minutes': 20, 'queue': 'AML_CRITICAL_QUEUE', 'severity': 'CRITICAL'}",2026-09-27T04:32:24.062298,2026-09-27T04:32:24.093232+00:00,,,,,,RUN-20260927-034544-CE4C7A
CASE-CA6AB41A,TXN-95EA760D,TRANSACTION_SUSPECT,U-1081,76a47e20-5a06-4536-b94b-8e389398cd74,P1,OPEN,101,AML_CRITICAL_QUEUE,AUTO_ALERT,TRANSACTION_SUSPECT,"{'trans_id': '76a47e20-5a06-4536-b94b-8e389398cd74', 'sender_id': 'U-1081', 'receiver_id': 'U-1094', 'amount': 272355.18, 'currency': 'INR', 'transaction_type': 'GATHER_SCATTER', 'channel': 'UPI', 'sender_bal_before': 282673.8, 'sender_bal_after': 10318.62, 'receiver_bal_after': 216761.57, 'timestamp': '2026-09-27T10:02:26.603089+05:30', 'location': 'Pune', 'is_sim_bound': False, 'is_sim_bound_at_tx': 0, 'device_id': 'D-30081', 'time_to_pay_ms': 164, 'scenario_type': 'P1_CRITICAL', 'scenario_variant': 'GATHER_SCATTER', 'scenario_risk_band': 'P1', 'txn_velocity_1h': 29, 'drain_ratio': 0.9635, 'forwarding_delay_mins': 3, 'balance_depletion_speed': 34714.8839, 'amount_deviation': 0.015, 'avg_tx_amount_7d': 276493.68, 'distance_from_1L_threshold': 172355.18, 'distance_from_50k_threshold': 222355.18, 'empty_account_flag': 1, 'is_night_tx': 0, 'is_round_amount': 0, 'near_threshold_flag': 0, 'account_age_days': 55, 'device_shared_count': 19, 'ip_shared_count': 10, 'graph_score': 0.918, 'fallback_behavior_score': 0.9403, 'fallback_sequence_score': 0.9412, 'fallback_graph_score': 0.918, 'identity_trust_score': 24.77, 'device_trust_score': 24.48, 'sim_binding_ok': 0, 'sim_swap_flag': 1, 'vpn_flag': 1, 'hosting_flag': 1, 'city_mismatch_flag': 1, 'device_age_years': 1.16, 'network_risk_score': 0.745, 'known_fraud_connections': 10, 'known_fraud_neighbors': 10, 'mule_cluster_size': 24, 'inbound_sources': 11, 'outbound_dest': 7, 'rapid_account_cluster_flag': 1, 'mule_cluster_flag': 1, 'tx_count_24h': 31, 'unique_receivers_7d': 6, 'days_since_last_tx': 0, 'high_value_txn': 1, 'rapid_movement': 1, 'rapid_outbound_after_inbound': 1, 'pass_through_ratio': 0.922, 'structuring_pattern': 0, 'fragmentation_score': 0.015, 'night_high_value_txn': 1, 'velocity_risk_score': 0.9897, 'signals': ['P1_CRITICAL', 'GATHER_SCATTER', 'RAPID_DRAIN', 'MULE_CLUSTER', 'SIM_NOT_BOUND', 'REALTIME_SCENARIO_BEHAVIOR_FALLBACK', 'HIGH_VALUE_TRANSFER', 'VERY_HIGH_VALUE_TRANSACTION', 'NEO4J_UNAVAILABLE', 'REALTIME_SCENARIO_GRAPH_FALLBACK', 'CRITICAL_RISK', 'URGENT_REVIEW'], 'pair_repeat_count': 3, 'decision': 'BLOCK', 'engine_decision': 'BLOCK', 'priority': 'P1', 'status': 'BLOCKED', 'risk': 0.951, 'final_score': 0.951, 'behavior_score': 0.9403, 'behaviorScore': 0.9403, 'sequence_score': 0.9412, 'sequenceScore': 0.9412, 'graphScore': 0.918, 'neo4j_graph_score': 0.918, 'rule_score': 1.0, 'behavior_label': 'UNKNOWN', 'sequence_pattern': 'GATHER_SCATTER', 'community_risk': 'CRITICAL', 'network_role': 'UNKNOWN', 'reasons': ['Critical mule laundering pattern detected', 'Realtime scenario behavior fallback', 'GATHER_SCATTER', 'Connected to mule cluster'], 'alert_type': 'TRANSACTION_SUSPECT', 'requires_review': False, 'requires_block': True, 'requires_case': True, 'sla_minutes': 15, 'escalation_minutes': 20, 'queue': 'AML_CRITICAL_QUEUE', 'severity': 'CRITICAL'}",2026-09-27T04:32:26.716064,2026-09-27T04:32:26.746145+00:00,,,,,,RUN-20260927-034544-CE4C7A
CASE-716DA094,TXN-BA1236D1,TRANSACTION_SUSPECT,U-1083,6eec979c-76c1-4d71-b9a4-3dab4458c6e3,P1,OPEN,104,AML_CRITICAL_QUEUE,AUTO_ALERT,TRANSACTION_SUSPECT,"{'trans_id': '6eec979c-76c1-4d71-b9a4-3dab4458c6e3', 'sender_id': 'U-1083', 'receiver_id': 'M-2048', 'amount': 417416.32, 'currency': 'INR', 'transaction_type': 'GATHER_SCATTER', 'channel': 'NEFT', 'sender_bal_before': 443934.76, 'sender_bal_after': 26518.44, 'receiver_bal_after': 169456.74, 'timestamp': '2026-09-27T10:05:07.135478+05:30', 'location': 'Bengaluru', 'is_sim_bound': False, 'is_sim_bound_at_tx': 0, 'device_id': 'D-30084', 'time_to_pay_ms': 215, 'scenario_type': 'P1_CRITICAL', 'scenario_variant': 'GATHER_SCATTER', 'scenario_risk_band': 'P1', 'txn_velocity_1h': 23, 'drain_ratio': 0.9403, 'forwarding_delay_mins': 4, 'balance_depletion_speed': 62229.3961, 'amount_deviation': 0.1342, 'avg_tx_amount_7d': 368035.34, 'distance_from_1L_threshold': 317416.32, 'distance_from_50k_threshold': 367416.32, 'empty_account_flag': 0, 'is_night_tx': 0, 'is_round_amount': 0, 'near_threshold_flag': 0, 'account_age_days': 23, 'device_shared_count': 10, 'ip_shared_count': 13, 'graph_score': 0.9276, 'fallback_behavior_score': 0.9563, 'fallback_sequence_score': 0.9788, 'fallback_graph_score': 0.9276, 'identity_trust_score': 9.22, 'device_trust_score': 7.74, 'sim_binding_ok': 0, 'sim_swap_flag': 1, 'vpn_flag': 1, 'hosting_flag': 1, 'city_mismatch_flag': 1, 'device_age_years': 1.41, 'network_risk_score': 0.7571, 'known_fraud_connections': 14, 'known_fraud_neighbors': 14, 'mule_cluster_size': 28, 'inbound_sources': 6, 'outbound_dest': 7, 'rapid_account_cluster_flag': 1, 'mule_cluster_flag': 1, 'tx_count_24h': 21, 'unique_receivers_7d': 7, 'days_since_last_tx': 0, 'high_value_txn': 1, 'rapid_movement': 1, 'rapid_outbound_after_inbound': 1, 'pass_through_ratio': 0.9581, 'structuring_pattern': 0, 'fragmentation_score': 0.1342, 'night_high_value_txn': 1, 'velocity_risk_score': 0.939, 'signals': ['P1_CRITICAL', 'GATHER_SCATTER', 'RAPID_DRAIN', 'MULE_CLUSTER', 'SIM_NOT_BOUND', 'REALTIME_SCENARIO_BEHAVIOR_FALLBACK', 'HIGH_VALUE_TRANSFER', 'VERY_HIGH_VALUE_TRANSACTION', 'NEO4J_UNAVAILABLE', 'REALTIME_SCENARIO_GRAPH_FALLBACK', 'CRITICAL_RISK', 'URGENT_REVIEW'], 'pair_repeat_count': 1, 'decision': 'BLOCK', 'engine_decision': 'BLOCK', 'priority': 'P1', 'status': 'BLOCKED', 'risk': 0.9671, 'final_score': 0.9671, 'behavior_score': 0.9563, 'behaviorScore': 0.9563, 'sequence_score': 0.9788, 'sequenceScore': 0.9788, 'graphScore': 0.9276, 'neo4j_graph_score': 0.9276, 'rule_score': 1.0, 'behavior_label': 'UNKNOWN', 'sequence_pattern': 'GATHER_SCATTER', 'community_risk': 'CRITICAL', 'network_role': 'UNKNOWN', 'reasons': ['Critical mule laundering pattern detected', 'Realtime scenario behavior fallback', 'GATHER_SCATTER', 'Connected to mule cluster'], 'alert_type': 'TRANSACTION_SUSPECT', 'requires_review': False, 'requires_block': True, 'requires_case': True, 'sla_minutes': 15, 'escalation_minutes': 20, 'queue': 'AML_CRITICAL_QUEUE', 'severity': 'CRITICAL'}",2026-09-27T04:35:07.610880,2026-09-27T04:35:07.662829+00:00,,,,,,RUN-20260927-034544-CE4C7A
CASE-F5B1E36B,TXN-4B2D0AA5,TRANSACTION_SUSPECT,U-1083,31e9cc49-4de8-4196-a579-7b940fc4a26c,P1,OPEN,105,AML_CRITICAL_QUEUE,AUTO_ALERT,TRANSACTION_SUSPECT,"{'trans_id': '31e9cc49-4de8-4196-a579-7b940fc4a26c', 'sender_id': 'U-1083', 'receiver_id': 'U-1088', 'amount': 49235.29, 'currency': 'INR', 'transaction_type': 'STRUCTURING', 'channel': 'IMPS', 'sender_bal_before': 49862.23, 'sender_bal_after': 626.94, 'receiver_bal_after': 31524.6, 'timestamp': '2026-09-27T10:05:10.215280+05:30', 'location': 'Kolkata', 'is_sim_bound': False, 'is_sim_bound_at_tx': 0, 'device_id': 'D-30045', 'time_to_pay_ms': 365, 'scenario_type': 'P1_CRITICAL', 'scenario_variant': 'STRUCTURING', 'scenario_risk_band': 'P1', 'txn_velocity_1h': 30, 'drain_ratio': 0.9874, 'forwarding_delay_mins': 1, 'balance_depletion_speed': 6955.6117, 'amount_deviation': 0.0672, 'avg_tx_amount_7d': 52780.74, 'distance_from_1L_threshold': 50764.71, 'distance_from_50k_threshold': 764.71, 'empty_account_flag': 1, 'is_night_tx': 1, 'is_round_amount': 0, 'near_threshold_flag': 1, 'account_age_days': 43, 'device_shared_count': 13, 'ip_shared_count': 9, 'graph_score': 0.9783, 'fallback_behavior_score': 0.989, 'fallback_sequence_score': 0.9137, 'fallback_graph_score': 0.9783, 'identity_trust_score': 19.74, 'device_trust_score': 21.11, 'sim_binding_ok': 0, 'sim_swap_flag': 1, 'vpn_flag': 1, 'hosting_flag': 0, 'city_mismatch_flag': 1, 'device_age_years': 1.02, 'network_risk_score': 0.865, 'known_fraud_connections': 14, 'known_fraud_neighbors': 14, 'mule_cluster_size': 15, 'inbound_sources': 6, 'outbound_dest': 6, 'rapid_account_cluster_flag': 1, 'mule_cluster_flag': 1, 'tx_count_24h': 23, 'unique_receivers_7d': 5, 'days_since_last_tx': 0, 'high_value_txn': 1, 'rapid_movement': 1, 'rapid_outbound_after_inbound': 1, 'pass_through_ratio': 0.9075, 'structuring_pattern': 1, 'fragmentation_score': 0.9075, 'night_high_value_txn': 1, 'velocity_risk_score': 0.9593, 'signals': ['P1_CRITICAL', 'STRUCTURING', 'NEAR_THRESHOLD', 'HIGH_VALUE_TRANSFER', 'REALTIME_SCENARIO_BEHAVIOR_FALLBACK', 'GATHER_SCATTER', 'NEO4J_UNAVAILABLE', 'REALTIME_SCENARIO_GRAPH_FALLBACK', 'CRITICAL_RISK', 'URGENT_REVIEW'], 'pair_repeat_count': 1, 'decision': 'BLOCK', 'engine_decision': 'BLOCK', 'priority': 'P1', 'status': 'BLOCKED', 'risk': 0.9708, 'final_score': 0.9708, 'behavior_score': 0.989, 'behaviorScore': 0.989, 'sequence_score': 0.9137, 'sequenceScore': 0.9137, 'graphScore': 0.9783, 'neo4j_graph_score': 0.9783, 'rule_score': 1.0, 'behavior_label': 'UNKNOWN', 'sequence_pattern': 'GATHER_SCATTER', 'community_risk': 'CRITICAL', 'network_role': 'UNKNOWN', 'reasons': ['Critical mule laundering pattern detected', 'Realtime scenario behavior fallback', 'GATHER_SCATTER', 'Connected to mule cluster'], 'alert_type': 'TRANSACTION_SUSPECT', 'requires_review': False, 'requires_block': True, 'requires_case': True, 'sla_minutes': 15, 'escalation_minutes': 20, 'queue': 'AML_CRITICAL_QUEUE', 'severity': 'CRITICAL'}",2026-09-27T04:35:10.476339,2026-09-27T04:35:10.526388+00:00,,,,,,RUN-20260927-034544-CE4C7A
CASE-5F023F0D,TXN-5FB78E11,TRANSACTION_SUSPECT,U-1086,f335e37b-2764-4dd7-af4d-227bfca3fbf0,P1,OPEN,101,AML_CRITICAL_QUEUE,AUTO_ALERT,TRANSACTION_SUSPECT,"{'trans_id': 'f335e37b-2764-4dd7-af4d-227bfca3fbf0', 'sender_id': 'U-1086', 'receiver_id': 'U-1089', 'amount': 383462.77, 'currency': 'INR', 'transaction_type': 'LAYERING_STEP', 'channel': 'IMPS', 'sender_bal_before': 389658.82, 'sender_bal_after': 6196.05, 'receiver_bal_after': 10717.62, 'timestamp': '2026-09-27T10:05:20.782591+05:30', 'location': 'Kolkata', 'is_sim_bound': False, 'is_sim_bound_at_tx': 0, 'device_id': 'D-30076', 'time_to_pay_ms': 103, 'scenario_type': 'P1_CRITICAL', 'scenario_variant': 'LAYERING', 'scenario_risk_band': 'P1', 'txn_velocity_1h': 34, 'drain_ratio': 0.9841, 'forwarding_delay_mins': 5, 'balance_depletion_speed': 43585.9555, 'amount_deviation': 0.0027, 'avg_tx_amount_7d': 382416.34, 'distance_from_1L_threshold': 283462.77, 'distance_from_50k_threshold': 333462.77, 'empty_account_flag': 1, 'is_night_tx': 0, 'is_round_amount': 0, 'near_threshold_flag': 0, 'account_age_days': 30, 'device_shared_count': 11, 'ip_shared_count': 5, 'graph_score': 0.9244, 'fallback_behavior_score': 0.9781, 'fallback_sequence_score': 0.9629, 'fallback_graph_score': 0.9244, 'identity_trust_score': 5.7, 'device_trust_score': 22.4, 'sim_binding_ok': 0, 'sim_swap_flag': 1, 'vpn_flag': 1, 'hosting_flag': 0, 'city_mismatch_flag': 1, 'device_age_years': 0.58, 'network_risk_score': 0.7686, 'known_fraud_connections': 6, 'known_fraud_neighbors': 6, 'mule_cluster_size': 29, 'inbound_sources': 7, 'outbound_dest': 10, 'rapid_account_cluster_flag': 1, 'mule_cluster_flag': 1, 'tx_count_24h': 38, 'unique_receivers_7d': 10, 'days_since_last_tx': 0, 'high_value_txn': 1, 'rapid_movement': 1, 'rapid_outbound_after_inbound': 1, 'pass_through_ratio': 0.9675, 'structuring_pattern': 0, 'fragmentation_score': 0.0027, 'night_high_value_txn': 1, 'velocity_risk_score': 0.9658, 'signals': ['P1_CRITICAL', 'LAYERING', 'LAYERING_CHAIN', 'MULE_CLUSTER', 'SHORT_FORWARDING_DELAY', 'SIM_NOT_BOUND', 'REALTIME_SCENARIO_BEHAVIOR_FALLBACK', 'GATHER_SCATTER', 'HIGH_VALUE_TRANSFER', 'VERY_HIGH_VALUE_TRANSACTION', 'NEO4J_UNAVAILABLE', 'REALTIME_SCENARIO_GRAPH_FALLBACK', 'CRITICAL_RISK', 'URGENT_REVIEW'], 'pair_repeat_count': 2, 'decision': 'BLOCK', 'engine_decision': 'BLOCK', 'priority': 'P1', 'status': 'BLOCKED', 'risk': 0.969, 'final_score': 0.969, 'behavior_score': 0.9781, 'behaviorScore': 0.9781, 'sequence_score': 0.9629, 'sequenceScore': 0.9629, 'graphScore': 0.9244, 'neo4j_graph_score': 0.9244, 'rule_score': 1.0, 'behavior_label': 'UNKNOWN', 'sequence_pattern': 'GATHER_SCATTER', 'community_risk': 'CRITICAL', 'network_role': 'UNKNOWN', 'reasons': ['Critical mule laundering pattern detected', 'Realtime scenario behavior fallback', 'GATHER_SCATTER', 'Connected to mule cluster'], 'alert_type': 'TRANSACTION_SUSPECT', 'requires_review': False, 'requires_block': True, 'requires_case': True, 'sla_minutes': 15, 'escalation_minutes': 20, 'queue': 'AML_CRITICAL_QUEUE', 'severity': 'CRITICAL'}",2026-09-27T04:35:21.105685,2026-09-27T04:35:21.137255+00:00,,,,,,RUN-20260927-034544-CE4C7A
CASE-7AD52677,TXN-7AA9A66A,TRANSACTION_SUSPECT,U-1080,b9464b41-3a62-4552-b6d2-1966fff12729,P1,OPEN,102,AML_CRITICAL_QUEUE,AUTO_ALERT,TRANSACTION_SUSPECT,"{'trans_id': 'b9464b41-3a62-4552-b6d2-1966fff12729', 'sender_id': 'U-1080', 'receiver_id': 'U-1093', 'amount': 176937.46, 'currency': 'INR', 'transaction_type': 'GATHER_SCATTER', 'channel': 'IMPS', 'sender_bal_before': 188344.47, 'sender_bal_after': 11407.01, 'receiver_bal_after': 113141.93, 'timestamp': '2026-09-27T10:05:26.267285+05:30', 'location': 'Chennai', 'is_sim_bound': False, 'is_sim_bound_at_tx': 0, 'device_id': 'D-30075', 'time_to_pay_ms': 171, 'scenario_type': 'P1_CRITICAL', 'scenario_variant': 'GATHER_SCATTER', 'scenario_risk_band': 'P1', 'txn_velocity_1h': 44, 'drain_ratio': 0.9394, 'forwarding_delay_mins': 1, 'balance_depletion_speed': 27725.9857, 'amount_deviation': 0.0401, 'avg_tx_amount_7d': 170115.07, 'distance_from_1L_threshold': 76937.46, 'distance_from_50k_threshold': 126937.46, 'empty_account_flag': 0, 'is_night_tx': 1, 'is_round_amount': 0, 'near_threshold_flag': 0, 'account_age_days': 44, 'device_shared_count': 15, 'ip_shared_count': 6, 'graph_score': 0.9362, 'fallback_behavior_score': 0.9586, 'fallback_sequence_score': 0.9064, 'fallback_graph_score': 0.9362, 'identity_trust_score': 12.23, 'device_trust_score': 21.39, 'sim_binding_ok': 0, 'sim_swap_flag': 1, 'vpn_flag': 1, 'hosting_flag': 0, 'city_mismatch_flag': 1, 'device_age_years': 1.52, 'network_risk_score': 0.8517, 'known_fraud_connections': 7, 'known_fraud_neighbors': 7, 'mule_cluster_size': 21, 'inbound_sources': 11, 'outbound_dest': 12, 'rapid_account_cluster_flag': 1, 'mule_cluster_flag': 1, 'tx_count_24h': 41, 'unique_receivers_7d': 7, 'days_since_last_tx': 0, 'high_value_txn': 1, 'rapid_movement': 1, 'rapid_outbound_after_inbound': 1, 'pass_through_ratio': 0.9483, 'structuring_pattern': 0, 'fragmentation_score': 0.0401, 'night_high_value_txn': 1, 'velocity_risk_score': 0.9627, 'signals': ['P1_CRITICAL', 'GATHER_SCATTER', 'RAPID_DRAIN', 'MULE_CLUSTER', 'SIM_NOT_BOUND', 'REALTIME_SCENARIO_BEHAVIOR_FALLBACK', 'HIGH_VALUE_TRANSFER', 'VERY_HIGH_VALUE_TRANSACTION', 'NEO4J_UNAVAILABLE', 'REALTIME_SCENARIO_GRAPH_FALLBACK', 'CRITICAL_RISK', 'URGENT_REVIEW'], 'pair_repeat_count': 1, 'decision': 'BLOCK', 'engine_decision': 'BLOCK', 'priority': 'P1', 'status': 'BLOCKED', 'risk': 0.9514, 'final_score': 0.9514, 'behavior_score': 0.9586, 'behaviorScore': 0.9586, 'sequence_score': 0.9064, 'sequenceScore': 0.9064, 'graphScore': 0.9362, 'neo4j_graph_score': 0.9362, 'rule_score': 1.0, 'behavior_label': 'UNKNOWN', 'sequence_pattern': 'GATHER_SCATTER', 'community_risk': 'CRITICAL', 'network_role': 'UNKNOWN', 'reasons': ['Critical mule laundering pattern detected', 'Realtime scenario behavior fallback', 'GATHER_SCATTER', 'Connected to mule cluster'], 'alert_type': 'TRANSACTION_SUSPECT', 'requires_review': False, 'requires_block': True, 'requires_case': True, 'sla_minutes': 15, 'escalation_minutes': 20, 'queue': 'AML_CRITICAL_QUEUE', 'severity': 'CRITICAL'}",2026-09-27T04:35:26.610067,2026-09-27T04:35:26.668654+00:00,,,,,,RUN-20260927-034544-CE4C7A
CASE-62BFC602,TXN-EA6C900F,TRANSACTION_SUSPECT,U-1078,b411b5e9-193a-4c12-9dd2-64eeaa1e3651,P1,OPEN,105,AML_CRITICAL_QUEUE,AUTO_ALERT,TRANSACTION_SUSPECT,"{'trans_id': 'b411b5e9-193a-4c12-9dd2-64eeaa1e3651', 'sender_id': 'U-1078', 'receiver_id': 'M-2046', 'amount': 49284.8, 'currency': 'INR', 'transaction_type': 'STRUCTURING', 'channel': 'NEFT', 'sender_bal_before': 53802.26, 'sender_bal_after': 4517.46, 'receiver_bal_after': 232045.15, 'timestamp': '2026-09-27T10:06:10.465452+05:30', 'location': 'Pune', 'is_sim_bound': False, 'is_sim_bound_at_tx': 0, 'device_id': 'D-30067', 'time_to_pay_ms': 251, 'scenario_type': 'P1_CRITICAL', 'scenario_variant': 'STRUCTURING', 'scenario_risk_band': 'P1', 'txn_velocity_1h': 27, 'drain_ratio': 0.916, 'forwarding_delay_mins': 3, 'balance_depletion_speed': 8471.2796, 'amount_deviation': 0.0109, 'avg_tx_amount_7d': 49828.75, 'distance_from_1L_threshold': 50715.2, 'distance_from_50k_threshold': 715.2, 'empty_account_flag': 0, 'is_night_tx': 1, 'is_round_amount': 0, 'near_threshold_flag': 1, 'account_age_days': 46, 'device_shared_count': 14, 'ip_shared_count': 9, 'graph_score': 0.9086, 'fallback_behavior_score': 0.951, 'fallback_sequence_score': 0.9868, 'fallback_graph_score': 0.9086, 'identity_trust_score': 20.37, 'device_trust_score': 9.65, 'sim_binding_ok': 0, 'sim_swap_flag': 1, 'vpn_flag': 1, 'hosting_flag': 0, 'city_mismatch_flag': 1, 'device_age_years': 1.56, 'network_risk_score': 0.8822, 'known_fraud_connections': 5, 'known_fraud_neighbors': 5, 'mule_cluster_size': 20, 'inbound_sources': 9, 'outbound_dest': 7, 'rapid_account_cluster_flag': 1, 'mule_cluster_flag': 1, 'tx_count_24h': 36, 'unique_receivers_7d': 5, 'days_since_last_tx': 0, 'high_value_txn': 1, 'rapid_movement': 1, 'rapid_outbound_after_inbound': 1, 'pass_through_ratio': 0.9169, 'structuring_pattern': 1, 'fragmentation_score': 0.9169, 'night_high_value_txn': 1, 'velocity_risk_score': 0.9696, 'signals': ['P1_CRITICAL', 'STRUCTURING', 'NEAR_THRESHOLD', 'HIGH_VALUE_TRANSFER', 'REALTIME_SCENARIO_BEHAVIOR_FALLBACK', 'GATHER_SCATTER', 'NEO4J_UNAVAILABLE', 'REALTIME_SCENARIO_GRAPH_FALLBACK', 'CRITICAL_RISK', 'URGENT_REVIEW'], 'pair_repeat_count': 3, 'decision': 'BLOCK', 'engine_decision': 'BLOCK', 'priority': 'P1', 'status': 'BLOCKED', 'risk': 0.9637, 'final_score': 0.9637, 'behavior_score': 0.951, 'behaviorScore': 0.951, 'sequence_score': 0.9868, 'sequenceScore': 0.9868, 'graphScore': 0.9086, 'neo4j_graph_score': 0.9086, 'rule_score': 1.0, 'behavior_label': 'UNKNOWN', 'sequence_pattern': 'GATHER_SCATTER', 'community_risk': 'CRITICAL', 'network_role': 'UNKNOWN', 'reasons': ['Critical mule laundering pattern detected', 'Realtime scenario behavior fallback', 'GATHER_SCATTER', 'Connected to mule cluster'], 'alert_type': 'TRANSACTION_SUSPECT', 'requires_review': False, 'requires_block': True, 'requires_case': True, 'sla_minutes': 15, 'escalation_minutes': 20, 'queue': 'AML_CRITICAL_QUEUE', 'severity': 'CRITICAL'}",2026-09-27T04:36:10.591968,2026-09-27T04:36:10.623298+00:00,,,,,,RUN-20260927-034544-CE4C7A
CASE-25A0BFFB,TXN-4EEF5664,TRANSACTION_SUSPECT,U-1084,08ece827-e405-4702-9cad-8fca88725369,P1,OPEN,103,AML_CRITICAL_QUEUE,AUTO_ALERT,TRANSACTION_SUSPECT,"{'trans_id': '08ece827-e405-4702-9cad-8fca88725369', 'sender_id': 'U-1084', 'receiver_id': 'U-1092', 'amount': 314222.08, 'currency': 'INR', 'transaction_type': 'LAYERING_STEP', 'channel': 'IMPS', 'sender_bal_before': 335679.61, 'sender_bal_after': 21457.53, 'receiver_bal_after': 86172.74, 'timestamp': '2026-09-27T10:09:15.880876+05:30', 'location': 'Hyderabad', 'is_sim_bound': False, 'is_sim_bound_at_tx': 0, 'device_id': 'D-30062', 'time_to_pay_ms': 152, 'scenario_type': 'P1_CRITICAL', 'scenario_variant': 'LAYERING', 'scenario_risk_band': 'P1', 'txn_velocity_1h': 31, 'drain_ratio': 0.9361, 'forwarding_delay_mins': 5, 'balance_depletion_speed': 35337.1609, 'amount_deviation': 0.0011, 'avg_tx_amount_7d': 314566.15, 'distance_from_1L_threshold': 214222.08, 'distance_from_50k_threshold': 264222.08, 'empty_account_flag': 0, 'is_night_tx': 1, 'is_round_amount': 0, 'near_threshold_flag': 0, 'account_age_days': 31, 'device_shared_count': 11, 'ip_shared_count': 9, 'graph_score': 0.9224, 'fallback_behavior_score': 0.9849, 'fallback_sequence_score': 0.981, 'fallback_graph_score': 0.9224, 'identity_trust_score': 28.73, 'device_trust_score': 22.35, 'sim_binding_ok': 0, 'sim_swap_flag': 1, 'vpn_flag': 1, 'hosting_flag': 0, 'city_mismatch_flag': 1, 'device_age_years': 0.75, 'network_risk_score': 0.8494, 'known_fraud_connections': 15, 'known_fraud_neighbors': 15, 'mule_cluster_size': 18, 'inbound_sources': 11, 'outbound_dest': 8, 'rapid_account_cluster_flag': 1, 'mule_cluster_flag': 1, 'tx_count_24h': 27, 'unique_receivers_7d': 10, 'days_since_last_tx': 0, 'high_value_txn': 1, 'rapid_movement': 1, 'rapid_outbound_after_inbound': 1, 'pass_through_ratio': 0.9541, 'structuring_pattern': 0, 'fragmentation_score': 0.0011, 'night_high_value_txn': 1, 'velocity_risk_score': 0.9111, 'signals': ['P1_CRITICAL', 'LAYERING', 'LAYERING_CHAIN', 'MULE_CLUSTER', 'SHORT_FORWARDING_DELAY', 'SIM_NOT_BOUND', 'REALTIME_SCENARIO_BEHAVIOR_FALLBACK', 'GATHER_SCATTER', 'HIGH_VALUE_TRANSFER', 'VERY_HIGH_VALUE_TRANSACTION', 'NEO4J_UNAVAILABLE', 'REALTIME_SCENARIO_GRAPH_FALLBACK', 'CRITICAL_RISK', 'URGENT_REVIEW'], 'pair_repeat_count': 1, 'decision': 'BLOCK', 'engine_decision': 'BLOCK', 'priority': 'P1', 'status': 'BLOCKED', 'risk': 0.9752, 'final_score': 0.9752, 'behavior_score': 0.9849, 'behaviorScore': 0.9849, 'sequence_score': 0.981, 'sequenceScore': 0.981, 'graphScore': 0.9224, 'neo4j_graph_score': 0.9224, 'rule_score': 1.0, 'behavior_label': 'UNKNOWN', 'sequence_pattern': 'GATHER_SCATTER', 'community_risk': 'CRITICAL', 'network_role': 'UNKNOWN', 'reasons': ['Critical mule laundering pattern detected', 'Realtime scenario behavior fallback', 'GATHER_SCATTER', 'Connected to mule cluster'], 'alert_type': 'TRANSACTION_SUSPECT', 'requires_review': False, 'requires_block': True, 'requires_case': True, 'sla_minutes': 15, 'escalation_minutes': 20, 'queue': 'AML_CRITICAL_QUEUE', 'severity': 'CRITICAL'}",2026-09-27T04:39:16.028804,2026-09-27T04:39:16.072586+00:00,,,,,,RUN-20260927-034544-CE4C7A
CASE-1A5E459B,TXN-085CBA88,TRANSACTION_SUSPECT,U-1084,a4e8ec53-74eb-4379-a4eb-2d25d701cacb,P1,OPEN,104,AML_CRITICAL_QUEUE,AUTO_ALERT,TRANSACTION_SUSPECT,"{'trans_id': 'a4e8ec53-74eb-4379-a4eb-2d25d701cacb', 'sender_id': 'U-1084', 'receiver_id': 'M-2046', 'amount': 140286.72, 'currency': 'INR', 'transaction_type': 'GATHER_SCATTER', 'channel': 'NEFT', 'sender_bal_before': 142444.94, 'sender_bal_after': 2158.22, 'receiver_bal_after': 260665.66, 'timestamp': '2026-09-27T10:09:21.151808+05:30', 'location': 'Bengaluru', 'is_sim_bound': False, 'is_sim_bound_at_tx': 0, 'device_id': 'D-30064', 'time_to_pay_ms': 172, 'scenario_type': 'P1_CRITICAL', 'scenario_variant': 'GATHER_SCATTER', 'scenario_risk_band': 'P1', 'txn_velocity_1h': 21, 'drain_ratio': 0.9848, 'forwarding_delay_mins': 2, 'balance_depletion_speed': 17018.8973, 'amount_deviation': 0.1222, 'avg_tx_amount_7d': 125012.54, 'distance_from_1L_threshold': 40286.72, 'distance_from_50k_threshold': 90286.72, 'empty_account_flag': 1, 'is_night_tx': 1, 'is_round_amount': 0, 'near_threshold_flag': 0, 'account_age_days': 6, 'device_shared_count': 19, 'ip_shared_count': 5, 'graph_score': 0.934, 'fallback_behavior_score': 0.9404, 'fallback_sequence_score': 0.9439, 'fallback_graph_score': 0.934, 'identity_trust_score': 15.65, 'device_trust_score': 8.07, 'sim_binding_ok': 0, 'sim_swap_flag': 1, 'vpn_flag': 1, 'hosting_flag': 1, 'city_mismatch_flag': 1, 'device_age_years': 2.31, 'network_risk_score': 0.7063, 'known_fraud_connections': 5, 'known_fraud_neighbors': 5, 'mule_cluster_size': 18, 'inbound_sources': 11, 'outbound_dest': 8, 'rapid_account_cluster_flag': 1, 'mule_cluster_flag': 1, 'tx_count_24h': 33, 'unique_receivers_7d': 9, 'days_since_last_tx': 0, 'high_value_txn': 1, 'rapid_movement': 1, 'rapid_outbound_after_inbound': 1, 'pass_through_ratio': 0.9251, 'structuring_pattern': 0, 'fragmentation_score': 0.1222, 'night_high_value_txn': 1, 'velocity_risk_score': 0.9735, 'signals': ['P1_CRITICAL', 'GATHER_SCATTER', 'RAPID_DRAIN', 'MULE_CLUSTER', 'SIM_NOT_BOUND', 'REALTIME_SCENARIO_BEHAVIOR_FALLBACK', 'HIGH_VALUE_TRANSFER', 'VERY_HIGH_VALUE_TRANSACTION', 'NEO4J_UNAVAILABLE', 'REALTIME_SCENARIO_GRAPH_FALLBACK', 'CRITICAL_RISK', 'URGENT_REVIEW'], 'pair_repeat_count': 1, 'decision': 'BLOCK', 'engine_decision': 'BLOCK', 'priority': 'P1', 'status': 'BLOCKED', 'risk': 0.9549, 'final_score': 0.9549, 'behavior_score': 0.9404, 'behaviorScore': 0.9404, 'sequence_score': 0.9439, 'sequenceScore': 0.9439, 'graphScore': 0.934, 'neo4j_graph_score': 0.934, 'rule_score': 1.0, 'behavior_label': 'UNKNOWN', 'sequence_pattern': 'GATHER_SCATTER', 'community_risk': 'CRITICAL', 'network_role': 'UNKNOWN', 'reasons': ['Critical mule laundering pattern detected', 'Realtime scenario behavior fallback', 'GATHER_SCATTER', 'Connected to mule cluster'], 'alert_type': 'TRANSACTION_SUSPECT', 'requires_review': False, 'requires_block': True, 'requires_case': True, 'sla_minutes': 15, 'escalation_minutes': 20, 'queue': 'AML_CRITICAL_QUEUE', 'severity': 'CRITICAL'}",2026-09-27T04:39:21.266676,2026-09-27T04:39:21.296860+00:00,,,,,,RUN-20260927-034544-CE4C7A
CASE-CCECF86A,TXN-CE3F38A2,TRANSACTION_SUSPECT,U-1083,2d946ff0-5279-4cd1-a2f8-a5f9ee794ee2,P1,OPEN,105,AML_CRITICAL_QUEUE,AUTO_ALERT,TRANSACTION_SUSPECT,"{'trans_id': '2d946ff0-5279-4cd1-a2f8-a5f9ee794ee2', 'sender_id': 'U-1083', 'receiver_id': 'M-2044', 'amount': 297357.79, 'currency': 'INR', 'transaction_type': 'GATHER_SCATTER', 'channel': 'IMPS', 'sender_bal_before': 328051.66, 'sender_bal_after': 30693.87, 'receiver_bal_after': 474988.7, 'timestamp': '2026-09-27T10:09:39.095036+05:30', 'location': 'Bengaluru', 'is_sim_bound': False, 'is_sim_bound_at_tx': 0, 'device_id': 'D-30073', 'time_to_pay_ms': 171, 'scenario_type': 'P1_CRITICAL', 'scenario_variant': 'GATHER_SCATTER', 'scenario_risk_band': 'P1', 'txn_velocity_1h': 42, 'drain_ratio': 0.9064, 'forwarding_delay_mins': 3, 'balance_depletion_speed': 57439.6126, 'amount_deviation': 0.0292, 'avg_tx_amount_7d': 306286.12, 'distance_from_1L_threshold': 197357.79, 'distance_from_50k_threshold': 247357.79, 'empty_account_flag': 0, 'is_night_tx': 1, 'is_round_amount': 0, 'near_threshold_flag': 0, 'account_age_days': 26, 'device_shared_count': 19, 'ip_shared_count': 8, 'graph_score': 0.9348, 'fallback_behavior_score': 0.9011, 'fallback_sequence_score': 0.9154, 'fallback_graph_score': 0.9348, 'identity_trust_score': 24.8, 'device_trust_score': 11.62, 'sim_binding_ok': 0, 'sim_swap_flag': 1, 'vpn_flag': 1, 'hosting_flag': 1, 'city_mismatch_flag': 1, 'device_age_years': 0.41, 'network_risk_score': 0.748, 'known_fraud_connections': 10, 'known_fraud_neighbors': 10, 'mule_cluster_size': 23, 'inbound_sources': 11, 'outbound_dest': 12, 'rapid_account_cluster_flag': 1, 'mule_cluster_flag': 1, 'tx_count_24h': 23, 'unique_receivers_7d': 11, 'days_since_last_tx': 0, 'high_value_txn': 1, 'rapid_movement': 1, 'rapid_outbound_after_inbound': 1, 'pass_through_ratio': 0.9608, 'structuring_pattern': 0, 'fragmentation_score': 0.0292, 'night_high_value_txn': 1, 'velocity_risk_score': 0.9065, 'signals': ['P1_CRITICAL', 'GATHER_SCATTER', 'RAPID_DRAIN', 'MULE_CLUSTER', 'SIM_NOT_BOUND', 'REALTIME_SCENARIO_BEHAVIOR_FALLBACK', 'HIGH_VALUE_TRANSFER', 'VERY_HIGH_VALUE_TRANSACTION', 'NEO4J_UNAVAILABLE', 'REALTIME_SCENARIO_GRAPH_FALLBACK', 'CRITICAL_RISK', 'URGENT_REVIEW'], 'pair_repeat_count': 3, 'decision': 'BLOCK', 'engine_decision': 'BLOCK', 'priority': 'P1', 'status': 'BLOCKED', 'risk': 0.9361, 'final_score': 0.9361, 'behavior_score': 0.9011, 'behaviorScore': 0.9011, 'sequence_score': 0.9154, 'sequenceScore': 0.9154, 'graphScore': 0.9348, 'neo4j_graph_score': 0.9348, 'rule_score': 1.0, 'behavior_label': 'UNKNOWN', 'sequence_pattern': 'GATHER_SCATTER', 'community_risk': 'CRITICAL', 'network_role': 'UNKNOWN', 'reasons': ['Critical mule laundering pattern detected', 'Realtime scenario behavior fallback', 'GATHER_SCATTER', 'Connected to mule cluster'], 'alert_type': 'TRANSACTION_SUSPECT', 'requires_review': False, 'requires_block': True, 'requires_case': True, 'sla_minutes': 15, 'escalation_minutes': 20, 'queue': 'AML_CRITICAL_QUEUE', 'severity': 'CRITICAL'}",2026-09-27T04:39:39.257780,2026-09-27T04:39:39.276550+00:00,,,,,,RUN-20260927-034544-CE4C7A
CASE-3F93C51E,TXN-5694DFE0,TRANSACTION_SUSPECT,U-1087,7e27c9cd-ecab-487b-a9ad-cfc53e330847,P1,OPEN,102,AML_CRITICAL_QUEUE,AUTO_ALERT,TRANSACTION_SUSPECT,"{'trans_id': '7e27c9cd-ecab-487b-a9ad-cfc53e330847', 'sender_id': 'U-1087', 'receiver_id': 'U-1097', 'amount': 49802.49, 'currency': 'INR', 'transaction_type': 'STRUCTURING', 'channel': 'IMPS', 'sender_bal_before': 50411.83, 'sender_bal_after': 609.34, 'receiver_bal_after': 252987.66, 'timestamp': '2026-09-27T10:10:43.301861+05:30', 'location': 'Bengaluru', 'is_sim_bound': False, 'is_sim_bound_at_tx': 0, 'device_id': 'D-30077', 'time_to_pay_ms': 198, 'scenario_type': 'P1_CRITICAL', 'scenario_variant': 'STRUCTURING', 'scenario_risk_band': 'P1', 'txn_velocity_1h': 40, 'drain_ratio': 0.9879, 'forwarding_delay_mins': 5, 'balance_depletion_speed': 6452.8306, 'amount_deviation': 0.0602, 'avg_tx_amount_7d': 46974.02, 'distance_from_1L_threshold': 50197.51, 'distance_from_50k_threshold': 197.51, 'empty_account_flag': 1, 'is_night_tx': 1, 'is_round_amount': 0, 'near_threshold_flag': 1, 'account_age_days': 45, 'device_shared_count': 11, 'ip_shared_count': 12, 'graph_score': 0.9612, 'fallback_behavior_score': 0.945, 'fallback_sequence_score': 0.9453, 'fallback_graph_score': 0.9612, 'identity_trust_score': 29.6, 'device_trust_score': 13.35, 'sim_binding_ok': 0, 'sim_swap_flag': 1, 'vpn_flag': 1, 'hosting_flag': 1, 'city_mismatch_flag': 1, 'device_age_years': 0.82, 'network_risk_score': 0.841, 'known_fraud_connections': 14, 'known_fraud_neighbors': 14, 'mule_cluster_size': 22, 'inbound_sources': 9, 'outbound_dest': 4, 'rapid_account_cluster_flag': 1, 'mule_cluster_flag': 1, 'tx_count_24h': 41, 'unique_receivers_7d': 7, 'days_since_last_tx': 0, 'high_value_txn': 1, 'rapid_movement': 1, 'rapid_outbound_after_inbound': 1, 'pass_through_ratio': 0.9633, 'structuring_pattern': 1, 'fragmentation_score': 0.9633, 'night_high_value_txn': 1, 'velocity_risk_score': 0.9241, 'signals': ['P1_CRITICAL', 'STRUCTURING', 'NEAR_THRESHOLD', 'HIGH_VALUE_TRANSFER', 'REALTIME_SCENARIO_BEHAVIOR_FALLBACK', 'GATHER_SCATTER', 'NEO4J_UNAVAILABLE', 'REALTIME_SCENARIO_GRAPH_FALLBACK', 'CRITICAL_RISK', 'URGENT_REVIEW'], 'pair_repeat_count': 1, 'decision': 'BLOCK', 'engine_decision': 'BLOCK', 'priority': 'P1', 'status': 'BLOCKED', 'risk': 0.9621, 'final_score': 0.9621, 'behavior_score': 0.945, 'behaviorScore': 0.945, 'sequence_score': 0.9453, 'sequenceScore': 0.9453, 'graphScore': 0.9612, 'neo4j_graph_score': 0.9612, 'rule_score': 1.0, 'behavior_label': 'UNKNOWN', 'sequence_pattern': 'GATHER_SCATTER', 'community_risk': 'CRITICAL', 'network_role': 'UNKNOWN', 'reasons': ['Critical mule laundering pattern detected', 'Realtime scenario behavior fallback', 'GATHER_SCATTER', 'Connected to mule cluster'], 'alert_type': 'TRANSACTION_SUSPECT', 'requires_review': False, 'requires_block': True, 'requires_case': True, 'sla_minutes': 15, 'escalation_minutes': 20, 'queue': 'AML_CRITICAL_QUEUE', 'severity': 'CRITICAL'}",2026-09-27T04:40:43.659715,2026-09-27T04:40:43.734910+00:00,,,,,,RUN-20260927-034544-CE4C7A
CASE-96EE97AF,TXN-B78562BD,TRANSACTION_SUSPECT,U-1082,7edbfa06-25f5-499b-952d-c7a473fbc174,P1,OPEN,103,AML_CRITICAL_QUEUE,AUTO_ALERT,TRANSACTION_SUSPECT,"{'trans_id': '7edbfa06-25f5-499b-952d-c7a473fbc174', 'sender_id': 'U-1082', 'receiver_id': 'M-2048', 'amount': 286467.39, 'currency': 'INR', 'transaction_type': 'LAYERING_STEP', 'channel': 'UPI', 'sender_bal_before': 297791.87, 'sender_bal_after': 11324.48, 'receiver_bal_after': 256486.69, 'timestamp': '2026-09-27T10:11:52.806544+05:30', 'location': 'Pune', 'is_sim_bound': False, 'is_sim_bound_at_tx': 0, 'device_id': 'D-30088', 'time_to_pay_ms': 162, 'scenario_type': 'P1_CRITICAL', 'scenario_variant': 'LAYERING', 'scenario_risk_band': 'P1', 'txn_velocity_1h': 44, 'drain_ratio': 0.962, 'forwarding_delay_mins': 3, 'balance_depletion_speed': 32978.4219, 'amount_deviation': 0.0976, 'avg_tx_amount_7d': 260984.15, 'distance_from_1L_threshold': 186467.39, 'distance_from_50k_threshold': 236467.39, 'empty_account_flag': 1, 'is_night_tx': 1, 'is_round_amount': 0, 'near_threshold_flag': 0, 'account_age_days': 18, 'device_shared_count': 17, 'ip_shared_count': 8, 'graph_score': 0.9143, 'fallback_behavior_score': 0.97, 'fallback_sequence_score': 0.9528, 'fallback_graph_score': 0.9143, 'identity_trust_score': 17.79, 'device_trust_score': 12.44, 'sim_binding_ok': 0, 'sim_swap_flag': 1, 'vpn_flag': 1, 'hosting_flag': 1, 'city_mismatch_flag': 1, 'device_age_years': 0.54, 'network_risk_score': 0.7906, 'known_fraud_connections': 12, 'known_fraud_neighbors': 12, 'mule_cluster_size': 30, 'inbound_sources': 12, 'outbound_dest': 7, 'rapid_account_cluster_flag': 1, 'mule_cluster_flag': 1, 'tx_count_24h': 31, 'unique_receivers_7d': 9, 'days_since_last_tx': 0, 'high_value_txn': 1, 'rapid_movement': 1, 'rapid_outbound_after_inbound': 1, 'pass_through_ratio': 0.9887, 'structuring_pattern': 0, 'fragmentation_score': 0.0976, 'night_high_value_txn': 1, 'velocity_risk_score': 0.9166, 'signals': ['P1_CRITICAL', 'LAYERING', 'LAYERING_CHAIN', 'MULE_CLUSTER', 'SHORT_FORWARDING_DELAY', 'SIM_NOT_BOUND', 'REALTIME_SCENARIO_BEHAVIOR_FALLBACK', 'GATHER_SCATTER', 'HIGH_VALUE_TRANSFER', 'VERY_HIGH_VALUE_TRANSACTION', 'NEO4J_UNAVAILABLE', 'REALTIME_SCENARIO_GRAPH_FALLBACK', 'CRITICAL_RISK', 'URGENT_REVIEW'], 'pair_repeat_count': 1, 'decision': 'BLOCK', 'engine_decision': 'BLOCK', 'priority': 'P1', 'status': 'BLOCKED', 'risk': 0.9621, 'final_score': 0.9621, 'behavior_score': 0.97, 'behaviorScore': 0.97, 'sequence_score': 0.9528, 'sequenceScore': 0.9528, 'graphScore': 0.9143, 'neo4j_graph_score': 0.9143, 'rule_score': 1.0, 'behavior_label': 'UNKNOWN', 'sequence_pattern': 'GATHER_SCATTER', 'community_risk': 'CRITICAL', 'network_role': 'UNKNOWN', 'reasons': ['Critical mule laundering pattern detected', 'Realtime scenario behavior fallback', 'GATHER_SCATTER', 'Connected to mule cluster'], 'alert_type': 'TRANSACTION_SUSPECT', 'requires_review': False, 'requires_block': True, 'requires_case': True, 'sla_minutes': 15, 'escalation_minutes': 20, 'queue': 'AML_CRITICAL_QUEUE', 'severity': 'CRITICAL'}",2026-09-27T04:41:53.129395,2026-09-27T04:41:53.184523+00:00,,,,,,RUN-20260927-034544-CE4C7A
CASE-2DAA6D67,TXN-058BED19,TRANSACTION_SUSPECT,U-1081,cf5bb2f1-9111-4936-98af-2c147518aeae,P1,OPEN,104,AML_CRITICAL_QUEUE,AUTO_ALERT,TRANSACTION_SUSPECT,"{'trans_id': 'cf5bb2f1-9111-4936-98af-2c147518aeae', 'sender_id': 'U-1081', 'receiver_id': 'U-1092', 'amount': 422510.07, 'currency': 'INR', 'transaction_type': 'GATHER_SCATTER', 'channel': 'NEFT', 'sender_bal_before': 435999.84, 'sender_bal_after': 13489.77, 'receiver_bal_after': 194818.04, 'timestamp': '2026-09-27T10:12:11.025791+05:30', 'location': 'Pune', 'is_sim_bound': False, 'is_sim_bound_at_tx': 0, 'device_id': 'D-30082', 'time_to_pay_ms': 40, 'scenario_type': 'P1_CRITICAL', 'scenario_variant': 'GATHER_SCATTER', 'scenario_risk_band': 'P1', 'txn_velocity_1h': 45, 'drain_ratio': 0.9691, 'forwarding_delay_mins': 4, 'balance_depletion_speed': 60985.1329, 'amount_deviation': 0.0597, 'avg_tx_amount_7d': 449357.94, 'distance_from_1L_threshold': 322510.07, 'distance_from_50k_threshold': 372510.07, 'empty_account_flag': 1, 'is_night_tx': 1, 'is_round_amount': 0, 'near_threshold_flag': 0, 'account_age_days': 59, 'device_shared_count': 14, 'ip_shared_count': 11, 'graph_score': 0.9648, 'fallback_behavior_score': 0.9552, 'fallback_sequence_score': 0.9637, 'fallback_graph_score': 0.9648, 'identity_trust_score': 20.08, 'device_trust_score': 9.66, 'sim_binding_ok': 0, 'sim_swap_flag': 1, 'vpn_flag': 1, 'hosting_flag': 0, 'city_mismatch_flag': 1, 'device_age_years': 0.15, 'network_risk_score': 0.8899, 'known_fraud_connections': 5, 'known_fraud_neighbors': 5, 'mule_cluster_size': 29, 'inbound_sources': 12, 'outbound_dest': 8, 'rapid_account_cluster_flag': 1, 'mule_cluster_flag': 1, 'tx_count_24h': 44, 'unique_receivers_7d': 6, 'days_since_last_tx': 0, 'high_value_txn': 1, 'rapid_movement': 1, 'rapid_outbound_after_inbound': 1, 'pass_through_ratio': 0.9567, 'structuring_pattern': 0, 'fragmentation_score': 0.0597, 'night_high_value_txn': 1, 'velocity_risk_score': 0.944, 'signals': ['P1_CRITICAL', 'GATHER_SCATTER', 'RAPID_DRAIN', 'MULE_CLUSTER', 'SIM_NOT_BOUND', 'REALTIME_SCENARIO_BEHAVIOR_FALLBACK', 'HIGH_VALUE_TRANSFER', 'VERY_HIGH_VALUE_TRANSACTION', 'NEO4J_UNAVAILABLE', 'REALTIME_SCENARIO_GRAPH_FALLBACK', 'CRITICAL_RISK', 'URGENT_REVIEW'], 'pair_repeat_count': 1, 'decision': 'BLOCK', 'engine_decision': 'BLOCK', 'priority': 'P1', 'status': 'BLOCKED', 'risk': 0.9704, 'final_score': 0.9704, 'behavior_score': 0.9552, 'behaviorScore': 0.9552, 'sequence_score': 0.9637, 'sequenceScore': 0.9637, 'graphScore': 0.9648, 'neo4j_graph_score': 0.9648, 'rule_score': 1.0, 'behavior_label': 'UNKNOWN', 'sequence_pattern': 'GATHER_SCATTER', 'community_risk': 'CRITICAL', 'network_role': 'UNKNOWN', 'reasons': ['Critical mule laundering pattern detected', 'Realtime scenario behavior fallback', 'GATHER_SCATTER', 'Connected to mule cluster'], 'alert_type': 'TRANSACTION_SUSPECT', 'requires_review': False, 'requires_block': True, 'requires_case': True, 'sla_minutes': 15, 'escalation_minutes': 20, 'queue': 'AML_CRITICAL_QUEUE', 'severity': 'CRITICAL'}",2026-09-27T04:42:11.175773,2026-09-27T04:42:11.224832+00:00,,,,,,RUN-20260927-034544-CE4C7A
CASE-22030038,TXN-60A32A37,TRANSACTION_SUSPECT,U-1081,99759f11-9f50-40b4-9881-bd97d351a2c2,P1,OPEN,102,AML_CRITICAL_QUEUE,AUTO_ALERT,TRANSACTION_SUSPECT,"{'trans_id': '99759f11-9f50-40b4-9881-bd97d351a2c2', 'sender_id': 'U-1081', 'receiver_id': 'U-1098', 'amount': 261890.02, 'currency': 'INR', 'transaction_type': 'LAYERING_STEP', 'channel': 'IMPS', 'sender_bal_before': 284428.22, 'sender_bal_after': 22538.2, 'receiver_bal_after': 182892.53, 'timestamp': '2026-09-27T10:12:59.524250+05:30', 'location': 'Chennai', 'is_sim_bound': False, 'is_sim_bound_at_tx': 0, 'device_id': 'D-30067', 'time_to_pay_ms': 174, 'scenario_type': 'P1_CRITICAL', 'scenario_variant': 'LAYERING', 'scenario_risk_band': 'P1', 'txn_velocity_1h': 37, 'drain_ratio': 0.9208, 'forwarding_delay_mins': 5, 'balance_depletion_speed': 24753.5194, 'amount_deviation': 0.062, 'avg_tx_amount_7d': 279193.41, 'distance_from_1L_threshold': 161890.02, 'distance_from_50k_threshold': 211890.02, 'empty_account_flag': 0, 'is_night_tx': 1, 'is_round_amount': 0, 'near_threshold_flag': 0, 'account_age_days': 11, 'device_shared_count': 12, 'ip_shared_count': 10, 'graph_score': 0.9449, 'fallback_behavior_score': 0.9061, 'fallback_sequence_score': 0.9035, 'fallback_graph_score': 0.9449, 'identity_trust_score': 23.32, 'device_trust_score': 14.63, 'sim_binding_ok': 0, 'sim_swap_flag': 1, 'vpn_flag': 1, 'hosting_flag': 0, 'city_mismatch_flag': 1, 'device_age_years': 2.32, 'network_risk_score': 0.7109, 'known_fraud_connections': 8, 'known_fraud_neighbors': 8, 'mule_cluster_size': 18, 'inbound_sources': 7, 'outbound_dest': 7, 'rapid_account_cluster_flag': 1, 'mule_cluster_flag': 1, 'tx_count_24h': 27, 'unique_receivers_7d': 6, 'days_since_last_tx': 0, 'high_value_txn': 1, 'rapid_movement': 1, 'rapid_outbound_after_inbound': 1, 'pass_through_ratio': 0.9332, 'structuring_pattern': 0, 'fragmentation_score': 0.062, 'night_high_value_txn': 1, 'velocity_risk_score': 0.9774, 'signals': ['P1_CRITICAL', 'LAYERING', 'LAYERING_CHAIN', 'MULE_CLUSTER', 'SHORT_FORWARDING_DELAY', 'SIM_NOT_BOUND', 'REALTIME_SCENARIO_BEHAVIOR_FALLBACK', 'GATHER_SCATTER', 'HIGH_VALUE_TRANSFER', 'VERY_HIGH_VALUE_TRANSACTION', 'NEO4J_UNAVAILABLE', 'REALTIME_SCENARIO_GRAPH_FALLBACK', 'CRITICAL_RISK', 'URGENT_REVIEW'], 'pair_repeat_count': 1, 'decision': 'BLOCK', 'engine_decision': 'BLOCK', 'priority': 'P1', 'status': 'BLOCKED', 'risk': 0.9367, 'final_score': 0.9367, 'behavior_score': 0.9061, 'behaviorScore': 0.9061, 'sequence_score': 0.9035, 'sequenceScore': 0.9035, 'graphScore': 0.9449, 'neo4j_graph_score': 0.9449, 'rule_score': 1.0, 'behavior_label': 'UNKNOWN', 'sequence_pattern': 'GATHER_SCATTER', 'community_risk': 'CRITICAL', 'network_role': 'UNKNOWN', 'reasons': ['Critical mule laundering pattern detected', 'Realtime scenario behavior fallback', 'GATHER_SCATTER', 'Connected to mule cluster'], 'alert_type': 'TRANSACTION_SUSPECT', 'requires_review': False, 'requires_block': True, 'requires_case': True, 'sla_minutes': 15, 'escalation_minutes': 20, 'queue': 'AML_CRITICAL_QUEUE', 'severity': 'CRITICAL'}",2026-09-27T04:42:59.678133,2026-09-27T04:42:59.714284+00:00,,,,,,RUN-20260927-034544-CE4C7A
CASE-2FCDC64C,TXN-81775FC4,TRANSACTION_SUSPECT,U-1083,2f02fa5c-97ff-4cfa-8bbe-a9336794653f,P1,OPEN,103,AML_CRITICAL_QUEUE,AUTO_ALERT,TRANSACTION_SUSPECT,"{'trans_id': '2f02fa5c-97ff-4cfa-8bbe-a9336794653f', 'sender_id': 'U-1083', 'receiver_id': 'U-1089', 'amount': 212883.78, 'currency': 'INR', 'transaction_type': 'GATHER_SCATTER', 'channel': 'NEFT', 'sender_bal_before': 228373.61, 'sender_bal_after': 15489.83, 'receiver_bal_after': 480116.97, 'timestamp': '2026-09-27T10:13:09.836279+05:30', 'location': 'Chennai', 'is_sim_bound': False, 'is_sim_bound_at_tx': 0, 'device_id': 'D-30075', 'time_to_pay_ms': 182, 'scenario_type': 'P1_CRITICAL', 'scenario_variant': 'GATHER_SCATTER', 'scenario_risk_band': 'P1', 'txn_velocity_1h': 31, 'drain_ratio': 0.9322, 'forwarding_delay_mins': 4, 'balance_depletion_speed': 36354.4614, 'amount_deviation': 0.0913, 'avg_tx_amount_7d': 195076.64, 'distance_from_1L_threshold': 112883.78, 'distance_from_50k_threshold': 162883.78, 'empty_account_flag': 0, 'is_night_tx': 1, 'is_round_amount': 0, 'near_threshold_flag': 0, 'account_age_days': 46, 'device_shared_count': 12, 'ip_shared_count': 15, 'graph_score': 0.9091, 'fallback_behavior_score': 0.9547, 'fallback_sequence_score': 0.9048, 'fallback_graph_score': 0.9091, 'identity_trust_score': 25.69, 'device_trust_score': 20.73, 'sim_binding_ok': 0, 'sim_swap_flag': 1, 'vpn_flag': 1, 'hosting_flag': 0, 'city_mismatch_flag': 1, 'device_age_years': 1.44, 'network_risk_score': 0.7824, 'known_fraud_connections': 7, 'known_fraud_neighbors': 7, 'mule_cluster_size': 28, 'inbound_sources': 6, 'outbound_dest': 6, 'rapid_account_cluster_flag': 1, 'mule_cluster_flag': 1, 'tx_count_24h': 24, 'unique_receivers_7d': 10, 'days_since_last_tx': 0, 'high_value_txn': 1, 'rapid_movement': 1, 'rapid_outbound_after_inbound': 1, 'pass_through_ratio': 0.9727, 'structuring_pattern': 0, 'fragmentation_score': 0.0913, 'night_high_value_txn': 1, 'velocity_risk_score': 0.9848, 'signals': ['P1_CRITICAL', 'GATHER_SCATTER', 'RAPID_DRAIN', 'MULE_CLUSTER', 'SIM_NOT_BOUND', 'REALTIME_SCENARIO_BEHAVIOR_FALLBACK', 'HIGH_VALUE_TRANSFER', 'VERY_HIGH_VALUE_TRANSACTION', 'NEO4J_UNAVAILABLE', 'REALTIME_SCENARIO_GRAPH_FALLBACK', 'CRITICAL_RISK', 'URGENT_REVIEW'], 'pair_repeat_count': 2, 'decision': 'BLOCK', 'engine_decision': 'BLOCK', 'priority': 'P1', 'status': 'BLOCKED', 'risk': 0.9444, 'final_score': 0.9444, 'behavior_score': 0.9547, 'behaviorScore': 0.9547, 'sequence_score': 0.9048, 'sequenceScore': 0.9048, 'graphScore': 0.9091, 'neo4j_graph_score': 0.9091, 'rule_score': 1.0, 'behavior_label': 'UNKNOWN', 'sequence_pattern': 'GATHER_SCATTER', 'community_risk': 'CRITICAL', 'network_role': 'UNKNOWN', 'reasons': ['Critical mule laundering pattern detected', 'Realtime scenario behavior fallback', 'GATHER_SCATTER', 'Connected to mule cluster'], 'alert_type': 'TRANSACTION_SUSPECT', 'requires_review': False, 'requires_block': True, 'requires_case': True, 'sla_minutes': 15, 'escalation_minutes': 20, 'queue': 'AML_CRITICAL_QUEUE', 'severity': 'CRITICAL'}",2026-09-27T04:43:09.949186,2026-09-27T04:43:09.986489+00:00,,,,,,RUN-20260927-034544-CE4C7A
CASE-C23FEF98,TXN-ABE7FC54,TRANSACTION_SUSPECT,U-1080,8e02b35e-e802-47a9-a496-08685378495f,P1,OPEN,104,AML_CRITICAL_QUEUE,AUTO_ALERT,TRANSACTION_SUSPECT,"{'trans_id': '8e02b35e-e802-47a9-a496-08685378495f', 'sender_id': 'U-1080', 'receiver_id': 'M-2044', 'amount': 446930.49, 'currency': 'INR', 'transaction_type': 'GATHER_SCATTER', 'channel': 'UPI', 'sender_bal_before': 490995.2, 'sender_bal_after': 44064.71, 'receiver_bal_after': 587601.43, 'timestamp': '2026-09-27T10:15:21.926291+05:30', 'location': 'Chennai', 'is_sim_bound': False, 'is_sim_bound_at_tx': 0, 'device_id': 'D-30058', 'time_to_pay_ms': 134, 'scenario_type': 'P1_CRITICAL', 'scenario_variant': 'GATHER_SCATTER', 'scenario_risk_band': 'P1', 'txn_velocity_1h': 21, 'drain_ratio': 0.9103, 'forwarding_delay_mins': 0, 'balance_depletion_speed': 133643.9539, 'amount_deviation': 0.0994, 'avg_tx_amount_7d': 496266.73, 'distance_from_1L_threshold': 346930.49, 'distance_from_50k_threshold': 396930.49, 'empty_account_flag': 0, 'is_night_tx': 1, 'is_round_amount': 0, 'near_threshold_flag': 0, 'account_age_days': 57, 'device_shared_count': 19, 'ip_shared_count': 13, 'graph_score': 0.9517, 'fallback_behavior_score': 0.9443, 'fallback_sequence_score': 0.9003, 'fallback_graph_score': 0.9517, 'identity_trust_score': 18.86, 'device_trust_score': 18.48, 'sim_binding_ok': 0, 'sim_swap_flag': 1, 'vpn_flag': 1, 'hosting_flag': 0, 'city_mismatch_flag': 1, 'device_age_years': 0.82, 'network_risk_score': 0.8161, 'known_fraud_connections': 6, 'known_fraud_neighbors': 6, 'mule_cluster_size': 12, 'inbound_sources': 10, 'outbound_dest': 8, 'rapid_account_cluster_flag': 1, 'mule_cluster_flag': 1, 'tx_count_24h': 36, 'unique_receivers_7d': 12, 'days_since_last_tx': 0, 'high_value_txn': 1, 'rapid_movement': 1, 'rapid_outbound_after_inbound': 1, 'pass_through_ratio': 0.9412, 'structuring_pattern': 0, 'fragmentation_score': 0.0994, 'night_high_value_txn': 1, 'velocity_risk_score': 0.9856, 'signals': ['P1_CRITICAL', 'GATHER_SCATTER', 'RAPID_DRAIN', 'MULE_CLUSTER', 'SIM_NOT_BOUND', 'REALTIME_SCENARIO_BEHAVIOR_FALLBACK', 'HIGH_VALUE_TRANSFER', 'VERY_HIGH_VALUE_TRANSACTION', 'NEO4J_UNAVAILABLE', 'REALTIME_SCENARIO_GRAPH_FALLBACK', 'CRITICAL_RISK', 'URGENT_REVIEW'], 'pair_repeat_count': 2, 'decision': 'BLOCK', 'engine_decision': 'BLOCK', 'priority': 'P1', 'status': 'BLOCKED', 'risk': 0.9487, 'final_score': 0.9487, 'behavior_score': 0.9443, 'behaviorScore': 0.9443, 'sequence_score': 0.9003, 'sequenceScore': 0.9003, 'graphScore': 0.9517, 'neo4j_graph_score': 0.9517, 'rule_score': 1.0, 'behavior_label': 'UNKNOWN', 'sequence_pattern': 'GATHER_SCATTER', 'community_risk': 'CRITICAL', 'network_role': 'UNKNOWN', 'reasons': ['Critical mule laundering pattern detected', 'Realtime scenario behavior fallback', 'GATHER_SCATTER', 'Connected to mule cluster'], 'alert_type': 'TRANSACTION_SUSPECT', 'requires_review': False, 'requires_block': True, 'requires_case': True, 'sla_minutes': 15, 'escalation_minutes': 20, 'queue': 'AML_CRITICAL_QUEUE', 'severity': 'CRITICAL'}",2026-09-27T04:45:22.064309,2026-09-27T04:45:22.100482+00:00,,,,,,RUN-20260927-034544-CE4C7A
CASE-A50A81E5,TXN-23D9EA84,TRANSACTION_SUSPECT,U-1085,3334473a-22e8-40f2-aee9-fc22d5a425b5,P1,OPEN,102,AML_CRITICAL_QUEUE,AUTO_ALERT,TRANSACTION_SUSPECT,"{'trans_id': '3334473a-22e8-40f2-aee9-fc22d5a425b5', 'sender_id': 'U-1085', 'receiver_id': 'M-2048', 'amount': 321776.71, 'currency': 'INR', 'transaction_type': 'GATHER_SCATTER', 'channel': 'UPI', 'sender_bal_before': 326794.42, 'sender_bal_after': 5017.71, 'receiver_bal_after': 523466.14, 'timestamp': '2026-09-27T10:16:16.525494+05:30', 'location': 'Chennai', 'is_sim_bound': False, 'is_sim_bound_at_tx': 0, 'device_id': 'D-30070', 'time_to_pay_ms': 102, 'scenario_type': 'P1_CRITICAL', 'scenario_variant': 'GATHER_SCATTER', 'scenario_risk_band': 'P1', 'txn_velocity_1h': 44, 'drain_ratio': 0.9846, 'forwarding_delay_mins': 4, 'balance_depletion_speed': 42878.6289, 'amount_deviation': 0.0245, 'avg_tx_amount_7d': 314084.58, 'distance_from_1L_threshold': 221776.71, 'distance_from_50k_threshold': 271776.71, 'empty_account_flag': 1, 'is_night_tx': 1, 'is_round_amount': 0, 'near_threshold_flag': 0, 'account_age_days': 17, 'device_shared_count': 18, 'ip_shared_count': 15, 'graph_score': 0.9765, 'fallback_behavior_score': 0.9748, 'fallback_sequence_score': 0.9114, 'fallback_graph_score': 0.9765, 'identity_trust_score': 25.68, 'device_trust_score': 16.79, 'sim_binding_ok': 0, 'sim_swap_flag': 1, 'vpn_flag': 1, 'hosting_flag': 1, 'city_mismatch_flag': 1, 'device_age_years': 2.09, 'network_risk_score': 0.8774, 'known_fraud_connections': 7, 'known_fraud_neighbors': 7, 'mule_cluster_size': 16, 'inbound_sources': 10, 'outbound_dest': 6, 'rapid_account_cluster_flag': 1, 'mule_cluster_flag': 1, 'tx_count_24h': 30, 'unique_receivers_7d': 7, 'days_since_last_tx': 0, 'high_value_txn': 1, 'rapid_movement': 1, 'rapid_outbound_after_inbound': 1, 'pass_through_ratio': 0.9491, 'structuring_pattern': 0, 'fragmentation_score': 0.0245, 'night_high_value_txn': 1, 'velocity_risk_score': 0.9152, 'signals': ['P1_CRITICAL', 'GATHER_SCATTER', 'RAPID_DRAIN', 'MULE_CLUSTER', 'SIM_NOT_BOUND', 'REALTIME_SCENARIO_BEHAVIOR_FALLBACK', 'HIGH_VALUE_TRANSFER', 'VERY_HIGH_VALUE_TRANSACTION', 'NEO4J_UNAVAILABLE', 'REALTIME_SCENARIO_GRAPH_FALLBACK', 'CRITICAL_RISK', 'URGENT_REVIEW'], 'pair_repeat_count': 1, 'decision': 'BLOCK', 'engine_decision': 'BLOCK', 'priority': 'P1', 'status': 'BLOCKED', 'risk': 0.9656, 'final_score': 0.9656, 'behavior_score': 0.9748, 'behaviorScore': 0.9748, 'sequence_score': 0.9114, 'sequenceScore': 0.9114, 'graphScore': 0.9765, 'neo4j_graph_score': 0.9765, 'rule_score': 1.0, 'behavior_label': 'UNKNOWN', 'sequence_pattern': 'GATHER_SCATTER', 'community_risk': 'CRITICAL', 'network_role': 'UNKNOWN', 'reasons': ['Critical mule laundering pattern detected', 'Realtime scenario behavior fallback', 'GATHER_SCATTER', 'Connected to mule cluster'], 'alert_type': 'TRANSACTION_SUSPECT', 'requires_review': False, 'requires_block': True, 'requires_case': True, 'sla_minutes': 15, 'escalation_minutes': 20, 'queue': 'AML_CRITICAL_QUEUE', 'severity': 'CRITICAL'}",2026-09-27T04:46:16.672141,2026-09-27T04:46:16.704484+00:00,,,,,,RUN-20260927-034544-CE4C7A
CASE-F3C1C7DF,TXN-DF1B4324,TRANSACTION_SUSPECT,U-1079,eeb7d1ce-cd2d-45fa-aa1b-1d67698dfd3e,P1,OPEN,102,AML_CRITICAL_QUEUE,AUTO_ALERT,TRANSACTION_SUSPECT,"{'trans_id': 'eeb7d1ce-cd2d-45fa-aa1b-1d67698dfd3e', 'sender_id': 'U-1079', 'receiver_id': 'U-1094', 'amount': 365226.04, 'currency': 'INR', 'transaction_type': 'LAYERING_STEP', 'channel': 'NEFT', 'sender_bal_before': 388180.08, 'sender_bal_after': 22954.04, 'receiver_bal_after': 161431.39, 'timestamp': '2026-09-27T10:17:18.076663+05:30', 'location': 'Delhi', 'is_sim_bound': False, 'is_sim_bound_at_tx': 0, 'device_id': 'D-30083', 'time_to_pay_ms': 263, 'scenario_type': 'P1_CRITICAL', 'scenario_variant': 'LAYERING', 'scenario_risk_band': 'P1', 'txn_velocity_1h': 43, 'drain_ratio': 0.9409, 'forwarding_delay_mins': 4, 'balance_depletion_speed': 38749.2524, 'amount_deviation': 0.0058, 'avg_tx_amount_7d': 363127.95, 'distance_from_1L_threshold': 265226.04, 'distance_from_50k_threshold': 315226.04, 'empty_account_flag': 0, 'is_night_tx': 1, 'is_round_amount': 0, 'near_threshold_flag': 0, 'account_age_days': 6, 'device_shared_count': 16, 'ip_shared_count': 7, 'graph_score': 0.9696, 'fallback_behavior_score': 0.9671, 'fallback_sequence_score': 0.9527, 'fallback_graph_score': 0.9696, 'identity_trust_score': 14.54, 'device_trust_score': 22.68, 'sim_binding_ok': 0, 'sim_swap_flag': 1, 'vpn_flag': 1, 'hosting_flag': 0, 'city_mismatch_flag': 1, 'device_age_years': 1.16, 'network_risk_score': 0.8521, 'known_fraud_connections': 10, 'known_fraud_neighbors': 10, 'mule_cluster_size': 13, 'inbound_sources': 7, 'outbound_dest': 9, 'rapid_account_cluster_flag': 1, 'mule_cluster_flag': 1, 'tx_count_24h': 41, 'unique_receivers_7d': 5, 'days_since_last_tx': 0, 'high_value_txn': 1, 'rapid_movement': 1, 'rapid_outbound_after_inbound': 1, 'pass_through_ratio': 0.9407, 'structuring_pattern': 0, 'fragmentation_score': 0.0058, 'night_high_value_txn': 1, 'velocity_risk_score': 0.9292, 'signals': ['P1_CRITICAL', 'LAYERING', 'LAYERING_CHAIN', 'MULE_CLUSTER', 'SHORT_FORWARDING_DELAY', 'SIM_NOT_BOUND', 'REALTIME_SCENARIO_BEHAVIOR_FALLBACK', 'GATHER_SCATTER', 'HIGH_VALUE_TRANSFER', 'VERY_HIGH_VALUE_TRANSACTION', 'NEO4J_UNAVAILABLE', 'REALTIME_SCENARIO_GRAPH_FALLBACK', 'CRITICAL_RISK', 'URGENT_REVIEW'], 'pair_repeat_count': 1, 'decision': 'BLOCK', 'engine_decision': 'BLOCK', 'priority': 'P1', 'status': 'BLOCKED', 'risk': 0.9722, 'final_score': 0.9722, 'behavior_score': 0.9671, 'behaviorScore': 0.9671, 'sequence_score': 0.9527, 'sequenceScore': 0.9527, 'graphScore': 0.9696, 'neo4j_graph_score': 0.9696, 'rule_score': 1.0, 'behavior_label': 'UNKNOWN', 'sequence_pattern': 'GATHER_SCATTER', 'community_risk': 'CRITICAL', 'network_role': 'UNKNOWN', 'reasons': ['Critical mule laundering pattern detected', 'Realtime scenario behavior fallback', 'GATHER_SCATTER', 'Connected to mule cluster'], 'alert_type': 'TRANSACTION_SUSPECT', 'requires_review': False, 'requires_block': True, 'requires_case': True, 'sla_minutes': 15, 'escalation_minutes': 20, 'queue': 'AML_CRITICAL_QUEUE', 'severity': 'CRITICAL'}",2026-09-27T04:47:18.211461,2026-09-27T04:47:18.241885+00:00,,,,,,RUN-20260927-034544-CE4C7A
CASE-BA3B4F36,TXN-41837D48,TRANSACTION_SUSPECT,U-1080,1366cfad-7ff4-45be-9042-f403bc92d9dd,P1,OPEN,105,AML_CRITICAL_QUEUE,AUTO_ALERT,TRANSACTION_SUSPECT,"{'trans_id': '1366cfad-7ff4-45be-9042-f403bc92d9dd', 'sender_id': 'U-1080', 'receiver_id': 'M-2046', 'amount': 49772.36, 'currency': 'INR', 'transaction_type': 'STRUCTURING', 'channel': 'UPI', 'sender_bal_before': 55318.31, 'sender_bal_after': 5545.95, 'receiver_bal_after': 278683.58, 'timestamp': '2026-09-27T10:17:56.456001+05:30', 'location': 'Mumbai', 'is_sim_bound': False, 'is_sim_bound_at_tx': 0, 'device_id': 'D-30075', 'time_to_pay_ms': 73, 'scenario_type': 'P1_CRITICAL', 'scenario_variant': 'STRUCTURING', 'scenario_risk_band': 'P1', 'txn_velocity_1h': 30, 'drain_ratio': 0.8997, 'forwarding_delay_mins': 0, 'balance_depletion_speed': 5221.608, 'amount_deviation': 0.0578, 'avg_tx_amount_7d': 52823.72, 'distance_from_1L_threshold': 50227.64, 'distance_from_50k_threshold': 227.64, 'empty_account_flag': 0, 'is_night_tx': 1, 'is_round_amount': 0, 'near_threshold_flag': 1, 'account_age_days': 11, 'device_shared_count': 12, 'ip_shared_count': 8, 'graph_score': 0.9859, 'fallback_behavior_score': 0.9484, 'fallback_sequence_score': 0.9141, 'fallback_graph_score': 0.9859, 'identity_trust_score': 20.45, 'device_trust_score': 18.46, 'sim_binding_ok': 0, 'sim_swap_flag': 1, 'vpn_flag': 1, 'hosting_flag': 1, 'city_mismatch_flag': 1, 'device_age_years': 1.33, 'network_risk_score': 0.8521, 'known_fraud_connections': 6, 'known_fraud_neighbors': 6, 'mule_cluster_size': 13, 'inbound_sources': 7, 'outbound_dest': 8, 'rapid_account_cluster_flag': 1, 'mule_cluster_flag': 1, 'tx_count_24h': 20, 'unique_receivers_7d': 10, 'days_since_last_tx': 0, 'high_value_txn': 1, 'rapid_movement': 1, 'rapid_outbound_after_inbound': 1, 'pass_through_ratio': 0.9019, 'structuring_pattern': 1, 'fragmentation_score': 0.9019, 'night_high_value_txn': 1, 'velocity_risk_score': 0.9288, 'signals': ['P1_CRITICAL', 'STRUCTURING', 'NEAR_THRESHOLD', 'HIGH_VALUE_TRANSFER', 'REALTIME_SCENARIO_BEHAVIOR_FALLBACK', 'GATHER_SCATTER', 'NEO4J_UNAVAILABLE', 'REALTIME_SCENARIO_GRAPH_FALLBACK', 'CRITICAL_RISK', 'URGENT_REVIEW'], 'pair_repeat_count': 3, 'decision': 'BLOCK', 'engine_decision': 'BLOCK', 'priority': 'P1', 'status': 'BLOCKED', 'risk': 0.9602, 'final_score': 0.9602, 'behavior_score': 0.9484, 'behaviorScore': 0.9484, 'sequence_score': 0.9141, 'sequenceScore': 0.9141, 'graphScore': 0.9859, 'neo4j_graph_score': 0.9859, 'rule_score': 1.0, 'behavior_label': 'UNKNOWN', 'sequence_pattern': 'GATHER_SCATTER', 'community_risk': 'CRITICAL', 'network_role': 'UNKNOWN', 'reasons': ['Critical mule laundering pattern detected', 'Realtime scenario behavior fallback', 'GATHER_SCATTER', 'Connected to mule cluster'], 'alert_type': 'TRANSACTION_SUSPECT', 'requires_review': False, 'requires_block': True, 'requires_case': True, 'sla_minutes': 15, 'escalation_minutes': 20, 'queue': 'AML_CRITICAL_QUEUE', 'severity': 'CRITICAL'}",2026-09-27T04:47:56.642751,2026-09-27T04:47:56.690117+00:00,,,,,,RUN-20260927-034544-CE4C7A
CASE-BA8287A1,TXN-FD88AB39,TRANSACTION_SUSPECT,U-1081,a304e6d3-2da3-434e-a62f-c41b729e4eb0,P1,OPEN,101,AML_CRITICAL_QUEUE,AUTO_ALERT,TRANSACTION_SUSPECT,"{'trans_id': 'a304e6d3-2da3-434e-a62f-c41b729e4eb0', 'sender_id': 'U-1081', 'receiver_id': 'U-1091', 'amount': 327130.99, 'currency': 'INR', 'transaction_type': 'LAYERING_STEP', 'channel': 'UPI', 'sender_bal_before': 349677.78, 'sender_bal_after': 22546.79, 'receiver_bal_after': 205201.56, 'timestamp': '2026-09-27T10:18:06.894620+05:30', 'location': 'Chennai', 'is_sim_bound': False, 'is_sim_bound_at_tx': 0, 'device_id': 'D-30088', 'time_to_pay_ms': 49, 'scenario_type': 'P1_CRITICAL', 'scenario_variant': 'LAYERING', 'scenario_risk_band': 'P1', 'txn_velocity_1h': 20, 'drain_ratio': 0.9355, 'forwarding_delay_mins': 2, 'balance_depletion_speed': 28040.3386, 'amount_deviation': 0.0965, 'avg_tx_amount_7d': 362054.06, 'distance_from_1L_threshold': 227130.99, 'distance_from_50k_threshold': 277130.99, 'empty_account_flag': 0, 'is_night_tx': 0, 'is_round_amount': 0, 'near_threshold_flag': 0, 'account_age_days': 28, 'device_shared_count': 20, 'ip_shared_count': 15, 'graph_score': 0.9382, 'fallback_behavior_score': 0.9757, 'fallback_sequence_score': 0.9708, 'fallback_graph_score': 0.9382, 'identity_trust_score': 28.76, 'device_trust_score': 22.88, 'sim_binding_ok': 0, 'sim_swap_flag': 1, 'vpn_flag': 1, 'hosting_flag': 1, 'city_mismatch_flag': 1, 'device_age_years': 2.29, 'network_risk_score': 0.7671, 'known_fraud_connections': 12, 'known_fraud_neighbors': 12, 'mule_cluster_size': 17, 'inbound_sources': 11, 'outbound_dest': 8, 'rapid_account_cluster_flag': 1, 'mule_cluster_flag': 1, 'tx_count_24h': 26, 'unique_receivers_7d': 6, 'days_since_last_tx': 0, 'high_value_txn': 1, 'rapid_movement': 1, 'rapid_outbound_after_inbound': 1, 'pass_through_ratio': 0.9347, 'structuring_pattern': 0, 'fragmentation_score': 0.0965, 'night_high_value_txn': 1, 'velocity_risk_score': 0.9653, 'signals': ['P1_CRITICAL', 'LAYERING', 'LAYERING_CHAIN', 'MULE_CLUSTER', 'SHORT_FORWARDING_DELAY', 'SIM_NOT_BOUND', 'REALTIME_SCENARIO_BEHAVIOR_FALLBACK', 'GATHER_SCATTER', 'HIGH_VALUE_TRANSFER', 'VERY_HIGH_VALUE_TRANSACTION', 'NEO4J_UNAVAILABLE', 'REALTIME_SCENARIO_GRAPH_FALLBACK', 'CRITICAL_RISK', 'URGENT_REVIEW'], 'pair_repeat_count': 1, 'decision': 'BLOCK', 'engine_decision': 'BLOCK', 'priority': 'P1', 'status': 'BLOCKED', 'risk': 0.973, 'final_score': 0.973, 'behavior_score': 0.9757, 'behaviorScore': 0.9757, 'sequence_score': 0.9708, 'sequenceScore': 0.9708, 'graphScore': 0.9382, 'neo4j_graph_score': 0.9382, 'rule_score': 1.0, 'behavior_label': 'UNKNOWN', 'sequence_pattern': 'GATHER_SCATTER', 'community_risk': 'CRITICAL', 'network_role': 'UNKNOWN', 'reasons': ['Critical mule laundering pattern detected', 'Realtime scenario behavior fallback', 'GATHER_SCATTER', 'Connected to mule cluster'], 'alert_type': 'TRANSACTION_SUSPECT', 'requires_review': False, 'requires_block': True, 'requires_case': True, 'sla_minutes': 15, 'escalation_minutes': 20, 'queue': 'AML_CRITICAL_QUEUE', 'severity': 'CRITICAL'}",2026-09-27T04:48:07.399503,2026-09-27T04:48:07.477987+00:00,,,,,,RUN-20260927-034544-CE4C7A
CASE-D9772501,TXN-C2C06AAF,TRANSACTION_SUSPECT,U-1084,6db53286-2d8d-47e2-9abc-c51e6b0f2b6b,P1,OPEN,102,AML_CRITICAL_QUEUE,AUTO_ALERT,TRANSACTION_SUSPECT,"{'trans_id': '6db53286-2d8d-47e2-9abc-c51e6b0f2b6b', 'sender_id': 'U-1084', 'receiver_id': 'U-1099', 'amount': 307099.51, 'currency': 'INR', 'transaction_type': 'LAYERING_STEP', 'channel': 'NEFT', 'sender_bal_before': 324528.01, 'sender_bal_after': 17428.5, 'receiver_bal_after': 198337.94, 'timestamp': '2026-09-27T10:19:57.224252+05:30', 'location': 'Kolkata', 'is_sim_bound': False, 'is_sim_bound_at_tx': 0, 'device_id': 'D-30089', 'time_to_pay_ms': 55, 'scenario_type': 'P1_CRITICAL', 'scenario_variant': 'LAYERING', 'scenario_risk_band': 'P1', 'txn_velocity_1h': 45, 'drain_ratio': 0.9463, 'forwarding_delay_mins': 2, 'balance_depletion_speed': 87491.5426, 'amount_deviation': 0.1442, 'avg_tx_amount_7d': 268386.45, 'distance_from_1L_threshold': 207099.51, 'distance_from_50k_threshold': 257099.51, 'empty_account_flag': 0, 'is_night_tx': 1, 'is_round_amount': 0, 'near_threshold_flag': 0, 'account_age_days': 51, 'device_shared_count': 14, 'ip_shared_count': 6, 'graph_score': 0.9113, 'fallback_behavior_score': 0.9161, 'fallback_sequence_score': 0.912, 'fallback_graph_score': 0.9113, 'identity_trust_score': 16.58, 'device_trust_score': 13.82, 'sim_binding_ok': 0, 'sim_swap_flag': 1, 'vpn_flag': 1, 'hosting_flag': 1, 'city_mismatch_flag': 1, 'device_age_years': 2.39, 'network_risk_score': 0.8524, 'known_fraud_connections': 7, 'known_fraud_neighbors': 7, 'mule_cluster_size': 28, 'inbound_sources': 8, 'outbound_dest': 11, 'rapid_account_cluster_flag': 1, 'mule_cluster_flag': 1, 'tx_count_24h': 40, 'unique_receivers_7d': 9, 'days_since_last_tx': 0, 'high_value_txn': 1, 'rapid_movement': 1, 'rapid_outbound_after_inbound': 1, 'pass_through_ratio': 0.9613, 'structuring_pattern': 0, 'fragmentation_score': 0.1442, 'night_high_value_txn': 1, 'velocity_risk_score': 0.9663, 'signals': ['P1_CRITICAL', 'LAYERING', 'LAYERING_CHAIN', 'MULE_CLUSTER', 'SHORT_FORWARDING_DELAY', 'SIM_NOT_BOUND', 'REALTIME_SCENARIO_BEHAVIOR_FALLBACK', 'GATHER_SCATTER', 'HIGH_VALUE_TRANSFER', 'VERY_HIGH_VALUE_TRANSACTION', 'NEO4J_UNAVAILABLE', 'REALTIME_SCENARIO_GRAPH_FALLBACK', 'CRITICAL_RISK', 'URGENT_REVIEW'], 'pair_repeat_count': 1, 'decision': 'BLOCK', 'engine_decision': 'BLOCK', 'priority': 'P1', 'status': 'BLOCKED', 'risk': 0.9351, 'final_score': 0.9351, 'behavior_score': 0.9161, 'behaviorScore': 0.9161, 'sequence_score': 0.912, 'sequenceScore': 0.912, 'graphScore': 0.9113, 'neo4j_graph_score': 0.9113, 'rule_score': 1.0, 'behavior_label': 'UNKNOWN', 'sequence_pattern': 'GATHER_SCATTER', 'community_risk': 'CRITICAL', 'network_role': 'UNKNOWN', 'reasons': ['Critical mule laundering pattern detected', 'Realtime scenario behavior fallback', 'GATHER_SCATTER', 'Connected to mule cluster'], 'alert_type': 'TRANSACTION_SUSPECT', 'requires_review': False, 'requires_block': True, 'requires_case': True, 'sla_minutes': 15, 'escalation_minutes': 20, 'queue': 'AML_CRITICAL_QUEUE', 'severity': 'CRITICAL'}",2026-09-27T04:49:57.345663,2026-09-27T04:49:57.384978+00:00,,,,,,RUN-20260927-034544-CE4C7A
CASE-55E1447F,TXN-C60A70F3,TRANSACTION_SUSPECT,U-1079,312d5390-3699-4c81-a05f-2b7580041e02,P1,OPEN,103,AML_CRITICAL_QUEUE,AUTO_ALERT,TRANSACTION_SUSPECT,"{'trans_id': '312d5390-3699-4c81-a05f-2b7580041e02', 'sender_id': 'U-1079', 'receiver_id': 'U-1099', 'amount': 257611.33, 'currency': 'INR', 'transaction_type': 'GATHER_SCATTER', 'channel': 'IMPS', 'sender_bal_before': 279884.14, 'sender_bal_after': 22272.81, 'receiver_bal_after': 607046.43, 'timestamp': '2026-09-27T10:20:04.959826+05:30', 'location': 'Delhi', 'is_sim_bound': False, 'is_sim_bound_at_tx': 0, 'device_id': 'D-30084', 'time_to_pay_ms': 120, 'scenario_type': 'P1_CRITICAL', 'scenario_variant': 'GATHER_SCATTER', 'scenario_risk_band': 'P1', 'txn_velocity_1h': 41, 'drain_ratio': 0.9204, 'forwarding_delay_mins': 4, 'balance_depletion_speed': 47862.7108, 'amount_deviation': 0.0357, 'avg_tx_amount_7d': 248722.86, 'distance_from_1L_threshold': 157611.33, 'distance_from_50k_threshold': 207611.33, 'empty_account_flag': 0, 'is_night_tx': 1, 'is_round_amount': 0, 'near_threshold_flag': 0, 'account_age_days': 52, 'device_shared_count': 9, 'ip_shared_count': 7, 'graph_score': 0.918, 'fallback_behavior_score': 0.9279, 'fallback_sequence_score': 0.9522, 'fallback_graph_score': 0.918, 'identity_trust_score': 6.12, 'device_trust_score': 7.05, 'sim_binding_ok': 0, 'sim_swap_flag': 1, 'vpn_flag': 1, 'hosting_flag': 1, 'city_mismatch_flag': 1, 'device_age_years': 0.51, 'network_risk_score': 0.8447, 'known_fraud_connections': 15, 'known_fraud_neighbors': 15, 'mule_cluster_size': 22, 'inbound_sources': 6, 'outbound_dest': 6, 'rapid_account_cluster_flag': 1, 'mule_cluster_flag': 1, 'tx_count_24h': 38, 'unique_receivers_7d': 6, 'days_since_last_tx': 0, 'high_value_txn': 1, 'rapid_movement': 1, 'rapid_outbound_after_inbound': 1, 'pass_through_ratio': 0.9576, 'structuring_pattern': 0, 'fragmentation_score': 0.0357, 'night_high_value_txn': 1, 'velocity_risk_score': 0.9092, 'signals': ['P1_CRITICAL', 'GATHER_SCATTER', 'RAPID_DRAIN', 'MULE_CLUSTER', 'SIM_NOT_BOUND', 'REALTIME_SCENARIO_BEHAVIOR_FALLBACK', 'HIGH_VALUE_TRANSFER', 'VERY_HIGH_VALUE_TRANSACTION', 'NEO4J_UNAVAILABLE', 'REALTIME_SCENARIO_GRAPH_FALLBACK', 'CRITICAL_RISK', 'URGENT_REVIEW'], 'pair_repeat_count': 2, 'decision': 'BLOCK', 'engine_decision': 'BLOCK', 'priority': 'P1', 'status': 'BLOCKED', 'risk': 0.95, 'final_score': 0.95, 'behavior_score': 0.9279, 'behaviorScore': 0.9279, 'sequence_score': 0.9522, 'sequenceScore': 0.9522, 'graphScore': 0.918, 'neo4j_graph_score': 0.918, 'rule_score': 1.0, 'behavior_label': 'UNKNOWN', 'sequence_pattern': 'GATHER_SCATTER', 'community_risk': 'CRITICAL', 'network_role': 'UNKNOWN', 'reasons': ['Critical mule laundering pattern detected', 'Realtime scenario behavior fallback', 'GATHER_SCATTER', 'Connected to mule cluster'], 'alert_type': 'TRANSACTION_SUSPECT', 'requires_review': False, 'requires_block': True, 'requires_case': True, 'sla_minutes': 15, 'escalation_minutes': 20, 'queue': 'AML_CRITICAL_QUEUE', 'severity': 'CRITICAL'}",2026-09-27T04:50:05.072850,2026-09-27T04:50:05.106356+00:00,,,,,,RUN-20260927-034544-CE4C7A
CASE-6375F8D6,TXN-C2FF3B43,TRANSACTION_SUSPECT,U-1078,250ebadf-467b-4a3f-b9f5-8f5dbd25d6c1,P1,OPEN,104,AML_CRITICAL_QUEUE,AUTO_ALERT,TRANSACTION_SUSPECT,"{'trans_id': '250ebadf-467b-4a3f-b9f5-8f5dbd25d6c1', 'sender_id': 'U-1078', 'receiver_id': 'U-1096', 'amount': 102826.87, 'currency': 'INR', 'transaction_type': 'LAYERING_STEP', 'channel': 'IMPS', 'sender_bal_before': 111383.32, 'sender_bal_after': 8556.45, 'receiver_bal_after': 127426.79, 'timestamp': '2026-09-27T10:20:45.881051+05:30', 'location': 'Delhi', 'is_sim_bound': False, 'is_sim_bound_at_tx': 0, 'device_id': 'D-30063', 'time_to_pay_ms': 160, 'scenario_type': 'P1_CRITICAL', 'scenario_variant': 'LAYERING', 'scenario_risk_band': 'P1', 'txn_velocity_1h': 22, 'drain_ratio': 0.9232, 'forwarding_delay_mins': 1, 'balance_depletion_speed': 13895.876, 'amount_deviation': 0.0044, 'avg_tx_amount_7d': 103278.4, 'distance_from_1L_threshold': 2826.87, 'distance_from_50k_threshold': 52826.87, 'empty_account_flag': 0, 'is_night_tx': 1, 'is_round_amount': 0, 'near_threshold_flag': 0, 'account_age_days': 16, 'device_shared_count': 10, 'ip_shared_count': 13, 'graph_score': 0.9249, 'fallback_behavior_score': 0.971, 'fallback_sequence_score': 0.9033, 'fallback_graph_score': 0.9249, 'identity_trust_score': 22.7, 'device_trust_score': 13.14, 'sim_binding_ok': 0, 'sim_swap_flag': 1, 'vpn_flag': 1, 'hosting_flag': 0, 'city_mismatch_flag': 1, 'device_age_years': 1.9, 'network_risk_score': 0.8498, 'known_fraud_connections': 14, 'known_fraud_neighbors': 14, 'mule_cluster_size': 23, 'inbound_sources': 7, 'outbound_dest': 5, 'rapid_account_cluster_flag': 1, 'mule_cluster_flag': 1, 'tx_count_24h': 44, 'unique_receivers_7d': 7, 'days_since_last_tx': 0, 'high_value_txn': 1, 'rapid_movement': 1, 'rapid_outbound_after_inbound': 1, 'pass_through_ratio': 0.9303, 'structuring_pattern': 0, 'fragmentation_score': 0.0044, 'night_high_value_txn': 1, 'velocity_risk_score': 0.9231, 'signals': ['P1_CRITICAL', 'LAYERING', 'LAYERING_CHAIN', 'MULE_CLUSTER', 'SHORT_FORWARDING_DELAY', 'SIM_NOT_BOUND', 'REALTIME_SCENARIO_BEHAVIOR_FALLBACK', 'GATHER_SCATTER', 'HIGH_VALUE_TRANSFER', 'VERY_HIGH_VALUE_TRANSACTION', 'NEO4J_UNAVAILABLE', 'REALTIME_SCENARIO_GRAPH_FALLBACK', 'CRITICAL_RISK', 'URGENT_REVIEW'], 'pair_repeat_count': 1, 'decision': 'BLOCK', 'engine_decision': 'BLOCK', 'priority': 'P1', 'status': 'BLOCKED', 'risk': 0.9521, 'final_score': 0.9521, 'behavior_score': 0.971, 'behaviorScore': 0.971, 'sequence_score': 0.9033, 'sequenceScore': 0.9033, 'graphScore': 0.9249, 'neo4j_graph_score': 0.9249, 'rule_score': 1.0, 'behavior_label': 'UNKNOWN', 'sequence_pattern': 'GATHER_SCATTER', 'community_risk': 'CRITICAL', 'network_role': 'UNKNOWN', 'reasons': ['Critical mule laundering pattern detected', 'Realtime scenario behavior fallback', 'GATHER_SCATTER', 'Connected to mule cluster'], 'alert_type': 'TRANSACTION_SUSPECT', 'requires_review': False, 'requires_block': True, 'requires_case': True, 'sla_minutes': 15, 'escalation_minutes': 20, 'queue': 'AML_CRITICAL_QUEUE', 'severity': 'CRITICAL'}",2026-09-27T04:50:46.045907,2026-09-27T04:50:46.079435+00:00,,,,,,RUN-20260927-034544-CE4C7A
CASE-D67B44FB,TXN-F0D0AA6F,TRANSACTION_SUSPECT,U-1086,a1f10f23-c7c5-44c5-9838-8c9e8383a1ef,P1,OPEN,105,AML_CRITICAL_QUEUE,AUTO_ALERT,TRANSACTION_SUSPECT,"{'trans_id': 'a1f10f23-c7c5-44c5-9838-8c9e8383a1ef', 'sender_id': 'U-1086', 'receiver_id': 'U-1097', 'amount': 48963.98, 'currency': 'INR', 'transaction_type': 'STRUCTURING', 'channel': 'UPI', 'sender_bal_before': 51116.12, 'sender_bal_after': 2152.14, 'receiver_bal_after': 434651.89, 'timestamp': '2026-09-27T10:21:03.768416+05:30', 'location': 'Kolkata', 'is_sim_bound': False, 'is_sim_bound_at_tx': 0, 'device_id': 'D-30087', 'time_to_pay_ms': 15, 'scenario_type': 'P1_CRITICAL', 'scenario_variant': 'STRUCTURING', 'scenario_risk_band': 'P1', 'txn_velocity_1h': 20, 'drain_ratio': 0.9579, 'forwarding_delay_mins': 5, 'balance_depletion_speed': 10027.8083, 'amount_deviation': 0.022, 'avg_tx_amount_7d': 47910.77, 'distance_from_1L_threshold': 51036.02, 'distance_from_50k_threshold': 1036.02, 'empty_account_flag': 1, 'is_night_tx': 1, 'is_round_amount': 0, 'near_threshold_flag': 1, 'account_age_days': 22, 'device_shared_count': 8, 'ip_shared_count': 12, 'graph_score': 0.9295, 'fallback_behavior_score': 0.9431, 'fallback_sequence_score': 0.9705, 'fallback_graph_score': 0.9295, 'identity_trust_score': 17.39, 'device_trust_score': 23.22, 'sim_binding_ok': 0, 'sim_swap_flag': 1, 'vpn_flag': 1, 'hosting_flag': 0, 'city_mismatch_flag': 1, 'device_age_years': 0.54, 'network_risk_score': 0.7322, 'known_fraud_connections': 13, 'known_fraud_neighbors': 13, 'mule_cluster_size': 28, 'inbound_sources': 6, 'outbound_dest': 7, 'rapid_account_cluster_flag': 1, 'mule_cluster_flag': 1, 'tx_count_24h': 38, 'unique_receivers_7d': 8, 'days_since_last_tx': 0, 'high_value_txn': 1, 'rapid_movement': 1, 'rapid_outbound_after_inbound': 1, 'pass_through_ratio': 0.9321, 'structuring_pattern': 1, 'fragmentation_score': 0.9321, 'night_high_value_txn': 1, 'velocity_risk_score': 0.9221, 'signals': ['P1_CRITICAL', 'STRUCTURING', 'NEAR_THRESHOLD', 'HIGH_VALUE_TRANSFER', 'REALTIME_SCENARIO_BEHAVIOR_FALLBACK', 'GATHER_SCATTER', 'NEO4J_UNAVAILABLE', 'REALTIME_SCENARIO_GRAPH_FALLBACK', 'CRITICAL_RISK', 'URGENT_REVIEW'], 'pair_repeat_count': 2, 'decision': 'BLOCK', 'engine_decision': 'BLOCK', 'priority': 'P1', 'status': 'BLOCKED', 'risk': 0.9615, 'final_score': 0.9615, 'behavior_score': 0.9431, 'behaviorScore': 0.9431, 'sequence_score': 0.9705, 'sequenceScore': 0.9705, 'graphScore': 0.9295, 'neo4j_graph_score': 0.9295, 'rule_score': 1.0, 'behavior_label': 'UNKNOWN', 'sequence_pattern': 'GATHER_SCATTER', 'community_risk': 'CRITICAL', 'network_role': 'UNKNOWN', 'reasons': ['Critical mule laundering pattern detected', 'Realtime scenario behavior fallback', 'GATHER_SCATTER', 'Connected to mule cluster'], 'alert_type': 'TRANSACTION_SUSPECT', 'requires_review': False, 'requires_block': True, 'requires_case': True, 'sla_minutes': 15, 'escalation_minutes': 20, 'queue': 'AML_CRITICAL_QUEUE', 'severity': 'CRITICAL'}",2026-09-27T04:51:03.933217,2026-09-27T04:51:03.993507+00:00,,,,,,RUN-20260927-034544-CE4C7A
CASE-A05A9925,TXN-6D366F63,TRANSACTION_SUSPECT,U-1080,498575f2-a7a4-4f78-9863-333a345354e9,P1,OPEN,105,AML_CRITICAL_QUEUE,AUTO_ALERT,TRANSACTION_SUSPECT,"{'trans_id': '498575f2-a7a4-4f78-9863-333a345354e9', 'sender_id': 'U-1080', 'receiver_id': 'U-1093', 'amount': 204348.87, 'currency': 'INR', 'transaction_type': 'GATHER_SCATTER', 'channel': 'NEFT', 'sender_bal_before': 217480.69, 'sender_bal_after': 13131.82, 'receiver_bal_after': 655403.96, 'timestamp': '2026-09-27T10:22:28.097363+05:30', 'location': 'Chennai', 'is_sim_bound': False, 'is_sim_bound_at_tx': 0, 'device_id': 'D-30078', 'time_to_pay_ms': 47, 'scenario_type': 'P1_CRITICAL', 'scenario_variant': 'GATHER_SCATTER', 'scenario_risk_band': 'P1', 'txn_velocity_1h': 41, 'drain_ratio': 0.9396, 'forwarding_delay_mins': 1, 'balance_depletion_speed': 30038.2147, 'amount_deviation': 0.0514, 'avg_tx_amount_7d': 194353.42, 'distance_from_1L_threshold': 104348.87, 'distance_from_50k_threshold': 154348.87, 'empty_account_flag': 0, 'is_night_tx': 1, 'is_round_amount': 0, 'near_threshold_flag': 0, 'account_age_days': 13, 'device_shared_count': 11, 'ip_shared_count': 7, 'graph_score': 0.9688, 'fallback_behavior_score': 0.937, 'fallback_sequence_score': 0.9283, 'fallback_graph_score': 0.9688, 'identity_trust_score': 23.16, 'device_trust_score': 5.96, 'sim_binding_ok': 0, 'sim_swap_flag': 1, 'vpn_flag': 1, 'hosting_flag': 0, 'city_mismatch_flag': 1, 'device_age_years': 1.34, 'network_risk_score': 0.8483, 'known_fraud_connections': 13, 'known_fraud_neighbors': 13, 'mule_cluster_size': 17, 'inbound_sources': 8, 'outbound_dest': 11, 'rapid_account_cluster_flag': 1, 'mule_cluster_flag': 1, 'tx_count_24h': 29, 'unique_receivers_7d': 12, 'days_since_last_tx': 0, 'high_value_txn': 1, 'rapid_movement': 1, 'rapid_outbound_after_inbound': 1, 'pass_through_ratio': 0.9472, 'structuring_pattern': 0, 'fragmentation_score': 0.0514, 'night_high_value_txn': 1, 'velocity_risk_score': 0.941, 'signals': ['P1_CRITICAL', 'GATHER_SCATTER', 'RAPID_DRAIN', 'MULE_CLUSTER', 'SIM_NOT_BOUND', 'REALTIME_SCENARIO_BEHAVIOR_FALLBACK', 'HIGH_VALUE_TRANSFER', 'VERY_HIGH_VALUE_TRANSACTION', 'NEO4J_UNAVAILABLE', 'REALTIME_SCENARIO_GRAPH_FALLBACK', 'CRITICAL_RISK', 'URGENT_REVIEW'], 'pair_repeat_count': 2, 'decision': 'BLOCK', 'engine_decision': 'BLOCK', 'priority': 'P1', 'status': 'BLOCKED', 'risk': 0.9569, 'final_score': 0.9569, 'behavior_score': 0.937, 'behaviorScore': 0.937, 'sequence_score': 0.9283, 'sequenceScore': 0.9283, 'graphScore': 0.9688, 'neo4j_graph_score': 0.9688, 'rule_score': 1.0, 'behavior_label': 'UNKNOWN', 'sequence_pattern': 'GATHER_SCATTER', 'community_risk': 'CRITICAL', 'network_role': 'UNKNOWN', 'reasons': ['Critical mule laundering pattern detected', 'Realtime scenario behavior fallback', 'GATHER_SCATTER', 'Connected to mule cluster'], 'alert_type': 'TRANSACTION_SUSPECT', 'requires_review': False, 'requires_block': True, 'requires_case': True, 'sla_minutes': 15, 'escalation_minutes': 20, 'queue': 'AML_CRITICAL_QUEUE', 'severity': 'CRITICAL'}",2026-09-27T04:52:28.221288,2026-09-27T04:52:28.253156+00:00,,,,,,RUN-20260927-034544-CE4C7A
CASE-79E302D2,TXN-C216B680,TRANSACTION_SUSPECT,U-1082,1adc6853-f06b-483e-b2b1-44185f81447d,P1,OPEN,102,AML_CRITICAL_QUEUE,AUTO_ALERT,TRANSACTION_SUSPECT,"{'trans_id': '1adc6853-f06b-483e-b2b1-44185f81447d', 'sender_id': 'U-1082', 'receiver_id': 'U-1090', 'amount': 260770.57, 'currency': 'INR', 'transaction_type': 'GATHER_SCATTER', 'channel': 'IMPS', 'sender_bal_before': 268773.95, 'sender_bal_after': 8003.38, 'receiver_bal_after': 195135.33, 'timestamp': '2026-09-27T10:24:35.457770+05:30', 'location': 'Kolkata', 'is_sim_bound': False, 'is_sim_bound_at_tx': 0, 'device_id': 'D-30080', 'time_to_pay_ms': 143, 'scenario_type': 'P1_CRITICAL', 'scenario_variant': 'GATHER_SCATTER', 'scenario_risk_band': 'P1', 'txn_velocity_1h': 35, 'drain_ratio': 0.9702, 'forwarding_delay_mins': 0, 'balance_depletion_speed': 60242.8984, 'amount_deviation': 0.081, 'avg_tx_amount_7d': 283761.73, 'distance_from_1L_threshold': 160770.57, 'distance_from_50k_threshold': 210770.57, 'empty_account_flag': 1, 'is_night_tx': 1, 'is_round_amount': 0, 'near_threshold_flag': 0, 'account_age_days': 11, 'device_shared_count': 18, 'ip_shared_count': 14, 'graph_score': 0.9708, 'fallback_behavior_score': 0.9259, 'fallback_sequence_score': 0.9423, 'fallback_graph_score': 0.9708, 'identity_trust_score': 9.55, 'device_trust_score': 8.76, 'sim_binding_ok': 0, 'sim_swap_flag': 1, 'vpn_flag': 1, 'hosting_flag': 0, 'city_mismatch_flag': 1, 'device_age_years': 1.62, 'network_risk_score': 0.931, 'known_fraud_connections': 15, 'known_fraud_neighbors': 15, 'mule_cluster_size': 29, 'inbound_sources': 8, 'outbound_dest': 12, 'rapid_account_cluster_flag': 1, 'mule_cluster_flag': 1, 'tx_count_24h': 33, 'unique_receivers_7d': 7, 'days_since_last_tx': 0, 'high_value_txn': 1, 'rapid_movement': 1, 'rapid_outbound_after_inbound': 1, 'pass_through_ratio': 0.955, 'structuring_pattern': 0, 'fragmentation_score': 0.081, 'night_high_value_txn': 1, 'velocity_risk_score': 0.9627, 'signals': ['P1_CRITICAL', 'GATHER_SCATTER', 'RAPID_DRAIN', 'MULE_CLUSTER', 'SIM_NOT_BOUND', 'REALTIME_SCENARIO_BEHAVIOR_FALLBACK', 'HIGH_VALUE_TRANSFER', 'VERY_HIGH_VALUE_TRANSACTION', 'NEO4J_UNAVAILABLE', 'REALTIME_SCENARIO_GRAPH_FALLBACK', 'CRITICAL_RISK', 'URGENT_REVIEW'], 'pair_repeat_count': 1, 'decision': 'BLOCK', 'engine_decision': 'BLOCK', 'priority': 'P1', 'status': 'BLOCKED', 'risk': 0.9575, 'final_score': 0.9575, 'behavior_score': 0.9259, 'behaviorScore': 0.9259, 'sequence_score': 0.9423, 'sequenceScore': 0.9423, 'graphScore': 0.9708, 'neo4j_graph_score': 0.9708, 'rule_score': 1.0, 'behavior_label': 'UNKNOWN', 'sequence_pattern': 'GATHER_SCATTER', 'community_risk': 'CRITICAL', 'network_role': 'UNKNOWN', 'reasons': ['Critical mule laundering pattern detected', 'Realtime scenario behavior fallback', 'GATHER_SCATTER', 'Connected to mule cluster'], 'alert_type': 'TRANSACTION_SUSPECT', 'requires_review': False, 'requires_block': True, 'requires_case': True, 'sla_minutes': 15, 'escalation_minutes': 20, 'queue': 'AML_CRITICAL_QUEUE', 'severity': 'CRITICAL'}",2026-09-27T04:54:35.592914,2026-09-27T04:54:35.616938+00:00,,,,,,RUN-20260927-034544-CE4C7A
CASE-EE5F9416,TXN-A5E38604,TRANSACTION_SUSPECT,U-1080,9336693f-df0f-47f6-a17d-ac0060b78c35,P1,OPEN,103,AML_CRITICAL_QUEUE,AUTO_ALERT,TRANSACTION_SUSPECT,"{'trans_id': '9336693f-df0f-47f6-a17d-ac0060b78c35', 'sender_id': 'U-1080', 'receiver_id': 'U-1096', 'amount': 256874.7, 'currency': 'INR', 'transaction_type': 'LAYERING_STEP', 'channel': 'NEFT', 'sender_bal_before': 274993.48, 'sender_bal_after': 18118.78, 'receiver_bal_after': 206336.0, 'timestamp': '2026-09-27T10:24:48.295976+05:30', 'location': 'Kolkata', 'is_sim_bound': False, 'is_sim_bound_at_tx': 0, 'device_id': 'D-30093', 'time_to_pay_ms': 146, 'scenario_type': 'P1_CRITICAL', 'scenario_variant': 'LAYERING', 'scenario_risk_band': 'P1', 'txn_velocity_1h': 33, 'drain_ratio': 0.9341, 'forwarding_delay_mins': 1, 'balance_depletion_speed': 51019.837, 'amount_deviation': 0.0186, 'avg_tx_amount_7d': 261739.33, 'distance_from_1L_threshold': 156874.7, 'distance_from_50k_threshold': 206874.7, 'empty_account_flag': 0, 'is_night_tx': 1, 'is_round_amount': 0, 'near_threshold_flag': 0, 'account_age_days': 53, 'device_shared_count': 18, 'ip_shared_count': 7, 'graph_score': 0.9379, 'fallback_behavior_score': 0.9225, 'fallback_sequence_score': 0.9393, 'fallback_graph_score': 0.9379, 'identity_trust_score': 16.83, 'device_trust_score': 13.81, 'sim_binding_ok': 0, 'sim_swap_flag': 1, 'vpn_flag': 1, 'hosting_flag': 0, 'city_mismatch_flag': 1, 'device_age_years': 2.05, 'network_risk_score': 0.7717, 'known_fraud_connections': 15, 'known_fraud_neighbors': 15, 'mule_cluster_size': 27, 'inbound_sources': 12, 'outbound_dest': 5, 'rapid_account_cluster_flag': 1, 'mule_cluster_flag': 1, 'tx_count_24h': 34, 'unique_receivers_7d': 10, 'days_since_last_tx': 0, 'high_value_txn': 1, 'rapid_movement': 1, 'rapid_outbound_after_inbound': 1, 'pass_through_ratio': 0.9416, 'structuring_pattern': 0, 'fragmentation_score': 0.0186, 'night_high_value_txn': 1, 'velocity_risk_score': 0.9228, 'signals': ['P1_CRITICAL', 'LAYERING', 'LAYERING_CHAIN', 'MULE_CLUSTER', 'SHORT_FORWARDING_DELAY', 'SIM_NOT_BOUND', 'REALTIME_SCENARIO_BEHAVIOR_FALLBACK', 'GATHER_SCATTER', 'HIGH_VALUE_TRANSFER', 'VERY_HIGH_VALUE_TRANSACTION', 'NEO4J_UNAVAILABLE', 'REALTIME_SCENARIO_GRAPH_FALLBACK', 'CRITICAL_RISK', 'URGENT_REVIEW'], 'pair_repeat_count': 1, 'decision': 'BLOCK', 'engine_decision': 'BLOCK', 'priority': 'P1', 'status': 'BLOCKED', 'risk': 0.9492, 'final_score': 0.9492, 'behavior_score': 0.9225, 'behaviorScore': 0.9225, 'sequence_score': 0.9393, 'sequenceScore': 0.9393, 'graphScore': 0.9379, 'neo4j_graph_score': 0.9379, 'rule_score': 1.0, 'behavior_label': 'UNKNOWN', 'sequence_pattern': 'GATHER_SCATTER', 'community_risk': 'CRITICAL', 'network_role': 'UNKNOWN', 'reasons': ['Critical mule laundering pattern detected', 'Realtime scenario behavior fallback', 'GATHER_SCATTER', 'Connected to mule cluster'], 'alert_type': 'TRANSACTION_SUSPECT', 'requires_review': False, 'requires_block': True, 'requires_case': True, 'sla_minutes': 15, 'escalation_minutes': 20, 'queue': 'AML_CRITICAL_QUEUE', 'severity': 'CRITICAL'}",2026-09-27T04:54:48.437243,2026-09-27T04:54:48.464720+00:00,,,,,,RUN-20260927-034544-CE4C7A
CASE-481E5879,TXN-74552291,TRANSACTION_SUSPECT,U-1081,9aa3cc95-1a04-4eeb-a1ef-51578b95165c,P1,OPEN,105,AML_CRITICAL_QUEUE,AUTO_ALERT,TRANSACTION_SUSPECT,"{'trans_id': '9aa3cc95-1a04-4eeb-a1ef-51578b95165c', 'sender_id': 'U-1081', 'receiver_id': 'M-2043', 'amount': 99495.82, 'currency': 'INR', 'transaction_type': 'GATHER_SCATTER', 'channel': 'NEFT', 'sender_bal_before': 105942.58, 'sender_bal_after': 6446.76, 'receiver_bal_after': 129995.07, 'timestamp': '2026-09-27T10:25:34.160792+05:30', 'location': 'Bengaluru', 'is_sim_bound': False, 'is_sim_bound_at_tx': 0, 'device_id': 'D-30062', 'time_to_pay_ms': 90, 'scenario_type': 'P1_CRITICAL', 'scenario_variant': 'GATHER_SCATTER', 'scenario_risk_band': 'P1', 'txn_velocity_1h': 30, 'drain_ratio': 0.9391, 'forwarding_delay_mins': 1, 'balance_depletion_speed': 10936.0274, 'amount_deviation': 0.0581, 'avg_tx_amount_7d': 94035.17, 'distance_from_1L_threshold': 504.18, 'distance_from_50k_threshold': 49495.82, 'empty_account_flag': 0, 'is_night_tx': 0, 'is_round_amount': 0, 'near_threshold_flag': 1, 'account_age_days': 30, 'device_shared_count': 11, 'ip_shared_count': 6, 'graph_score': 0.9135, 'fallback_behavior_score': 0.9377, 'fallback_sequence_score': 0.9514, 'fallback_graph_score': 0.9135, 'identity_trust_score': 26.69, 'device_trust_score': 8.99, 'sim_binding_ok': 0, 'sim_swap_flag': 1, 'vpn_flag': 1, 'hosting_flag': 0, 'city_mismatch_flag': 1, 'device_age_years': 0.3, 'network_risk_score': 0.7598, 'known_fraud_connections': 6, 'known_fraud_neighbors': 6, 'mule_cluster_size': 11, 'inbound_sources': 9, 'outbound_dest': 6, 'rapid_account_cluster_flag': 1, 'mule_cluster_flag': 1, 'tx_count_24h': 21, 'unique_receivers_7d': 11, 'days_since_last_tx': 0, 'high_value_txn': 1, 'rapid_movement': 1, 'rapid_outbound_after_inbound': 1, 'pass_through_ratio': 0.9589, 'structuring_pattern': 0, 'fragmentation_score': 0.0581, 'night_high_value_txn': 1, 'velocity_risk_score': 0.9197, 'signals': ['P1_CRITICAL', 'GATHER_SCATTER', 'RAPID_DRAIN', 'MULE_CLUSTER', 'SIM_NOT_BOUND', 'REALTIME_SCENARIO_BEHAVIOR_FALLBACK', 'HIGH_VALUE_TRANSFER', 'NEO4J_UNAVAILABLE', 'REALTIME_SCENARIO_GRAPH_FALLBACK', 'CRITICAL_RISK', 'URGENT_REVIEW'], 'pair_repeat_count': 1, 'decision': 'BLOCK', 'engine_decision': 'BLOCK', 'priority': 'P1', 'status': 'BLOCKED', 'risk': 0.9519, 'final_score': 0.9519, 'behavior_score': 0.9377, 'behaviorScore': 0.9377, 'sequence_score': 0.9514, 'sequenceScore': 0.9514, 'graphScore': 0.9135, 'neo4j_graph_score': 0.9135, 'rule_score': 1.0, 'behavior_label': 'UNKNOWN', 'sequence_pattern': 'GATHER_SCATTER', 'community_risk': 'CRITICAL', 'network_role': 'UNKNOWN', 'reasons': ['Critical mule laundering pattern detected', 'Realtime scenario behavior fallback', 'GATHER_SCATTER', 'Connected to mule cluster'], 'alert_type': 'TRANSACTION_SUSPECT', 'requires_review': False, 'requires_block': True, 'requires_case': True, 'sla_minutes': 15, 'escalation_minutes': 20, 'queue': 'AML_CRITICAL_QUEUE', 'severity': 'CRITICAL'}",2026-09-27T04:55:34.286889,2026-09-27T04:55:34.312538+00:00,,,,,,RUN-20260927-034544-CE4C7A
CASE-7D69E809,TXN-5A38B6B5,TRANSACTION_SUSPECT,U-1080,797a6c88-eca5-4cb2-997d-a4e9c7469f47,P1,OPEN,101,AML_CRITICAL_QUEUE,AUTO_ALERT,TRANSACTION_SUSPECT,"{'trans_id': '797a6c88-eca5-4cb2-997d-a4e9c7469f47', 'sender_id': 'U-1080', 'receiver_id': 'M-2049', 'amount': 99446.17, 'currency': 'INR', 'transaction_type': 'STRUCTURING', 'channel': 'UPI', 'sender_bal_before': 105580.17, 'sender_bal_after': 6134.0, 'receiver_bal_after': 290604.32, 'timestamp': '2026-09-27T10:25:52.084174+05:30', 'location': 'Hyderabad', 'is_sim_bound': False, 'is_sim_bound_at_tx': 0, 'device_id': 'D-30082', 'time_to_pay_ms': 171, 'scenario_type': 'P1_CRITICAL', 'scenario_variant': 'STRUCTURING', 'scenario_risk_band': 'P1', 'txn_velocity_1h': 29, 'drain_ratio': 0.9419, 'forwarding_delay_mins': 0, 'balance_depletion_speed': 10624.0303, 'amount_deviation': 0.0472, 'avg_tx_amount_7d': 104369.44, 'distance_from_1L_threshold': 553.83, 'distance_from_50k_threshold': 49446.17, 'empty_account_flag': 0, 'is_night_tx': 1, 'is_round_amount': 0, 'near_threshold_flag': 1, 'account_age_days': 16, 'device_shared_count': 15, 'ip_shared_count': 13, 'graph_score': 0.9692, 'fallback_behavior_score': 0.959, 'fallback_sequence_score': 0.9655, 'fallback_graph_score': 0.9692, 'identity_trust_score': 6.39, 'device_trust_score': 23.2, 'sim_binding_ok': 0, 'sim_swap_flag': 1, 'vpn_flag': 1, 'hosting_flag': 1, 'city_mismatch_flag': 1, 'device_age_years': 1.0, 'network_risk_score': 0.7261, 'known_fraud_connections': 11, 'known_fraud_neighbors': 11, 'mule_cluster_size': 18, 'inbound_sources': 12, 'outbound_dest': 9, 'rapid_account_cluster_flag': 1, 'mule_cluster_flag': 1, 'tx_count_24h': 39, 'unique_receivers_7d': 8, 'days_since_last_tx': 0, 'high_value_txn': 1, 'rapid_movement': 1, 'rapid_outbound_after_inbound': 1, 'pass_through_ratio': 0.9838, 'structuring_pattern': 1, 'fragmentation_score': 0.9838, 'night_high_value_txn': 1, 'velocity_risk_score': 0.9512, 'signals': ['P1_CRITICAL', 'STRUCTURING', 'NEAR_THRESHOLD', 'HIGH_VALUE_TRANSFER', 'REALTIME_SCENARIO_BEHAVIOR_FALLBACK', 'GATHER_SCATTER', 'NEO4J_UNAVAILABLE', 'REALTIME_SCENARIO_GRAPH_FALLBACK', 'CRITICAL_RISK', 'URGENT_REVIEW'], 'pair_repeat_count': 1, 'decision': 'BLOCK', 'engine_decision': 'BLOCK', 'priority': 'P1', 'status': 'BLOCKED', 'risk': 0.9729, 'final_score': 0.9729, 'behavior_score': 0.959, 'behaviorScore': 0.959, 'sequence_score': 0.9655, 'sequenceScore': 0.9655, 'graphScore': 0.9692, 'neo4j_graph_score': 0.9692, 'rule_score': 1.0, 'behavior_label': 'UNKNOWN', 'sequence_pattern': 'GATHER_SCATTER', 'community_risk': 'CRITICAL', 'network_role': 'UNKNOWN', 'reasons': ['Critical mule laundering pattern detected', 'Realtime scenario behavior fallback', 'GATHER_SCATTER', 'Connected to mule cluster'], 'alert_type': 'TRANSACTION_SUSPECT', 'requires_review': False, 'requires_block': True, 'requires_case': True, 'sla_minutes': 15, 'escalation_minutes': 20, 'queue': 'AML_CRITICAL_QUEUE', 'severity': 'CRITICAL'}",2026-09-27T04:55:52.193150,2026-09-27T04:55:52.239773+00:00,,,,,,RUN-20260927-034544-CE4C7A
CASE-C8872AA2,TXN-F83EF078,TRANSACTION_SUSPECT,U-1086,d6ee7716-4821-4309-af3d-9f9b8b937be1,P1,OPEN,103,AML_CRITICAL_QUEUE,AUTO_ALERT,TRANSACTION_SUSPECT,"{'trans_id': 'd6ee7716-4821-4309-af3d-9f9b8b937be1', 'sender_id': 'U-1086', 'receiver_id': 'U-1091', 'amount': 264928.77, 'currency': 'INR', 'transaction_type': 'LAYERING_STEP', 'channel': 'UPI', 'sender_bal_before': 290979.2, 'sender_bal_after': 26050.43, 'receiver_bal_after': 287246.37, 'timestamp': '2026-09-27T10:28:00.063702+05:30', 'location': 'Kolkata', 'is_sim_bound': False, 'is_sim_bound_at_tx': 0, 'device_id': 'D-30079', 'time_to_pay_ms': 174, 'scenario_type': 'P1_CRITICAL', 'scenario_variant': 'LAYERING', 'scenario_risk_band': 'P1', 'txn_velocity_1h': 34, 'drain_ratio': 0.9105, 'forwarding_delay_mins': 3, 'balance_depletion_speed': 46586.7149, 'amount_deviation': 0.1826, 'avg_tx_amount_7d': 224016.22, 'distance_from_1L_threshold': 164928.77, 'distance_from_50k_threshold': 214928.77, 'empty_account_flag': 0, 'is_night_tx': 1, 'is_round_amount': 0, 'near_threshold_flag': 0, 'account_age_days': 21, 'device_shared_count': 20, 'ip_shared_count': 10, 'graph_score': 0.929, 'fallback_behavior_score': 0.9157, 'fallback_sequence_score': 0.9556, 'fallback_graph_score': 0.929, 'identity_trust_score': 29.61, 'device_trust_score': 10.75, 'sim_binding_ok': 0, 'sim_swap_flag': 1, 'vpn_flag': 1, 'hosting_flag': 0, 'city_mismatch_flag': 1, 'device_age_years': 2.09, 'network_risk_score': 0.8311, 'known_fraud_connections': 10, 'known_fraud_neighbors': 10, 'mule_cluster_size': 16, 'inbound_sources': 6, 'outbound_dest': 5, 'rapid_account_cluster_flag': 1, 'mule_cluster_flag': 1, 'tx_count_24h': 37, 'unique_receivers_7d': 6, 'days_since_last_tx': 0, 'high_value_txn': 1, 'rapid_movement': 1, 'rapid_outbound_after_inbound': 1, 'pass_through_ratio': 0.9377, 'structuring_pattern': 0, 'fragmentation_score': 0.1826, 'night_high_value_txn': 1, 'velocity_risk_score': 0.9484, 'signals': ['P1_CRITICAL', 'LAYERING', 'LAYERING_CHAIN', 'MULE_CLUSTER', 'SHORT_FORWARDING_DELAY', 'SIM_NOT_BOUND', 'REALTIME_SCENARIO_BEHAVIOR_FALLBACK', 'GATHER_SCATTER', 'HIGH_VALUE_TRANSFER', 'VERY_HIGH_VALUE_TRANSACTION', 'NEO4J_UNAVAILABLE', 'REALTIME_SCENARIO_GRAPH_FALLBACK', 'CRITICAL_RISK', 'URGENT_REVIEW'], 'pair_repeat_count': 1, 'decision': 'BLOCK', 'engine_decision': 'BLOCK', 'priority': 'P1', 'status': 'BLOCKED', 'risk': 0.9494, 'final_score': 0.9494, 'behavior_score': 0.9157, 'behaviorScore': 0.9157, 'sequence_score': 0.9556, 'sequenceScore': 0.9556, 'graphScore': 0.929, 'neo4j_graph_score': 0.929, 'rule_score': 1.0, 'behavior_label': 'UNKNOWN', 'sequence_pattern': 'GATHER_SCATTER', 'community_risk': 'CRITICAL', 'network_role': 'UNKNOWN', 'reasons': ['Critical mule laundering pattern detected', 'Realtime scenario behavior fallback', 'GATHER_SCATTER', 'Connected to mule cluster'], 'alert_type': 'TRANSACTION_SUSPECT', 'requires_review': False, 'requires_block': True, 'requires_case': True, 'sla_minutes': 15, 'escalation_minutes': 20, 'queue': 'AML_CRITICAL_QUEUE', 'severity': 'CRITICAL'}",2026-09-27T04:58:00.230312,2026-09-27T04:58:00.275611+00:00,,,,,,RUN-20260927-034544-CE4C7A
CASE-21C30534,TXN-6192F546,TRANSACTION_SUSPECT,U-1079,d9632ff3-7dab-4a64-b7e7-6b7ab89a23e5,P1,OPEN,104,AML_CRITICAL_QUEUE,AUTO_ALERT,TRANSACTION_SUSPECT,"{'trans_id': 'd9632ff3-7dab-4a64-b7e7-6b7ab89a23e5', 'sender_id': 'U-1079', 'receiver_id': 'U-1096', 'amount': 325978.97, 'currency': 'INR', 'transaction_type': 'GATHER_SCATTER', 'channel': 'IMPS', 'sender_bal_before': 354882.87, 'sender_bal_after': 28903.9, 'receiver_bal_after': 275236.3, 'timestamp': '2026-09-27T10:28:34.232251+05:30', 'location': 'Delhi', 'is_sim_bound': False, 'is_sim_bound_at_tx': 0, 'device_id': 'D-30072', 'time_to_pay_ms': 113, 'scenario_type': 'P1_CRITICAL', 'scenario_variant': 'GATHER_SCATTER', 'scenario_risk_band': 'P1', 'txn_velocity_1h': 36, 'drain_ratio': 0.9186, 'forwarding_delay_mins': 1, 'balance_depletion_speed': 55034.594, 'amount_deviation': 0.0829, 'avg_tx_amount_7d': 355461.31, 'distance_from_1L_threshold': 225978.97, 'distance_from_50k_threshold': 275978.97, 'empty_account_flag': 0, 'is_night_tx': 0, 'is_round_amount': 0, 'near_threshold_flag': 0, 'account_age_days': 44, 'device_shared_count': 17, 'ip_shared_count': 9, 'graph_score': 0.9392, 'fallback_behavior_score': 0.966, 'fallback_sequence_score': 0.9364, 'fallback_graph_score': 0.9392, 'identity_trust_score': 22.71, 'device_trust_score': 15.83, 'sim_binding_ok': 0, 'sim_swap_flag': 1, 'vpn_flag': 1, 'hosting_flag': 0, 'city_mismatch_flag': 1, 'device_age_years': 1.75, 'network_risk_score': 0.7814, 'known_fraud_connections': 9, 'known_fraud_neighbors': 9, 'mule_cluster_size': 12, 'inbound_sources': 6, 'outbound_dest': 6, 'rapid_account_cluster_flag': 1, 'mule_cluster_flag': 1, 'tx_count_24h': 38, 'unique_receivers_7d': 9, 'days_since_last_tx': 0, 'high_value_txn': 1, 'rapid_movement': 1, 'rapid_outbound_after_inbound': 1, 'pass_through_ratio': 0.9632, 'structuring_pattern': 0, 'fragmentation_score': 0.0829, 'night_high_value_txn': 1, 'velocity_risk_score': 0.9532, 'signals': ['P1_CRITICAL', 'GATHER_SCATTER', 'RAPID_DRAIN', 'MULE_CLUSTER', 'SIM_NOT_BOUND', 'REALTIME_SCENARIO_BEHAVIOR_FALLBACK', 'HIGH_VALUE_TRANSFER', 'VERY_HIGH_VALUE_TRANSACTION', 'NEO4J_UNAVAILABLE', 'REALTIME_SCENARIO_GRAPH_FALLBACK', 'CRITICAL_RISK', 'URGENT_REVIEW'], 'pair_repeat_count': 1, 'decision': 'BLOCK', 'engine_decision': 'BLOCK', 'priority': 'P1', 'status': 'BLOCKED', 'risk': 0.9617, 'final_score': 0.9617, 'behavior_score': 0.966, 'behaviorScore': 0.966, 'sequence_score': 0.9364, 'sequenceScore': 0.9364, 'graphScore': 0.9392, 'neo4j_graph_score': 0.9392, 'rule_score': 1.0, 'behavior_label': 'UNKNOWN', 'sequence_pattern': 'GATHER_SCATTER', 'community_risk': 'CRITICAL', 'network_role': 'UNKNOWN', 'reasons': ['Critical mule laundering pattern detected', 'Realtime scenario behavior fallback', 'GATHER_SCATTER', 'Connected to mule cluster'], 'alert_type': 'TRANSACTION_SUSPECT', 'requires_review': False, 'requires_block': True, 'requires_case': True, 'sla_minutes': 15, 'escalation_minutes': 20, 'queue': 'AML_CRITICAL_QUEUE', 'severity': 'CRITICAL'}",2026-09-27T04:58:34.555672,2026-09-27T04:58:34.606591+00:00,,,,,,RUN-20260927-034544-CE4C7A
CASE-283CF4E1,TXN-792BFBCC,TRANSACTION_SUSPECT,U-1080,82e8ba6f-25c9-4287-b069-3ae6ab1badb4,P1,OPEN,101,AML_CRITICAL_QUEUE,AUTO_ALERT,TRANSACTION_SUSPECT,"{'trans_id': '82e8ba6f-25c9-4287-b069-3ae6ab1badb4', 'sender_id': 'U-1080', 'receiver_id': 'U-1093', 'amount': 187926.8, 'currency': 'INR', 'transaction_type': 'LAYERING_STEP', 'channel': 'NEFT', 'sender_bal_before': 194087.66, 'sender_bal_after': 6160.86, 'receiver_bal_after': 59991.19, 'timestamp': '2026-09-27T10:28:47.829937+05:30', 'location': 'Bengaluru', 'is_sim_bound': False, 'is_sim_bound_at_tx': 0, 'device_id': 'D-30074', 'time_to_pay_ms': 145, 'scenario_type': 'P1_CRITICAL', 'scenario_variant': 'LAYERING', 'scenario_risk_band': 'P1', 'txn_velocity_1h': 22, 'drain_ratio': 0.9683, 'forwarding_delay_mins': 2, 'balance_depletion_speed': 16282.2751, 'amount_deviation': 0.0961, 'avg_tx_amount_7d': 207914.64, 'distance_from_1L_threshold': 87926.8, 'distance_from_50k_threshold': 137926.8, 'empty_account_flag': 1, 'is_night_tx': 0, 'is_round_amount': 0, 'near_threshold_flag': 0, 'account_age_days': 26, 'device_shared_count': 9, 'ip_shared_count': 9, 'graph_score': 0.9298, 'fallback_behavior_score': 0.939, 'fallback_sequence_score': 0.9351, 'fallback_graph_score': 0.9298, 'identity_trust_score': 27.31, 'device_trust_score': 19.72, 'sim_binding_ok': 0, 'sim_swap_flag': 1, 'vpn_flag': 1, 'hosting_flag': 1, 'city_mismatch_flag': 1, 'device_age_years': 0.47, 'network_risk_score': 0.906, 'known_fraud_connections': 10, 'known_fraud_neighbors': 10, 'mule_cluster_size': 25, 'inbound_sources': 5, 'outbound_dest': 11, 'rapid_account_cluster_flag': 1, 'mule_cluster_flag': 1, 'tx_count_24h': 27, 'unique_receivers_7d': 12, 'days_since_last_tx': 0, 'high_value_txn': 1, 'rapid_movement': 1, 'rapid_outbound_after_inbound': 1, 'pass_through_ratio': 0.9861, 'structuring_pattern': 0, 'fragmentation_score': 0.0961, 'night_high_value_txn': 1, 'velocity_risk_score': 0.9549, 'signals': ['P1_CRITICAL', 'LAYERING', 'LAYERING_CHAIN', 'MULE_CLUSTER', 'SHORT_FORWARDING_DELAY', 'SIM_NOT_BOUND', 'REALTIME_SCENARIO_BEHAVIOR_FALLBACK', 'GATHER_SCATTER', 'HIGH_VALUE_TRANSFER', 'VERY_HIGH_VALUE_TRANSACTION', 'NEO4J_UNAVAILABLE', 'REALTIME_SCENARIO_GRAPH_FALLBACK', 'CRITICAL_RISK', 'URGENT_REVIEW'], 'pair_repeat_count': 3, 'decision': 'BLOCK', 'engine_decision': 'BLOCK', 'priority': 'P1', 'status': 'BLOCKED', 'risk': 0.9514, 'final_score': 0.9514, 'behavior_score': 0.939, 'behaviorScore': 0.939, 'sequence_score': 0.9351, 'sequenceScore': 0.9351, 'graphScore': 0.9298, 'neo4j_graph_score': 0.9298, 'rule_score': 1.0, 'behavior_label': 'UNKNOWN', 'sequence_pattern': 'GATHER_SCATTER', 'community_risk': 'CRITICAL', 'network_role': 'UNKNOWN', 'reasons': ['Critical mule laundering pattern detected', 'Realtime scenario behavior fallback', 'GATHER_SCATTER', 'Connected to mule cluster'], 'alert_type': 'TRANSACTION_SUSPECT', 'requires_review': False, 'requires_block': True, 'requires_case': True, 'sla_minutes': 15, 'escalation_minutes': 20, 'queue': 'AML_CRITICAL_QUEUE', 'severity': 'CRITICAL'}",2026-09-27T04:58:48.056300,2026-09-27T04:58:48.102702+00:00,,,,,,RUN-20260927-034544-CE4C7A
CASE-F0C5A99E,TXN-C068CBD8,TRANSACTION_SUSPECT,U-1083,76a900e1-5b09-40a4-9fe7-6162aac560a3,P1,OPEN,104,AML_CRITICAL_QUEUE,AUTO_ALERT,TRANSACTION_SUSPECT,"{'trans_id': '76a900e1-5b09-40a4-9fe7-6162aac560a3', 'sender_id': 'U-1083', 'receiver_id': 'U-1094', 'amount': 433512.53, 'currency': 'INR', 'transaction_type': 'LAYERING_STEP', 'channel': 'IMPS', 'sender_bal_before': 450201.64, 'sender_bal_after': 16689.11, 'receiver_bal_after': 490262.38, 'timestamp': '2026-09-27T10:29:28.936022+05:30', 'location': 'Bengaluru', 'is_sim_bound': False, 'is_sim_bound_at_tx': 0, 'device_id': 'D-30063', 'time_to_pay_ms': 40, 'scenario_type': 'P1_CRITICAL', 'scenario_variant': 'LAYERING', 'scenario_risk_band': 'P1', 'txn_velocity_1h': 29, 'drain_ratio': 0.9629, 'forwarding_delay_mins': 3, 'balance_depletion_speed': 106204.7978, 'amount_deviation': 0.0246, 'avg_tx_amount_7d': 423110.48, 'distance_from_1L_threshold': 333512.53, 'distance_from_50k_threshold': 383512.53, 'empty_account_flag': 1, 'is_night_tx': 0, 'is_round_amount': 0, 'near_threshold_flag': 0, 'account_age_days': 16, 'device_shared_count': 19, 'ip_shared_count': 6, 'graph_score': 0.9785, 'fallback_behavior_score': 0.9654, 'fallback_sequence_score': 0.9256, 'fallback_graph_score': 0.9785, 'identity_trust_score': 29.6, 'device_trust_score': 16.72, 'sim_binding_ok': 0, 'sim_swap_flag': 1, 'vpn_flag': 1, 'hosting_flag': 1, 'city_mismatch_flag': 1, 'device_age_years': 1.41, 'network_risk_score': 0.8408, 'known_fraud_connections': 5, 'known_fraud_neighbors': 5, 'mule_cluster_size': 29, 'inbound_sources': 5, 'outbound_dest': 6, 'rapid_account_cluster_flag': 1, 'mule_cluster_flag': 1, 'tx_count_24h': 43, 'unique_receivers_7d': 6, 'days_since_last_tx': 0, 'high_value_txn': 1, 'rapid_movement': 1, 'rapid_outbound_after_inbound': 1, 'pass_through_ratio': 0.973, 'structuring_pattern': 0, 'fragmentation_score': 0.0246, 'night_high_value_txn': 1, 'velocity_risk_score': 0.9287, 'signals': ['P1_CRITICAL', 'LAYERING', 'LAYERING_CHAIN', 'MULE_CLUSTER', 'SHORT_FORWARDING_DELAY', 'SIM_NOT_BOUND', 'REALTIME_SCENARIO_BEHAVIOR_FALLBACK', 'GATHER_SCATTER', 'HIGH_VALUE_TRANSFER', 'VERY_HIGH_VALUE_TRANSACTION', 'NEO4J_UNAVAILABLE', 'REALTIME_SCENARIO_GRAPH_FALLBACK', 'CRITICAL_RISK', 'URGENT_REVIEW'], 'pair_repeat_count': 1, 'decision': 'BLOCK', 'engine_decision': 'BLOCK', 'priority': 'P1', 'status': 'BLOCKED', 'risk': 0.9667, 'final_score': 0.9667, 'behavior_score': 0.9654, 'behaviorScore': 0.9654, 'sequence_score': 0.9256, 'sequenceScore': 0.9256, 'graphScore': 0.9785, 'neo4j_graph_score': 0.9785, 'rule_score': 1.0, 'behavior_label': 'UNKNOWN', 'sequence_pattern': 'GATHER_SCATTER', 'community_risk': 'CRITICAL', 'network_role': 'UNKNOWN', 'reasons': ['Critical mule laundering pattern detected', 'Realtime scenario behavior fallback', 'GATHER_SCATTER', 'Connected to mule cluster'], 'alert_type': 'TRANSACTION_SUSPECT', 'requires_review': False, 'requires_block': True, 'requires_case': True, 'sla_minutes': 15, 'escalation_minutes': 20, 'queue': 'AML_CRITICAL_QUEUE', 'severity': 'CRITICAL'}",2026-09-27T04:59:29.119115,2026-09-27T04:59:29.163038+00:00,,,,,,RUN-20260927-034544-CE4C7A
CASE-C030632E,TXN-4EB720ED,TRANSACTION_SUSPECT,U-1078,b9cd74e6-9395-4cb8-b1ac-da391118d112,P1,OPEN,105,AML_CRITICAL_QUEUE,AUTO_ALERT,TRANSACTION_SUSPECT,"{'trans_id': 'b9cd74e6-9395-4cb8-b1ac-da391118d112', 'sender_id': 'U-1078', 'receiver_id': 'M-2044', 'amount': 133095.77, 'currency': 'INR', 'transaction_type': 'LAYERING_STEP', 'channel': 'IMPS', 'sender_bal_before': 142352.41, 'sender_bal_after': 9256.64, 'receiver_bal_after': 781838.31, 'timestamp': '2026-09-27T10:29:44.349754+05:30', 'location': 'Bengaluru', 'is_sim_bound': False, 'is_sim_bound_at_tx': 0, 'device_id': 'D-30080', 'time_to_pay_ms': 224, 'scenario_type': 'P1_CRITICAL', 'scenario_variant': 'LAYERING', 'scenario_risk_band': 'P1', 'txn_velocity_1h': 41, 'drain_ratio': 0.935, 'forwarding_delay_mins': 2, 'balance_depletion_speed': 12969.6279, 'amount_deviation': 0.0956, 'avg_tx_amount_7d': 121481.03, 'distance_from_1L_threshold': 33095.77, 'distance_from_50k_threshold': 83095.77, 'empty_account_flag': 0, 'is_night_tx': 1, 'is_round_amount': 0, 'near_threshold_flag': 0, 'account_age_days': 5, 'device_shared_count': 19, 'ip_shared_count': 11, 'graph_score': 0.9848, 'fallback_behavior_score': 0.9827, 'fallback_sequence_score': 0.902, 'fallback_graph_score': 0.9848, 'identity_trust_score': 21.24, 'device_trust_score': 8.11, 'sim_binding_ok': 0, 'sim_swap_flag': 1, 'vpn_flag': 1, 'hosting_flag': 1, 'city_mismatch_flag': 1, 'device_age_years': 1.18, 'network_risk_score': 0.7054, 'known_fraud_connections': 7, 'known_fraud_neighbors': 7, 'mule_cluster_size': 29, 'inbound_sources': 7, 'outbound_dest': 12, 'rapid_account_cluster_flag': 1, 'mule_cluster_flag': 1, 'tx_count_24h': 25, 'unique_receivers_7d': 11, 'days_since_last_tx': 0, 'high_value_txn': 1, 'rapid_movement': 1, 'rapid_outbound_after_inbound': 1, 'pass_through_ratio': 0.9293, 'structuring_pattern': 0, 'fragmentation_score': 0.0956, 'night_high_value_txn': 1, 'velocity_risk_score': 0.9068, 'signals': ['P1_CRITICAL', 'LAYERING', 'LAYERING_CHAIN', 'MULE_CLUSTER', 'SHORT_FORWARDING_DELAY', 'SIM_NOT_BOUND', 'REALTIME_SCENARIO_BEHAVIOR_FALLBACK', 'GATHER_SCATTER', 'HIGH_VALUE_TRANSFER', 'VERY_HIGH_VALUE_TRANSACTION', 'NEO4J_UNAVAILABLE', 'REALTIME_SCENARIO_GRAPH_FALLBACK', 'CRITICAL_RISK', 'URGENT_REVIEW'], 'pair_repeat_count': 1, 'decision': 'BLOCK', 'engine_decision': 'BLOCK', 'priority': 'P1', 'status': 'BLOCKED', 'risk': 0.9673, 'final_score': 0.9673, 'behavior_score': 0.9827, 'behaviorScore': 0.9827, 'sequence_score': 0.902, 'sequenceScore': 0.902, 'graphScore': 0.9848, 'neo4j_graph_score': 0.9848, 'rule_score': 1.0, 'behavior_label': 'UNKNOWN', 'sequence_pattern': 'GATHER_SCATTER', 'community_risk': 'CRITICAL', 'network_role': 'UNKNOWN', 'reasons': ['Critical mule laundering pattern detected', 'Realtime scenario behavior fallback', 'GATHER_SCATTER', 'Connected to mule cluster'], 'alert_type': 'TRANSACTION_SUSPECT', 'requires_review': False, 'requires_block': True, 'requires_case': True, 'sla_minutes': 15, 'escalation_minutes': 20, 'queue': 'AML_CRITICAL_QUEUE', 'severity': 'CRITICAL'}",2026-09-27T04:59:44.472298,2026-09-27T04:59:44.510748+00:00,,,,,,RUN-20260927-034544-CE4C7A
CASE-52AF5871,TXN-AED93A63,TRANSACTION_SUSPECT,U-1078,f114e217-09ad-4fd3-af51-71b2ed065eb7,P1,OPEN,103,AML_CRITICAL_QUEUE,AUTO_ALERT,TRANSACTION_SUSPECT,"{'trans_id': 'f114e217-09ad-4fd3-af51-71b2ed065eb7', 'sender_id': 'U-1078', 'receiver_id': 'U-1095', 'amount': 183873.23, 'currency': 'INR', 'transaction_type': 'GATHER_SCATTER', 'channel': 'IMPS', 'sender_bal_before': 198569.36, 'sender_bal_after': 14696.13, 'receiver_bal_after': 42495.85, 'timestamp': '2026-09-27T10:30:48.143532+05:30', 'location': 'Kolkata', 'is_sim_bound': False, 'is_sim_bound_at_tx': 0, 'device_id': 'D-30073', 'time_to_pay_ms': 109, 'scenario_type': 'P1_CRITICAL', 'scenario_variant': 'GATHER_SCATTER', 'scenario_risk_band': 'P1', 'txn_velocity_1h': 42, 'drain_ratio': 0.926, 'forwarding_delay_mins': 5, 'balance_depletion_speed': 46128.4209, 'amount_deviation': 0.0741, 'avg_tx_amount_7d': 198588.42, 'distance_from_1L_threshold': 83873.23, 'distance_from_50k_threshold': 133873.23, 'empty_account_flag': 0, 'is_night_tx': 0, 'is_round_amount': 0, 'near_threshold_flag': 0, 'account_age_days': 27, 'device_shared_count': 15, 'ip_shared_count': 14, 'graph_score': 0.9179, 'fallback_behavior_score': 0.9412, 'fallback_sequence_score': 0.984, 'fallback_graph_score': 0.9179, 'identity_trust_score': 18.65, 'device_trust_score': 6.72, 'sim_binding_ok': 0, 'sim_swap_flag': 1, 'vpn_flag': 1, 'hosting_flag': 1, 'city_mismatch_flag': 1, 'device_age_years': 1.39, 'network_risk_score': 0.7477, 'known_fraud_connections': 12, 'known_fraud_neighbors': 12, 'mule_cluster_size': 28, 'inbound_sources': 7, 'outbound_dest': 7, 'rapid_account_cluster_flag': 1, 'mule_cluster_flag': 1, 'tx_count_24h': 29, 'unique_receivers_7d': 9, 'days_since_last_tx': 0, 'high_value_txn': 1, 'rapid_movement': 1, 'rapid_outbound_after_inbound': 1, 'pass_through_ratio': 0.9591, 'structuring_pattern': 0, 'fragmentation_score': 0.0741, 'night_high_value_txn': 1, 'velocity_risk_score': 0.9535, 'signals': ['P1_CRITICAL', 'GATHER_SCATTER', 'RAPID_DRAIN', 'MULE_CLUSTER', 'SIM_NOT_BOUND', 'REALTIME_SCENARIO_BEHAVIOR_FALLBACK', 'HIGH_VALUE_TRANSFER', 'VERY_HIGH_VALUE_TRANSACTION', 'NEO4J_UNAVAILABLE', 'REALTIME_SCENARIO_GRAPH_FALLBACK', 'CRITICAL_RISK', 'URGENT_REVIEW'], 'pair_repeat_count': 1, 'decision': 'BLOCK', 'engine_decision': 'BLOCK', 'priority': 'P1', 'status': 'BLOCKED', 'risk': 0.9619, 'final_score': 0.9619, 'behavior_score': 0.9412, 'behaviorScore': 0.9412, 'sequence_score': 0.984, 'sequenceScore': 0.984, 'graphScore': 0.9179, 'neo4j_graph_score': 0.9179, 'rule_score': 1.0, 'behavior_label': 'UNKNOWN', 'sequence_pattern': 'GATHER_SCATTER', 'community_risk': 'CRITICAL', 'network_role': 'UNKNOWN', 'reasons': ['Critical mule laundering pattern detected', 'Realtime scenario behavior fallback', 'GATHER_SCATTER', 'Connected to mule cluster'], 'alert_type': 'TRANSACTION_SUSPECT', 'requires_review': False, 'requires_block': True, 'requires_case': True, 'sla_minutes': 15, 'escalation_minutes': 20, 'queue': 'AML_CRITICAL_QUEUE', 'severity': 'CRITICAL'}",2026-09-27T05:00:48.288192,2026-09-27T05:00:48.324386+00:00,,,,,,RUN-20260927-034544-CE4C7A
CASE-067D791E,TXN-40A5A48B,TRANSACTION_SUSPECT,U-1078,800e283d-9702-4aa5-91e9-d91fbe76f24f,P1,OPEN,103,AML_CRITICAL_QUEUE,AUTO_ALERT,TRANSACTION_SUSPECT,"{'trans_id': '800e283d-9702-4aa5-91e9-d91fbe76f24f', 'sender_id': 'U-1078', 'receiver_id': 'U-1095', 'amount': 304358.94, 'currency': 'INR', 'transaction_type': 'LAYERING_STEP', 'channel': 'UPI', 'sender_bal_before': 326721.43, 'sender_bal_after': 22362.49, 'receiver_bal_after': 96332.36, 'timestamp': '2026-09-27T10:32:50.500964+05:30', 'location': 'Pune', 'is_sim_bound': False, 'is_sim_bound_at_tx': 0, 'device_id': 'D-30069', 'time_to_pay_ms': 151, 'scenario_type': 'P1_CRITICAL', 'scenario_variant': 'LAYERING', 'scenario_risk_band': 'P1', 'txn_velocity_1h': 26, 'drain_ratio': 0.9316, 'forwarding_delay_mins': 2, 'balance_depletion_speed': 51348.7589, 'amount_deviation': 0.0504, 'avg_tx_amount_7d': 320522.51, 'distance_from_1L_threshold': 204358.94, 'distance_from_50k_threshold': 254358.94, 'empty_account_flag': 0, 'is_night_tx': 0, 'is_round_amount': 0, 'near_threshold_flag': 0, 'account_age_days': 3, 'device_shared_count': 17, 'ip_shared_count': 13, 'graph_score': 0.9736, 'fallback_behavior_score': 0.9772, 'fallback_sequence_score': 0.9013, 'fallback_graph_score': 0.9736, 'identity_trust_score': 15.71, 'device_trust_score': 6.24, 'sim_binding_ok': 0, 'sim_swap_flag': 1, 'vpn_flag': 1, 'hosting_flag': 1, 'city_mismatch_flag': 1, 'device_age_years': 1.66, 'network_risk_score': 0.7084, 'known_fraud_connections': 9, 'known_fraud_neighbors': 9, 'mule_cluster_size': 20, 'inbound_sources': 10, 'outbound_dest': 6, 'rapid_account_cluster_flag': 1, 'mule_cluster_flag': 1, 'tx_count_24h': 31, 'unique_receivers_7d': 10, 'days_since_last_tx': 0, 'high_value_txn': 1, 'rapid_movement': 1, 'rapid_outbound_after_inbound': 1, 'pass_through_ratio': 0.9098, 'structuring_pattern': 0, 'fragmentation_score': 0.0504, 'night_high_value_txn': 1, 'velocity_risk_score': 0.9506, 'signals': ['P1_CRITICAL', 'LAYERING', 'LAYERING_CHAIN', 'MULE_CLUSTER', 'SHORT_FORWARDING_DELAY', 'SIM_NOT_BOUND', 'REALTIME_SCENARIO_BEHAVIOR_FALLBACK', 'GATHER_SCATTER', 'HIGH_VALUE_TRANSFER', 'VERY_HIGH_VALUE_TRANSACTION', 'NEO4J_UNAVAILABLE', 'REALTIME_SCENARIO_GRAPH_FALLBACK', 'CRITICAL_RISK', 'URGENT_REVIEW'], 'pair_repeat_count': 2, 'decision': 'BLOCK', 'engine_decision': 'BLOCK', 'priority': 'P1', 'status': 'BLOCKED', 'risk': 0.9632, 'final_score': 0.9632, 'behavior_score': 0.9772, 'behaviorScore': 0.9772, 'sequence_score': 0.9013, 'sequenceScore': 0.9013, 'graphScore': 0.9736, 'neo4j_graph_score': 0.9736, 'rule_score': 1.0, 'behavior_label': 'UNKNOWN', 'sequence_pattern': 'GATHER_SCATTER', 'community_risk': 'CRITICAL', 'network_role': 'UNKNOWN', 'reasons': ['Critical mule laundering pattern detected', 'Realtime scenario behavior fallback', 'GATHER_SCATTER', 'Connected to mule cluster'], 'alert_type': 'TRANSACTION_SUSPECT', 'requires_review': False, 'requires_block': True, 'requires_case': True, 'sla_minutes': 15, 'escalation_minutes': 20, 'queue': 'AML_CRITICAL_QUEUE', 'severity': 'CRITICAL'}",2026-09-27T05:02:50.624165,2026-09-27T05:02:50.645463+00:00,,,,,,RUN-20260927-034544-CE4C7A
CASE-2E697C9F,TXN-1310314E,TRANSACTION_SUSPECT,U-1080,6c8ef753-d470-473f-95dc-e281ff8fd06a,P1,OPEN,101,AML_CRITICAL_QUEUE,AUTO_ALERT,TRANSACTION_SUSPECT,"{'trans_id': '6c8ef753-d470-473f-95dc-e281ff8fd06a', 'sender_id': 'U-1080', 'receiver_id': 'U-1092', 'amount': 129586.88, 'currency': 'INR', 'transaction_type': 'GATHER_SCATTER', 'channel': 'UPI', 'sender_bal_before': 134409.72, 'sender_bal_after': 4822.84, 'receiver_bal_after': 443905.32, 'timestamp': '2026-09-27T10:33:08.438377+05:30', 'location': 'Kolkata', 'is_sim_bound': False, 'is_sim_bound_at_tx': 0, 'device_id': 'D-30079', 'time_to_pay_ms': 28, 'scenario_type': 'P1_CRITICAL', 'scenario_variant': 'GATHER_SCATTER', 'scenario_risk_band': 'P1', 'txn_velocity_1h': 33, 'drain_ratio': 0.9641, 'forwarding_delay_mins': 4, 'balance_depletion_speed': 23065.0194, 'amount_deviation': 0.0094, 'avg_tx_amount_7d': 130817.44, 'distance_from_1L_threshold': 29586.88, 'distance_from_50k_threshold': 79586.88, 'empty_account_flag': 1, 'is_night_tx': 0, 'is_round_amount': 0, 'near_threshold_flag': 0, 'account_age_days': 52, 'device_shared_count': 16, 'ip_shared_count': 15, 'graph_score': 0.9002, 'fallback_behavior_score': 0.9526, 'fallback_sequence_score': 0.9597, 'fallback_graph_score': 0.9002, 'identity_trust_score': 6.36, 'device_trust_score': 11.99, 'sim_binding_ok': 0, 'sim_swap_flag': 1, 'vpn_flag': 1, 'hosting_flag': 1, 'city_mismatch_flag': 1, 'device_age_years': 1.78, 'network_risk_score': 0.8302, 'known_fraud_connections': 5, 'known_fraud_neighbors': 5, 'mule_cluster_size': 20, 'inbound_sources': 7, 'outbound_dest': 7, 'rapid_account_cluster_flag': 1, 'mule_cluster_flag': 1, 'tx_count_24h': 29, 'unique_receivers_7d': 6, 'days_since_last_tx': 0, 'high_value_txn': 1, 'rapid_movement': 1, 'rapid_outbound_after_inbound': 1, 'pass_through_ratio': 0.9713, 'structuring_pattern': 0, 'fragmentation_score': 0.0094, 'night_high_value_txn': 1, 'velocity_risk_score': 0.9561, 'signals': ['P1_CRITICAL', 'GATHER_SCATTER', 'RAPID_DRAIN', 'MULE_CLUSTER', 'SIM_NOT_BOUND', 'REALTIME_SCENARIO_BEHAVIOR_FALLBACK', 'HIGH_VALUE_TRANSFER', 'VERY_HIGH_VALUE_TRANSACTION', 'NEO4J_UNAVAILABLE', 'REALTIME_SCENARIO_GRAPH_FALLBACK', 'CRITICAL_RISK', 'URGENT_REVIEW'], 'pair_repeat_count': 1, 'decision': 'BLOCK', 'engine_decision': 'BLOCK', 'priority': 'P1', 'status': 'BLOCKED', 'risk': 0.9557, 'final_score': 0.9557, 'behavior_score': 0.9526, 'behaviorScore': 0.9526, 'sequence_score': 0.9597, 'sequenceScore': 0.9597, 'graphScore': 0.9002, 'neo4j_graph_score': 0.9002, 'rule_score': 1.0, 'behavior_label': 'UNKNOWN', 'sequence_pattern': 'GATHER_SCATTER', 'community_risk': 'CRITICAL', 'network_role': 'UNKNOWN', 'reasons': ['Critical mule laundering pattern detected', 'Realtime scenario behavior fallback', 'GATHER_SCATTER', 'Connected to mule cluster'], 'alert_type': 'TRANSACTION_SUSPECT', 'requires_review': False, 'requires_block': True, 'requires_case': True, 'sla_minutes': 15, 'escalation_minutes': 20, 'queue': 'AML_CRITICAL_QUEUE', 'severity': 'CRITICAL'}",2026-09-27T05:03:08.534364,2026-09-27T05:03:08.591609+00:00,,,,,,RUN-20260927-034544-CE4C7A
CASE-313FC3E7,TXN-176A2CCD,TRANSACTION_SUSPECT,U-1086,b2f28831-3375-4424-bcec-6e77864e431e,P1,OPEN,101,AML_CRITICAL_QUEUE,AUTO_ALERT,TRANSACTION_SUSPECT,"{'trans_id': 'b2f28831-3375-4424-bcec-6e77864e431e', 'sender_id': 'U-1086', 'receiver_id': 'U-1099', 'amount': 104123.58, 'currency': 'INR', 'transaction_type': 'LAYERING_STEP', 'channel': 'NEFT', 'sender_bal_before': 105275.22, 'sender_bal_after': 1151.64, 'receiver_bal_after': 13416.7, 'timestamp': '2026-09-27T10:34:32.293591+05:30', 'location': 'Hyderabad', 'is_sim_bound': False, 'is_sim_bound_at_tx': 0, 'device_id': 'D-30088', 'time_to_pay_ms': 17, 'scenario_type': 'P1_CRITICAL', 'scenario_variant': 'LAYERING', 'scenario_risk_band': 'P1', 'txn_velocity_1h': 37, 'drain_ratio': 0.9891, 'forwarding_delay_mins': 4, 'balance_depletion_speed': 9313.9422, 'amount_deviation': 0.0528, 'avg_tx_amount_7d': 109927.83, 'distance_from_1L_threshold': 4123.58, 'distance_from_50k_threshold': 54123.58, 'empty_account_flag': 1, 'is_night_tx': 1, 'is_round_amount': 0, 'near_threshold_flag': 0, 'account_age_days': 43, 'device_shared_count': 15, 'ip_shared_count': 11, 'graph_score': 0.927, 'fallback_behavior_score': 0.9033, 'fallback_sequence_score': 0.9487, 'fallback_graph_score': 0.927, 'identity_trust_score': 26.29, 'device_trust_score': 22.38, 'sim_binding_ok': 0, 'sim_swap_flag': 1, 'vpn_flag': 1, 'hosting_flag': 0, 'city_mismatch_flag': 1, 'device_age_years': 0.94, 'network_risk_score': 0.8645, 'known_fraud_connections': 15, 'known_fraud_neighbors': 15, 'mule_cluster_size': 19, 'inbound_sources': 7, 'outbound_dest': 8, 'rapid_account_cluster_flag': 1, 'mule_cluster_flag': 1, 'tx_count_24h': 42, 'unique_receivers_7d': 7, 'days_since_last_tx': 0, 'high_value_txn': 1, 'rapid_movement': 1, 'rapid_outbound_after_inbound': 1, 'pass_through_ratio': 0.9241, 'structuring_pattern': 0, 'fragmentation_score': 0.0528, 'night_high_value_txn': 1, 'velocity_risk_score': 0.9472, 'signals': ['P1_CRITICAL', 'LAYERING', 'LAYERING_CHAIN', 'MULE_CLUSTER', 'SHORT_FORWARDING_DELAY', 'SIM_NOT_BOUND', 'REALTIME_SCENARIO_BEHAVIOR_FALLBACK', 'GATHER_SCATTER', 'HIGH_VALUE_TRANSFER', 'VERY_HIGH_VALUE_TRANSACTION', 'NEO4J_UNAVAILABLE', 'REALTIME_SCENARIO_GRAPH_FALLBACK', 'CRITICAL_RISK', 'URGENT_REVIEW'], 'pair_repeat_count': 1, 'decision': 'BLOCK', 'engine_decision': 'BLOCK', 'priority': 'P1', 'status': 'BLOCKED', 'risk': 0.9436, 'final_score': 0.9436, 'behavior_score': 0.9033, 'behaviorScore': 0.9033, 'sequence_score': 0.9487, 'sequenceScore': 0.9487, 'graphScore': 0.927, 'neo4j_graph_score': 0.927, 'rule_score': 1.0, 'behavior_label': 'UNKNOWN', 'sequence_pattern': 'GATHER_SCATTER', 'community_risk': 'CRITICAL', 'network_role': 'UNKNOWN', 'reasons': ['Critical mule laundering pattern detected', 'Realtime scenario behavior fallback', 'GATHER_SCATTER', 'Connected to mule cluster'], 'alert_type': 'TRANSACTION_SUSPECT', 'requires_review': False, 'requires_block': True, 'requires_case': True, 'sla_minutes': 15, 'escalation_minutes': 20, 'queue': 'AML_CRITICAL_QUEUE', 'severity': 'CRITICAL'}",2026-09-27T05:04:32.391944,2026-09-27T05:04:32.430268+00:00,,,,,,RUN-20260927-034544-CE4C7A
CASE-251C076C,TXN-21BEB96E,TRANSACTION_SUSPECT,U-1079,461615be-8853-4199-b3bb-746399c0d610,P1,OPEN,104,AML_CRITICAL_QUEUE,AUTO_ALERT,TRANSACTION_SUSPECT,"{'trans_id': '461615be-8853-4199-b3bb-746399c0d610', 'sender_id': 'U-1079', 'receiver_id': 'U-1098', 'amount': 101229.71, 'currency': 'INR', 'transaction_type': 'GATHER_SCATTER', 'channel': 'IMPS', 'sender_bal_before': 110136.42, 'sender_bal_after': 8906.71, 'receiver_bal_after': 204435.65, 'timestamp': '2026-09-27T10:35:07.983204+05:30', 'location': 'Hyderabad', 'is_sim_bound': False, 'is_sim_bound_at_tx': 0, 'device_id': 'D-30077', 'time_to_pay_ms': 164, 'scenario_type': 'P1_CRITICAL', 'scenario_variant': 'GATHER_SCATTER', 'scenario_risk_band': 'P1', 'txn_velocity_1h': 22, 'drain_ratio': 0.9191, 'forwarding_delay_mins': 4, 'balance_depletion_speed': 31308.7896, 'amount_deviation': 0.0383, 'avg_tx_amount_7d': 105263.2, 'distance_from_1L_threshold': 1229.71, 'distance_from_50k_threshold': 51229.71, 'empty_account_flag': 0, 'is_night_tx': 1, 'is_round_amount': 0, 'near_threshold_flag': 0, 'account_age_days': 3, 'device_shared_count': 9, 'ip_shared_count': 10, 'graph_score': 0.9681, 'fallback_behavior_score': 0.9391, 'fallback_sequence_score': 0.9832, 'fallback_graph_score': 0.9681, 'identity_trust_score': 19.28, 'device_trust_score': 24.45, 'sim_binding_ok': 0, 'sim_swap_flag': 1, 'vpn_flag': 1, 'hosting_flag': 0, 'city_mismatch_flag': 1, 'device_age_years': 0.88, 'network_risk_score': 0.7416, 'known_fraud_connections': 12, 'known_fraud_neighbors': 12, 'mule_cluster_size': 25, 'inbound_sources': 9, 'outbound_dest': 7, 'rapid_account_cluster_flag': 1, 'mule_cluster_flag': 1, 'tx_count_24h': 28, 'unique_receivers_7d': 12, 'days_since_last_tx': 0, 'high_value_txn': 1, 'rapid_movement': 1, 'rapid_outbound_after_inbound': 1, 'pass_through_ratio': 0.9201, 'structuring_pattern': 0, 'fragmentation_score': 0.0383, 'night_high_value_txn': 1, 'velocity_risk_score': 0.9174, 'signals': ['P1_CRITICAL', 'GATHER_SCATTER', 'RAPID_DRAIN', 'MULE_CLUSTER', 'SIM_NOT_BOUND', 'REALTIME_SCENARIO_BEHAVIOR_FALLBACK', 'HIGH_VALUE_TRANSFER', 'VERY_HIGH_VALUE_TRANSACTION', 'NEO4J_UNAVAILABLE', 'REALTIME_SCENARIO_GRAPH_FALLBACK', 'CRITICAL_RISK', 'URGENT_REVIEW'], 'pair_repeat_count': 1, 'decision': 'BLOCK', 'engine_decision': 'BLOCK', 'priority': 'P1', 'status': 'BLOCKED', 'risk': 0.9711, 'final_score': 0.9711, 'behavior_score': 0.9391, 'behaviorScore': 0.9391, 'sequence_score': 0.9832, 'sequenceScore': 0.9832, 'graphScore': 0.9681, 'neo4j_graph_score': 0.9681, 'rule_score': 1.0, 'behavior_label': 'UNKNOWN', 'sequence_pattern': 'GATHER_SCATTER', 'community_risk': 'CRITICAL', 'network_role': 'UNKNOWN', 'reasons': ['Critical mule laundering pattern detected', 'Realtime scenario behavior fallback', 'GATHER_SCATTER', 'Connected to mule cluster'], 'alert_type': 'TRANSACTION_SUSPECT', 'requires_review': False, 'requires_block': True, 'requires_case': True, 'sla_minutes': 15, 'escalation_minutes': 20, 'queue': 'AML_CRITICAL_QUEUE', 'severity': 'CRITICAL'}",2026-09-27T05:05:08.088079,2026-09-27T05:05:08.118234+00:00,,,,,,RUN-20260927-034544-CE4C7A
CASE-97E58E16,TXN-C29199EF,TRANSACTION_SUSPECT,U-1079,3f496f4f-42a3-4a09-b56d-01a2b684212a,P1,OPEN,102,AML_CRITICAL_QUEUE,AUTO_ALERT,TRANSACTION_SUSPECT,"{'trans_id': '3f496f4f-42a3-4a09-b56d-01a2b684212a', 'sender_id': 'U-1079', 'receiver_id': 'U-1096', 'amount': 49769.88, 'currency': 'INR', 'transaction_type': 'STRUCTURING', 'channel': 'UPI', 'sender_bal_before': 52801.51, 'sender_bal_after': 3031.63, 'receiver_bal_after': 784997.61, 'timestamp': '2026-09-27T10:35:51.201817+05:30', 'location': 'Chennai', 'is_sim_bound': False, 'is_sim_bound_at_tx': 0, 'device_id': 'D-30066', 'time_to_pay_ms': 162, 'scenario_type': 'P1_CRITICAL', 'scenario_variant': 'STRUCTURING', 'scenario_risk_band': 'P1', 'txn_velocity_1h': 44, 'drain_ratio': 0.9426, 'forwarding_delay_mins': 1, 'balance_depletion_speed': 5409.1777, 'amount_deviation': 0.0115, 'avg_tx_amount_7d': 50350.24, 'distance_from_1L_threshold': 50230.12, 'distance_from_50k_threshold': 230.12, 'empty_account_flag': 0, 'is_night_tx': 1, 'is_round_amount': 0, 'near_threshold_flag': 1, 'account_age_days': 10, 'device_shared_count': 18, 'ip_shared_count': 15, 'graph_score': 0.9685, 'fallback_behavior_score': 0.9639, 'fallback_sequence_score': 0.9799, 'fallback_graph_score': 0.9685, 'identity_trust_score': 26.2, 'device_trust_score': 21.08, 'sim_binding_ok': 0, 'sim_swap_flag': 1, 'vpn_flag': 1, 'hosting_flag': 1, 'city_mismatch_flag': 1, 'device_age_years': 0.27, 'network_risk_score': 0.7342, 'known_fraud_connections': 15, 'known_fraud_neighbors': 15, 'mule_cluster_size': 18, 'inbound_sources': 5, 'outbound_dest': 9, 'rapid_account_cluster_flag': 1, 'mule_cluster_flag': 1, 'tx_count_24h': 30, 'unique_receivers_7d': 8, 'days_since_last_tx': 0, 'high_value_txn': 1, 'rapid_movement': 1, 'rapid_outbound_after_inbound': 1, 'pass_through_ratio': 0.9759, 'structuring_pattern': 1, 'fragmentation_score': 0.9759, 'night_high_value_txn': 1, 'velocity_risk_score': 0.9016, 'signals': ['P1_CRITICAL', 'STRUCTURING', 'NEAR_THRESHOLD', 'HIGH_VALUE_TRANSFER', 'REALTIME_SCENARIO_BEHAVIOR_FALLBACK', 'GATHER_SCATTER', 'NEO4J_UNAVAILABLE', 'REALTIME_SCENARIO_GRAPH_FALLBACK', 'CRITICAL_RISK', 'URGENT_REVIEW'], 'pair_repeat_count': 2, 'decision': 'BLOCK', 'engine_decision': 'BLOCK', 'priority': 'P1', 'status': 'BLOCKED', 'risk': 0.9778, 'final_score': 0.9778, 'behavior_score': 0.9639, 'behaviorScore': 0.9639, 'sequence_score': 0.9799, 'sequenceScore': 0.9799, 'graphScore': 0.9685, 'neo4j_graph_score': 0.9685, 'rule_score': 1.0, 'behavior_label': 'UNKNOWN', 'sequence_pattern': 'GATHER_SCATTER', 'community_risk': 'CRITICAL', 'network_role': 'UNKNOWN', 'reasons': ['Critical mule laundering pattern detected', 'Realtime scenario behavior fallback', 'GATHER_SCATTER', 'Connected to mule cluster'], 'alert_type': 'TRANSACTION_SUSPECT', 'requires_review': False, 'requires_block': True, 'requires_case': True, 'sla_minutes': 15, 'escalation_minutes': 20, 'queue': 'AML_CRITICAL_QUEUE', 'severity': 'CRITICAL'}",2026-09-27T05:05:51.293308,2026-09-27T05:05:51.324983+00:00,,,,,,RUN-20260927-034544-CE4C7A
CASE-2E5D923E,TXN-7EAFB1A9,TRANSACTION_SUSPECT,U-1086,6839696e-fff0-45cc-92f5-eab797aff322,P1,OPEN,105,AML_CRITICAL_QUEUE,AUTO_ALERT,TRANSACTION_SUSPECT,"{'trans_id': '6839696e-fff0-45cc-92f5-eab797aff322', 'sender_id': 'U-1086', 'receiver_id': 'U-1096', 'amount': 182952.47, 'currency': 'INR', 'transaction_type': 'LAYERING_STEP', 'channel': 'IMPS', 'sender_bal_before': 187706.33, 'sender_bal_after': 4753.86, 'receiver_bal_after': 603256.79, 'timestamp': '2026-09-27T10:36:34.417476+05:30', 'location': 'Chennai', 'is_sim_bound': False, 'is_sim_bound_at_tx': 0, 'device_id': 'D-30061', 'time_to_pay_ms': 108, 'scenario_type': 'P1_CRITICAL', 'scenario_variant': 'LAYERING', 'scenario_risk_band': 'P1', 'txn_velocity_1h': 42, 'drain_ratio': 0.9747, 'forwarding_delay_mins': 4, 'balance_depletion_speed': 16060.1242, 'amount_deviation': 0.0117, 'avg_tx_amount_7d': 185119.13, 'distance_from_1L_threshold': 82952.47, 'distance_from_50k_threshold': 132952.47, 'empty_account_flag': 1, 'is_night_tx': 0, 'is_round_amount': 0, 'near_threshold_flag': 0, 'account_age_days': 46, 'device_shared_count': 18, 'ip_shared_count': 11, 'graph_score': 0.9775, 'fallback_behavior_score': 0.975, 'fallback_sequence_score': 0.9621, 'fallback_graph_score': 0.9775, 'identity_trust_score': 25.81, 'device_trust_score': 7.92, 'sim_binding_ok': 0, 'sim_swap_flag': 1, 'vpn_flag': 1, 'hosting_flag': 0, 'city_mismatch_flag': 1, 'device_age_years': 0.28, 'network_risk_score': 0.7607, 'known_fraud_connections': 10, 'known_fraud_neighbors': 10, 'mule_cluster_size': 20, 'inbound_sources': 10, 'outbound_dest': 10, 'rapid_account_cluster_flag': 1, 'mule_cluster_flag': 1, 'tx_count_24h': 28, 'unique_receivers_7d': 12, 'days_since_last_tx': 0, 'high_value_txn': 1, 'rapid_movement': 1, 'rapid_outbound_after_inbound': 1, 'pass_through_ratio': 0.9448, 'structuring_pattern': 0, 'fragmentation_score': 0.0117, 'night_high_value_txn': 1, 'velocity_risk_score': 0.9658, 'signals': ['P1_CRITICAL', 'LAYERING', 'LAYERING_CHAIN', 'MULE_CLUSTER', 'SHORT_FORWARDING_DELAY', 'SIM_NOT_BOUND', 'REALTIME_SCENARIO_BEHAVIOR_FALLBACK', 'GATHER_SCATTER', 'HIGH_VALUE_TRANSFER', 'VERY_HIGH_VALUE_TRANSACTION', 'NEO4J_UNAVAILABLE', 'REALTIME_SCENARIO_GRAPH_FALLBACK', 'CRITICAL_RISK', 'URGENT_REVIEW'], 'pair_repeat_count': 1, 'decision': 'BLOCK', 'engine_decision': 'BLOCK', 'priority': 'P1', 'status': 'BLOCKED', 'risk': 0.9785, 'final_score': 0.9785, 'behavior_score': 0.975, 'behaviorScore': 0.975, 'sequence_score': 0.9621, 'sequenceScore': 0.9621, 'graphScore': 0.9775, 'neo4j_graph_score': 0.9775, 'rule_score': 1.0, 'behavior_label': 'UNKNOWN', 'sequence_pattern': 'GATHER_SCATTER', 'community_risk': 'CRITICAL', 'network_role': 'UNKNOWN', 'reasons': ['Critical mule laundering pattern detected', 'Realtime scenario behavior fallback', 'GATHER_SCATTER', 'Connected to mule cluster'], 'alert_type': 'TRANSACTION_SUSPECT', 'requires_review': False, 'requires_block': True, 'requires_case': True, 'sla_minutes': 15, 'escalation_minutes': 20, 'queue': 'AML_CRITICAL_QUEUE', 'severity': 'CRITICAL'}",2026-09-27T05:06:34.493732,2026-09-27T05:06:34.525653+00:00,,,,,,RUN-20260927-034544-CE4C7A
CASE-17453919,TXN-DE17F389,TRANSACTION_SUSPECT,U-1084,ee172d8a-5161-41c4-b57e-c0fe423ab5af,P1,OPEN,102,AML_CRITICAL_QUEUE,AUTO_ALERT,TRANSACTION_SUSPECT,"{'trans_id': 'ee172d8a-5161-41c4-b57e-c0fe423ab5af', 'sender_id': 'U-1084', 'receiver_id': 'U-1099', 'amount': 226698.68, 'currency': 'INR', 'transaction_type': 'LAYERING_STEP', 'channel': 'IMPS', 'sender_bal_before': 236498.38, 'sender_bal_after': 9799.7, 'receiver_bal_after': 698847.18, 'timestamp': '2026-09-27T10:37:25.088066+05:30', 'location': 'Mumbai', 'is_sim_bound': False, 'is_sim_bound_at_tx': 0, 'device_id': 'D-30080', 'time_to_pay_ms': 133, 'scenario_type': 'P1_CRITICAL', 'scenario_variant': 'LAYERING', 'scenario_risk_band': 'P1', 'txn_velocity_1h': 29, 'drain_ratio': 0.9586, 'forwarding_delay_mins': 5, 'balance_depletion_speed': 24028.6053, 'amount_deviation': 0.0144, 'avg_tx_amount_7d': 223472.52, 'distance_from_1L_threshold': 126698.68, 'distance_from_50k_threshold': 176698.68, 'empty_account_flag': 1, 'is_night_tx': 1, 'is_round_amount': 0, 'near_threshold_flag': 0, 'account_age_days': 60, 'device_shared_count': 8, 'ip_shared_count': 9, 'graph_score': 0.928, 'fallback_behavior_score': 0.9043, 'fallback_sequence_score': 0.9344, 'fallback_graph_score': 0.928, 'identity_trust_score': 12.71, 'device_trust_score': 22.52, 'sim_binding_ok': 0, 'sim_swap_flag': 1, 'vpn_flag': 1, 'hosting_flag': 0, 'city_mismatch_flag': 1, 'device_age_years': 0.14, 'network_risk_score': 0.8419, 'known_fraud_connections': 12, 'known_fraud_neighbors': 12, 'mule_cluster_size': 13, 'inbound_sources': 9, 'outbound_dest': 11, 'rapid_account_cluster_flag': 1, 'mule_cluster_flag': 1, 'tx_count_24h': 36, 'unique_receivers_7d': 11, 'days_since_last_tx': 0, 'high_value_txn': 1, 'rapid_movement': 1, 'rapid_outbound_after_inbound': 1, 'pass_through_ratio': 0.9102, 'structuring_pattern': 0, 'fragmentation_score': 0.0144, 'night_high_value_txn': 1, 'velocity_risk_score': 0.9739, 'signals': ['P1_CRITICAL', 'LAYERING', 'LAYERING_CHAIN', 'MULE_CLUSTER', 'SHORT_FORWARDING_DELAY', 'SIM_NOT_BOUND', 'REALTIME_SCENARIO_BEHAVIOR_FALLBACK', 'GATHER_SCATTER', 'HIGH_VALUE_TRANSFER', 'VERY_HIGH_VALUE_TRANSACTION', 'NEO4J_UNAVAILABLE', 'REALTIME_SCENARIO_GRAPH_FALLBACK', 'CRITICAL_RISK', 'URGENT_REVIEW'], 'pair_repeat_count': 2, 'decision': 'BLOCK', 'engine_decision': 'BLOCK', 'priority': 'P1', 'status': 'BLOCKED', 'risk': 0.9405, 'final_score': 0.9405, 'behavior_score': 0.9043, 'behaviorScore': 0.9043, 'sequence_score': 0.9344, 'sequenceScore': 0.9344, 'graphScore': 0.928, 'neo4j_graph_score': 0.928, 'rule_score': 1.0, 'behavior_label': 'UNKNOWN', 'sequence_pattern': 'GATHER_SCATTER', 'community_risk': 'CRITICAL', 'network_role': 'UNKNOWN', 'reasons': ['Critical mule laundering pattern detected', 'Realtime scenario behavior fallback', 'GATHER_SCATTER', 'Connected to mule cluster'], 'alert_type': 'TRANSACTION_SUSPECT', 'requires_review': False, 'requires_block': True, 'requires_case': True, 'sla_minutes': 15, 'escalation_minutes': 20, 'queue': 'AML_CRITICAL_QUEUE', 'severity': 'CRITICAL'}",2026-09-27T05:07:25.171801,2026-09-27T05:07:25.203512+00:00,,,,,,RUN-20260927-034544-CE4C7A
CASE-CE97F526,TXN-68BE9F28,TRANSACTION_SUSPECT,U-1085,bf94a263-d6c3-44bf-9151-de3b4a6801e0,P1,OPEN,103,AML_CRITICAL_QUEUE,AUTO_ALERT,TRANSACTION_SUSPECT,"{'trans_id': 'bf94a263-d6c3-44bf-9151-de3b4a6801e0', 'sender_id': 'U-1085', 'receiver_id': 'U-1093', 'amount': 49753.67, 'currency': 'INR', 'transaction_type': 'STRUCTURING', 'channel': 'UPI', 'sender_bal_before': 54331.05, 'sender_bal_after': 4577.38, 'receiver_bal_after': 749354.01, 'timestamp': '2026-09-27T10:38:48.783771+05:30', 'location': 'Pune', 'is_sim_bound': False, 'is_sim_bound_at_tx': 0, 'device_id': 'D-30059', 'time_to_pay_ms': 125, 'scenario_type': 'P1_CRITICAL', 'scenario_variant': 'STRUCTURING', 'scenario_risk_band': 'P1', 'txn_velocity_1h': 20, 'drain_ratio': 0.9158, 'forwarding_delay_mins': 5, 'balance_depletion_speed': 4328.0586, 'amount_deviation': 0.0261, 'avg_tx_amount_7d': 51086.26, 'distance_from_1L_threshold': 50246.33, 'distance_from_50k_threshold': 246.33, 'empty_account_flag': 0, 'is_night_tx': 1, 'is_round_amount': 0, 'near_threshold_flag': 1, 'account_age_days': 37, 'device_shared_count': 13, 'ip_shared_count': 12, 'graph_score': 0.9596, 'fallback_behavior_score': 0.9497, 'fallback_sequence_score': 0.9344, 'fallback_graph_score': 0.9596, 'identity_trust_score': 25.71, 'device_trust_score': 19.16, 'sim_binding_ok': 0, 'sim_swap_flag': 1, 'vpn_flag': 1, 'hosting_flag': 0, 'city_mismatch_flag': 1, 'device_age_years': 2.22, 'network_risk_score': 0.9208, 'known_fraud_connections': 15, 'known_fraud_neighbors': 15, 'mule_cluster_size': 30, 'inbound_sources': 6, 'outbound_dest': 6, 'rapid_account_cluster_flag': 1, 'mule_cluster_flag': 1, 'tx_count_24h': 31, 'unique_receivers_7d': 5, 'days_since_last_tx': 0, 'high_value_txn': 1, 'rapid_movement': 1, 'rapid_outbound_after_inbound': 1, 'pass_through_ratio': 0.944, 'structuring_pattern': 1, 'fragmentation_score': 0.944, 'night_high_value_txn': 1, 'velocity_risk_score': 0.962, 'signals': ['P1_CRITICAL', 'STRUCTURING', 'NEAR_THRESHOLD', 'HIGH_VALUE_TRANSFER', 'REALTIME_SCENARIO_BEHAVIOR_FALLBACK', 'GATHER_SCATTER', 'NEO4J_UNAVAILABLE', 'REALTIME_SCENARIO_GRAPH_FALLBACK', 'CRITICAL_RISK', 'URGENT_REVIEW'], 'pair_repeat_count': 1, 'decision': 'BLOCK', 'engine_decision': 'BLOCK', 'priority': 'P1', 'status': 'BLOCKED', 'risk': 0.9604, 'final_score': 0.9604, 'behavior_score': 0.9497, 'behaviorScore': 0.9497, 'sequence_score': 0.9344, 'sequenceScore': 0.9344, 'graphScore': 0.9596, 'neo4j_graph_score': 0.9596, 'rule_score': 1.0, 'behavior_label': 'UNKNOWN', 'sequence_pattern': 'GATHER_SCATTER', 'community_risk': 'CRITICAL', 'network_role': 'UNKNOWN', 'reasons': ['Critical mule laundering pattern detected', 'Realtime scenario behavior fallback', 'GATHER_SCATTER', 'Connected to mule cluster'], 'alert_type': 'TRANSACTION_SUSPECT', 'requires_review': False, 'requires_block': True, 'requires_case': True, 'sla_minutes': 15, 'escalation_minutes': 20, 'queue': 'AML_CRITICAL_QUEUE', 'severity': 'CRITICAL'}",2026-09-27T05:08:48.901844,2026-09-27T05:08:48.954428+00:00,,,,,,RUN-20260927-034544-CE4C7A
CASE-55080915,TXN-205FD4A0,TRANSACTION_SUSPECT,U-1081,d6905d9b-c7d2-417b-902f-28a6faee39ff,P1,OPEN,102,AML_CRITICAL_QUEUE,AUTO_ALERT,TRANSACTION_SUSPECT,"{'trans_id': 'd6905d9b-c7d2-417b-902f-28a6faee39ff', 'sender_id': 'U-1081', 'receiver_id': 'U-1091', 'amount': 143270.55, 'currency': 'INR', 'transaction_type': 'GATHER_SCATTER', 'channel': 'UPI', 'sender_bal_before': 150062.04, 'sender_bal_after': 6791.49, 'receiver_bal_after': 664582.77, 'timestamp': '2026-09-27T10:39:32.129882+05:30', 'location': 'Chennai', 'is_sim_bound': False, 'is_sim_bound_at_tx': 0, 'device_id': 'D-30074', 'time_to_pay_ms': 70, 'scenario_type': 'P1_CRITICAL', 'scenario_variant': 'GATHER_SCATTER', 'scenario_risk_band': 'P1', 'txn_velocity_1h': 44, 'drain_ratio': 0.9547, 'forwarding_delay_mins': 0, 'balance_depletion_speed': 19748.8747, 'amount_deviation': 0.1357, 'avg_tx_amount_7d': 126151.3, 'distance_from_1L_threshold': 43270.55, 'distance_from_50k_threshold': 93270.55, 'empty_account_flag': 1, 'is_night_tx': 0, 'is_round_amount': 0, 'near_threshold_flag': 0, 'account_age_days': 44, 'device_shared_count': 11, 'ip_shared_count': 15, 'graph_score': 0.974, 'fallback_behavior_score': 0.9817, 'fallback_sequence_score': 0.9605, 'fallback_graph_score': 0.974, 'identity_trust_score': 5.92, 'device_trust_score': 12.84, 'sim_binding_ok': 0, 'sim_swap_flag': 1, 'vpn_flag': 1, 'hosting_flag': 1, 'city_mismatch_flag': 1, 'device_age_years': 1.29, 'network_risk_score': 0.9396, 'known_fraud_connections': 7, 'known_fraud_neighbors': 7, 'mule_cluster_size': 18, 'inbound_sources': 7, 'outbound_dest': 10, 'rapid_account_cluster_flag': 1, 'mule_cluster_flag': 1, 'tx_count_24h': 45, 'unique_receivers_7d': 10, 'days_since_last_tx': 0, 'high_value_txn': 1, 'rapid_movement': 1, 'rapid_outbound_after_inbound': 1, 'pass_through_ratio': 0.9298, 'structuring_pattern': 0, 'fragmentation_score': 0.1357, 'night_high_value_txn': 1, 'velocity_risk_score': 0.9039, 'signals': ['P1_CRITICAL', 'GATHER_SCATTER', 'RAPID_DRAIN', 'MULE_CLUSTER', 'SIM_NOT_BOUND', 'REALTIME_SCENARIO_BEHAVIOR_FALLBACK', 'HIGH_VALUE_TRANSFER', 'VERY_HIGH_VALUE_TRANSACTION', 'NEO4J_UNAVAILABLE', 'REALTIME_SCENARIO_GRAPH_FALLBACK', 'CRITICAL_RISK', 'URGENT_REVIEW'], 'pair_repeat_count': 2, 'decision': 'BLOCK', 'engine_decision': 'BLOCK', 'priority': 'P1', 'status': 'BLOCKED', 'risk': 0.9794, 'final_score': 0.9794, 'behavior_score': 0.9817, 'behaviorScore': 0.9817, 'sequence_score': 0.9605, 'sequenceScore': 0.9605, 'graphScore': 0.974, 'neo4j_graph_score': 0.974, 'rule_score': 1.0, 'behavior_label': 'UNKNOWN', 'sequence_pattern': 'GATHER_SCATTER', 'community_risk': 'CRITICAL', 'network_role': 'UNKNOWN', 'reasons': ['Critical mule laundering pattern detected', 'Realtime scenario behavior fallback', 'GATHER_SCATTER', 'Connected to mule cluster'], 'alert_type': 'TRANSACTION_SUSPECT', 'requires_review': False, 'requires_block': True, 'requires_case': True, 'sla_minutes': 15, 'escalation_minutes': 20, 'queue': 'AML_CRITICAL_QUEUE', 'severity': 'CRITICAL'}",2026-09-27T05:09:32.246685,2026-09-27T05:09:32.278352+00:00,,,,,,RUN-20260927-034544-CE4C7A
CASE-B4C53D3D,TXN-8B271E76,TRANSACTION_SUSPECT,U-1079,28088315-f5d9-49aa-8bde-5eb2235a7619,P1,OPEN,101,AML_CRITICAL_QUEUE,AUTO_ALERT,TRANSACTION_SUSPECT,"{'trans_id': '28088315-f5d9-49aa-8bde-5eb2235a7619', 'sender_id': 'U-1079', 'receiver_id': 'M-2045', 'amount': 108443.44, 'currency': 'INR', 'transaction_type': 'GATHER_SCATTER', 'channel': 'UPI', 'sender_bal_before': 115092.46, 'sender_bal_after': 6649.02, 'receiver_bal_after': 739064.33, 'timestamp': '2026-09-27T10:40:20.552418+05:30', 'location': 'Bengaluru', 'is_sim_bound': False, 'is_sim_bound_at_tx': 0, 'device_id': 'D-30066', 'time_to_pay_ms': 170, 'scenario_type': 'P1_CRITICAL', 'scenario_variant': 'GATHER_SCATTER', 'scenario_risk_band': 'P1', 'txn_velocity_1h': 33, 'drain_ratio': 0.9422, 'forwarding_delay_mins': 4, 'balance_depletion_speed': 19603.176, 'amount_deviation': 0.0619, 'avg_tx_amount_7d': 115593.55, 'distance_from_1L_threshold': 8443.44, 'distance_from_50k_threshold': 58443.44, 'empty_account_flag': 0, 'is_night_tx': 0, 'is_round_amount': 0, 'near_threshold_flag': 0, 'account_age_days': 41, 'device_shared_count': 8, 'ip_shared_count': 9, 'graph_score': 0.9498, 'fallback_behavior_score': 0.9222, 'fallback_sequence_score': 0.903, 'fallback_graph_score': 0.9498, 'identity_trust_score': 6.87, 'device_trust_score': 14.99, 'sim_binding_ok': 0, 'sim_swap_flag': 1, 'vpn_flag': 1, 'hosting_flag': 0, 'city_mismatch_flag': 1, 'device_age_years': 1.43, 'network_risk_score': 0.8299, 'known_fraud_connections': 9, 'known_fraud_neighbors': 9, 'mule_cluster_size': 18, 'inbound_sources': 6, 'outbound_dest': 5, 'rapid_account_cluster_flag': 1, 'mule_cluster_flag': 1, 'tx_count_24h': 36, 'unique_receivers_7d': 8, 'days_since_last_tx': 0, 'high_value_txn': 1, 'rapid_movement': 1, 'rapid_outbound_after_inbound': 1, 'pass_through_ratio': 0.9072, 'structuring_pattern': 0, 'fragmentation_score': 0.0619, 'night_high_value_txn': 1, 'velocity_risk_score': 0.9088, 'signals': ['P1_CRITICAL', 'GATHER_SCATTER', 'RAPID_DRAIN', 'MULE_CLUSTER', 'SIM_NOT_BOUND', 'REALTIME_SCENARIO_BEHAVIOR_FALLBACK', 'HIGH_VALUE_TRANSFER', 'VERY_HIGH_VALUE_TRANSACTION', 'NEO4J_UNAVAILABLE', 'REALTIME_SCENARIO_GRAPH_FALLBACK', 'CRITICAL_RISK', 'URGENT_REVIEW'], 'pair_repeat_count': 2, 'decision': 'BLOCK', 'engine_decision': 'BLOCK', 'priority': 'P1', 'status': 'BLOCKED', 'risk': 0.9424, 'final_score': 0.9424, 'behavior_score': 0.9222, 'behaviorScore': 0.9222, 'sequence_score': 0.903, 'sequenceScore': 0.903, 'graphScore': 0.9498, 'neo4j_graph_score': 0.9498, 'rule_score': 1.0, 'behavior_label': 'UNKNOWN', 'sequence_pattern': 'GATHER_SCATTER', 'community_risk': 'CRITICAL', 'network_role': 'UNKNOWN', 'reasons': ['Critical mule laundering pattern detected', 'Realtime scenario behavior fallback', 'GATHER_SCATTER', 'Connected to mule cluster'], 'alert_type': 'TRANSACTION_SUSPECT', 'requires_review': False, 'requires_block': True, 'requires_case': True, 'sla_minutes': 15, 'escalation_minutes': 20, 'queue': 'AML_CRITICAL_QUEUE', 'severity': 'CRITICAL'}",2026-09-27T05:10:20.639850,2026-09-27T05:10:20.664292+00:00,,,,,,RUN-20260927-034544-CE4C7A
CASE-081C1FA5,TXN-7AB52CBC,TRANSACTION_SUSPECT,U-1080,ca6e97a5-0b1b-4645-ac30-9a1be60df933,P1,OPEN,102,AML_CRITICAL_QUEUE,AUTO_ALERT,TRANSACTION_SUSPECT,"{'trans_id': 'ca6e97a5-0b1b-4645-ac30-9a1be60df933', 'sender_id': 'U-1080', 'receiver_id': 'M-2048', 'amount': 140452.24, 'currency': 'INR', 'transaction_type': 'GATHER_SCATTER', 'channel': 'UPI', 'sender_bal_before': 155475.26, 'sender_bal_after': 15023.02, 'receiver_bal_after': 354157.09, 'timestamp': '2026-09-27T10:41:24.252139+05:30', 'location': 'Bengaluru', 'is_sim_bound': False, 'is_sim_bound_at_tx': 0, 'device_id': 'D-30083', 'time_to_pay_ms': 149, 'scenario_type': 'P1_CRITICAL', 'scenario_variant': 'GATHER_SCATTER', 'scenario_risk_band': 'P1', 'txn_velocity_1h': 21, 'drain_ratio': 0.9034, 'forwarding_delay_mins': 5, 'balance_depletion_speed': 17497.2555, 'amount_deviation': 0.128, 'avg_tx_amount_7d': 124516.89, 'distance_from_1L_threshold': 40452.24, 'distance_from_50k_threshold': 90452.24, 'empty_account_flag': 0, 'is_night_tx': 0, 'is_round_amount': 0, 'near_threshold_flag': 0, 'account_age_days': 29, 'device_shared_count': 18, 'ip_shared_count': 9, 'graph_score': 0.9684, 'fallback_behavior_score': 0.9404, 'fallback_sequence_score': 0.9321, 'fallback_graph_score': 0.9684, 'identity_trust_score': 28.14, 'device_trust_score': 21.17, 'sim_binding_ok': 0, 'sim_swap_flag': 1, 'vpn_flag': 1, 'hosting_flag': 0, 'city_mismatch_flag': 1, 'device_age_years': 0.23, 'network_risk_score': 0.8211, 'known_fraud_connections': 7, 'known_fraud_neighbors': 7, 'mule_cluster_size': 30, 'inbound_sources': 8, 'outbound_dest': 9, 'rapid_account_cluster_flag': 1, 'mule_cluster_flag': 1, 'tx_count_24h': 44, 'unique_receivers_7d': 7, 'days_since_last_tx': 0, 'high_value_txn': 1, 'rapid_movement': 1, 'rapid_outbound_after_inbound': 1, 'pass_through_ratio': 0.9289, 'structuring_pattern': 0, 'fragmentation_score': 0.128, 'night_high_value_txn': 1, 'velocity_risk_score': 0.9212, 'signals': ['P1_CRITICAL', 'GATHER_SCATTER', 'RAPID_DRAIN', 'MULE_CLUSTER', 'SIM_NOT_BOUND', 'REALTIME_SCENARIO_BEHAVIOR_FALLBACK', 'HIGH_VALUE_TRANSFER', 'VERY_HIGH_VALUE_TRANSACTION', 'NEO4J_UNAVAILABLE', 'REALTIME_SCENARIO_GRAPH_FALLBACK', 'CRITICAL_RISK', 'URGENT_REVIEW'], 'pair_repeat_count': 1, 'decision': 'BLOCK', 'engine_decision': 'BLOCK', 'priority': 'P1', 'status': 'BLOCKED', 'risk': 0.9588, 'final_score': 0.9588, 'behavior_score': 0.9404, 'behaviorScore': 0.9404, 'sequence_score': 0.9321, 'sequenceScore': 0.9321, 'graphScore': 0.9684, 'neo4j_graph_score': 0.9684, 'rule_score': 1.0, 'behavior_label': 'UNKNOWN', 'sequence_pattern': 'GATHER_SCATTER', 'community_risk': 'CRITICAL', 'network_role': 'UNKNOWN', 'reasons': ['Critical mule laundering pattern detected', 'Realtime scenario behavior fallback', 'GATHER_SCATTER', 'Connected to mule cluster'], 'alert_type': 'TRANSACTION_SUSPECT', 'requires_review': False, 'requires_block': True, 'requires_case': True, 'sla_minutes': 15, 'escalation_minutes': 20, 'queue': 'AML_CRITICAL_QUEUE', 'severity': 'CRITICAL'}",2026-09-27T05:11:24.367872,2026-09-27T05:11:24.390694+00:00,,,,,,RUN-20260927-034544-CE4C7A
CASE-01FD7765,TXN-9FA5AED4,TRANSACTION_SUSPECT,U-1086,e1075c1c-7983-4f4b-a701-6732f4b25204,P1,OPEN,103,AML_CRITICAL_QUEUE,AUTO_ALERT,TRANSACTION_SUSPECT,"{'trans_id': 'e1075c1c-7983-4f4b-a701-6732f4b25204', 'sender_id': 'U-1086', 'receiver_id': 'U-1094', 'amount': 104179.94, 'currency': 'INR', 'transaction_type': 'LAYERING_STEP', 'channel': 'NEFT', 'sender_bal_before': 109977.91, 'sender_bal_after': 5797.97, 'receiver_bal_after': 25051.52, 'timestamp': '2026-09-27T10:41:26.912147+05:30', 'location': 'Kolkata', 'is_sim_bound': False, 'is_sim_bound_at_tx': 0, 'device_id': 'D-30086', 'time_to_pay_ms': 200, 'scenario_type': 'P1_CRITICAL', 'scenario_variant': 'LAYERING', 'scenario_risk_band': 'P1', 'txn_velocity_1h': 36, 'drain_ratio': 0.9473, 'forwarding_delay_mins': 5, 'balance_depletion_speed': 34574.307, 'amount_deviation': 0.1114, 'avg_tx_amount_7d': 93741.67, 'distance_from_1L_threshold': 4179.94, 'distance_from_50k_threshold': 54179.94, 'empty_account_flag': 0, 'is_night_tx': 1, 'is_round_amount': 0, 'near_threshold_flag': 0, 'account_age_days': 10, 'device_shared_count': 10, 'ip_shared_count': 7, 'graph_score': 0.9094, 'fallback_behavior_score': 0.9299, 'fallback_sequence_score': 0.9775, 'fallback_graph_score': 0.9094, 'identity_trust_score': 7.23, 'device_trust_score': 10.21, 'sim_binding_ok': 0, 'sim_swap_flag': 1, 'vpn_flag': 1, 'hosting_flag': 0, 'city_mismatch_flag': 1, 'device_age_years': 1.97, 'network_risk_score': 0.747, 'known_fraud_connections': 5, 'known_fraud_neighbors': 5, 'mule_cluster_size': 10, 'inbound_sources': 6, 'outbound_dest': 7, 'rapid_account_cluster_flag': 1, 'mule_cluster_flag': 1, 'tx_count_24h': 26, 'unique_receivers_7d': 6, 'days_since_last_tx': 0, 'high_value_txn': 1, 'rapid_movement': 1, 'rapid_outbound_after_inbound': 1, 'pass_through_ratio': 0.9288, 'structuring_pattern': 0, 'fragmentation_score': 0.1114, 'night_high_value_txn': 1, 'velocity_risk_score': 0.9849, 'signals': ['P1_CRITICAL', 'LAYERING', 'LAYERING_CHAIN', 'MULE_CLUSTER', 'SHORT_FORWARDING_DELAY', 'SIM_NOT_BOUND', 'REALTIME_SCENARIO_BEHAVIOR_FALLBACK', 'GATHER_SCATTER', 'HIGH_VALUE_TRANSFER', 'VERY_HIGH_VALUE_TRANSACTION', 'NEO4J_UNAVAILABLE', 'REALTIME_SCENARIO_GRAPH_FALLBACK', 'CRITICAL_RISK', 'URGENT_REVIEW'], 'pair_repeat_count': 1, 'decision': 'BLOCK', 'engine_decision': 'BLOCK', 'priority': 'P1', 'status': 'BLOCKED', 'risk': 0.9552, 'final_score': 0.9552, 'behavior_score': 0.9299, 'behaviorScore': 0.9299, 'sequence_score': 0.9775, 'sequenceScore': 0.9775, 'graphScore': 0.9094, 'neo4j_graph_score': 0.9094, 'rule_score': 1.0, 'behavior_label': 'UNKNOWN', 'sequence_pattern': 'GATHER_SCATTER', 'community_risk': 'CRITICAL', 'network_role': 'UNKNOWN', 'reasons': ['Critical mule laundering pattern detected', 'Realtime scenario behavior fallback', 'GATHER_SCATTER', 'Connected to mule cluster'], 'alert_type': 'TRANSACTION_SUSPECT', 'requires_review': False, 'requires_block': True, 'requires_case': True, 'sla_minutes': 15, 'escalation_minutes': 20, 'queue': 'AML_CRITICAL_QUEUE', 'severity': 'CRITICAL'}",2026-09-27T05:11:26.991909,2026-09-27T05:11:27.022114+00:00,,,,,,RUN-20260927-034544-CE4C7A
CASE-348D1848,TXN-09059A31,TRANSACTION_SUSPECT,U-1079,da702285-795a-4307-8658-21c3f5f0fa39,P1,OPEN,105,AML_CRITICAL_QUEUE,AUTO_ALERT,TRANSACTION_SUSPECT,"{'trans_id': 'da702285-795a-4307-8658-21c3f5f0fa39', 'sender_id': 'U-1079', 'receiver_id': 'U-1098', 'amount': 359668.06, 'currency': 'INR', 'transaction_type': 'GATHER_SCATTER', 'channel': 'UPI', 'sender_bal_before': 399250.47, 'sender_bal_after': 39582.41, 'receiver_bal_after': 458769.36, 'timestamp': '2026-09-27T10:42:48.055923+05:30', 'location': 'Chennai', 'is_sim_bound': False, 'is_sim_bound_at_tx': 0, 'device_id': 'D-30062', 'time_to_pay_ms': 12, 'scenario_type': 'P1_CRITICAL', 'scenario_variant': 'GATHER_SCATTER', 'scenario_risk_band': 'P1', 'txn_velocity_1h': 39, 'drain_ratio': 0.9009, 'forwarding_delay_mins': 4, 'balance_depletion_speed': 40461.8732, 'amount_deviation': 0.0463, 'avg_tx_amount_7d': 377124.24, 'distance_from_1L_threshold': 259668.06, 'distance_from_50k_threshold': 309668.06, 'empty_account_flag': 0, 'is_night_tx': 0, 'is_round_amount': 0, 'near_threshold_flag': 0, 'account_age_days': 50, 'device_shared_count': 11, 'ip_shared_count': 10, 'graph_score': 0.9608, 'fallback_behavior_score': 0.9257, 'fallback_sequence_score': 0.9186, 'fallback_graph_score': 0.9608, 'identity_trust_score': 6.69, 'device_trust_score': 10.36, 'sim_binding_ok': 0, 'sim_swap_flag': 1, 'vpn_flag': 1, 'hosting_flag': 1, 'city_mismatch_flag': 1, 'device_age_years': 1.2, 'network_risk_score': 0.943, 'known_fraud_connections': 14, 'known_fraud_neighbors': 14, 'mule_cluster_size': 18, 'inbound_sources': 13, 'outbound_dest': 7, 'rapid_account_cluster_flag': 1, 'mule_cluster_flag': 1, 'tx_count_24h': 35, 'unique_receivers_7d': 8, 'days_since_last_tx': 0, 'high_value_txn': 1, 'rapid_movement': 1, 'rapid_outbound_after_inbound': 1, 'pass_through_ratio': 0.9589, 'structuring_pattern': 0, 'fragmentation_score': 0.0463, 'night_high_value_txn': 1, 'velocity_risk_score': 0.9255, 'signals': ['P1_CRITICAL', 'GATHER_SCATTER', 'RAPID_DRAIN', 'MULE_CLUSTER', 'SIM_NOT_BOUND', 'REALTIME_SCENARIO_BEHAVIOR_FALLBACK', 'HIGH_VALUE_TRANSFER', 'VERY_HIGH_VALUE_TRANSACTION', 'NEO4J_UNAVAILABLE', 'REALTIME_SCENARIO_GRAPH_FALLBACK', 'CRITICAL_RISK', 'URGENT_REVIEW'], 'pair_repeat_count': 2, 'decision': 'BLOCK', 'engine_decision': 'BLOCK', 'priority': 'P1', 'status': 'BLOCKED', 'risk': 0.9495, 'final_score': 0.9495, 'behavior_score': 0.9257, 'behaviorScore': 0.9257, 'sequence_score': 0.9186, 'sequenceScore': 0.9186, 'graphScore': 0.9608, 'neo4j_graph_score': 0.9608, 'rule_score': 1.0, 'behavior_label': 'UNKNOWN', 'sequence_pattern': 'GATHER_SCATTER', 'community_risk': 'CRITICAL', 'network_role': 'UNKNOWN', 'reasons': ['Critical mule laundering pattern detected', 'Realtime scenario behavior fallback', 'GATHER_SCATTER', 'Connected to mule cluster'], 'alert_type': 'TRANSACTION_SUSPECT', 'requires_review': False, 'requires_block': True, 'requires_case': True, 'sla_minutes': 15, 'escalation_minutes': 20, 'queue': 'AML_CRITICAL_QUEUE', 'severity': 'CRITICAL'}",2026-09-27T05:12:48.141226,2026-09-27T05:12:48.167932+00:00,,,,,,RUN-20260927-034544-CE4C7A
CASE-423B342B,TXN-D788F88D,TRANSACTION_SUSPECT,U-1083,4100eae6-34a1-4688-a86e-37a5ffb879d0,P1,OPEN,101,AML_CRITICAL_QUEUE,AUTO_ALERT,TRANSACTION_SUSPECT,"{'trans_id': '4100eae6-34a1-4688-a86e-37a5ffb879d0', 'sender_id': 'U-1083', 'receiver_id': 'U-1088', 'amount': 286695.41, 'currency': 'INR', 'transaction_type': 'GATHER_SCATTER', 'channel': 'UPI', 'sender_bal_before': 300608.31, 'sender_bal_after': 13912.9, 'receiver_bal_after': 127249.2, 'timestamp': '2026-09-27T10:43:00.756111+05:30', 'location': 'Bengaluru', 'is_sim_bound': False, 'is_sim_bound_at_tx': 0, 'device_id': 'D-30094', 'time_to_pay_ms': 120, 'scenario_type': 'P1_CRITICAL', 'scenario_variant': 'GATHER_SCATTER', 'scenario_risk_band': 'P1', 'txn_velocity_1h': 24, 'drain_ratio': 0.9537, 'forwarding_delay_mins': 2, 'balance_depletion_speed': 77949.51, 'amount_deviation': 0.0601, 'avg_tx_amount_7d': 270429.52, 'distance_from_1L_threshold': 186695.41, 'distance_from_50k_threshold': 236695.41, 'empty_account_flag': 1, 'is_night_tx': 1, 'is_round_amount': 0, 'near_threshold_flag': 0, 'account_age_days': 8, 'device_shared_count': 16, 'ip_shared_count': 12, 'graph_score': 0.9414, 'fallback_behavior_score': 0.9561, 'fallback_sequence_score': 0.9394, 'fallback_graph_score': 0.9414, 'identity_trust_score': 9.67, 'device_trust_score': 8.47, 'sim_binding_ok': 0, 'sim_swap_flag': 1, 'vpn_flag': 1, 'hosting_flag': 1, 'city_mismatch_flag': 1, 'device_age_years': 0.99, 'network_risk_score': 0.7129, 'known_fraud_connections': 11, 'known_fraud_neighbors': 11, 'mule_cluster_size': 25, 'inbound_sources': 14, 'outbound_dest': 6, 'rapid_account_cluster_flag': 1, 'mule_cluster_flag': 1, 'tx_count_24h': 23, 'unique_receivers_7d': 7, 'days_since_last_tx': 0, 'high_value_txn': 1, 'rapid_movement': 1, 'rapid_outbound_after_inbound': 1, 'pass_through_ratio': 0.9455, 'structuring_pattern': 0, 'fragmentation_score': 0.0601, 'night_high_value_txn': 1, 'velocity_risk_score': 0.9814, 'signals': ['P1_CRITICAL', 'GATHER_SCATTER', 'RAPID_DRAIN', 'MULE_CLUSTER', 'SIM_NOT_BOUND', 'REALTIME_SCENARIO_BEHAVIOR_FALLBACK', 'HIGH_VALUE_TRANSFER', 'VERY_HIGH_VALUE_TRANSACTION', 'NEO4J_UNAVAILABLE', 'REALTIME_SCENARIO_GRAPH_FALLBACK', 'CRITICAL_RISK', 'URGENT_REVIEW'], 'pair_repeat_count': 2, 'decision': 'BLOCK', 'engine_decision': 'BLOCK', 'priority': 'P1', 'status': 'BLOCKED', 'risk': 0.96, 'final_score': 0.96, 'behavior_score': 0.9561, 'behaviorScore': 0.9561, 'sequence_score': 0.9394, 'sequenceScore': 0.9394, 'graphScore': 0.9414, 'neo4j_graph_score': 0.9414, 'rule_score': 1.0, 'behavior_label': 'UNKNOWN', 'sequence_pattern': 'GATHER_SCATTER', 'community_risk': 'CRITICAL', 'network_role': 'UNKNOWN', 'reasons': ['Critical mule laundering pattern detected', 'Realtime scenario behavior fallback', 'GATHER_SCATTER', 'Connected to mule cluster'], 'alert_type': 'TRANSACTION_SUSPECT', 'requires_review': False, 'requires_block': True, 'requires_case': True, 'sla_minutes': 15, 'escalation_minutes': 20, 'queue': 'AML_CRITICAL_QUEUE', 'severity': 'CRITICAL'}",2026-09-27T05:13:00.906027,2026-09-27T05:13:00.932998+00:00,,,,,,RUN-20260927-034544-CE4C7A
CASE-9CC5FF7E,TXN-5CDAC5BE,TRANSACTION_SUSPECT,U-1085,1804e592-2881-47b0-96c8-674e7f043463,P1,OPEN,103,AML_CRITICAL_QUEUE,AUTO_ALERT,TRANSACTION_SUSPECT,"{'trans_id': '1804e592-2881-47b0-96c8-674e7f043463', 'sender_id': 'U-1085', 'receiver_id': 'U-1096', 'amount': 49206.06, 'currency': 'INR', 'transaction_type': 'STRUCTURING', 'channel': 'IMPS', 'sender_bal_before': 50352.73, 'sender_bal_after': 1146.67, 'receiver_bal_after': 239856.5, 'timestamp': '2026-09-27T10:43:31.254220+05:30', 'location': 'Mumbai', 'is_sim_bound': False, 'is_sim_bound_at_tx': 0, 'device_id': 'D-30089', 'time_to_pay_ms': 281, 'scenario_type': 'P1_CRITICAL', 'scenario_variant': 'STRUCTURING', 'scenario_risk_band': 'P1', 'txn_velocity_1h': 26, 'drain_ratio': 0.9772, 'forwarding_delay_mins': 2, 'balance_depletion_speed': 5820.1187, 'amount_deviation': 0.0611, 'avg_tx_amount_7d': 52410.92, 'distance_from_1L_threshold': 50793.94, 'distance_from_50k_threshold': 793.94, 'empty_account_flag': 1, 'is_night_tx': 1, 'is_round_amount': 0, 'near_threshold_flag': 1, 'account_age_days': 20, 'device_shared_count': 12, 'ip_shared_count': 5, 'graph_score': 0.9676, 'fallback_behavior_score': 0.9826, 'fallback_sequence_score': 0.9259, 'fallback_graph_score': 0.9676, 'identity_trust_score': 28.08, 'device_trust_score': 21.81, 'sim_binding_ok': 0, 'sim_swap_flag': 1, 'vpn_flag': 1, 'hosting_flag': 0, 'city_mismatch_flag': 1, 'device_age_years': 1.56, 'network_risk_score': 0.9269, 'known_fraud_connections': 6, 'known_fraud_neighbors': 6, 'mule_cluster_size': 28, 'inbound_sources': 9, 'outbound_dest': 9, 'rapid_account_cluster_flag': 1, 'mule_cluster_flag': 1, 'tx_count_24h': 21, 'unique_receivers_7d': 6, 'days_since_last_tx': 0, 'high_value_txn': 1, 'rapid_movement': 1, 'rapid_outbound_after_inbound': 1, 'pass_through_ratio': 0.9037, 'structuring_pattern': 1, 'fragmentation_score': 0.9037, 'night_high_value_txn': 1, 'velocity_risk_score': 0.9432, 'signals': ['P1_CRITICAL', 'STRUCTURING', 'NEAR_THRESHOLD', 'HIGH_VALUE_TRANSFER', 'REALTIME_SCENARIO_BEHAVIOR_FALLBACK', 'GATHER_SCATTER', 'NEO4J_UNAVAILABLE', 'REALTIME_SCENARIO_GRAPH_FALLBACK', 'CRITICAL_RISK', 'URGENT_REVIEW'], 'pair_repeat_count': 2, 'decision': 'BLOCK', 'engine_decision': 'BLOCK', 'priority': 'P1', 'status': 'BLOCKED', 'risk': 0.9698, 'final_score': 0.9698, 'behavior_score': 0.9826, 'behaviorScore': 0.9826, 'sequence_score': 0.9259, 'sequenceScore': 0.9259, 'graphScore': 0.9676, 'neo4j_graph_score': 0.9676, 'rule_score': 1.0, 'behavior_label': 'UNKNOWN', 'sequence_pattern': 'GATHER_SCATTER', 'community_risk': 'CRITICAL', 'network_role': 'UNKNOWN', 'reasons': ['Critical mule laundering pattern detected', 'Realtime scenario behavior fallback', 'GATHER_SCATTER', 'Connected to mule cluster'], 'alert_type': 'TRANSACTION_SUSPECT', 'requires_review': False, 'requires_block': True, 'requires_case': True, 'sla_minutes': 15, 'escalation_minutes': 20, 'queue': 'AML_CRITICAL_QUEUE', 'severity': 'CRITICAL'}",2026-09-27T05:13:31.460179,2026-09-27T05:13:31.508453+00:00,,,,,,RUN-20260927-034544-CE4C7A
CASE-5FD1B95E,TXN-BD808327,TRANSACTION_SUSPECT,U-1082,5bdbfce1-d4f3-495c-9916-3f68eb664c18,P1,OPEN,105,AML_CRITICAL_QUEUE,AUTO_ALERT,TRANSACTION_SUSPECT,"{'trans_id': '5bdbfce1-d4f3-495c-9916-3f68eb664c18', 'sender_id': 'U-1082', 'receiver_id': 'M-2044', 'amount': 98961.96, 'currency': 'INR', 'transaction_type': 'STRUCTURING', 'channel': 'IMPS', 'sender_bal_before': 108984.93, 'sender_bal_after': 10022.97, 'receiver_bal_after': 385014.99, 'timestamp': '2026-09-27T10:44:14.778552+05:30', 'location': 'Delhi', 'is_sim_bound': False, 'is_sim_bound_at_tx': 0, 'device_id': 'D-30071', 'time_to_pay_ms': 113, 'scenario_type': 'P1_CRITICAL', 'scenario_variant': 'STRUCTURING', 'scenario_risk_band': 'P1', 'txn_velocity_1h': 29, 'drain_ratio': 0.908, 'forwarding_delay_mins': 1, 'balance_depletion_speed': 17756.1794, 'amount_deviation': 0.0061, 'avg_tx_amount_7d': 99574.18, 'distance_from_1L_threshold': 1038.04, 'distance_from_50k_threshold': 48961.96, 'empty_account_flag': 0, 'is_night_tx': 1, 'is_round_amount': 0, 'near_threshold_flag': 1, 'account_age_days': 38, 'device_shared_count': 17, 'ip_shared_count': 7, 'graph_score': 0.9538, 'fallback_behavior_score': 0.9512, 'fallback_sequence_score': 0.9343, 'fallback_graph_score': 0.9538, 'identity_trust_score': 29.63, 'device_trust_score': 20.66, 'sim_binding_ok': 0, 'sim_swap_flag': 1, 'vpn_flag': 1, 'hosting_flag': 1, 'city_mismatch_flag': 1, 'device_age_years': 0.89, 'network_risk_score': 0.7254, 'known_fraud_connections': 8, 'known_fraud_neighbors': 8, 'mule_cluster_size': 17, 'inbound_sources': 7, 'outbound_dest': 10, 'rapid_account_cluster_flag': 1, 'mule_cluster_flag': 1, 'tx_count_24h': 40, 'unique_receivers_7d': 7, 'days_since_last_tx': 0, 'high_value_txn': 1, 'rapid_movement': 1, 'rapid_outbound_after_inbound': 1, 'pass_through_ratio': 0.9024, 'structuring_pattern': 1, 'fragmentation_score': 0.9024, 'night_high_value_txn': 1, 'velocity_risk_score': 0.9094, 'signals': ['P1_CRITICAL', 'STRUCTURING', 'NEAR_THRESHOLD', 'HIGH_VALUE_TRANSFER', 'REALTIME_SCENARIO_BEHAVIOR_FALLBACK', 'GATHER_SCATTER', 'NEO4J_UNAVAILABLE', 'REALTIME_SCENARIO_GRAPH_FALLBACK', 'CRITICAL_RISK', 'URGENT_REVIEW'], 'pair_repeat_count': 2, 'decision': 'BLOCK', 'engine_decision': 'BLOCK', 'priority': 'P1', 'status': 'BLOCKED', 'risk': 0.9597, 'final_score': 0.9597, 'behavior_score': 0.9512, 'behaviorScore': 0.9512, 'sequence_score': 0.9343, 'sequenceScore': 0.9343, 'graphScore': 0.9538, 'neo4j_graph_score': 0.9538, 'rule_score': 1.0, 'behavior_label': 'UNKNOWN', 'sequence_pattern': 'GATHER_SCATTER', 'community_risk': 'CRITICAL', 'network_role': 'UNKNOWN', 'reasons': ['Critical mule laundering pattern detected', 'Realtime scenario behavior fallback', 'GATHER_SCATTER', 'Connected to mule cluster'], 'alert_type': 'TRANSACTION_SUSPECT', 'requires_review': False, 'requires_block': True, 'requires_case': True, 'sla_minutes': 15, 'escalation_minutes': 20, 'queue': 'AML_CRITICAL_QUEUE', 'severity': 'CRITICAL'}",2026-09-27T05:14:14.862669,2026-09-27T05:14:14.900959+00:00,,,,,,RUN-20260927-034544-CE4C7A
CASE-8594DC96,TXN-90EDF334,TRANSACTION_SUSPECT,U-1078,7a575b9f-d6de-4e17-b441-494435cbe093,P1,OPEN,102,AML_CRITICAL_QUEUE,AUTO_ALERT,TRANSACTION_SUSPECT,"{'trans_id': '7a575b9f-d6de-4e17-b441-494435cbe093', 'sender_id': 'U-1078', 'receiver_id': 'U-1092', 'amount': 99473.02, 'currency': 'INR', 'transaction_type': 'STRUCTURING', 'channel': 'NEFT', 'sender_bal_before': 107825.32, 'sender_bal_after': 8352.3, 'receiver_bal_after': 526844.27, 'timestamp': '2026-09-27T10:45:51.347407+05:30', 'location': 'Kolkata', 'is_sim_bound': False, 'is_sim_bound_at_tx': 0, 'device_id': 'D-30083', 'time_to_pay_ms': 226, 'scenario_type': 'P1_CRITICAL', 'scenario_variant': 'STRUCTURING', 'scenario_risk_band': 'P1', 'txn_velocity_1h': 34, 'drain_ratio': 0.9225, 'forwarding_delay_mins': 1, 'balance_depletion_speed': 11698.5707, 'amount_deviation': 0.0586, 'avg_tx_amount_7d': 93964.76, 'distance_from_1L_threshold': 526.98, 'distance_from_50k_threshold': 49473.02, 'empty_account_flag': 0, 'is_night_tx': 1, 'is_round_amount': 0, 'near_threshold_flag': 1, 'account_age_days': 17, 'device_shared_count': 19, 'ip_shared_count': 12, 'graph_score': 0.9864, 'fallback_behavior_score': 0.9097, 'fallback_sequence_score': 0.9757, 'fallback_graph_score': 0.9864, 'identity_trust_score': 22.6, 'device_trust_score': 18.79, 'sim_binding_ok': 0, 'sim_swap_flag': 1, 'vpn_flag': 1, 'hosting_flag': 0, 'city_mismatch_flag': 1, 'device_age_years': 2.22, 'network_risk_score': 0.7621, 'known_fraud_connections': 14, 'known_fraud_neighbors': 14, 'mule_cluster_size': 14, 'inbound_sources': 9, 'outbound_dest': 8, 'rapid_account_cluster_flag': 1, 'mule_cluster_flag': 1, 'tx_count_24h': 33, 'unique_receivers_7d': 7, 'days_since_last_tx': 0, 'high_value_txn': 1, 'rapid_movement': 1, 'rapid_outbound_after_inbound': 1, 'pass_through_ratio': 0.9751, 'structuring_pattern': 1, 'fragmentation_score': 0.9751, 'night_high_value_txn': 1, 'velocity_risk_score': 0.9501, 'signals': ['P1_CRITICAL', 'STRUCTURING', 'NEAR_THRESHOLD', 'HIGH_VALUE_TRANSFER', 'REALTIME_SCENARIO_BEHAVIOR_FALLBACK', 'GATHER_SCATTER', 'NEO4J_UNAVAILABLE', 'REALTIME_SCENARIO_GRAPH_FALLBACK', 'CRITICAL_RISK', 'URGENT_REVIEW'], 'pair_repeat_count': 2, 'decision': 'BLOCK', 'engine_decision': 'BLOCK', 'priority': 'P1', 'status': 'BLOCKED', 'risk': 0.9641, 'final_score': 0.9641, 'behavior_score': 0.9097, 'behaviorScore': 0.9097, 'sequence_score': 0.9757, 'sequenceScore': 0.9757, 'graphScore': 0.9864, 'neo4j_graph_score': 0.9864, 'rule_score': 1.0, 'behavior_label': 'UNKNOWN', 'sequence_pattern': 'GATHER_SCATTER', 'community_risk': 'CRITICAL', 'network_role': 'UNKNOWN', 'reasons': ['Critical mule laundering pattern detected', 'Realtime scenario behavior fallback', 'GATHER_SCATTER', 'Connected to mule cluster'], 'alert_type': 'TRANSACTION_SUSPECT', 'requires_review': False, 'requires_block': True, 'requires_case': True, 'sla_minutes': 15, 'escalation_minutes': 20, 'queue': 'AML_CRITICAL_QUEUE', 'severity': 'CRITICAL'}",2026-09-27T05:15:51.423566,2026-09-27T05:15:51.454401+00:00,,,,,,RUN-20260927-034544-CE4C7A
CASE-D7EDD33A,TXN-BED8AC0F,TRANSACTION_SUSPECT,U-1080,8055f27c-67cf-4550-bde9-eaf8d91516fe,P1,OPEN,104,AML_CRITICAL_QUEUE,AUTO_ALERT,TRANSACTION_SUSPECT,"{'trans_id': '8055f27c-67cf-4550-bde9-eaf8d91516fe', 'sender_id': 'U-1080', 'receiver_id': 'U-1098', 'amount': 282449.15, 'currency': 'INR', 'transaction_type': 'LAYERING_STEP', 'channel': 'NEFT', 'sender_bal_before': 291584.78, 'sender_bal_after': 9135.63, 'receiver_bal_after': 506014.28, 'timestamp': '2026-09-27T10:48:03.203869+05:30', 'location': 'Bengaluru', 'is_sim_bound': False, 'is_sim_bound_at_tx': 0, 'device_id': 'D-30098', 'time_to_pay_ms': 129, 'scenario_type': 'P1_CRITICAL', 'scenario_variant': 'LAYERING', 'scenario_risk_band': 'P1', 'txn_velocity_1h': 41, 'drain_ratio': 0.9687, 'forwarding_delay_mins': 3, 'balance_depletion_speed': 47860.5002, 'amount_deviation': 0.0409, 'avg_tx_amount_7d': 294498.75, 'distance_from_1L_threshold': 182449.15, 'distance_from_50k_threshold': 232449.15, 'empty_account_flag': 1, 'is_night_tx': 0, 'is_round_amount': 0, 'near_threshold_flag': 0, 'account_age_days': 40, 'device_shared_count': 15, 'ip_shared_count': 11, 'graph_score': 0.9782, 'fallback_behavior_score': 0.9338, 'fallback_sequence_score': 0.9046, 'fallback_graph_score': 0.9782, 'identity_trust_score': 10.07, 'device_trust_score': 19.37, 'sim_binding_ok': 0, 'sim_swap_flag': 1, 'vpn_flag': 1, 'hosting_flag': 1, 'city_mismatch_flag': 1, 'device_age_years': 2.05, 'network_risk_score': 0.7963, 'known_fraud_connections': 13, 'known_fraud_neighbors': 13, 'mule_cluster_size': 14, 'inbound_sources': 9, 'outbound_dest': 6, 'rapid_account_cluster_flag': 1, 'mule_cluster_flag': 1, 'tx_count_24h': 44, 'unique_receivers_7d': 10, 'days_since_last_tx': 0, 'high_value_txn': 1, 'rapid_movement': 1, 'rapid_outbound_after_inbound': 1, 'pass_through_ratio': 0.9625, 'structuring_pattern': 0, 'fragmentation_score': 0.0409, 'night_high_value_txn': 1, 'velocity_risk_score': 0.9511, 'signals': ['P1_CRITICAL', 'LAYERING', 'LAYERING_CHAIN', 'MULE_CLUSTER', 'SHORT_FORWARDING_DELAY', 'SIM_NOT_BOUND', 'REALTIME_SCENARIO_BEHAVIOR_FALLBACK', 'GATHER_SCATTER', 'HIGH_VALUE_TRANSFER', 'VERY_HIGH_VALUE_TRANSACTION', 'NEO4J_UNAVAILABLE', 'REALTIME_SCENARIO_GRAPH_FALLBACK', 'CRITICAL_RISK', 'URGENT_REVIEW'], 'pair_repeat_count': 1, 'decision': 'BLOCK', 'engine_decision': 'BLOCK', 'priority': 'P1', 'status': 'BLOCKED', 'risk': 0.9519, 'final_score': 0.9519, 'behavior_score': 0.9338, 'behaviorScore': 0.9338, 'sequence_score': 0.9046, 'sequenceScore': 0.9046, 'graphScore': 0.9782, 'neo4j_graph_score': 0.9782, 'rule_score': 1.0, 'behavior_label': 'UNKNOWN', 'sequence_pattern': 'GATHER_SCATTER', 'community_risk': 'CRITICAL', 'network_role': 'UNKNOWN', 'reasons': ['Critical mule laundering pattern detected', 'Realtime scenario behavior fallback', 'GATHER_SCATTER', 'Connected to mule cluster'], 'alert_type': 'TRANSACTION_SUSPECT', 'requires_review': False, 'requires_block': True, 'requires_case': True, 'sla_minutes': 15, 'escalation_minutes': 20, 'queue': 'AML_CRITICAL_QUEUE', 'severity': 'CRITICAL'}",2026-09-27T05:18:03.518640,2026-09-27T05:18:03.554021+00:00,,,,,,RUN-20260927-051738-E680CE
CASE-34E77EF1,TXN-D48F18B7,TRANSACTION_SUSPECT,U-1080,56065489-c058-421b-ae0e-f5545efab7b7,P1,OPEN,101,AML_CRITICAL_QUEUE,AUTO_ALERT,TRANSACTION_SUSPECT,"{'trans_id': '56065489-c058-421b-ae0e-f5545efab7b7', 'sender_id': 'U-1080', 'receiver_id': 'U-1089', 'amount': 49231.25, 'currency': 'INR', 'transaction_type': 'STRUCTURING', 'channel': 'NEFT', 'sender_bal_before': 51687.41, 'sender_bal_after': 2456.16, 'receiver_bal_after': 787138.75, 'timestamp': '2026-09-27T10:48:11.322223+05:30', 'location': 'Mumbai', 'is_sim_bound': False, 'is_sim_bound_at_tx': 0, 'device_id': 'D-30082', 'time_to_pay_ms': 98, 'scenario_type': 'P1_CRITICAL', 'scenario_variant': 'STRUCTURING', 'scenario_risk_band': 'P1', 'txn_velocity_1h': 29, 'drain_ratio': 0.9525, 'forwarding_delay_mins': 5, 'balance_depletion_speed': 10766.2325, 'amount_deviation': 0.0476, 'avg_tx_amount_7d': 51694.2, 'distance_from_1L_threshold': 50768.75, 'distance_from_50k_threshold': 768.75, 'empty_account_flag': 1, 'is_night_tx': 0, 'is_round_amount': 0, 'near_threshold_flag': 1, 'account_age_days': 58, 'device_shared_count': 9, 'ip_shared_count': 7, 'graph_score': 0.9148, 'fallback_behavior_score': 0.9297, 'fallback_sequence_score': 0.9582, 'fallback_graph_score': 0.9148, 'identity_trust_score': 25.27, 'device_trust_score': 15.36, 'sim_binding_ok': 0, 'sim_swap_flag': 1, 'vpn_flag': 1, 'hosting_flag': 1, 'city_mismatch_flag': 1, 'device_age_years': 0.6, 'network_risk_score': 0.8001, 'known_fraud_connections': 5, 'known_fraud_neighbors': 5, 'mule_cluster_size': 25, 'inbound_sources': 9, 'outbound_dest': 9, 'rapid_account_cluster_flag': 1, 'mule_cluster_flag': 1, 'tx_count_24h': 45, 'unique_receivers_7d': 9, 'days_since_last_tx': 0, 'high_value_txn': 1, 'rapid_movement': 1, 'rapid_outbound_after_inbound': 1, 'pass_through_ratio': 0.9136, 'structuring_pattern': 1, 'fragmentation_score': 0.9136, 'night_high_value_txn': 1, 'velocity_risk_score': 0.9533, 'signals': ['P1_CRITICAL', 'STRUCTURING', 'NEAR_THRESHOLD', 'HIGH_VALUE_TRANSFER', 'REALTIME_SCENARIO_BEHAVIOR_FALLBACK', 'GATHER_SCATTER', 'NEO4J_UNAVAILABLE', 'REALTIME_SCENARIO_GRAPH_FALLBACK', 'CRITICAL_RISK', 'URGENT_REVIEW'], 'pair_repeat_count': 1, 'decision': 'BLOCK', 'engine_decision': 'BLOCK', 'priority': 'P1', 'status': 'BLOCKED', 'risk': 0.9514, 'final_score': 0.9514, 'behavior_score': 0.9297, 'behaviorScore': 0.9297, 'sequence_score': 0.9582, 'sequenceScore': 0.9582, 'graphScore': 0.9148, 'neo4j_graph_score': 0.9148, 'rule_score': 1.0, 'behavior_label': 'UNKNOWN', 'sequence_pattern': 'GATHER_SCATTER', 'community_risk': 'CRITICAL', 'network_role': 'UNKNOWN', 'reasons': ['Critical mule laundering pattern detected', 'Realtime scenario behavior fallback', 'GATHER_SCATTER', 'Connected to mule cluster'], 'alert_type': 'TRANSACTION_SUSPECT', 'requires_review': False, 'requires_block': True, 'requires_case': True, 'sla_minutes': 15, 'escalation_minutes': 20, 'queue': 'AML_CRITICAL_QUEUE', 'severity': 'CRITICAL'}",2026-09-27T05:18:11.524633,2026-09-27T05:18:11.556994+00:00,,,,,,RUN-20260927-051738-E680CE
CASE-D73AB73C,TXN-4B1B35F9,TRANSACTION_SUSPECT,U-1078,3713ed59-4e3f-44ab-a6bc-b466b691277d,P1,OPEN,102,AML_CRITICAL_QUEUE,AUTO_ALERT,TRANSACTION_SUSPECT,"{'trans_id': '3713ed59-4e3f-44ab-a6bc-b466b691277d', 'sender_id': 'U-1078', 'receiver_id': 'U-1088', 'amount': 96317.93, 'currency': 'INR', 'transaction_type': 'GATHER_SCATTER', 'channel': 'NEFT', 'sender_bal_before': 99852.51, 'sender_bal_after': 3534.58, 'receiver_bal_after': 375950.73, 'timestamp': '2026-09-27T10:49:53.317513+05:30', 'location': 'Pune', 'is_sim_bound': False, 'is_sim_bound_at_tx': 0, 'device_id': 'D-30069', 'time_to_pay_ms': 144, 'scenario_type': 'P1_CRITICAL', 'scenario_variant': 'GATHER_SCATTER', 'scenario_risk_band': 'P1', 'txn_velocity_1h': 30, 'drain_ratio': 0.9646, 'forwarding_delay_mins': 5, 'balance_depletion_speed': 11774.0315, 'amount_deviation': 0.0569, 'avg_tx_amount_7d': 102127.52, 'distance_from_1L_threshold': 3682.07, 'distance_from_50k_threshold': 46317.93, 'empty_account_flag': 1, 'is_night_tx': 1, 'is_round_amount': 0, 'near_threshold_flag': 1, 'account_age_days': 10, 'device_shared_count': 12, 'ip_shared_count': 6, 'graph_score': 0.9124, 'fallback_behavior_score': 0.9054, 'fallback_sequence_score': 0.9699, 'fallback_graph_score': 0.9124, 'identity_trust_score': 6.33, 'device_trust_score': 6.19, 'sim_binding_ok': 0, 'sim_swap_flag': 1, 'vpn_flag': 1, 'hosting_flag': 1, 'city_mismatch_flag': 1, 'device_age_years': 0.49, 'network_risk_score': 0.8959, 'known_fraud_connections': 9, 'known_fraud_neighbors': 9, 'mule_cluster_size': 28, 'inbound_sources': 13, 'outbound_dest': 11, 'rapid_account_cluster_flag': 1, 'mule_cluster_flag': 1, 'tx_count_24h': 30, 'unique_receivers_7d': 7, 'days_since_last_tx': 0, 'high_value_txn': 1, 'rapid_movement': 1, 'rapid_outbound_after_inbound': 1, 'pass_through_ratio': 0.9446, 'structuring_pattern': 0, 'fragmentation_score': 0.0569, 'night_high_value_txn': 1, 'velocity_risk_score': 0.9083, 'signals': ['P1_CRITICAL', 'GATHER_SCATTER', 'RAPID_DRAIN', 'MULE_CLUSTER', 'SIM_NOT_BOUND', 'REALTIME_SCENARIO_BEHAVIOR_FALLBACK', 'HIGH_VALUE_TRANSFER', 'NEO4J_UNAVAILABLE', 'REALTIME_SCENARIO_GRAPH_FALLBACK', 'CRITICAL_RISK', 'URGENT_REVIEW'], 'pair_repeat_count': 1, 'decision': 'BLOCK', 'engine_decision': 'BLOCK', 'priority': 'P1', 'status': 'BLOCKED', 'risk': 0.9466, 'final_score': 0.9466, 'behavior_score': 0.9054, 'behaviorScore': 0.9054, 'sequence_score': 0.9699, 'sequenceScore': 0.9699, 'graphScore': 0.9124, 'neo4j_graph_score': 0.9124, 'rule_score': 1.0, 'behavior_label': 'UNKNOWN', 'sequence_pattern': 'GATHER_SCATTER', 'community_risk': 'CRITICAL', 'network_role': 'UNKNOWN', 'reasons': ['Critical mule laundering pattern detected', 'Realtime scenario behavior fallback', 'GATHER_SCATTER', 'Connected to mule cluster'], 'alert_type': 'TRANSACTION_SUSPECT', 'requires_review': False, 'requires_block': True, 'requires_case': True, 'sla_minutes': 15, 'escalation_minutes': 20, 'queue': 'AML_CRITICAL_QUEUE', 'severity': 'CRITICAL'}",2026-09-27T05:19:53.578543,2026-09-27T05:19:53.616334+00:00,,,,,,RUN-20260927-051738-E680CE
CASE-7CFE907F,TXN-68B2AD5F,TRANSACTION_SUSPECT,U-1082,2ee23cd5-1953-4b26-bf8c-63d9b05a51f7,P1,OPEN,102,AML_CRITICAL_QUEUE,AUTO_ALERT,TRANSACTION_SUSPECT,"{'trans_id': '2ee23cd5-1953-4b26-bf8c-63d9b05a51f7', 'sender_id': 'U-1082', 'receiver_id': 'M-2043', 'amount': 330857.43, 'currency': 'INR', 'transaction_type': 'GATHER_SCATTER', 'channel': 'UPI', 'sender_bal_before': 361375.53, 'sender_bal_after': 30518.1, 'receiver_bal_after': 636508.09, 'timestamp': '2026-09-27T15:00:23.869617+05:30', 'location': 'Mumbai', 'is_sim_bound': False, 'is_sim_bound_at_tx': 0, 'device_id': 'D-30057', 'time_to_pay_ms': 104, 'scenario_type': 'P1_CRITICAL', 'scenario_variant': 'GATHER_SCATTER', 'scenario_risk_band': 'P1', 'txn_velocity_1h': 26, 'drain_ratio': 0.9156, 'forwarding_delay_mins': 2, 'balance_depletion_speed': 73217.4132, 'amount_deviation': 0.0761, 'avg_tx_amount_7d': 307459.01, 'distance_from_1L_threshold': 230857.43, 'distance_from_50k_threshold': 280857.43, 'empty_account_flag': 0, 'is_night_tx': 0, 'is_round_amount': 0, 'near_threshold_flag': 0, 'account_age_days': 54, 'device_shared_count': 14, 'ip_shared_count': 8, 'graph_score': 0.9211, 'fallback_behavior_score': 0.9388, 'fallback_sequence_score': 0.9665, 'fallback_graph_score': 0.9211, 'identity_trust_score': 19.53, 'device_trust_score': 13.97, 'sim_binding_ok': 0, 'sim_swap_flag': 1, 'vpn_flag': 1, 'hosting_flag': 1, 'city_mismatch_flag': 1, 'device_age_years': 2.33, 'network_risk_score': 0.7649, 'known_fraud_connections': 14, 'known_fraud_neighbors': 14, 'mule_cluster_size': 11, 'inbound_sources': 6, 'outbound_dest': 12, 'rapid_account_cluster_flag': 1, 'mule_cluster_flag': 1, 'tx_count_24h': 40, 'unique_receivers_7d': 8, 'days_since_last_tx': 0, 'high_value_txn': 1, 'rapid_movement': 1, 'rapid_outbound_after_inbound': 1, 'pass_through_ratio': 0.906, 'structuring_pattern': 0, 'fragmentation_score': 0.0761, 'night_high_value_txn': 1, 'velocity_risk_score': 0.9773, 'signals': ['P1_CRITICAL', 'GATHER_SCATTER', 'RAPID_DRAIN', 'MULE_CLUSTER', 'SIM_NOT_BOUND', 'ML_ELEVATED_RISK_DUE_TO_AMOUNT', 'ML_ELEVATED_RISK_DUE_TO_RECEIVER_BAL_AFTER', 'ML_ELEVATED_RISK_DUE_TO_SENDER_BAL_BEFORE', 'ML_ELEVATED_RISK_DUE_TO_IS_SIM_BOUND', 'ML_ELEVATED_RISK_DUE_TO_TIME_TO_PAY_MS', 'HIGH_VALUE_TRANSFER', 'VERY_HIGH_VALUE_TRANSACTION', 'NEO4J_UNAVAILABLE', 'REALTIME_SCENARIO_GRAPH_FALLBACK', 'CRITICAL_RISK', 'URGENT_REVIEW'], 'pair_repeat_count': 1, 'decision': 'BLOCK', 'engine_decision': 'BLOCK', 'priority': 'P1', 'status': 'BLOCKED', 'risk': 0.9758, 'final_score': 0.9758, 'behavior_score': 1.0, 'behaviorScore': 1.0, 'sequence_score': 0.9665, 'sequenceScore': 0.9665, 'graphScore': 0.9211, 'neo4j_graph_score': 0.9211, 'rule_score': 1.0, 'behavior_label': 'SUSPICIOUS', 'sequence_pattern': 'GATHER_SCATTER', 'community_risk': 'CRITICAL', 'network_role': 'UNKNOWN', 'reasons': ['Critical mule laundering pattern detected', 'ML elevated risk due to amount', 'ML elevated risk due to receiver_bal_after', 'ML elevated risk due to sender_bal_before', 'ML elevated risk due to is_sim_bound', 'ML elevated risk due to time_to_pay_ms', 'GATHER_SCATTER', 'Connected to mule cluster'], 'alert_type': 'TRANSACTION_SUSPECT', 'requires_review': False, 'requires_block': True, 'requires_case': True, 'sla_minutes': 15, 'escalation_minutes': 20, 'queue': 'AML_CRITICAL_QUEUE', 'severity': 'CRITICAL'}",2026-09-27T09:30:24.774983,2026-09-27T09:30:24.784581+00:00,,,,,,RUN-20260927-092902-9FD475
CASE-83988EF2,TXN-56AB7D6A,TRANSACTION_SUSPECT,U-1085,412c5b70-795b-4c25-a84c-2a3e4653833e,P1,OPEN,102,AML_CRITICAL_QUEUE,AUTO_ALERT,TRANSACTION_SUSPECT,"{'trans_id': '412c5b70-795b-4c25-a84c-2a3e4653833e', 'sender_id': 'U-1085', 'receiver_id': 'U-1096', 'amount': 404481.17, 'currency': 'INR', 'transaction_type': 'GATHER_SCATTER', 'channel': 'NEFT', 'sender_bal_before': 418614.58, 'sender_bal_after': 14133.41, 'receiver_bal_after': 28089.17, 'timestamp': '2026-09-27T15:03:07.509594+05:30', 'location': 'Chennai', 'is_sim_bound': False, 'is_sim_bound_at_tx': 0, 'device_id': 'D-30062', 'time_to_pay_ms': 24, 'scenario_type': 'P1_CRITICAL', 'scenario_variant': 'GATHER_SCATTER', 'scenario_risk_band': 'P1', 'txn_velocity_1h': 23, 'drain_ratio': 0.9662, 'forwarding_delay_mins': 5, 'balance_depletion_speed': 75787.0332, 'amount_deviation': 0.0964, 'avg_tx_amount_7d': 368928.89, 'distance_from_1L_threshold': 304481.17, 'distance_from_50k_threshold': 354481.17, 'empty_account_flag': 1, 'is_night_tx': 1, 'is_round_amount': 0, 'near_threshold_flag': 0, 'account_age_days': 55, 'device_shared_count': 15, 'ip_shared_count': 7, 'graph_score': 0.9803, 'fallback_behavior_score': 0.9824, 'fallback_sequence_score': 0.9443, 'fallback_graph_score': 0.9803, 'identity_trust_score': 25.25, 'device_trust_score': 10.3, 'sim_binding_ok': 0, 'sim_swap_flag': 1, 'vpn_flag': 1, 'hosting_flag': 0, 'city_mismatch_flag': 1, 'device_age_years': 2.2, 'network_risk_score': 0.7084, 'known_fraud_connections': 10, 'known_fraud_neighbors': 10, 'mule_cluster_size': 25, 'inbound_sources': 9, 'outbound_dest': 10, 'rapid_account_cluster_flag': 1, 'mule_cluster_flag': 1, 'tx_count_24h': 44, 'unique_receivers_7d': 10, 'days_since_last_tx': 0, 'high_value_txn': 1, 'rapid_movement': 1, 'rapid_outbound_after_inbound': 1, 'pass_through_ratio': 0.91, 'structuring_pattern': 0, 'fragmentation_score': 0.0964, 'night_high_value_txn': 1, 'velocity_risk_score': 0.9333, 'signals': ['P1_CRITICAL', 'GATHER_SCATTER', 'RAPID_DRAIN', 'MULE_CLUSTER', 'SIM_NOT_BOUND', 'ML_ELEVATED_RISK_DUE_TO_AMOUNT', 'ML_ELEVATED_RISK_DUE_TO_RECEIVER_BAL_AFTER', 'ML_ELEVATED_RISK_DUE_TO_SENDER_BAL_BEFORE', 'ML_ELEVATED_RISK_DUE_TO_IS_SIM_BOUND', 'ML_ELEVATED_RISK_DUE_TO_TIME_TO_PAY_MS', 'HIGH_VALUE_TRANSFER', 'VERY_HIGH_VALUE_TRANSACTION', 'NEO4J_UNAVAILABLE', 'REALTIME_SCENARIO_GRAPH_FALLBACK', 'CRITICAL_RISK', 'URGENT_REVIEW'], 'pair_repeat_count': 1, 'decision': 'BLOCK', 'engine_decision': 'BLOCK', 'priority': 'P1', 'status': 'BLOCKED', 'risk': 0.9821, 'final_score': 0.9821, 'behavior_score': 1.0, 'behaviorScore': 1.0, 'sequence_score': 0.9443, 'sequenceScore': 0.9443, 'graphScore': 0.9803, 'neo4j_graph_score': 0.9803, 'rule_score': 1.0, 'behavior_label': 'SUSPICIOUS', 'sequence_pattern': 'GATHER_SCATTER', 'community_risk': 'CRITICAL', 'network_role': 'UNKNOWN', 'reasons': ['Critical mule laundering pattern detected', 'ML elevated risk due to amount', 'ML elevated risk due to receiver_bal_after', 'ML elevated risk due to sender_bal_before', 'ML elevated risk due to is_sim_bound', 'ML elevated risk due to time_to_pay_ms', 'GATHER_SCATTER', 'Connected to mule cluster'], 'alert_type': 'TRANSACTION_SUSPECT', 'requires_review': False, 'requires_block': True, 'requires_case': True, 'sla_minutes': 15, 'escalation_minutes': 20, 'queue': 'AML_CRITICAL_QUEUE', 'severity': 'CRITICAL'}",2026-09-27T09:33:09.992208,2026-09-27T09:33:10.025289+00:00,,,,,,RUN-20260927-092902-9FD475
CASE-83E2E5F6,TXN-BAE7B468,TRANSACTION_SUSPECT,U-1086,068eac0d-8c76-42cd-b023-07f7577c4371,P1,OPEN,101,AML_CRITICAL_QUEUE,AUTO_ALERT,TRANSACTION_SUSPECT,"{'trans_id': '068eac0d-8c76-42cd-b023-07f7577c4371', 'sender_id': 'U-1086', 'receiver_id': 'U-1092', 'amount': 179400.34, 'currency': 'INR', 'transaction_type': 'LAYERING_STEP', 'channel': 'IMPS', 'sender_bal_before': 186821.32, 'sender_bal_after': 7420.98, 'receiver_bal_after': 363364.64, 'timestamp': '2026-09-27T15:04:14.709522+05:30', 'location': 'Hyderabad', 'is_sim_bound': False, 'is_sim_bound_at_tx': 0, 'device_id': 'D-30067', 'time_to_pay_ms': 51, 'scenario_type': 'P1_CRITICAL', 'scenario_variant': 'LAYERING', 'scenario_risk_band': 'P1', 'txn_velocity_1h': 33, 'drain_ratio': 0.9603, 'forwarding_delay_mins': 5, 'balance_depletion_speed': 15298.2717, 'amount_deviation': 0.0462, 'avg_tx_amount_7d': 188085.95, 'distance_from_1L_threshold': 79400.34, 'distance_from_50k_threshold': 129400.34, 'empty_account_flag': 1, 'is_night_tx': 1, 'is_round_amount': 0, 'near_threshold_flag': 0, 'account_age_days': 51, 'device_shared_count': 19, 'ip_shared_count': 11, 'graph_score': 0.9548, 'fallback_behavior_score': 0.9888, 'fallback_sequence_score': 0.9127, 'fallback_graph_score': 0.9548, 'identity_trust_score': 17.83, 'device_trust_score': 14.17, 'sim_binding_ok': 0, 'sim_swap_flag': 1, 'vpn_flag': 1, 'hosting_flag': 0, 'city_mismatch_flag': 1, 'device_age_years': 1.83, 'network_risk_score': 0.9464, 'known_fraud_connections': 5, 'known_fraud_neighbors': 5, 'mule_cluster_size': 13, 'inbound_sources': 7, 'outbound_dest': 6, 'rapid_account_cluster_flag': 1, 'mule_cluster_flag': 1, 'tx_count_24h': 25, 'unique_receivers_7d': 9, 'days_since_last_tx': 0, 'high_value_txn': 1, 'rapid_movement': 1, 'rapid_outbound_after_inbound': 1, 'pass_through_ratio': 0.9807, 'structuring_pattern': 0, 'fragmentation_score': 0.0462, 'night_high_value_txn': 1, 'velocity_risk_score': 0.9547, 'signals': ['P1_CRITICAL', 'LAYERING', 'LAYERING_CHAIN', 'MULE_CLUSTER', 'SHORT_FORWARDING_DELAY', 'SIM_NOT_BOUND', 'ML_ELEVATED_RISK_DUE_TO_AMOUNT', 'ML_ELEVATED_RISK_DUE_TO_RECEIVER_BAL_AFTER', 'ML_ELEVATED_RISK_DUE_TO_SENDER_BAL_BEFORE', 'ML_ELEVATED_RISK_DUE_TO_IS_SIM_BOUND', 'ML_ELEVATED_RISK_DUE_TO_TIME_TO_PAY_MS', 'REALTIME_SCENARIO_BEHAVIOR_FALLBACK', 'GATHER_SCATTER', 'HIGH_VALUE_TRANSFER', 'VERY_HIGH_VALUE_TRANSACTION', 'NEO4J_UNAVAILABLE', 'REALTIME_SCENARIO_GRAPH_FALLBACK', 'CRITICAL_RISK', 'URGENT_REVIEW'], 'pair_repeat_count': 1, 'decision': 'BLOCK', 'engine_decision': 'BLOCK', 'priority': 'P1', 'status': 'BLOCKED', 'risk': 0.9658, 'final_score': 0.9658, 'behavior_score': 0.9888, 'behaviorScore': 0.9888, 'sequence_score': 0.9127, 'sequenceScore': 0.9127, 'graphScore': 0.9548, 'neo4j_graph_score': 0.9548, 'rule_score': 1.0, 'behavior_label': 'ALLOW', 'sequence_pattern': 'GATHER_SCATTER', 'community_risk': 'CRITICAL', 'network_role': 'UNKNOWN', 'reasons': ['Critical mule laundering pattern detected', 'ML elevated risk due to amount', 'ML elevated risk due to receiver_bal_after', 'ML elevated risk due to sender_bal_before', 'ML elevated risk due to is_sim_bound', 'ML elevated risk due to time_to_pay_ms', 'Realtime scenario behavior fallback', 'GATHER_SCATTER', 'Connected to mule cluster'], 'alert_type': 'TRANSACTION_SUSPECT', 'requires_review': False, 'requires_block': True, 'requires_case': True, 'sla_minutes': 15, 'escalation_minutes': 20, 'queue': 'AML_CRITICAL_QUEUE', 'severity': 'CRITICAL'}",2026-09-27T09:34:17.093238,2026-09-27T09:34:17.126231+00:00,,,,,,RUN-20260927-092902-9FD475
CASE-34442498,TXN-55985113,TRANSACTION_SUSPECT,U-1083,7840f507-778d-4420-bbe3-3845f116beac,P1,OPEN,101,AML_CRITICAL_QUEUE,AUTO_ALERT,TRANSACTION_SUSPECT,"{'trans_id': '7840f507-778d-4420-bbe3-3845f116beac', 'sender_id': 'U-1083', 'receiver_id': 'U-1091', 'amount': 444960.67, 'currency': 'INR', 'transaction_type': 'LAYERING_STEP', 'channel': 'UPI', 'sender_bal_before': 485987.12, 'sender_bal_after': 41026.45, 'receiver_bal_after': 448739.9, 'timestamp': '2026-09-27T15:06:35.930696+05:30', 'location': 'Delhi', 'is_sim_bound': False, 'is_sim_bound_at_tx': 0, 'device_id': 'D-30079', 'time_to_pay_ms': 29, 'scenario_type': 'P1_CRITICAL', 'scenario_variant': 'LAYERING', 'scenario_risk_band': 'P1', 'txn_velocity_1h': 38, 'drain_ratio': 0.9156, 'forwarding_delay_mins': 0, 'balance_depletion_speed': 83146.6846, 'amount_deviation': 0.0873, 'avg_tx_amount_7d': 409229.54, 'distance_from_1L_threshold': 344960.67, 'distance_from_50k_threshold': 394960.67, 'empty_account_flag': 0, 'is_night_tx': 1, 'is_round_amount': 0, 'near_threshold_flag': 0, 'account_age_days': 23, 'device_shared_count': 11, 'ip_shared_count': 9, 'graph_score': 0.9248, 'fallback_behavior_score': 0.969, 'fallback_sequence_score': 0.9811, 'fallback_graph_score': 0.9248, 'identity_trust_score': 22.33, 'device_trust_score': 11.64, 'sim_binding_ok': 0, 'sim_swap_flag': 1, 'vpn_flag': 1, 'hosting_flag': 0, 'city_mismatch_flag': 1, 'device_age_years': 1.81, 'network_risk_score': 0.9195, 'known_fraud_connections': 8, 'known_fraud_neighbors': 8, 'mule_cluster_size': 28, 'inbound_sources': 7, 'outbound_dest': 8, 'rapid_account_cluster_flag': 1, 'mule_cluster_flag': 1, 'tx_count_24h': 35, 'unique_receivers_7d': 10, 'days_since_last_tx': 0, 'high_value_txn': 1, 'rapid_movement': 1, 'rapid_outbound_after_inbound': 1, 'pass_through_ratio': 0.9652, 'structuring_pattern': 0, 'fragmentation_score': 0.0873, 'night_high_value_txn': 1, 'velocity_risk_score': 0.9352, 'signals': ['P1_CRITICAL', 'LAYERING', 'LAYERING_CHAIN', 'MULE_CLUSTER', 'SHORT_FORWARDING_DELAY', 'SIM_NOT_BOUND', 'ML_ELEVATED_RISK_DUE_TO_AMOUNT', 'ML_ELEVATED_RISK_DUE_TO_RECEIVER_BAL_AFTER', 'ML_ELEVATED_RISK_DUE_TO_SENDER_BAL_BEFORE', 'ML_ELEVATED_RISK_DUE_TO_IS_SIM_BOUND', 'ML_ELEVATED_RISK_DUE_TO_TIME_TO_PAY_MS', 'GATHER_SCATTER', 'HIGH_VALUE_TRANSFER', 'VERY_HIGH_VALUE_TRANSACTION', 'NEO4J_UNAVAILABLE', 'REALTIME_SCENARIO_GRAPH_FALLBACK', 'CRITICAL_RISK', 'URGENT_REVIEW'], 'pair_repeat_count': 1, 'decision': 'BLOCK', 'engine_decision': 'BLOCK', 'priority': 'P1', 'status': 'BLOCKED', 'risk': 0.9802, 'final_score': 0.9802, 'behavior_score': 1.0, 'behaviorScore': 1.0, 'sequence_score': 0.9811, 'sequenceScore': 0.9811, 'graphScore': 0.9248, 'neo4j_graph_score': 0.9248, 'rule_score': 1.0, 'behavior_label': 'SUSPICIOUS', 'sequence_pattern': 'GATHER_SCATTER', 'community_risk': 'CRITICAL', 'network_role': 'UNKNOWN', 'reasons': ['Critical mule laundering pattern detected', 'ML elevated risk due to amount', 'ML elevated risk due to receiver_bal_after', 'ML elevated risk due to sender_bal_before', 'ML elevated risk due to is_sim_bound', 'ML elevated risk due to time_to_pay_ms', 'GATHER_SCATTER', 'Connected to mule cluster'], 'alert_type': 'TRANSACTION_SUSPECT', 'requires_review': False, 'requires_block': True, 'requires_case': True, 'sla_minutes': 15, 'escalation_minutes': 20, 'queue': 'AML_CRITICAL_QUEUE', 'severity': 'CRITICAL'}",2026-09-27T09:36:38.618218,2026-09-27T09:36:38.648140+00:00,,,,,,RUN-20260927-092902-9FD475
CASE-72E4AAE4,TXN-2A782987,TRANSACTION_SUSPECT,U-1079,a09e79ad-e520-4674-82c2-cf166c3885c1,P1,OPEN,105,AML_CRITICAL_QUEUE,AUTO_ALERT,TRANSACTION_SUSPECT,"{'trans_id': 'a09e79ad-e520-4674-82c2-cf166c3885c1', 'sender_id': 'U-1079', 'receiver_id': 'M-2045', 'amount': 49236.02, 'currency': 'INR', 'transaction_type': 'STRUCTURING', 'channel': 'IMPS', 'sender_bal_before': 55777.5, 'sender_bal_after': 6541.48, 'receiver_bal_after': 186659.61, 'timestamp': '2026-09-27T15:07:10.451369+05:30', 'location': 'Hyderabad', 'is_sim_bound': False, 'is_sim_bound_at_tx': 0, 'device_id': 'D-30071', 'time_to_pay_ms': 439, 'scenario_type': 'P1_CRITICAL', 'scenario_variant': 'STRUCTURING', 'scenario_risk_band': 'P1', 'txn_velocity_1h': 39, 'drain_ratio': 0.8827, 'forwarding_delay_mins': 1, 'balance_depletion_speed': 16185.1159, 'amount_deviation': 0.0072, 'avg_tx_amount_7d': 48885.98, 'distance_from_1L_threshold': 50763.98, 'distance_from_50k_threshold': 763.98, 'empty_account_flag': 0, 'is_night_tx': 1, 'is_round_amount': 0, 'near_threshold_flag': 1, 'account_age_days': 46, 'device_shared_count': 14, 'ip_shared_count': 11, 'graph_score': 0.965, 'fallback_behavior_score': 0.9137, 'fallback_sequence_score': 0.9723, 'fallback_graph_score': 0.965, 'identity_trust_score': 25.31, 'device_trust_score': 20.37, 'sim_binding_ok': 0, 'sim_swap_flag': 1, 'vpn_flag': 1, 'hosting_flag': 1, 'city_mismatch_flag': 1, 'device_age_years': 2.3, 'network_risk_score': 0.8602, 'known_fraud_connections': 8, 'known_fraud_neighbors': 8, 'mule_cluster_size': 14, 'inbound_sources': 6, 'outbound_dest': 4, 'rapid_account_cluster_flag': 1, 'mule_cluster_flag': 1, 'tx_count_24h': 29, 'unique_receivers_7d': 5, 'days_since_last_tx': 0, 'high_value_txn': 1, 'rapid_movement': 1, 'rapid_outbound_after_inbound': 1, 'pass_through_ratio': 0.9269, 'structuring_pattern': 1, 'fragmentation_score': 0.9269, 'night_high_value_txn': 1, 'velocity_risk_score': 0.9224, 'signals': ['P1_CRITICAL', 'STRUCTURING', 'NEAR_THRESHOLD', 'HIGH_VALUE_TRANSFER', 'ML_ELEVATED_RISK_DUE_TO_AMOUNT', 'ML_ELEVATED_RISK_DUE_TO_RECEIVER_BAL_AFTER', 'ML_ELEVATED_RISK_DUE_TO_SENDER_BAL_BEFORE', 'ML_ELEVATED_RISK_DUE_TO_IS_SIM_BOUND', 'ML_ELEVATED_RISK_DUE_TO_TIME_TO_PAY_MS', 'GATHER_SCATTER', 'NEO4J_UNAVAILABLE', 'REALTIME_SCENARIO_GRAPH_FALLBACK', 'CRITICAL_RISK', 'URGENT_REVIEW'], 'pair_repeat_count': 1, 'decision': 'BLOCK', 'engine_decision': 'BLOCK', 'priority': 'P1', 'status': 'BLOCKED', 'risk': 0.9861, 'final_score': 0.9861, 'behavior_score': 1.0, 'behaviorScore': 1.0, 'sequence_score': 0.9723, 'sequenceScore': 0.9723, 'graphScore': 0.965, 'neo4j_graph_score': 0.965, 'rule_score': 1.0, 'behavior_label': 'SUSPICIOUS', 'sequence_pattern': 'GATHER_SCATTER', 'community_risk': 'CRITICAL', 'network_role': 'UNKNOWN', 'reasons': ['Critical mule laundering pattern detected', 'ML elevated risk due to amount', 'ML elevated risk due to receiver_bal_after', 'ML elevated risk due to sender_bal_before', 'ML elevated risk due to is_sim_bound', 'ML elevated risk due to time_to_pay_ms', 'GATHER_SCATTER', 'Connected to mule cluster'], 'alert_type': 'TRANSACTION_SUSPECT', 'requires_review': False, 'requires_block': True, 'requires_case': True, 'sla_minutes': 15, 'escalation_minutes': 20, 'queue': 'AML_CRITICAL_QUEUE', 'severity': 'CRITICAL'}",2026-09-27T09:37:12.911775,2026-09-27T09:37:12.946589+00:00,,,,,,RUN-20260927-092902-9FD475
CASE-1E0AF4A5,TXN-AEC641F9,TRANSACTION_SUSPECT,U-1084,b8dda9c9-c77b-4a82-91a2-bbc7d6d56295,P1,OPEN,101,AML_CRITICAL_QUEUE,AUTO_ALERT,TRANSACTION_SUSPECT,"{'trans_id': 'b8dda9c9-c77b-4a82-91a2-bbc7d6d56295', 'sender_id': 'U-1084', 'receiver_id': 'U-1099', 'amount': 162923.8, 'currency': 'INR', 'transaction_type': 'GATHER_SCATTER', 'channel': 'UPI', 'sender_bal_before': 180949.06, 'sender_bal_after': 18025.26, 'receiver_bal_after': 147003.07, 'timestamp': '2026-09-27T15:10:44.342763+05:30', 'location': 'Hyderabad', 'is_sim_bound': False, 'is_sim_bound_at_tx': 0, 'device_id': 'D-30057', 'time_to_pay_ms': 49, 'scenario_type': 'P1_CRITICAL', 'scenario_variant': 'GATHER_SCATTER', 'scenario_risk_band': 'P1', 'txn_velocity_1h': 29, 'drain_ratio': 0.9004, 'forwarding_delay_mins': 0, 'balance_depletion_speed': 16603.348, 'amount_deviation': 0.1015, 'avg_tx_amount_7d': 147912.41, 'distance_from_1L_threshold': 62923.8, 'distance_from_50k_threshold': 112923.8, 'empty_account_flag': 0, 'is_night_tx': 1, 'is_round_amount': 0, 'near_threshold_flag': 0, 'account_age_days': 36, 'device_shared_count': 19, 'ip_shared_count': 14, 'graph_score': 0.9717, 'fallback_behavior_score': 0.961, 'fallback_sequence_score': 0.9394, 'fallback_graph_score': 0.9717, 'identity_trust_score': 5.2, 'device_trust_score': 21.38, 'sim_binding_ok': 0, 'sim_swap_flag': 1, 'vpn_flag': 1, 'hosting_flag': 1, 'city_mismatch_flag': 1, 'device_age_years': 1.31, 'network_risk_score': 0.8368, 'known_fraud_connections': 11, 'known_fraud_neighbors': 11, 'mule_cluster_size': 16, 'inbound_sources': 9, 'outbound_dest': 9, 'rapid_account_cluster_flag': 1, 'mule_cluster_flag': 1, 'tx_count_24h': 43, 'unique_receivers_7d': 5, 'days_since_last_tx': 0, 'high_value_txn': 1, 'rapid_movement': 1, 'rapid_outbound_after_inbound': 1, 'pass_through_ratio': 0.9681, 'structuring_pattern': 0, 'fragmentation_score': 0.1015, 'night_high_value_txn': 1, 'velocity_risk_score': 0.9205, 'signals': ['P1_CRITICAL', 'GATHER_SCATTER', 'RAPID_DRAIN', 'MULE_CLUSTER', 'SIM_NOT_BOUND', 'ML_ELEVATED_RISK_DUE_TO_AMOUNT', 'ML_ELEVATED_RISK_DUE_TO_RECEIVER_BAL_AFTER', 'ML_ELEVATED_RISK_DUE_TO_SENDER_BAL_BEFORE', 'ML_ELEVATED_RISK_DUE_TO_IS_SIM_BOUND', 'ML_ELEVATED_RISK_DUE_TO_TIME_TO_PAY_MS', 'REALTIME_SCENARIO_BEHAVIOR_FALLBACK', 'HIGH_VALUE_TRANSFER', 'VERY_HIGH_VALUE_TRANSACTION', 'NEO4J_UNAVAILABLE', 'REALTIME_SCENARIO_GRAPH_FALLBACK', 'CRITICAL_RISK', 'URGENT_REVIEW'], 'pair_repeat_count': 1, 'decision': 'BLOCK', 'engine_decision': 'BLOCK', 'priority': 'P1', 'status': 'BLOCKED', 'risk': 0.9675, 'final_score': 0.9675, 'behavior_score': 0.961, 'behaviorScore': 0.961, 'sequence_score': 0.9394, 'sequenceScore': 0.9394, 'graphScore': 0.9717, 'neo4j_graph_score': 0.9717, 'rule_score': 1.0, 'behavior_label': 'ALLOW', 'sequence_pattern': 'GATHER_SCATTER', 'community_risk': 'CRITICAL', 'network_role': 'UNKNOWN', 'reasons': ['Critical mule laundering pattern detected', 'ML elevated risk due to amount', 'ML elevated risk due to receiver_bal_after', 'ML elevated risk due to sender_bal_before', 'ML elevated risk due to is_sim_bound', 'ML elevated risk due to time_to_pay_ms', 'Realtime scenario behavior fallback', 'GATHER_SCATTER', 'Connected to mule cluster'], 'alert_type': 'TRANSACTION_SUSPECT', 'requires_review': False, 'requires_block': True, 'requires_case': True, 'sla_minutes': 15, 'escalation_minutes': 20, 'queue': 'AML_CRITICAL_QUEUE', 'severity': 'CRITICAL'}",2026-09-27T09:40:47.023355,2026-09-27T09:40:47.051099+00:00,,,,,,RUN-20260927-092902-9FD475
CASE-FF65AA9B,TXN-0653A016,TRANSACTION_SUSPECT,U-1083,402a9b8b-d8fe-42ac-8d0b-01707fd61d27,P1,OPEN,105,AML_CRITICAL_QUEUE,AUTO_ALERT,TRANSACTION_SUSPECT,"{'trans_id': '402a9b8b-d8fe-42ac-8d0b-01707fd61d27', 'sender_id': 'U-1083', 'receiver_id': 'M-2046', 'amount': 258256.21, 'currency': 'INR', 'transaction_type': 'GATHER_SCATTER', 'channel': 'IMPS', 'sender_bal_before': 262698.45, 'sender_bal_after': 4442.24, 'receiver_bal_after': 356126.35, 'timestamp': '2026-09-27T15:12:31.188853+05:30', 'location': 'Bengaluru', 'is_sim_bound': False, 'is_sim_bound_at_tx': 0, 'device_id': 'D-30061', 'time_to_pay_ms': 58, 'scenario_type': 'P1_CRITICAL', 'scenario_variant': 'GATHER_SCATTER', 'scenario_risk_band': 'P1', 'txn_velocity_1h': 21, 'drain_ratio': 0.9831, 'forwarding_delay_mins': 2, 'balance_depletion_speed': 39599.7568, 'amount_deviation': 0.1066, 'avg_tx_amount_7d': 233378.31, 'distance_from_1L_threshold': 158256.21, 'distance_from_50k_threshold': 208256.21, 'empty_account_flag': 1, 'is_night_tx': 1, 'is_round_amount': 0, 'near_threshold_flag': 0, 'account_age_days': 56, 'device_shared_count': 14, 'ip_shared_count': 11, 'graph_score': 0.9543, 'fallback_behavior_score': 0.9578, 'fallback_sequence_score': 0.9019, 'fallback_graph_score': 0.9543, 'identity_trust_score': 7.21, 'device_trust_score': 6.04, 'sim_binding_ok': 0, 'sim_swap_flag': 1, 'vpn_flag': 1, 'hosting_flag': 0, 'city_mismatch_flag': 1, 'device_age_years': 1.8, 'network_risk_score': 0.7228, 'known_fraud_connections': 13, 'known_fraud_neighbors': 13, 'mule_cluster_size': 20, 'inbound_sources': 8, 'outbound_dest': 12, 'rapid_account_cluster_flag': 1, 'mule_cluster_flag': 1, 'tx_count_24h': 44, 'unique_receivers_7d': 10, 'days_since_last_tx': 0, 'high_value_txn': 1, 'rapid_movement': 1, 'rapid_outbound_after_inbound': 1, 'pass_through_ratio': 0.9243, 'structuring_pattern': 0, 'fragmentation_score': 0.1066, 'night_high_value_txn': 1, 'velocity_risk_score': 0.9177, 'signals': ['P1_CRITICAL', 'GATHER_SCATTER', 'RAPID_DRAIN', 'MULE_CLUSTER', 'SIM_NOT_BOUND', 'ML_ELEVATED_RISK_DUE_TO_AMOUNT', 'ML_ELEVATED_RISK_DUE_TO_RECEIVER_BAL_AFTER', 'ML_ELEVATED_RISK_DUE_TO_SENDER_BAL_BEFORE', 'ML_ELEVATED_RISK_DUE_TO_IS_SIM_BOUND', 'ML_ELEVATED_RISK_DUE_TO_TIME_TO_PAY_MS', 'HIGH_VALUE_TRANSFER', 'VERY_HIGH_VALUE_TRANSACTION', 'NEO4J_UNAVAILABLE', 'REALTIME_SCENARIO_GRAPH_FALLBACK', 'CRITICAL_RISK', 'URGENT_REVIEW'], 'pair_repeat_count': 1, 'decision': 'BLOCK', 'engine_decision': 'BLOCK', 'priority': 'P1', 'status': 'BLOCKED', 'risk': 0.9663, 'final_score': 0.9663, 'behavior_score': 1.0, 'behaviorScore': 1.0, 'sequence_score': 0.9019, 'sequenceScore': 0.9019, 'graphScore': 0.9543, 'neo4j_graph_score': 0.9543, 'rule_score': 1.0, 'behavior_label': 'SUSPICIOUS', 'sequence_pattern': 'GATHER_SCATTER', 'community_risk': 'CRITICAL', 'network_role': 'UNKNOWN', 'reasons': ['Critical mule laundering pattern detected', 'ML elevated risk due to amount', 'ML elevated risk due to receiver_bal_after', 'ML elevated risk due to sender_bal_before', 'ML elevated risk due to is_sim_bound', 'ML elevated risk due to time_to_pay_ms', 'GATHER_SCATTER', 'Connected to mule cluster'], 'alert_type': 'TRANSACTION_SUSPECT', 'requires_review': False, 'requires_block': True, 'requires_case': True, 'sla_minutes': 15, 'escalation_minutes': 20, 'queue': 'AML_CRITICAL_QUEUE', 'severity': 'CRITICAL'}",2026-09-27T09:42:34.194443,2026-09-27T09:42:34.227576+00:00,,,,,,RUN-20260927-092902-9FD475
CASE-E9139E12,TXN-A799EB1A,TRANSACTION_SUSPECT,U-1086,72fd6d44-6b95-4599-af6e-184e713b191b,P1,OPEN,101,AML_CRITICAL_QUEUE,AUTO_ALERT,TRANSACTION_SUSPECT,"{'trans_id': '72fd6d44-6b95-4599-af6e-184e713b191b', 'sender_id': 'U-1086', 'receiver_id': 'U-1093', 'amount': 222476.45, 'currency': 'INR', 'transaction_type': 'LAYERING_STEP', 'channel': 'IMPS', 'sender_bal_before': 232811.69, 'sender_bal_after': 10335.24, 'receiver_bal_after': 71997.18, 'timestamp': '2026-09-27T15:13:16.540426+05:30', 'location': 'Pune', 'is_sim_bound': False, 'is_sim_bound_at_tx': 0, 'device_id': 'D-30074', 'time_to_pay_ms': 271, 'scenario_type': 'P1_CRITICAL', 'scenario_variant': 'LAYERING', 'scenario_risk_band': 'P1', 'txn_velocity_1h': 37, 'drain_ratio': 0.9556, 'forwarding_delay_mins': 3, 'balance_depletion_speed': 19922.5196, 'amount_deviation': 0.0549, 'avg_tx_amount_7d': 235402.24, 'distance_from_1L_threshold': 122476.45, 'distance_from_50k_threshold': 172476.45, 'empty_account_flag': 1, 'is_night_tx': 1, 'is_round_amount': 0, 'near_threshold_flag': 0, 'account_age_days': 17, 'device_shared_count': 16, 'ip_shared_count': 10, 'graph_score': 0.9181, 'fallback_behavior_score': 0.9397, 'fallback_sequence_score': 0.9509, 'fallback_graph_score': 0.9181, 'identity_trust_score': 17.57, 'device_trust_score': 23.16, 'sim_binding_ok': 0, 'sim_swap_flag': 1, 'vpn_flag': 1, 'hosting_flag': 0, 'city_mismatch_flag': 1, 'device_age_years': 2.26, 'network_risk_score': 0.7773, 'known_fraud_connections': 9, 'known_fraud_neighbors': 9, 'mule_cluster_size': 25, 'inbound_sources': 10, 'outbound_dest': 12, 'rapid_account_cluster_flag': 1, 'mule_cluster_flag': 1, 'tx_count_24h': 23, 'unique_receivers_7d': 9, 'days_since_last_tx': 0, 'high_value_txn': 1, 'rapid_movement': 1, 'rapid_outbound_after_inbound': 1, 'pass_through_ratio': 0.9324, 'structuring_pattern': 0, 'fragmentation_score': 0.0549, 'night_high_value_txn': 1, 'velocity_risk_score': 0.9221, 'signals': ['P1_CRITICAL', 'LAYERING', 'LAYERING_CHAIN', 'MULE_CLUSTER', 'SHORT_FORWARDING_DELAY', 'SIM_NOT_BOUND', 'ML_ELEVATED_RISK_DUE_TO_AMOUNT', 'ML_ELEVATED_RISK_DUE_TO_RECEIVER_BAL_AFTER', 'ML_ELEVATED_RISK_DUE_TO_SENDER_BAL_BEFORE', 'ML_ELEVATED_RISK_DUE_TO_IS_SIM_BOUND', 'ML_ELEVATED_RISK_DUE_TO_TIME_TO_PAY_MS', 'GATHER_SCATTER', 'HIGH_VALUE_TRANSFER', 'VERY_HIGH_VALUE_TRANSACTION', 'NEO4J_UNAVAILABLE', 'REALTIME_SCENARIO_GRAPH_FALLBACK', 'CRITICAL_RISK', 'URGENT_REVIEW'], 'pair_repeat_count': 1, 'decision': 'BLOCK', 'engine_decision': 'BLOCK', 'priority': 'P1', 'status': 'BLOCKED', 'risk': 0.9713, 'final_score': 0.9713, 'behavior_score': 1.0, 'behaviorScore': 1.0, 'sequence_score': 0.9509, 'sequenceScore': 0.9509, 'graphScore': 0.9181, 'neo4j_graph_score': 0.9181, 'rule_score': 1.0, 'behavior_label': 'SUSPICIOUS', 'sequence_pattern': 'GATHER_SCATTER', 'community_risk': 'CRITICAL', 'network_role': 'UNKNOWN', 'reasons': ['Critical mule laundering pattern detected', 'ML elevated risk due to amount', 'ML elevated risk due to receiver_bal_after', 'ML elevated risk due to sender_bal_before', 'ML elevated risk due to is_sim_bound', 'ML elevated risk due to time_to_pay_ms', 'GATHER_SCATTER', 'Connected to mule cluster'], 'alert_type': 'TRANSACTION_SUSPECT', 'requires_review': False, 'requires_block': True, 'requires_case': True, 'sla_minutes': 15, 'escalation_minutes': 20, 'queue': 'AML_CRITICAL_QUEUE', 'severity': 'CRITICAL'}",2026-09-27T09:43:19.770346,2026-09-27T09:43:19.810424+00:00,,,,,,RUN-20260927-092902-9FD475
CASE-3D0A98C5,TXN-402E1674,TRANSACTION_SUSPECT,U-1080,afae50d1-195e-4c5c-bb62-56c67259c0a2,P1,OPEN,101,AML_CRITICAL_QUEUE,AUTO_ALERT,TRANSACTION_SUSPECT,"{'trans_id': 'afae50d1-195e-4c5c-bb62-56c67259c0a2', 'sender_id': 'U-1080', 'receiver_id': 'M-2047', 'amount': 48996.82, 'currency': 'INR', 'transaction_type': 'STRUCTURING', 'channel': 'UPI', 'sender_bal_before': 55214.91, 'sender_bal_after': 6218.09, 'receiver_bal_after': 737056.46, 'timestamp': '2026-09-27T15:15:13.926245+05:30', 'location': 'Chennai', 'is_sim_bound': False, 'is_sim_bound_at_tx': 0, 'device_id': 'D-30048', 'time_to_pay_ms': 10, 'scenario_type': 'P1_CRITICAL', 'scenario_variant': 'STRUCTURING', 'scenario_risk_band': 'P1', 'txn_velocity_1h': 30, 'drain_ratio': 0.8874, 'forwarding_delay_mins': 5, 'balance_depletion_speed': 10713.9829, 'amount_deviation': 0.0296, 'avg_tx_amount_7d': 50489.75, 'distance_from_1L_threshold': 51003.18, 'distance_from_50k_threshold': 1003.18, 'empty_account_flag': 0, 'is_night_tx': 1, 'is_round_amount': 0, 'near_threshold_flag': 1, 'account_age_days': 54, 'device_shared_count': 12, 'ip_shared_count': 15, 'graph_score': 0.9312, 'fallback_behavior_score': 0.9559, 'fallback_sequence_score': 0.974, 'fallback_graph_score': 0.9312, 'identity_trust_score': 18.86, 'device_trust_score': 15.56, 'sim_binding_ok': 0, 'sim_swap_flag': 1, 'vpn_flag': 1, 'hosting_flag': 1, 'city_mismatch_flag': 1, 'device_age_years': 1.13, 'network_risk_score': 0.8763, 'known_fraud_connections': 6, 'known_fraud_neighbors': 6, 'mule_cluster_size': 29, 'inbound_sources': 7, 'outbound_dest': 6, 'rapid_account_cluster_flag': 1, 'mule_cluster_flag': 1, 'tx_count_24h': 23, 'unique_receivers_7d': 9, 'days_since_last_tx': 0, 'high_value_txn': 1, 'rapid_movement': 1, 'rapid_outbound_after_inbound': 1, 'pass_through_ratio': 0.9208, 'structuring_pattern': 1, 'fragmentation_score': 0.9208, 'night_high_value_txn': 1, 'velocity_risk_score': 0.9353, 'signals': ['P1_CRITICAL', 'STRUCTURING', 'NEAR_THRESHOLD', 'HIGH_VALUE_TRANSFER', 'ML_ELEVATED_RISK_DUE_TO_AMOUNT', 'ML_ELEVATED_RISK_DUE_TO_RECEIVER_BAL_AFTER', 'ML_ELEVATED_RISK_DUE_TO_SENDER_BAL_BEFORE', 'ML_ELEVATED_RISK_DUE_TO_IS_SIM_BOUND', 'ML_ELEVATED_RISK_DUE_TO_TIME_TO_PAY_MS', 'GATHER_SCATTER', 'NEO4J_UNAVAILABLE', 'REALTIME_SCENARIO_GRAPH_FALLBACK', 'CRITICAL_RISK', 'URGENT_REVIEW'], 'pair_repeat_count': 1, 'decision': 'BLOCK', 'engine_decision': 'BLOCK', 'priority': 'P1', 'status': 'BLOCKED', 'risk': 0.9797, 'final_score': 0.9797, 'behavior_score': 1.0, 'behaviorScore': 1.0, 'sequence_score': 0.974, 'sequenceScore': 0.974, 'graphScore': 0.9312, 'neo4j_graph_score': 0.9312, 'rule_score': 1.0, 'behavior_label': 'SUSPICIOUS', 'sequence_pattern': 'GATHER_SCATTER', 'community_risk': 'CRITICAL', 'network_role': 'UNKNOWN', 'reasons': ['Critical mule laundering pattern detected', 'ML elevated risk due to amount', 'ML elevated risk due to receiver_bal_after', 'ML elevated risk due to sender_bal_before', 'ML elevated risk due to is_sim_bound', 'ML elevated risk due to time_to_pay_ms', 'GATHER_SCATTER', 'Connected to mule cluster'], 'alert_type': 'TRANSACTION_SUSPECT', 'requires_review': False, 'requires_block': True, 'requires_case': True, 'sla_minutes': 15, 'escalation_minutes': 20, 'queue': 'AML_CRITICAL_QUEUE', 'severity': 'CRITICAL'}",2026-09-27T09:45:16.302053,2026-09-27T09:45:16.340000+00:00,,,,,,RUN-20260927-092902-9FD475
CASE-AE86F94B,TXN-8DE39ABA,TRANSACTION_SUSPECT,U-1081,b1147c5b-7e01-45da-90ef-1e7d3a61fa7a,P1,OPEN,105,AML_CRITICAL_QUEUE,AUTO_ALERT,TRANSACTION_SUSPECT,"{'trans_id': 'b1147c5b-7e01-45da-90ef-1e7d3a61fa7a', 'sender_id': 'U-1081', 'receiver_id': 'U-1095', 'amount': 391628.84, 'currency': 'INR', 'transaction_type': 'GATHER_SCATTER', 'channel': 'NEFT', 'sender_bal_before': 425055.54, 'sender_bal_after': 33426.7, 'receiver_bal_after': 70757.46, 'timestamp': '2026-09-27T15:15:42.809088+05:30', 'location': 'Pune', 'is_sim_bound': False, 'is_sim_bound_at_tx': 0, 'device_id': 'D-30085', 'time_to_pay_ms': 195, 'scenario_type': 'P1_CRITICAL', 'scenario_variant': 'GATHER_SCATTER', 'scenario_risk_band': 'P1', 'txn_velocity_1h': 31, 'drain_ratio': 0.9214, 'forwarding_delay_mins': 4, 'balance_depletion_speed': 43593.1144, 'amount_deviation': 0.1065, 'avg_tx_amount_7d': 438310.22, 'distance_from_1L_threshold': 291628.84, 'distance_from_50k_threshold': 341628.84, 'empty_account_flag': 0, 'is_night_tx': 1, 'is_round_amount': 0, 'near_threshold_flag': 0, 'account_age_days': 26, 'device_shared_count': 16, 'ip_shared_count': 14, 'graph_score': 0.9389, 'fallback_behavior_score': 0.9166, 'fallback_sequence_score': 0.9006, 'fallback_graph_score': 0.9389, 'identity_trust_score': 9.5, 'device_trust_score': 6.38, 'sim_binding_ok': 0, 'sim_swap_flag': 1, 'vpn_flag': 1, 'hosting_flag': 0, 'city_mismatch_flag': 1, 'device_age_years': 0.44, 'network_risk_score': 0.8144, 'known_fraud_connections': 7, 'known_fraud_neighbors': 7, 'mule_cluster_size': 20, 'inbound_sources': 11, 'outbound_dest': 12, 'rapid_account_cluster_flag': 1, 'mule_cluster_flag': 1, 'tx_count_24h': 27, 'unique_receivers_7d': 10, 'days_since_last_tx': 0, 'high_value_txn': 1, 'rapid_movement': 1, 'rapid_outbound_after_inbound': 1, 'pass_through_ratio': 0.9365, 'structuring_pattern': 0, 'fragmentation_score': 0.1065, 'night_high_value_txn': 1, 'velocity_risk_score': 0.953, 'signals': ['P1_CRITICAL', 'GATHER_SCATTER', 'RAPID_DRAIN', 'MULE_CLUSTER', 'SIM_NOT_BOUND', 'ML_ELEVATED_RISK_DUE_TO_AMOUNT', 'ML_ELEVATED_RISK_DUE_TO_RECEIVER_BAL_AFTER', 'ML_ELEVATED_RISK_DUE_TO_SENDER_BAL_BEFORE', 'ML_ELEVATED_RISK_DUE_TO_IS_SIM_BOUND', 'ML_ELEVATED_RISK_DUE_TO_TIME_TO_PAY_MS', 'HIGH_VALUE_TRANSFER', 'VERY_HIGH_VALUE_TRANSACTION', 'NEO4J_UNAVAILABLE', 'REALTIME_SCENARIO_GRAPH_FALLBACK', 'CRITICAL_RISK', 'URGENT_REVIEW'], 'pair_repeat_count': 1, 'decision': 'BLOCK', 'engine_decision': 'BLOCK', 'priority': 'P1', 'status': 'BLOCKED', 'risk': 0.9629, 'final_score': 0.9629, 'behavior_score': 1.0, 'behaviorScore': 1.0, 'sequence_score': 0.9006, 'sequenceScore': 0.9006, 'graphScore': 0.9389, 'neo4j_graph_score': 0.9389, 'rule_score': 1.0, 'behavior_label': 'SUSPICIOUS', 'sequence_pattern': 'GATHER_SCATTER', 'community_risk': 'CRITICAL', 'network_role': 'UNKNOWN', 'reasons': ['Critical mule laundering pattern detected', 'ML elevated risk due to amount', 'ML elevated risk due to receiver_bal_after', 'ML elevated risk due to sender_bal_before', 'ML elevated risk due to is_sim_bound', 'ML elevated risk due to time_to_pay_ms', 'GATHER_SCATTER', 'Connected to mule cluster'], 'alert_type': 'TRANSACTION_SUSPECT', 'requires_review': False, 'requires_block': True, 'requires_case': True, 'sla_minutes': 15, 'escalation_minutes': 20, 'queue': 'AML_CRITICAL_QUEUE', 'severity': 'CRITICAL'}",2026-09-27T09:45:45.244254,2026-09-27T09:45:45.274090+00:00,,,,,,RUN-20260927-092902-9FD475
CASE-4BDAD48B,TXN-1B327C5F,TRANSACTION_SUSPECT,U-1082,ba6ddad1-dd39-45b8-be9c-db6a31d0357b,P1,OPEN,104,AML_CRITICAL_QUEUE,AUTO_ALERT,TRANSACTION_SUSPECT,"{'trans_id': 'ba6ddad1-dd39-45b8-be9c-db6a31d0357b', 'sender_id': 'U-1082', 'receiver_id': 'M-2049', 'amount': 369037.86, 'currency': 'INR', 'transaction_type': 'GATHER_SCATTER', 'channel': 'IMPS', 'sender_bal_before': 401747.93, 'sender_bal_after': 32710.07, 'receiver_bal_after': 259262.14, 'timestamp': '2026-09-27T15:19:38.378526+05:30', 'location': 'Kolkata', 'is_sim_bound': False, 'is_sim_bound_at_tx': 0, 'device_id': 'D-30079', 'time_to_pay_ms': 185, 'scenario_type': 'P1_CRITICAL', 'scenario_variant': 'GATHER_SCATTER', 'scenario_risk_band': 'P1', 'txn_velocity_1h': 33, 'drain_ratio': 0.9186, 'forwarding_delay_mins': 5, 'balance_depletion_speed': 41273.5873, 'amount_deviation': 0.0807, 'avg_tx_amount_7d': 401454.07, 'distance_from_1L_threshold': 269037.86, 'distance_from_50k_threshold': 319037.86, 'empty_account_flag': 0, 'is_night_tx': 1, 'is_round_amount': 0, 'near_threshold_flag': 0, 'account_age_days': 50, 'device_shared_count': 10, 'ip_shared_count': 11, 'graph_score': 0.9554, 'fallback_behavior_score': 0.9371, 'fallback_sequence_score': 0.9761, 'fallback_graph_score': 0.9554, 'identity_trust_score': 28.19, 'device_trust_score': 5.6, 'sim_binding_ok': 0, 'sim_swap_flag': 1, 'vpn_flag': 1, 'hosting_flag': 0, 'city_mismatch_flag': 1, 'device_age_years': 1.08, 'network_risk_score': 0.7846, 'known_fraud_connections': 12, 'known_fraud_neighbors': 12, 'mule_cluster_size': 16, 'inbound_sources': 12, 'outbound_dest': 12, 'rapid_account_cluster_flag': 1, 'mule_cluster_flag': 1, 'tx_count_24h': 42, 'unique_receivers_7d': 8, 'days_since_last_tx': 0, 'high_value_txn': 1, 'rapid_movement': 1, 'rapid_outbound_after_inbound': 1, 'pass_through_ratio': 0.9552, 'structuring_pattern': 0, 'fragmentation_score': 0.0807, 'night_high_value_txn': 1, 'velocity_risk_score': 0.9426, 'signals': ['P1_CRITICAL', 'GATHER_SCATTER', 'RAPID_DRAIN', 'MULE_CLUSTER', 'SIM_NOT_BOUND', 'ML_ELEVATED_RISK_DUE_TO_AMOUNT', 'ML_ELEVATED_RISK_DUE_TO_RECEIVER_BAL_AFTER', 'ML_ELEVATED_RISK_DUE_TO_SENDER_BAL_BEFORE', 'ML_ELEVATED_RISK_DUE_TO_IS_SIM_BOUND', 'ML_ELEVATED_RISK_DUE_TO_TIME_TO_PAY_MS', 'HIGH_VALUE_TRANSFER', 'VERY_HIGH_VALUE_TRANSACTION', 'NEO4J_UNAVAILABLE', 'REALTIME_SCENARIO_GRAPH_FALLBACK', 'CRITICAL_RISK', 'URGENT_REVIEW'], 'pair_repeat_count': 1, 'decision': 'BLOCK', 'engine_decision': 'BLOCK', 'priority': 'P1', 'status': 'BLOCKED', 'risk': 0.9851, 'final_score': 0.9851, 'behavior_score': 1.0, 'behaviorScore': 1.0, 'sequence_score': 0.9761, 'sequenceScore': 0.9761, 'graphScore': 0.9554, 'neo4j_graph_score': 0.9554, 'rule_score': 1.0, 'behavior_label': 'SUSPICIOUS', 'sequence_pattern': 'GATHER_SCATTER', 'community_risk': 'CRITICAL', 'network_role': 'UNKNOWN', 'reasons': ['Critical mule laundering pattern detected', 'ML elevated risk due to amount', 'ML elevated risk due to receiver_bal_after', 'ML elevated risk due to sender_bal_before', 'ML elevated risk due to is_sim_bound', 'ML elevated risk due to time_to_pay_ms', 'GATHER_SCATTER', 'Connected to mule cluster'], 'alert_type': 'TRANSACTION_SUSPECT', 'requires_review': False, 'requires_block': True, 'requires_case': True, 'sla_minutes': 15, 'escalation_minutes': 20, 'queue': 'AML_CRITICAL_QUEUE', 'severity': 'CRITICAL'}",2026-09-27T09:49:41.266674,2026-09-27T09:49:41.300936+00:00,,,,,,RUN-20260927-094800-CCC424
CASE-24AC35AF,TXN-85C92A6B,TRANSACTION_SUSPECT,U-1084,c5613267-f2e2-45c9-8848-d4d3e97b1bbc,P1,OPEN,105,AML_CRITICAL_QUEUE,AUTO_ALERT,TRANSACTION_SUSPECT,"{'trans_id': 'c5613267-f2e2-45c9-8848-d4d3e97b1bbc', 'sender_id': 'U-1084', 'receiver_id': 'M-2042', 'amount': 341059.02, 'currency': 'INR', 'transaction_type': 'GATHER_SCATTER', 'channel': 'IMPS', 'sender_bal_before': 365035.94, 'sender_bal_after': 23976.92, 'receiver_bal_after': 35335.32, 'timestamp': '2026-09-27T15:20:55.421725+05:30', 'location': 'Chennai', 'is_sim_bound': False, 'is_sim_bound_at_tx': 0, 'device_id': 'D-30073', 'time_to_pay_ms': 220, 'scenario_type': 'P1_CRITICAL', 'scenario_variant': 'GATHER_SCATTER', 'scenario_risk_band': 'P1', 'txn_velocity_1h': 32, 'drain_ratio': 0.9343, 'forwarding_delay_mins': 2, 'balance_depletion_speed': 45955.1767, 'amount_deviation': 0.1053, 'avg_tx_amount_7d': 381198.74, 'distance_from_1L_threshold': 241059.02, 'distance_from_50k_threshold': 291059.02, 'empty_account_flag': 0, 'is_night_tx': 1, 'is_round_amount': 0, 'near_threshold_flag': 0, 'account_age_days': 14, 'device_shared_count': 20, 'ip_shared_count': 10, 'graph_score': 0.9668, 'fallback_behavior_score': 0.9128, 'fallback_sequence_score': 0.9294, 'fallback_graph_score': 0.9668, 'identity_trust_score': 25.97, 'device_trust_score': 21.94, 'sim_binding_ok': 0, 'sim_swap_flag': 1, 'vpn_flag': 1, 'hosting_flag': 1, 'city_mismatch_flag': 1, 'device_age_years': 1.84, 'network_risk_score': 0.7724, 'known_fraud_connections': 6, 'known_fraud_neighbors': 6, 'mule_cluster_size': 24, 'inbound_sources': 8, 'outbound_dest': 12, 'rapid_account_cluster_flag': 1, 'mule_cluster_flag': 1, 'tx_count_24h': 41, 'unique_receivers_7d': 10, 'days_since_last_tx': 0, 'high_value_txn': 1, 'rapid_movement': 1, 'rapid_outbound_after_inbound': 1, 'pass_through_ratio': 0.9658, 'structuring_pattern': 0, 'fragmentation_score': 0.1053, 'night_high_value_txn': 1, 'velocity_risk_score': 0.902, 'signals': ['P1_CRITICAL', 'GATHER_SCATTER', 'RAPID_DRAIN', 'MULE_CLUSTER', 'SIM_NOT_BOUND', 'ML_ELEVATED_RISK_DUE_TO_AMOUNT', 'ML_ELEVATED_RISK_DUE_TO_RECEIVER_BAL_AFTER', 'ML_ELEVATED_RISK_DUE_TO_SENDER_BAL_BEFORE', 'ML_ELEVATED_RISK_DUE_TO_IS_SIM_BOUND', 'ML_ELEVATED_RISK_DUE_TO_TIME_TO_PAY_MS', 'HIGH_VALUE_TRANSFER', 'VERY_HIGH_VALUE_TRANSACTION', 'NEO4J_UNAVAILABLE', 'REALTIME_SCENARIO_GRAPH_FALLBACK', 'CRITICAL_RISK', 'URGENT_REVIEW'], 'pair_repeat_count': 1, 'decision': 'BLOCK', 'engine_decision': 'BLOCK', 'priority': 'P1', 'status': 'BLOCKED', 'risk': 0.9757, 'final_score': 0.9757, 'behavior_score': 1.0, 'behaviorScore': 1.0, 'sequence_score': 0.9294, 'sequenceScore': 0.9294, 'graphScore': 0.9668, 'neo4j_graph_score': 0.9668, 'rule_score': 1.0, 'behavior_label': 'SUSPICIOUS', 'sequence_pattern': 'GATHER_SCATTER', 'community_risk': 'CRITICAL', 'network_role': 'UNKNOWN', 'reasons': ['Critical mule laundering pattern detected', 'ML elevated risk due to amount', 'ML elevated risk due to receiver_bal_after', 'ML elevated risk due to sender_bal_before', 'ML elevated risk due to is_sim_bound', 'ML elevated risk due to time_to_pay_ms', 'GATHER_SCATTER', 'Connected to mule cluster'], 'alert_type': 'TRANSACTION_SUSPECT', 'requires_review': False, 'requires_block': True, 'requires_case': True, 'sla_minutes': 15, 'escalation_minutes': 20, 'queue': 'AML_CRITICAL_QUEUE', 'severity': 'CRITICAL'}",2026-09-27T09:50:58.642575,2026-09-27T09:50:58.676915+00:00,,,,,,RUN-20260927-094800-CCC424
CASE-B4A1252D,TXN-7403495F,TRANSACTION_SUSPECT,U-1081,eb793afd-1deb-41c0-b8e7-22514696798c,P1,OPEN,101,AML_CRITICAL_QUEUE,AUTO_ALERT,TRANSACTION_SUSPECT,"{'trans_id': 'eb793afd-1deb-41c0-b8e7-22514696798c', 'sender_id': 'U-1081', 'receiver_id': 'U-1099', 'amount': 101875.74, 'currency': 'INR', 'transaction_type': 'GATHER_SCATTER', 'channel': 'NEFT', 'sender_bal_before': 104567.15, 'sender_bal_after': 2691.41, 'receiver_bal_after': 319905.62, 'timestamp': '2026-09-27T15:23:58.444591+05:30', 'location': 'Pune', 'is_sim_bound': False, 'is_sim_bound_at_tx': 0, 'device_id': 'D-30092', 'time_to_pay_ms': 53, 'scenario_type': 'P1_CRITICAL', 'scenario_variant': 'GATHER_SCATTER', 'scenario_risk_band': 'P1', 'txn_velocity_1h': 25, 'drain_ratio': 0.9743, 'forwarding_delay_mins': 0, 'balance_depletion_speed': 30703.6053, 'amount_deviation': 0.079, 'avg_tx_amount_7d': 110611.11, 'distance_from_1L_threshold': 1875.74, 'distance_from_50k_threshold': 51875.74, 'empty_account_flag': 1, 'is_night_tx': 0, 'is_round_amount': 0, 'near_threshold_flag': 0, 'account_age_days': 12, 'device_shared_count': 15, 'ip_shared_count': 7, 'graph_score': 0.9824, 'fallback_behavior_score': 0.9699, 'fallback_sequence_score': 0.9814, 'fallback_graph_score': 0.9824, 'identity_trust_score': 18.81, 'device_trust_score': 21.62, 'sim_binding_ok': 0, 'sim_swap_flag': 1, 'vpn_flag': 1, 'hosting_flag': 0, 'city_mismatch_flag': 1, 'device_age_years': 1.87, 'network_risk_score': 0.935, 'known_fraud_connections': 10, 'known_fraud_neighbors': 10, 'mule_cluster_size': 10, 'inbound_sources': 8, 'outbound_dest': 8, 'rapid_account_cluster_flag': 1, 'mule_cluster_flag': 1, 'tx_count_24h': 27, 'unique_receivers_7d': 6, 'days_since_last_tx': 0, 'high_value_txn': 1, 'rapid_movement': 1, 'rapid_outbound_after_inbound': 1, 'pass_through_ratio': 0.9284, 'structuring_pattern': 0, 'fragmentation_score': 0.079, 'night_high_value_txn': 1, 'velocity_risk_score': 0.9617, 'signals': ['P1_CRITICAL', 'GATHER_SCATTER', 'RAPID_DRAIN', 'MULE_CLUSTER', 'SIM_NOT_BOUND', 'ML_ELEVATED_RISK_DUE_TO_AMOUNT', 'ML_ELEVATED_RISK_DUE_TO_RECEIVER_BAL_AFTER', 'ML_ELEVATED_RISK_DUE_TO_SENDER_BAL_BEFORE', 'ML_ELEVATED_RISK_DUE_TO_IS_SIM_BOUND', 'ML_ELEVATED_RISK_DUE_TO_TIME_TO_PAY_MS', 'HIGH_VALUE_TRANSFER', 'VERY_HIGH_VALUE_TRANSACTION', 'NEO4J_UNAVAILABLE', 'REALTIME_SCENARIO_GRAPH_FALLBACK', 'CRITICAL_RISK', 'URGENT_REVIEW'], 'pair_repeat_count': 1, 'decision': 'BLOCK', 'engine_decision': 'BLOCK', 'priority': 'P1', 'status': 'BLOCKED', 'risk': 0.9918, 'final_score': 0.9918, 'behavior_score': 1.0, 'behaviorScore': 1.0, 'sequence_score': 0.9814, 'sequenceScore': 0.9814, 'graphScore': 0.9824, 'neo4j_graph_score': 0.9824, 'rule_score': 1.0, 'behavior_label': 'SUSPICIOUS', 'sequence_pattern': 'GATHER_SCATTER', 'community_risk': 'CRITICAL', 'network_role': 'UNKNOWN', 'reasons': ['Critical mule laundering pattern detected', 'ML elevated risk due to amount', 'ML elevated risk due to receiver_bal_after', 'ML elevated risk due to sender_bal_before', 'ML elevated risk due to is_sim_bound', 'ML elevated risk due to time_to_pay_ms', 'GATHER_SCATTER', 'Connected to mule cluster'], 'alert_type': 'TRANSACTION_SUSPECT', 'requires_review': False, 'requires_block': True, 'requires_case': True, 'sla_minutes': 15, 'escalation_minutes': 20, 'queue': 'AML_CRITICAL_QUEUE', 'severity': 'CRITICAL'}",2026-09-27T09:54:25.812406,2026-09-27T09:54:25.842075+00:00,,,,,,RUN-20260927-094800-CCC424
CASE-2C56AF51,TXN-1868CE07,TRANSACTION_SUSPECT,U-1078,02a995eb-6411-4ced-ac7e-7be0162e3cb4,P1,OPEN,104,AML_CRITICAL_QUEUE,AUTO_ALERT,TRANSACTION_SUSPECT,"{'trans_id': '02a995eb-6411-4ced-ac7e-7be0162e3cb4', 'sender_id': 'U-1078', 'receiver_id': 'U-1098', 'amount': 109567.55, 'currency': 'INR', 'transaction_type': 'LAYERING_STEP', 'channel': 'NEFT', 'sender_bal_before': 111571.33, 'sender_bal_after': 2003.78, 'receiver_bal_after': 642583.5, 'timestamp': '2026-09-27T15:26:06.928782+05:30', 'location': 'Kolkata', 'is_sim_bound': False, 'is_sim_bound_at_tx': 0, 'device_id': 'D-30061', 'time_to_pay_ms': 136, 'scenario_type': 'P1_CRITICAL', 'scenario_variant': 'LAYERING', 'scenario_risk_band': 'P1', 'txn_velocity_1h': 25, 'drain_ratio': 0.982, 'forwarding_delay_mins': 1, 'balance_depletion_speed': 18686.0993, 'amount_deviation': 0.1364, 'avg_tx_amount_7d': 96416.9, 'distance_from_1L_threshold': 9567.55, 'distance_from_50k_threshold': 59567.55, 'empty_account_flag': 1, 'is_night_tx': 0, 'is_round_amount': 0, 'near_threshold_flag': 0, 'account_age_days': 29, 'device_shared_count': 19, 'ip_shared_count': 13, 'graph_score': 0.979, 'fallback_behavior_score': 0.958, 'fallback_sequence_score': 0.9651, 'fallback_graph_score': 0.979, 'identity_trust_score': 8.72, 'device_trust_score': 9.18, 'sim_binding_ok': 0, 'sim_swap_flag': 1, 'vpn_flag': 1, 'hosting_flag': 0, 'city_mismatch_flag': 1, 'device_age_years': 0.33, 'network_risk_score': 0.8618, 'known_fraud_connections': 7, 'known_fraud_neighbors': 7, 'mule_cluster_size': 15, 'inbound_sources': 11, 'outbound_dest': 9, 'rapid_account_cluster_flag': 1, 'mule_cluster_flag': 1, 'tx_count_24h': 25, 'unique_receivers_7d': 8, 'days_since_last_tx': 0, 'high_value_txn': 1, 'rapid_movement': 1, 'rapid_outbound_after_inbound': 1, 'pass_through_ratio': 0.9637, 'structuring_pattern': 0, 'fragmentation_score': 0.1364, 'night_high_value_txn': 1, 'velocity_risk_score': 0.9336, 'signals': ['P1_CRITICAL', 'LAYERING', 'LAYERING_CHAIN', 'MULE_CLUSTER', 'SHORT_FORWARDING_DELAY', 'SIM_NOT_BOUND', 'ML_ELEVATED_RISK_DUE_TO_AMOUNT', 'ML_ELEVATED_RISK_DUE_TO_RECEIVER_BAL_AFTER', 'ML_ELEVATED_RISK_DUE_TO_SENDER_BAL_BEFORE', 'ML_ELEVATED_RISK_DUE_TO_IS_SIM_BOUND', 'ML_ELEVATED_RISK_DUE_TO_TIME_TO_PAY_MS', 'GATHER_SCATTER', 'HIGH_VALUE_TRANSFER', 'VERY_HIGH_VALUE_TRANSACTION', 'NEO4J_UNAVAILABLE', 'REALTIME_SCENARIO_GRAPH_FALLBACK', 'CRITICAL_RISK', 'URGENT_REVIEW'], 'pair_repeat_count': 1, 'decision': 'BLOCK', 'engine_decision': 'BLOCK', 'priority': 'P1', 'status': 'BLOCKED', 'risk': 0.9871, 'final_score': 0.9871, 'behavior_score': 1.0, 'behaviorScore': 1.0, 'sequence_score': 0.9651, 'sequenceScore': 0.9651, 'graphScore': 0.979, 'neo4j_graph_score': 0.979, 'rule_score': 1.0, 'behavior_label': 'SUSPICIOUS', 'sequence_pattern': 'GATHER_SCATTER', 'community_risk': 'CRITICAL', 'network_role': 'UNKNOWN', 'reasons': ['Critical mule laundering pattern detected', 'ML elevated risk due to amount', 'ML elevated risk due to receiver_bal_after', 'ML elevated risk due to sender_bal_before', 'ML elevated risk due to is_sim_bound', 'ML elevated risk due to time_to_pay_ms', 'GATHER_SCATTER', 'Connected to mule cluster'], 'alert_type': 'TRANSACTION_SUSPECT', 'requires_review': False, 'requires_block': True, 'requires_case': True, 'sla_minutes': 15, 'escalation_minutes': 20, 'queue': 'AML_CRITICAL_QUEUE', 'severity': 'CRITICAL'}",2026-09-27T09:56:09.726891,2026-09-27T09:56:09.756701+00:00,,,,,,RUN-20260927-094800-CCC424
CASE-0D9E6756,TXN-019C42BA,TRANSACTION_SUSPECT,U-1083,20c02b9d-a2ca-4228-82b4-6e4df5d9ef6a,P1,OPEN,105,AML_CRITICAL_QUEUE,AUTO_ALERT,TRANSACTION_SUSPECT,"{'trans_id': '20c02b9d-a2ca-4228-82b4-6e4df5d9ef6a', 'sender_id': 'U-1083', 'receiver_id': 'M-2044', 'amount': 98908.54, 'currency': 'INR', 'transaction_type': 'STRUCTURING', 'channel': 'UPI', 'sender_bal_before': 108496.8, 'sender_bal_after': 9588.26, 'receiver_bal_after': 302196.35, 'timestamp': '2026-09-27T15:26:51.943139+05:30', 'location': 'Bengaluru', 'is_sim_bound': False, 'is_sim_bound_at_tx': 0, 'device_id': 'D-30062', 'time_to_pay_ms': 70, 'scenario_type': 'P1_CRITICAL', 'scenario_variant': 'STRUCTURING', 'scenario_risk_band': 'P1', 'txn_velocity_1h': 22, 'drain_ratio': 0.9116, 'forwarding_delay_mins': 4, 'balance_depletion_speed': 27906.1011, 'amount_deviation': 0.0178, 'avg_tx_amount_7d': 97183.43, 'distance_from_1L_threshold': 1091.46, 'distance_from_50k_threshold': 48908.54, 'empty_account_flag': 0, 'is_night_tx': 1, 'is_round_amount': 0, 'near_threshold_flag': 1, 'account_age_days': 2, 'device_shared_count': 17, 'ip_shared_count': 5, 'graph_score': 0.9576, 'fallback_behavior_score': 0.9167, 'fallback_sequence_score': 0.9841, 'fallback_graph_score': 0.9576, 'identity_trust_score': 8.11, 'device_trust_score': 15.05, 'sim_binding_ok': 0, 'sim_swap_flag': 1, 'vpn_flag': 1, 'hosting_flag': 1, 'city_mismatch_flag': 1, 'device_age_years': 1.31, 'network_risk_score': 0.7276, 'known_fraud_connections': 8, 'known_fraud_neighbors': 8, 'mule_cluster_size': 21, 'inbound_sources': 9, 'outbound_dest': 10, 'rapid_account_cluster_flag': 1, 'mule_cluster_flag': 1, 'tx_count_24h': 35, 'unique_receivers_7d': 8, 'days_since_last_tx': 0, 'high_value_txn': 1, 'rapid_movement': 1, 'rapid_outbound_after_inbound': 1, 'pass_through_ratio': 0.9759, 'structuring_pattern': 1, 'fragmentation_score': 0.9759, 'night_high_value_txn': 1, 'velocity_risk_score': 0.9178, 'signals': ['P1_CRITICAL', 'STRUCTURING', 'NEAR_THRESHOLD', 'HIGH_VALUE_TRANSFER', 'ML_ELEVATED_RISK_DUE_TO_AMOUNT', 'ML_ELEVATED_RISK_DUE_TO_RECEIVER_BAL_AFTER', 'ML_ELEVATED_RISK_DUE_TO_SENDER_BAL_BEFORE', 'ML_ELEVATED_RISK_DUE_TO_IS_SIM_BOUND', 'ML_ELEVATED_RISK_DUE_TO_TIME_TO_PAY_MS', 'GATHER_SCATTER', 'NEO4J_UNAVAILABLE', 'REALTIME_SCENARIO_GRAPH_FALLBACK', 'CRITICAL_RISK', 'URGENT_REVIEW'], 'pair_repeat_count': 1, 'decision': 'BLOCK', 'engine_decision': 'BLOCK', 'priority': 'P1', 'status': 'BLOCKED', 'risk': 0.9875, 'final_score': 0.9875, 'behavior_score': 1.0, 'behaviorScore': 1.0, 'sequence_score': 0.9841, 'sequenceScore': 0.9841, 'graphScore': 0.9576, 'neo4j_graph_score': 0.9576, 'rule_score': 1.0, 'behavior_label': 'SUSPICIOUS', 'sequence_pattern': 'GATHER_SCATTER', 'community_risk': 'CRITICAL', 'network_role': 'UNKNOWN', 'reasons': ['Critical mule laundering pattern detected', 'ML elevated risk due to amount', 'ML elevated risk due to receiver_bal_after', 'ML elevated risk due to sender_bal_before', 'ML elevated risk due to is_sim_bound', 'ML elevated risk due to time_to_pay_ms', 'GATHER_SCATTER', 'Connected to mule cluster'], 'alert_type': 'TRANSACTION_SUSPECT', 'requires_review': False, 'requires_block': True, 'requires_case': True, 'sla_minutes': 15, 'escalation_minutes': 20, 'queue': 'AML_CRITICAL_QUEUE', 'severity': 'CRITICAL'}",2026-09-27T09:56:54.868122,2026-09-27T09:56:54.905537+00:00,,,,,,RUN-20260927-094800-CCC424
CASE-B6992961,TXN-43A88981,TRANSACTION_SUSPECT,U-1084,c9b860d0-49a7-449c-af2f-2a5948f6bb3c,P1,OPEN,101,AML_CRITICAL_QUEUE,AUTO_ALERT,TRANSACTION_SUSPECT,"{'trans_id': 'c9b860d0-49a7-449c-af2f-2a5948f6bb3c', 'sender_id': 'U-1084', 'receiver_id': 'U-1096', 'amount': 271671.63, 'currency': 'INR', 'transaction_type': 'GATHER_SCATTER', 'channel': 'UPI', 'sender_bal_before': 280132.09, 'sender_bal_after': 8460.46, 'receiver_bal_after': 13196.42, 'timestamp': '2026-09-27T15:29:57.232468+05:30', 'location': 'Hyderabad', 'is_sim_bound': False, 'is_sim_bound_at_tx': 0, 'device_id': 'D-30091', 'time_to_pay_ms': 16, 'scenario_type': 'P1_CRITICAL', 'scenario_variant': 'GATHER_SCATTER', 'scenario_risk_band': 'P1', 'txn_velocity_1h': 44, 'drain_ratio': 0.9698, 'forwarding_delay_mins': 5, 'balance_depletion_speed': 39253.1036, 'amount_deviation': 0.0766, 'avg_tx_amount_7d': 252350.79, 'distance_from_1L_threshold': 171671.63, 'distance_from_50k_threshold': 221671.63, 'empty_account_flag': 1, 'is_night_tx': 1, 'is_round_amount': 0, 'near_threshold_flag': 0, 'account_age_days': 44, 'device_shared_count': 8, 'ip_shared_count': 13, 'graph_score': 0.9196, 'fallback_behavior_score': 0.9857, 'fallback_sequence_score': 0.9086, 'fallback_graph_score': 0.9196, 'identity_trust_score': 23.95, 'device_trust_score': 23.17, 'sim_binding_ok': 0, 'sim_swap_flag': 1, 'vpn_flag': 1, 'hosting_flag': 0, 'city_mismatch_flag': 1, 'device_age_years': 1.52, 'network_risk_score': 0.9398, 'known_fraud_connections': 13, 'known_fraud_neighbors': 13, 'mule_cluster_size': 17, 'inbound_sources': 15, 'outbound_dest': 10, 'rapid_account_cluster_flag': 1, 'mule_cluster_flag': 1, 'tx_count_24h': 24, 'unique_receivers_7d': 8, 'days_since_last_tx': 0, 'high_value_txn': 1, 'rapid_movement': 1, 'rapid_outbound_after_inbound': 1, 'pass_through_ratio': 0.9279, 'structuring_pattern': 0, 'fragmentation_score': 0.0766, 'night_high_value_txn': 1, 'velocity_risk_score': 0.9023, 'signals': ['P1_CRITICAL', 'GATHER_SCATTER', 'RAPID_DRAIN', 'MULE_CLUSTER', 'SIM_NOT_BOUND', 'ML_ELEVATED_RISK_DUE_TO_AMOUNT', 'ML_ELEVATED_RISK_DUE_TO_RECEIVER_BAL_AFTER', 'ML_ELEVATED_RISK_DUE_TO_SENDER_BAL_BEFORE', 'ML_ELEVATED_RISK_DUE_TO_IS_SIM_BOUND', 'ML_ELEVATED_RISK_DUE_TO_TIME_TO_PAY_MS', 'HIGH_VALUE_TRANSFER', 'VERY_HIGH_VALUE_TRANSACTION', 'NEO4J_UNAVAILABLE', 'REALTIME_SCENARIO_GRAPH_FALLBACK', 'CRITICAL_RISK', 'URGENT_REVIEW'], 'pair_repeat_count': 1, 'decision': 'BLOCK', 'engine_decision': 'BLOCK', 'priority': 'P1', 'status': 'BLOCKED', 'risk': 0.9611, 'final_score': 0.9611, 'behavior_score': 1.0, 'behaviorScore': 1.0, 'sequence_score': 0.9086, 'sequenceScore': 0.9086, 'graphScore': 0.9196, 'neo4j_graph_score': 0.9196, 'rule_score': 1.0, 'behavior_label': 'SUSPICIOUS', 'sequence_pattern': 'GATHER_SCATTER', 'community_risk': 'CRITICAL', 'network_role': 'UNKNOWN', 'reasons': ['Critical mule laundering pattern detected', 'ML elevated risk due to amount', 'ML elevated risk due to receiver_bal_after', 'ML elevated risk due to sender_bal_before', 'ML elevated risk due to is_sim_bound', 'ML elevated risk due to time_to_pay_ms', 'GATHER_SCATTER', 'Connected to mule cluster'], 'alert_type': 'TRANSACTION_SUSPECT', 'requires_review': False, 'requires_block': True, 'requires_case': True, 'sla_minutes': 15, 'escalation_minutes': 20, 'queue': 'AML_CRITICAL_QUEUE', 'severity': 'CRITICAL'}",2026-09-27T09:59:58.195169,2026-09-27T09:59:58.205289+00:00,,,,,,RUN-20260927-094800-CCC424
CASE-EC164013,TXN-B72055EE,TRANSACTION_SUSPECT,U-1083,085da624-97fa-4778-9a4c-023737aafb4d,P1,OPEN,104,AML_CRITICAL_QUEUE,AUTO_ALERT,TRANSACTION_SUSPECT,"{'trans_id': '085da624-97fa-4778-9a4c-023737aafb4d', 'sender_id': 'U-1083', 'receiver_id': 'U-1090', 'amount': 382870.52, 'currency': 'INR', 'transaction_type': 'GATHER_SCATTER', 'channel': 'IMPS', 'sender_bal_before': 401351.91, 'sender_bal_after': 18481.39, 'receiver_bal_after': 524213.27, 'timestamp': '2026-09-27T15:30:12.161417+05:30', 'location': 'Delhi', 'is_sim_bound': False, 'is_sim_bound_at_tx': 0, 'device_id': 'D-30061', 'time_to_pay_ms': 83, 'scenario_type': 'P1_CRITICAL', 'scenario_variant': 'GATHER_SCATTER', 'scenario_risk_band': 'P1', 'txn_velocity_1h': 43, 'drain_ratio': 0.954, 'forwarding_delay_mins': 3, 'balance_depletion_speed': 38629.8407, 'amount_deviation': 0.0175, 'avg_tx_amount_7d': 389705.19, 'distance_from_1L_threshold': 282870.52, 'distance_from_50k_threshold': 332870.52, 'empty_account_flag': 1, 'is_night_tx': 1, 'is_round_amount': 0, 'near_threshold_flag': 0, 'account_age_days': 6, 'device_shared_count': 19, 'ip_shared_count': 14, 'graph_score': 0.9847, 'fallback_behavior_score': 0.9854, 'fallback_sequence_score': 0.9554, 'fallback_graph_score': 0.9847, 'identity_trust_score': 15.6, 'device_trust_score': 5.32, 'sim_binding_ok': 0, 'sim_swap_flag': 1, 'vpn_flag': 1, 'hosting_flag': 1, 'city_mismatch_flag': 1, 'device_age_years': 0.97, 'network_risk_score': 0.7007, 'known_fraud_connections': 9, 'known_fraud_neighbors': 9, 'mule_cluster_size': 21, 'inbound_sources': 14, 'outbound_dest': 8, 'rapid_account_cluster_flag': 1, 'mule_cluster_flag': 1, 'tx_count_24h': 21, 'unique_receivers_7d': 6, 'days_since_last_tx': 0, 'high_value_txn': 1, 'rapid_movement': 1, 'rapid_outbound_after_inbound': 1, 'pass_through_ratio': 0.9168, 'structuring_pattern': 0, 'fragmentation_score': 0.0175, 'night_high_value_txn': 1, 'velocity_risk_score': 0.96, 'signals': ['P1_CRITICAL', 'GATHER_SCATTER', 'RAPID_DRAIN', 'MULE_CLUSTER', 'SIM_NOT_BOUND', 'ML_ELEVATED_RISK_DUE_TO_AMOUNT', 'ML_ELEVATED_RISK_DUE_TO_RECEIVER_BAL_AFTER', 'ML_ELEVATED_RISK_DUE_TO_SENDER_BAL_BEFORE', 'ML_ELEVATED_RISK_DUE_TO_IS_SIM_BOUND', 'ML_ELEVATED_RISK_DUE_TO_TIME_TO_PAY_MS', 'HIGH_VALUE_TRANSFER', 'VERY_HIGH_VALUE_TRANSACTION', 'NEO4J_UNAVAILABLE', 'REALTIME_SCENARIO_GRAPH_FALLBACK', 'CRITICAL_RISK', 'URGENT_REVIEW'], 'pair_repeat_count': 1, 'decision': 'BLOCK', 'engine_decision': 'BLOCK', 'priority': 'P1', 'status': 'BLOCKED', 'risk': 0.9858, 'final_score': 0.9858, 'behavior_score': 1.0, 'behaviorScore': 1.0, 'sequence_score': 0.9554, 'sequenceScore': 0.9554, 'graphScore': 0.9847, 'neo4j_graph_score': 0.9847, 'rule_score': 1.0, 'behavior_label': 'SUSPICIOUS', 'sequence_pattern': 'GATHER_SCATTER', 'community_risk': 'CRITICAL', 'network_role': 'UNKNOWN', 'reasons': ['Critical mule laundering pattern detected', 'ML elevated risk due to amount', 'ML elevated risk due to receiver_bal_after', 'ML elevated risk due to sender_bal_before', 'ML elevated risk due to is_sim_bound', 'ML elevated risk due to time_to_pay_ms', 'GATHER_SCATTER', 'Connected to mule cluster'], 'alert_type': 'TRANSACTION_SUSPECT', 'requires_review': False, 'requires_block': True, 'requires_case': True, 'sla_minutes': 15, 'escalation_minutes': 20, 'queue': 'AML_CRITICAL_QUEUE', 'severity': 'CRITICAL'}",2026-09-27T10:00:13.097304,2026-09-27T10:00:13.109338+00:00,,,,,,RUN-20260927-094800-CCC424
CASE-244C67ED,TXN-997F54DD,TRANSACTION_SUSPECT,U-1087,0607ee1b-2131-447d-9bbb-652d3de4df52,P1,OPEN,104,AML_CRITICAL_QUEUE,AUTO_ALERT,TRANSACTION_SUSPECT,"{'trans_id': '0607ee1b-2131-447d-9bbb-652d3de4df52', 'sender_id': 'U-1087', 'receiver_id': 'U-1089', 'amount': 131334.92, 'currency': 'INR', 'transaction_type': 'LAYERING_STEP', 'channel': 'NEFT', 'sender_bal_before': 139876.92, 'sender_bal_after': 8542.0, 'receiver_bal_after': 256220.46, 'timestamp': '2026-09-27T15:32:00.306711+05:30', 'location': 'Mumbai', 'is_sim_bound': False, 'is_sim_bound_at_tx': 0, 'device_id': 'D-30071', 'time_to_pay_ms': 196, 'scenario_type': 'P1_CRITICAL', 'scenario_variant': 'LAYERING', 'scenario_risk_band': 'P1', 'txn_velocity_1h': 23, 'drain_ratio': 0.9389, 'forwarding_delay_mins': 0, 'balance_depletion_speed': 27873.3856, 'amount_deviation': 0.1902, 'avg_tx_amount_7d': 110342.99, 'distance_from_1L_threshold': 31334.92, 'distance_from_50k_threshold': 81334.92, 'empty_account_flag': 0, 'is_night_tx': 1, 'is_round_amount': 0, 'near_threshold_flag': 0, 'account_age_days': 57, 'device_shared_count': 17, 'ip_shared_count': 15, 'graph_score': 0.9453, 'fallback_behavior_score': 0.9547, 'fallback_sequence_score': 0.9065, 'fallback_graph_score': 0.9453, 'identity_trust_score': 19.34, 'device_trust_score': 7.13, 'sim_binding_ok': 0, 'sim_swap_flag': 1, 'vpn_flag': 1, 'hosting_flag': 1, 'city_mismatch_flag': 1, 'device_age_years': 0.59, 'network_risk_score': 0.7633, 'known_fraud_connections': 8, 'known_fraud_neighbors': 8, 'mule_cluster_size': 26, 'inbound_sources': 6, 'outbound_dest': 8, 'rapid_account_cluster_flag': 1, 'mule_cluster_flag': 1, 'tx_count_24h': 27, 'unique_receivers_7d': 6, 'days_since_last_tx': 0, 'high_value_txn': 1, 'rapid_movement': 1, 'rapid_outbound_after_inbound': 1, 'pass_through_ratio': 0.9121, 'structuring_pattern': 0, 'fragmentation_score': 0.1902, 'night_high_value_txn': 1, 'velocity_risk_score': 0.9894, 'signals': ['P1_CRITICAL', 'LAYERING', 'LAYERING_CHAIN', 'MULE_CLUSTER', 'SHORT_FORWARDING_DELAY', 'SIM_NOT_BOUND', 'ML_ELEVATED_RISK_DUE_TO_AMOUNT', 'ML_ELEVATED_RISK_DUE_TO_RECEIVER_BAL_AFTER', 'ML_ELEVATED_RISK_DUE_TO_SENDER_BAL_BEFORE', 'ML_ELEVATED_RISK_DUE_TO_IS_SIM_BOUND', 'ML_ELEVATED_RISK_DUE_TO_TIME_TO_PAY_MS', 'GATHER_SCATTER', 'HIGH_VALUE_TRANSFER', 'VERY_HIGH_VALUE_TRANSACTION', 'NEO4J_UNAVAILABLE', 'REALTIME_SCENARIO_GRAPH_FALLBACK', 'CRITICAL_RISK', 'URGENT_REVIEW'], 'pair_repeat_count': 1, 'decision': 'BLOCK', 'engine_decision': 'BLOCK', 'priority': 'P1', 'status': 'BLOCKED', 'risk': 0.9657, 'final_score': 0.9657, 'behavior_score': 1.0, 'behaviorScore': 1.0, 'sequence_score': 0.9065, 'sequenceScore': 0.9065, 'graphScore': 0.9453, 'neo4j_graph_score': 0.9453, 'rule_score': 1.0, 'behavior_label': 'SUSPICIOUS', 'sequence_pattern': 'GATHER_SCATTER', 'community_risk': 'CRITICAL', 'network_role': 'UNKNOWN', 'reasons': ['Critical mule laundering pattern detected', 'ML elevated risk due to amount', 'ML elevated risk due to receiver_bal_after', 'ML elevated risk due to sender_bal_before', 'ML elevated risk due to is_sim_bound', 'ML elevated risk due to time_to_pay_ms', 'GATHER_SCATTER', 'Connected to mule cluster'], 'alert_type': 'TRANSACTION_SUSPECT', 'requires_review': False, 'requires_block': True, 'requires_case': True, 'sla_minutes': 15, 'escalation_minutes': 20, 'queue': 'AML_CRITICAL_QUEUE', 'severity': 'CRITICAL'}",2026-09-27T10:02:01.499357,2026-09-27T10:02:01.511831+00:00,,,,,,RUN-20260927-094800-CCC424
