account_id,complaint_count_by_account,total_reported_amount,average_reported_amount,days_since_first_complaint,linked_transaction_count,linked_node_count,complaint_frequency_30d,fraud_category_count
ACC000000,1,25235.03,25235.03,0,6,1,0,1
ACC000001,1,40568.47,40568.47,0,9,1,0,1
ACC000003,3,47512.48,15837.49,251,18,3,0,2
ACC000005,1,22642.54,22642.54,0,11,1,0,1
ACC000007,1,8103.59,8103.59,0,3,1,0,1
ACC000010,4,101221.88,25305.47,186,31,4,0,3
ACC000013,2,8722.54,4361.27,139,18,2,0,2
ACC000014,2,28289.89,14144.94,224,12,2,0,2
ACC000016,1,12555.43,12555.43,0,9,1,0,1
ACC000017,2,13997.66,6998.83,25,11,2,0,2
ACC000022,3,48716.1,16238.7,151,22,3,0,3
ACC000023,2,14286.76,7143.38,233,5,2,0,2
ACC000025,1,9281.82,9281.82,0,11,1,0,1
ACC000026,1,55942.87,55942.87,0,14,1,0,1
ACC000028,3,40632.78,13544.26,240,22,3,1,2
ACC000029,1,9120.9,9120.9,0,12,1,0,1
ACC000030,2,75440.73,37720.36,316,14,2,0,2
ACC000032,1,67872.47,67872.47,0,6,1,0,1
ACC000033,2,148584.02,74292.01,24,8,2,0,2
ACC000034,1,9888.68,9888.68,0,10,1,0,1
ACC000035,2,77180.86,38590.43,105,16,2,0,2
ACC000037,1,70654.55,70654.55,0,3,1,0,1
ACC000038,2,8778.86,4389.43,36,5,2,0,1
ACC000040,1,30654.46,30654.46,0,14,1,1,1
ACC000041,3,21865.41,7288.47,293,17,3,0,2
ACC000042,1,18108.65,18108.65,0,13,1,0,1
ACC000045,2,40757.28,20378.64,90,14,2,0,2
ACC000047,1,55980.24,55980.24,0,1,1,0,1
ACC000048,1,41329.76,41329.76,0,5,1,0,1
ACC000050,3,59321.66,19773.89,180,26,3,0,2
ACC000051,1,927.74,927.74,0,7,1,0,1
ACC000052,1,15069.71,15069.71,0,13,1,0,1
ACC000053,3,152087.53,50695.84,285,14,3,0,2
ACC000058,2,14149.39,7074.69,13,15,2,0,2
ACC000059,1,2627.93,2627.93,0,3,1,0,1
ACC000060,1,1471.41,1471.41,0,7,1,0,1
ACC000062,2,24862.59,12431.3,110,16,2,0,2
ACC000063,3,144297.6,48099.2,326,14,3,0,3
ACC000064,1,8731.75,8731.75,0,12,1,0,1
ACC000066,1,7556.79,7556.79,0,5,1,1,1
ACC000067,1,24245.89,24245.89,0,5,1,1,1
ACC000070,2,37256.46,18628.23,97,6,2,0,2
ACC000072,1,20797.53,20797.53,0,13,1,0,1
ACC000073,2,9684.6,4842.3,102,22,2,0,2
ACC000075,1,27558.91,27558.91,0,4,1,0,1
ACC000076,2,55936.5,27968.25,327,14,2,0,2
ACC000078,1,2620.78,2620.78,0,2,1,0,1
ACC000080,1,42686.88,42686.88,0,12,1,0,1
ACC000082,3,21967.63,7322.54,145,16,3,0,3
ACC000083,2,20574.37,10287.18,318,15,2,0,2
ACC000084,2,12176.47,6088.24,39,15,2,0,2
ACC000089,2,24180.2,12090.1,187,19,2,0,2
ACC000091,3,201201.69,67067.23,422,30,3,1,3
ACC000092,1,77972.51,77972.51,0,1,1,0,1
ACC000093,2,39496.73,19748.36,80,4,2,1,2
ACC000095,1,38402.5,38402.5,0,1,1,0,1
ACC000097,1,1215.94,1215.94,0,8,1,0,1
ACC000101,1,34291.57,34291.57,0,2,1,0,1
ACC000103,4,89084.17,22271.04,104,23,4,0,4
ACC000104,1,23368.77,23368.77,0,5,1,0,1
ACC000105,1,24607.3,24607.3,0,7,1,0,1
ACC000106,2,32593.47,16296.74,212,14,2,0,2
ACC000107,2,67542.13,33771.07,124,10,2,0,1
ACC000108,3,64690.39,21563.46,139,21,3,0,3
ACC000109,2,15486.91,7743.45,240,17,2,0,2
ACC000110,2,57956.43,28978.22,256,16,2,0,2
ACC000111,1,3371.2,3371.2,0,12,1,1,1
ACC000112,2,69408.22,34704.11,242,15,2,0,2
ACC000114,1,2555.02,2555.02,0,11,1,1,1
ACC000116,1,34714.44,34714.44,0,12,1,0,1
ACC000118,2,97598.51,48799.26,343,12,2,0,2
ACC000120,1,23584.95,23584.95,0,8,1,0,1
ACC000121,2,31853.43,15926.72,258,18,2,0,2
ACC000123,3,49303.09,16434.36,165,11,3,0,2
ACC000124,2,68423.05,34211.52,109,10,2,0,2
ACC000125,1,78246.02,78246.02,0,4,1,0,1
ACC000126,3,54488.41,18162.8,124,22,3,0,2
ACC000127,1,21513.09,21513.09,0,6,1,0,1
ACC000128,1,27812.24,27812.24,0,7,1,0,1
ACC000129,1,15063.2,15063.2,0,6,1,0,1
ACC000130,1,28159.55,28159.55,0,11,1,0,1
ACC000131,3,26837.28,8945.76,243,30,3,0,3
ACC000132,2,38471.37,19235.68,406,20,2,1,2
ACC000135,2,23636.58,11818.29,139,14,2,0,2
ACC000136,1,9714.12,9714.12,0,9,1,0,1
ACC000137,2,27371.21,13685.61,188,5,2,0,2
ACC000138,2,26623.17,13311.58,43,19,2,1,2
ACC000140,1,45623.84,45623.84,0,6,1,1,1
ACC000142,1,27702.52,27702.52,0,6,1,0,1
ACC000143,3,56532.68,18844.23,134,15,3,0,1
ACC000144,2,29761.57,14880.78,148,9,2,0,2
ACC000145,2,29138.93,14569.47,7,17,2,0,2
ACC000147,2,64473.97,32236.99,23,15,2,0,2
ACC000148,1,4332.48,4332.48,0,3,1,0,1
ACC000149,2,45802.34,22901.17,9,16,2,0,2
ACC000152,1,13494.95,13494.95,0,12,1,0,1
ACC000153,4,101168.09,25292.02,337,24,4,0,3
ACC000154,1,17113.72,17113.72,0,4,1,1,1
ACC000155,1,6942.71,6942.71,0,5,1,0,1
ACC000157,1,75959.02,75959.02,0,2,1,0,1
ACC000158,1,3951.52,3951.52,0,8,1,0,1
ACC000159,1,9817.69,9817.69,0,5,1,0,1
ACC000160,1,26356.79,26356.79,0,12,1,0,1
ACC000161,1,19273.84,19273.84,0,8,1,0,1
ACC000162,2,19694.5,9847.25,41,25,2,0,1
ACC000165,4,74474.02,18618.5,219,28,4,0,3
ACC000166,1,54663.64,54663.64,0,7,1,0,1
ACC000168,2,31954.19,15977.09,111,15,2,0,2
ACC000170,2,40119.65,20059.82,47,18,2,0,2
ACC000171,1,15168.8,15168.8,0,6,1,0,1
ACC000172,2,27650.76,13825.38,79,18,2,0,2
ACC000174,3,41973.14,13991.05,165,29,3,0,3
ACC000179,2,56811.38,28405.69,412,13,2,1,2
ACC000183,1,1727.26,1727.26,0,11,1,0,1
ACC000184,2,13120.58,6560.29,180,19,2,0,2
ACC000186,2,60810.96,30405.48,171,15,2,0,2
ACC000187,2,102357.17,51178.58,83,5,2,0,2
ACC000188,1,10840.54,10840.54,0,5,1,0,1
ACC000189,1,68939.71,68939.71,0,1,1,0,1
ACC000190,1,13387.88,13387.88,0,5,1,0,1
ACC000191,1,8924.61,8924.61,0,8,1,0,1
ACC000192,2,117321.54,58660.77,21,10,2,0,2
ACC000193,1,33397.79,33397.79,0,12,1,0,1
ACC000195,1,3901.92,3901.92,0,12,1,0,1
ACC000196,2,98164.71,49082.35,11,7,2,0,2
ACC000197,1,32231.63,32231.63,0,8,1,0,1
ACC000202,2,22167.7,11083.85,61,14,2,0,2
ACC000203,3,87053.94,29017.98,398,21,3,1,2
ACC000205,2,90130.08,45065.04,41,12,2,0,1
ACC000207,1,66221.64,66221.64,0,8,1,0,1
ACC000209,1,70497.31,70497.31,0,2,1,0,1
ACC000212,2,87410.79,43705.4,74,11,2,0,2
ACC000213,1,37740.75,37740.75,0,12,1,0,1
ACC000214,1,7363.01,7363.01,0,6,1,0,1
ACC000215,1,17881.79,17881.79,0,10,1,0,1
ACC000216,3,125702.08,41900.69,267,29,3,0,2
ACC000217,1,17424.67,17424.67,0,4,1,0,1
ACC000219,1,24540.67,24540.67,0,6,1,1,1
ACC000221,1,28844.02,28844.02,0,10,1,0,1
ACC000222,1,19464.83,19464.83,0,10,1,0,1
ACC000223,2,79533.83,39766.91,75,14,2,1,2
ACC000224,1,537.06,537.06,0,3,1,0,1
ACC000225,1,5666.69,5666.69,0,4,1,0,1
ACC000226,2,63365.65,31682.83,322,14,2,0,2
ACC000228,1,49912.32,49912.32,0,2,1,0,1
ACC000229,2,93870.48,46935.24,4,11,2,0,2
ACC000231,1,2101.39,2101.39,0,11,1,0,1
ACC000232,1,5651.94,5651.94,0,10,1,0,1
ACC000233,1,10688.9,10688.9,0,12,1,0,1
ACC000234,1,3923.91,3923.91,0,14,1,0,1
ACC000235,1,16291.34,16291.34,0,5,1,0,1
ACC000236,1,36863.66,36863.66,0,14,1,0,1
ACC000237,2,33479.67,16739.83,13,5,2,0,2
ACC000239,1,5328.87,5328.87,0,1,1,0,1
ACC000240,2,60146.82,30073.41,66,11,2,0,1
ACC000241,1,3894.82,3894.82,0,5,1,0,1
ACC000243,1,9843.62,9843.62,0,5,1,0,1
ACC000244,3,123707.44,41235.81,428,18,3,1,3
ACC000246,2,9031.33,4515.66,116,15,2,0,2
ACC000249,1,27920.42,27920.42,0,10,1,0,1
ACC000250,1,26842.95,26842.95,0,11,1,0,1
ACC000253,1,15361.68,15361.68,0,14,1,0,1
ACC000257,3,130625.17,43541.72,312,13,3,1,2
ACC000259,1,37527.56,37527.56,0,12,1,0,1
ACC000260,1,12956.16,12956.16,0,8,1,0,1
ACC000263,1,36790.12,36790.12,0,3,1,0,1
ACC000265,2,54620.5,27310.25,73,14,2,0,2
ACC000270,3,70550.68,23516.89,238,32,3,1,3
ACC000271,1,13187.71,13187.71,0,5,1,0,1
ACC000272,1,1529.44,1529.44,0,10,1,0,1
ACC000273,1,31851.19,31851.19,0,9,1,0,1
ACC000274,1,49660.79,49660.79,0,3,1,1,1
ACC000278,3,71288.47,23762.82,63,26,3,1,3
ACC000279,1,33157.75,33157.75,0,12,1,0,1
ACC000280,2,22643.19,11321.6,66,15,2,0,2
ACC000281,1,27519.18,27519.18,0,10,1,0,1
ACC000282,2,27222.68,13611.34,99,15,2,0,2
ACC000284,2,12923.99,6461.99,91,20,2,0,2
ACC000285,1,32369.1,32369.1,0,13,1,0,1
ACC000288,1,15361.71,15361.71,0,1,1,0,1
ACC000289,2,54365.41,27182.7,212,24,2,0,2
ACC000290,1,3134.25,3134.25,0,2,1,0,1
ACC000291,1,3054.34,3054.34,0,12,1,0,1
ACC000294,2,20517.2,10258.6,107,17,2,0,2
ACC000295,2,89855.88,44927.94,31,9,2,0,2
ACC000296,1,25550.42,25550.42,0,3,1,0,1
ACC000298,1,3677.35,3677.35,0,3,1,0,1
ACC000301,1,19372.05,19372.05,0,8,1,0,1
ACC000304,1,22639.7,22639.7,0,8,1,0,1
ACC000305,1,18774.43,18774.43,0,14,1,0,1
ACC000306,1,92386.65,92386.65,0,11,1,0,1
ACC000312,1,16036.35,16036.35,0,5,1,0,1
ACC000316,1,39234.21,39234.21,0,4,1,0,1
ACC000317,1,25842.13,25842.13,0,12,1,0,1
ACC000318,1,47355.59,47355.59,0,3,1,0,1
ACC000325,2,14843.7,7421.85,75,12,2,0,1
ACC000326,1,15509.13,15509.13,0,10,1,0,1
ACC000328,1,164315.98,164315.98,0,4,1,0,1
ACC000329,1,21694.59,21694.59,0,5,1,0,1
ACC000330,2,25356.24,12678.12,420,4,2,1,2
ACC000331,1,3260.84,3260.84,0,8,1,0,1
ACC000334,3,152236.57,50745.52,424,19,3,1,2
ACC000336,1,4090.35,4090.35,0,8,1,1,1
ACC000338,1,14495.29,14495.29,0,12,1,1,1
ACC000339,1,3768.77,3768.77,0,12,1,0,1
ACC000340,1,19481.76,19481.76,0,1,1,0,1
ACC000341,4,89419.08,22354.77,296,43,4,0,4
ACC000343,2,129242.38,64621.19,39,12,2,0,2
ACC000344,1,50929.13,50929.13,0,5,1,0,1
ACC000346,1,75599.12,75599.12,0,10,1,0,1
ACC000347,1,82190.83,82190.83,0,12,1,0,1
ACC000350,2,44977.05,22488.53,262,10,2,0,2
ACC000353,2,51426.56,25713.28,156,15,2,0,2
ACC000354,1,25505.91,25505.91,0,1,1,0,1
ACC000356,1,13158.44,13158.44,0,11,1,0,1
ACC000357,1,27764.09,27764.09,0,3,1,0,1
ACC000359,1,16543.72,16543.72,0,10,1,0,1
ACC000360,3,84312.74,28104.25,363,14,3,0,2
ACC000365,1,75282.09,75282.09,0,5,1,0,1
ACC000366,1,15411.16,15411.16,0,7,1,0,1
ACC000368,1,5446.63,5446.63,0,1,1,0,1
ACC000373,1,22416.08,22416.08,0,7,1,0,1
ACC000374,1,64459.69,64459.69,0,13,1,0,1
ACC000375,2,40085.25,20042.62,218,7,2,0,2
ACC000376,2,18936.85,9468.42,42,23,2,1,2
ACC000377,1,59066.71,59066.71,0,9,1,0,1
ACC000380,1,1432.15,1432.15,0,13,1,0,1
ACC000381,1,45513.71,45513.71,0,8,1,0,1
ACC000383,1,19124.21,19124.21,0,5,1,0,1
ACC000384,2,47076.2,23538.1,196,15,2,0,2
ACC000386,1,7789.58,7789.58,0,8,1,0,1
ACC000387,5,94756.19,18951.24,430,31,5,1,4
ACC000391,1,2116.1,2116.1,0,2,1,0,1
ACC000393,1,54247.39,54247.39,0,7,1,0,1
ACC000394,3,29353.73,9784.58,201,24,3,0,2
ACC000395,2,27808.57,13904.28,93,23,2,0,2
ACC000396,1,42151.52,42151.52,0,3,1,0,1
ACC000398,1,6415.35,6415.35,0,7,1,0,1
ACC000401,1,7836.48,7836.48,0,9,1,0,1
ACC000402,1,26149.34,26149.34,0,12,1,0,1
ACC000403,1,9806.28,9806.28,0,2,1,0,1
ACC000407,1,67094.59,67094.59,0,11,1,0,1
ACC000408,1,3246.37,3246.37,0,4,1,0,1
ACC000409,1,44687.6,44687.6,0,12,1,0,1
ACC000411,1,29466.56,29466.56,0,5,1,0,1
ACC000412,1,44666.92,44666.92,0,3,1,0,1
ACC000413,1,672.23,672.23,0,13,1,1,1
ACC000414,1,18259.06,18259.06,0,13,1,0,1
ACC000416,1,13824.38,13824.38,0,2,1,0,1
ACC000417,2,63698.16,31849.08,390,16,2,0,2
ACC000418,3,106699.94,35566.65,137,17,3,1,3
ACC000420,2,24490.6,12245.3,69,20,2,0,2
ACC000421,1,10856.46,10856.46,0,9,1,0,1
ACC000422,2,20203.21,10101.6,76,25,2,0,1
ACC000425,2,86829.24,43414.62,10,12,2,0,2
ACC000428,1,16990.83,16990.83,0,9,1,0,1
ACC000432,1,5393.6,5393.6,0,3,1,0,1
ACC000435,1,1816.05,1816.05,0,11,1,0,1
ACC000437,1,40709.22,40709.22,0,4,1,0,1
ACC000439,2,40233.08,20116.54,14,17,2,0,2
ACC000440,1,65040.05,65040.05,0,14,1,0,1
ACC000442,1,55212.35,55212.35,0,2,1,0,1
ACC000443,2,136514.55,68257.27,95,19,2,0,2
ACC000444,2,28084.12,14042.06,198,22,2,0,2
ACC000448,1,46696.48,46696.48,0,6,1,1,1
ACC000449,3,38225.75,12741.92,302,23,3,0,3
ACC000451,1,10752.22,10752.22,0,5,1,0,1
ACC000452,3,44749.48,14916.49,352,29,3,0,3
ACC000453,1,7438.87,7438.87,0,3,1,1,1
ACC000454,1,200743.51,200743.51,0,4,1,0,1
ACC000455,2,70076.63,35038.32,349,17,2,0,1
ACC000456,2,135309.37,67654.68,28,15,2,0,1
ACC000457,2,84123.65,42061.83,107,19,2,0,2
ACC000458,1,14037.31,14037.31,0,1,1,0,1
ACC000459,2,106944.68,53472.34,3,16,2,0,2
ACC000462,1,9235.53,9235.53,0,3,1,0,1
ACC000463,3,125382.75,41794.25,99,30,3,0,2
ACC000466,2,47197.2,23598.6,166,21,2,0,2
ACC000467,3,16153.15,5384.38,164,28,3,1,2
ACC000469,1,5097.47,5097.47,0,4,1,0,1
ACC000470,2,37602.92,18801.46,46,16,2,1,1
ACC000471,1,19185.05,19185.05,0,14,1,0,1
ACC000473,2,21848.01,10924.01,62,12,2,0,2
ACC000476,3,75881.67,25293.89,125,27,3,1,2
ACC000477,2,87593.52,43796.76,54,12,2,0,2
ACC000479,1,20912.66,20912.66,0,5,1,0,1
ACC000480,1,30516.27,30516.27,0,9,1,1,1
ACC000481,1,1280.11,1280.11,0,8,1,0,1
ACC000482,2,31077.56,15538.78,19,9,2,0,2
ACC000484,2,71084.46,35542.23,382,16,2,0,2
ACC000486,1,37180.34,37180.34,0,14,1,0,1
ACC000488,1,21612.87,21612.87,0,7,1,0,1
ACC000489,2,21187.57,10593.78,44,11,2,0,2
ACC000490,3,106403.03,35467.68,310,13,3,1,3
ACC000491,1,2913.48,2913.48,0,5,1,0,1
ACC000492,1,39591.37,39591.37,0,2,1,1,1
ACC000493,1,6074.2,6074.2,0,3,1,0,1
ACC000495,1,14740.44,14740.44,0,11,1,0,1
ACC000497,1,25852.48,25852.48,0,13,1,0,1
ACC000499,2,32231.53,16115.76,366,7,2,1,2
ACC000500,1,32766.24,32766.24,0,6,1,0,1
ACC000502,3,82213.83,27404.61,161,14,3,0,2
ACC000503,1,16777.3,16777.3,0,12,1,0,1
ACC000507,1,30993.63,30993.63,0,10,1,0,1
ACC000509,1,51721.47,51721.47,0,6,1,0,1
ACC000510,4,69157.38,17289.35,136,46,4,0,3
ACC000512,1,6773.89,6773.89,0,12,1,0,1
ACC000513,3,62826.73,20942.24,198,21,3,0,3
ACC000515,1,10162.98,10162.98,0,8,1,0,1
ACC000519,2,122536.21,61268.11,18,25,2,0,2
ACC000522,3,74107.2,24702.4,63,29,3,0,3
ACC000523,3,157309.96,52436.65,323,24,3,0,3
ACC000524,1,3530.66,3530.66,0,1,1,1,1
ACC000525,2,25719.75,12859.88,149,17,2,0,2
ACC000527,1,15248.72,15248.72,0,3,1,0,1
ACC000528,1,10219.42,10219.42,0,5,1,0,1
ACC000530,2,16166.25,8083.12,94,17,2,1,2
ACC000532,4,160083.0,40020.75,332,27,4,1,3
ACC000533,1,15361.01,15361.01,0,5,1,0,1
ACC000536,1,16812.78,16812.78,0,2,1,0,1
ACC000538,1,21626.38,21626.38,0,11,1,0,1
ACC000541,1,15968.29,15968.29,0,13,1,0,1
ACC000542,1,44991.54,44991.54,0,1,1,0,1
ACC000545,3,52554.13,17518.04,119,24,3,0,3
ACC000546,3,22714.81,7571.6,297,29,3,0,3
ACC000547,1,5010.38,5010.38,0,1,1,0,1
ACC000548,2,84541.1,42270.55,174,13,2,0,2
ACC000550,2,76376.9,38188.45,177,8,2,0,2
ACC000552,1,6831.23,6831.23,0,7,1,0,1
ACC000554,2,51953.25,25976.62,91,13,2,0,1
ACC000555,1,57590.89,57590.89,0,6,1,0,1
ACC000556,3,63877.4,21292.47,90,29,3,1,3
ACC000557,1,130000.22,130000.22,0,1,1,0,1
ACC000558,1,3354.75,3354.75,0,2,1,0,1
ACC000559,1,28231.69,28231.69,0,6,1,0,1
ACC000562,1,6745.06,6745.06,0,14,1,0,1
ACC000563,2,52699.59,26349.79,108,23,2,0,2
ACC000564,1,11022.26,11022.26,0,13,1,0,1
ACC000567,3,98255.2,32751.73,204,23,3,0,3
ACC000568,1,9889.02,9889.02,0,3,1,0,1
ACC000571,2,24277.17,12138.58,308,14,2,1,2
ACC000573,1,66923.79,66923.79,0,9,1,0,1
ACC000574,2,40244.87,20122.44,202,5,2,0,2
ACC000575,1,46890.31,46890.31,0,4,1,0,1
ACC000576,1,6157.45,6157.45,0,14,1,0,1
ACC000577,2,68059.54,34029.77,20,12,2,0,2
ACC000579,1,5516.67,5516.67,0,5,1,0,1
ACC000580,3,56916.24,18972.08,384,19,3,0,2
ACC000581,1,19048.16,19048.16,0,2,1,0,1
ACC000584,2,4352.31,2176.15,32,14,2,0,2
ACC000585,1,19668.53,19668.53,0,12,1,0,1
ACC000586,1,86380.89,86380.89,0,10,1,1,1
ACC000587,1,2780.4,2780.4,0,9,1,0,1
ACC000588,1,29725.69,29725.69,0,9,1,1,1
ACC000589,2,38044.34,19022.17,67,7,2,0,2
ACC000591,1,20966.5,20966.5,0,8,1,1,1
ACC000593,3,113101.06,37700.35,272,28,3,0,2
ACC000595,1,72269.0,72269.0,0,13,1,0,1
ACC000598,2,50750.94,25375.47,254,25,2,0,2
ACC000599,1,64446.3,64446.3,0,11,1,0,1
ACC000600,2,55554.09,27777.04,139,12,2,0,2
ACC000602,3,109297.16,36432.39,311,32,3,0,2
ACC000603,1,17337.31,17337.31,0,10,1,0,1
ACC000604,1,2147.86,2147.86,0,11,1,0,1
ACC000606,1,12852.69,12852.69,0,2,1,0,1
ACC000608,2,219745.57,109872.79,68,15,2,0,2
ACC000609,1,31631.77,31631.77,0,4,1,0,1
ACC000611,1,6218.36,6218.36,0,2,1,0,1
ACC000612,1,3620.53,3620.53,0,10,1,0,1
ACC000613,3,49883.14,16627.71,308,19,3,1,2
ACC000617,1,9405.02,9405.02,0,14,1,0,1
ACC000618,1,7227.91,7227.91,0,9,1,0,1
ACC000621,3,88459.91,29486.64,184,30,3,0,3
ACC000622,1,10898.88,10898.88,0,10,1,0,1
ACC000625,1,8147.03,8147.03,0,4,1,0,1
ACC000628,1,25872.99,25872.99,0,4,1,0,1
ACC000629,1,6070.45,6070.45,0,3,1,0,1
ACC000630,1,18878.77,18878.77,0,6,1,0,1
ACC000631,2,19499.72,9749.86,2,9,2,0,2
ACC000632,1,5146.17,5146.17,0,8,1,0,1
ACC000633,2,18090.79,9045.4,27,15,2,0,1
ACC000634,1,65864.44,65864.44,0,9,1,0,1
ACC000635,1,7316.97,7316.97,0,12,1,0,1
ACC000637,1,7256.09,7256.09,0,5,1,0,1
ACC000639,1,17761.05,17761.05,0,13,1,0,1
ACC000640,1,63859.81,63859.81,0,11,1,0,1
ACC000642,1,3993.41,3993.41,0,4,1,1,1
ACC000644,1,72462.28,72462.28,0,11,1,0,1
ACC000645,2,19443.01,9721.5,32,18,2,0,2
ACC000646,1,38137.83,38137.83,0,11,1,0,1
ACC000648,1,4979.82,4979.82,0,10,1,0,1
ACC000654,2,58259.84,29129.92,139,27,2,0,2
ACC000655,1,16652.94,16652.94,0,12,1,0,1
ACC000656,1,11226.73,11226.73,0,12,1,0,1
ACC000661,2,9226.06,4613.03,31,18,2,0,2
ACC000663,2,30267.26,15133.63,330,13,2,0,2
ACC000665,1,8828.93,8828.93,0,2,1,0,1
ACC000667,2,90672.84,45336.42,156,11,2,0,2
ACC000668,1,79589.15,79589.15,0,9,1,0,1
ACC000670,3,49633.12,16544.37,276,28,3,0,2
ACC000672,1,14710.64,14710.64,0,12,1,0,1
ACC000673,1,62985.04,62985.04,0,4,1,1,1
ACC000678,1,21260.55,21260.55,0,13,1,0,1
ACC000682,1,28754.51,28754.51,0,5,1,0,1
ACC000685,1,59644.89,59644.89,0,4,1,0,1
ACC000686,2,25253.18,12626.59,386,6,2,0,2
ACC000689,2,19156.12,9578.06,134,8,2,0,2
ACC000692,2,48689.14,24344.57,269,19,2,1,2
ACC000693,2,64181.13,32090.56,8,27,2,0,1
ACC000696,1,4384.65,4384.65,0,5,1,0,1
ACC000700,1,11828.37,11828.37,0,1,1,1,1
ACC000701,1,23580.89,23580.89,0,13,1,0,1
ACC000702,3,96561.28,32187.09,243,35,3,0,3
ACC000704,1,51734.85,51734.85,0,5,1,0,1
ACC000706,3,70729.77,23576.59,206,19,3,0,3
ACC000708,1,53320.59,53320.59,0,3,1,0,1
ACC000709,2,43473.74,21736.87,15,8,2,0,2
ACC000711,3,19507.07,6502.36,235,20,3,0,2
ACC000712,2,95624.66,47812.33,164,24,2,0,1
ACC000714,2,12864.8,6432.4,158,17,2,0,2
ACC000715,1,33714.66,33714.66,0,13,1,0,1
ACC000717,1,7543.87,7543.87,0,7,1,0,1
ACC000720,3,33062.9,11020.97,341,16,3,1,3
ACC000721,1,17046.53,17046.53,0,3,1,0,1
ACC000723,3,271493.08,90497.69,346,31,3,0,2
ACC000724,1,21208.15,21208.15,0,2,1,0,1
ACC000725,1,29194.36,29194.36,0,14,1,0,1
ACC000726,1,5132.26,5132.26,0,12,1,0,1
ACC000727,1,59894.47,59894.47,0,7,1,0,1
ACC000728,2,22356.5,11178.25,109,5,2,1,2
ACC000729,2,37453.46,18726.73,363,18,2,0,2
ACC000730,1,7798.21,7798.21,0,1,1,0,1
ACC000732,1,7119.7,7119.7,0,10,1,0,1
ACC000735,1,2068.15,2068.15,0,4,1,0,1
ACC000738,2,12559.58,6279.79,158,19,2,0,1
ACC000739,1,26068.32,26068.32,0,12,1,0,1
ACC000741,2,46325.14,23162.57,62,21,2,0,2
ACC000742,1,78217.65,78217.65,0,7,1,0,1
ACC000744,2,93154.86,46577.43,89,21,2,0,2
ACC000746,3,81631.46,27210.49,62,29,3,0,2
ACC000747,3,72404.2,24134.73,280,31,3,0,2
ACC000748,1,7758.22,7758.22,0,1,1,0,1
ACC000749,1,10354.22,10354.22,0,1,1,0,1
ACC000752,1,27568.04,27568.04,0,5,1,0,1
ACC000753,2,126440.38,63220.19,234,19,2,0,2
ACC000754,1,34031.23,34031.23,0,13,1,0,1
ACC000756,2,39981.74,19990.87,441,4,2,1,2
ACC000757,1,21536.94,21536.94,0,13,1,0,1
ACC000758,2,131877.44,65938.72,288,16,2,0,2
ACC000761,2,22220.51,11110.26,201,10,2,0,2
ACC000762,1,27223.86,27223.86,0,4,1,1,1
ACC000763,2,61414.5,30707.25,376,19,2,0,2
ACC000764,1,667.18,667.18,0,3,1,0,1
ACC000766,1,20904.12,20904.12,0,7,1,0,1
ACC000767,1,24442.98,24442.98,0,11,1,0,1
ACC000770,1,78146.08,78146.08,0,13,1,0,1
ACC000771,1,27078.13,27078.13,0,9,1,0,1
ACC000772,1,1087.15,1087.15,0,7,1,0,1
ACC000773,2,148459.29,74229.65,87,12,2,0,2
ACC000774,2,57265.3,28632.65,143,11,2,0,1
ACC000776,3,40661.64,13553.88,97,14,3,0,3
ACC000777,3,133095.67,44365.22,296,23,3,0,2
ACC000778,2,74034.7,37017.35,196,16,2,0,1
ACC000779,2,35010.72,17505.36,20,12,2,0,2
ACC000780,1,3306.37,3306.37,0,14,1,0,1
ACC000782,3,44957.62,14985.87,255,26,3,0,3
ACC000784,1,58229.67,58229.67,0,5,1,1,1
ACC000786,2,12627.47,6313.73,44,20,2,0,2
ACC000787,1,18199.77,18199.77,0,12,1,0,1
ACC000788,3,51144.44,17048.15,265,24,3,0,3
ACC000790,2,32297.35,16148.68,109,21,2,0,2
ACC000791,2,22202.43,11101.22,110,19,2,0,1
ACC000793,1,556.91,556.91,0,9,1,0,1
ACC000794,1,8962.98,8962.98,0,4,1,0,1
ACC000797,1,1090.96,1090.96,0,13,1,0,1
ACC000798,2,46631.59,23315.8,369,12,2,1,1
ACC000799,1,9336.79,9336.79,0,14,1,0,1
ACC000803,2,5705.95,2852.98,206,11,2,0,2
ACC000804,1,6882.69,6882.69,0,9,1,0,1
ACC000805,3,81845.33,27281.78,186,29,3,0,2
ACC000806,3,146000.38,48666.79,285,39,3,0,3
ACC000808,1,10534.94,10534.94,0,6,1,0,1
ACC000809,1,25681.68,25681.68,0,7,1,1,1
ACC000810,1,13867.57,13867.57,0,11,1,1,1
ACC000813,1,32303.8,32303.8,0,7,1,0,1
ACC000814,2,9247.19,4623.59,293,20,2,0,2
ACC000815,2,111448.77,55724.39,87,6,2,0,2
ACC000816,1,76259.86,76259.86,0,8,1,0,1
ACC000817,2,61565.09,30782.54,52,8,2,0,2
ACC000819,4,134108.64,33527.16,208,35,4,0,2
ACC000820,1,66133.31,66133.31,0,13,1,0,1
ACC000821,2,49083.04,24541.52,187,16,2,0,2
ACC000823,1,30694.31,30694.31,0,8,1,0,1
ACC000824,2,32586.27,16293.14,167,26,2,0,2
ACC000826,2,18831.95,9415.97,16,19,2,0,2
ACC000827,1,1082.29,1082.29,0,9,1,1,1
ACC000828,1,33897.81,33897.81,0,8,1,0,1
ACC000829,3,53947.02,17982.34,225,16,3,1,3
ACC000830,1,68118.89,68118.89,0,14,1,0,1
ACC000833,1,17406.67,17406.67,0,4,1,0,1
ACC000836,3,43262.03,14420.68,372,17,3,0,3
ACC000838,1,89291.23,89291.23,0,1,1,0,1
ACC000839,2,24774.67,12387.33,59,19,2,0,2
ACC000840,1,7767.23,7767.23,0,3,1,0,1
ACC000841,1,8843.27,8843.27,0,3,1,0,1
ACC000843,1,89968.77,89968.77,0,12,1,0,1
ACC000844,1,46906.4,46906.4,0,6,1,0,1
ACC000848,2,82434.43,41217.21,173,8,2,0,2
ACC000849,1,2463.36,2463.36,0,1,1,0,1
ACC000851,2,9041.81,4520.91,244,13,2,0,2
ACC000852,1,108456.04,108456.04,0,1,1,1,1
ACC000853,1,1833.72,1833.72,0,8,1,0,1
ACC000854,1,10118.46,10118.46,0,11,1,0,1
ACC000855,3,114756.62,38252.21,188,22,3,0,2
ACC000857,1,4833.04,4833.04,0,10,1,0,1
ACC000858,2,34805.12,17402.56,275,20,2,0,2
ACC000862,2,35980.3,17990.15,155,18,2,0,2
ACC000864,2,99000.51,49500.25,130,13,2,0,1
ACC000865,1,1834.13,1834.13,0,3,1,0,1
ACC000867,1,4192.69,4192.69,0,3,1,0,1
ACC000871,1,22561.14,22561.14,0,3,1,0,1
ACC000872,6,123626.33,20604.39,359,31,6,0,6
ACC000873,1,11606.45,11606.45,0,1,1,0,1
ACC000874,1,6773.53,6773.53,0,13,1,0,1
ACC000877,2,76787.04,38393.52,259,4,2,0,2
ACC000878,1,54926.98,54926.98,0,13,1,0,1
ACC000881,1,14236.04,14236.04,0,7,1,0,1
ACC000882,1,38466.63,38466.63,0,7,1,0,1
ACC000883,2,88785.6,44392.8,70,16,2,0,2
ACC000884,2,49424.53,24712.26,301,17,2,1,2
ACC000885,1,38396.79,38396.79,0,12,1,0,1
ACC000887,3,123023.72,41007.91,118,27,3,0,3
ACC000889,1,8953.12,8953.12,0,5,1,0,1
ACC000891,1,1888.2,1888.2,0,9,1,0,1
ACC000892,1,89577.92,89577.92,0,5,1,0,1
ACC000897,1,12286.05,12286.05,0,13,1,0,1
ACC000898,3,49278.89,16426.3,241,17,3,0,3
ACC000899,1,72023.23,72023.23,0,6,1,0,1
ACC000900,2,72341.97,36170.99,293,11,2,0,2
ACC000903,1,7938.93,7938.93,0,3,1,0,1
ACC000904,2,65585.91,32792.96,127,8,2,0,2
ACC000905,1,31827.25,31827.25,0,14,1,0,1
ACC000906,1,7348.35,7348.35,0,12,1,1,1
ACC000908,1,10005.62,10005.62,0,12,1,1,1
ACC000909,1,64009.24,64009.24,0,12,1,0,1
ACC000913,1,23315.54,23315.54,0,5,1,0,1
ACC000914,2,18050.43,9025.22,285,10,2,0,2
ACC000915,3,64994.41,21664.8,295,21,3,0,3
ACC000916,2,138863.95,69431.98,138,25,2,0,2
ACC000923,1,12530.22,12530.22,0,6,1,0,1
ACC000924,3,87962.39,29320.8,57,17,3,0,3
ACC000927,3,52970.11,17656.7,178,30,3,0,2
ACC000929,2,15266.86,7633.43,253,7,2,0,2
ACC000931,1,7840.44,7840.44,0,1,1,0,1
ACC000932,1,51678.05,51678.05,0,4,1,0,1
ACC000934,1,11414.46,11414.46,0,4,1,0,1
ACC000935,2,9501.29,4750.65,66,23,2,0,2
ACC000940,1,11023.88,11023.88,0,9,1,0,1
ACC000941,2,62824.24,31412.12,323,17,2,0,2
ACC000943,1,40745.04,40745.04,0,7,1,1,1
ACC000947,1,9600.2,9600.2,0,11,1,0,1
ACC000948,3,85512.9,28504.3,238,19,3,0,2
ACC000949,1,7474.95,7474.95,0,8,1,0,1
ACC000950,1,37484.83,37484.83,0,14,1,0,1
ACC000951,2,7818.76,3909.38,167,12,2,0,1
ACC000952,2,49134.31,24567.15,141,20,2,0,2
ACC000953,1,13987.39,13987.39,0,9,1,0,1
ACC000954,1,17241.11,17241.11,0,14,1,0,1
ACC000957,2,21092.52,10546.26,203,9,2,0,2
ACC000958,2,127581.16,63790.58,34,17,2,0,2
ACC000959,1,3833.65,3833.65,0,11,1,0,1
ACC000960,2,74297.32,37148.66,98,22,2,0,2
ACC000961,1,21472.84,21472.84,0,3,1,0,1
ACC000963,1,28029.99,28029.99,0,11,1,0,1
ACC000965,1,27263.46,27263.46,0,8,1,0,1
ACC000966,2,20265.06,10132.53,343,21,2,0,2
ACC000967,1,8399.65,8399.65,0,13,1,0,1
ACC000968,3,68246.49,22748.83,335,25,3,1,2
ACC000969,2,31529.74,15764.87,180,19,2,0,1
ACC000970,1,12051.52,12051.52,0,8,1,0,1
ACC000972,1,54731.0,54731.0,0,2,1,0,1
ACC000973,1,28841.8,28841.8,0,7,1,0,1
ACC000974,1,53463.3,53463.3,0,1,1,0,1
ACC000976,1,1693.93,1693.93,0,6,1,0,1
ACC000979,4,201777.0,50444.25,205,29,4,0,4
ACC000980,2,19396.54,9698.27,150,17,2,0,2
ACC000981,1,6533.24,6533.24,0,5,1,0,1
ACC000985,3,133714.74,44571.58,308,28,3,0,3
ACC000987,1,28378.88,28378.88,0,7,1,0,1
ACC000988,1,2652.46,2652.46,0,3,1,0,1
ACC000989,1,55559.31,55559.31,0,10,1,0,1
ACC000990,1,55161.66,55161.66,0,7,1,0,1
ACC000992,1,7387.38,7387.38,0,2,1,1,1
ACC000994,2,110713.04,55356.52,317,17,2,0,2
ACC000995,1,32319.79,32319.79,0,7,1,1,1
ACC000996,1,9216.28,9216.28,0,2,1,0,1
ACC000997,2,19765.95,9882.98,118,19,2,0,2
ACC000998,1,17813.12,17813.12,0,8,1,0,1
ACC000999,2,27634.33,13817.17,214,20,2,0,2
ACC001000,1,9505.08,9505.08,0,9,1,0,1
ACC001001,1,26050.8,26050.8,0,14,1,0,1
ACC001002,1,37022.44,37022.44,0,9,1,0,1
ACC001004,2,67452.64,33726.32,83,17,2,0,2
ACC001006,2,50016.57,25008.29,81,7,2,0,2
ACC001008,1,41183.04,41183.04,0,8,1,0,1
ACC001009,1,7163.15,7163.15,0,13,1,0,1
ACC001011,2,63329.75,31664.88,265,25,2,1,2
ACC001013,1,14839.08,14839.08,0,9,1,0,1
ACC001020,1,65501.18,65501.18,0,7,1,0,1
ACC001021,1,45983.21,45983.21,0,13,1,1,1
ACC001022,2,68265.98,34132.99,145,7,2,0,2
ACC001024,2,52596.95,26298.48,168,4,2,0,2
ACC001026,1,30783.12,30783.12,0,3,1,0,1
ACC001029,1,18377.14,18377.14,0,1,1,0,1
ACC001031,1,11686.52,11686.52,0,6,1,0,1
ACC001033,1,65384.83,65384.83,0,4,1,1,1
ACC001034,1,9147.69,9147.69,0,8,1,1,1
ACC001035,3,22340.18,7446.73,370,12,3,1,3
ACC001036,1,2889.22,2889.22,0,13,1,1,1
ACC001041,1,2156.36,2156.36,0,8,1,0,1
ACC001043,3,53131.24,17710.41,328,11,3,0,3
ACC001044,1,29999.92,29999.92,0,1,1,0,1
ACC001045,1,1620.22,1620.22,0,6,1,0,1
ACC001048,1,1560.37,1560.37,0,3,1,0,1
ACC001049,1,3458.16,3458.16,0,14,1,0,1
ACC001052,1,11453.49,11453.49,0,6,1,1,1
ACC001053,1,12472.64,12472.64,0,12,1,1,1
ACC001057,1,8370.2,8370.2,0,7,1,0,1
ACC001059,1,1628.28,1628.28,0,10,1,0,1
ACC001060,2,97966.65,48983.32,2,6,2,0,2
ACC001062,4,35846.52,8961.63,109,42,4,0,3
ACC001063,2,59621.16,29810.58,236,9,2,1,2
ACC001064,1,27154.19,27154.19,0,9,1,1,1
ACC001066,1,18426.83,18426.83,0,1,1,0,1
ACC001067,3,67468.44,22489.48,37,24,3,0,3
ACC001068,2,99448.01,49724.01,5,18,2,0,1
ACC001069,1,44286.37,44286.37,0,10,1,1,1
ACC001071,2,47856.59,23928.3,85,21,2,0,2
ACC001072,1,51526.63,51526.63,0,5,1,0,1
ACC001073,2,87911.06,43955.53,72,22,2,0,2
ACC001074,2,75670.51,37835.26,311,17,2,0,2
ACC001075,2,21744.37,10872.19,431,9,2,1,2
ACC001077,1,5517.13,5517.13,0,9,1,0,1
ACC001078,1,1162.43,1162.43,0,14,1,0,1
ACC001081,1,1549.13,1549.13,0,5,1,0,1
ACC001083,2,41995.39,20997.69,345,10,2,1,1
ACC001085,1,85389.17,85389.17,0,1,1,0,1
ACC001086,1,19878.62,19878.62,0,3,1,0,1
ACC001087,1,225311.01,225311.01,0,5,1,0,1
ACC001091,1,10499.78,10499.78,0,4,1,0,1
ACC001092,2,37243.78,18621.89,148,14,2,0,2
ACC001097,1,30124.64,30124.64,0,7,1,0,1
ACC001098,3,33563.33,11187.78,379,25,3,1,3
ACC001099,2,18596.84,9298.42,192,14,2,0,2
ACC001100,1,63980.74,63980.74,0,11,1,0,1
ACC001101,1,2253.91,2253.91,0,10,1,0,1
ACC001102,1,5790.18,5790.18,0,7,1,0,1
ACC001103,1,4522.79,4522.79,0,6,1,0,1
ACC001104,1,11339.94,11339.94,0,13,1,0,1
ACC001107,1,12644.55,12644.55,0,5,1,0,1
ACC001111,1,55846.27,55846.27,0,9,1,0,1
ACC001112,1,6674.92,6674.92,0,13,1,0,1
ACC001113,1,17776.18,17776.18,0,11,1,0,1
ACC001116,2,80544.23,40272.11,176,15,2,0,2
ACC001117,1,9822.17,9822.17,0,5,1,0,1
ACC001118,1,6264.14,6264.14,0,13,1,0,1
ACC001120,2,54170.35,27085.17,76,8,2,0,1
ACC001122,1,11001.43,11001.43,0,14,1,0,1
ACC001123,1,11833.4,11833.4,0,11,1,0,1
ACC001124,2,4292.91,2146.45,97,15,2,0,2
ACC001125,1,35589.35,35589.35,0,14,1,0,1
ACC001127,1,112796.47,112796.47,0,8,1,0,1
ACC001128,2,25062.75,12531.38,98,17,2,0,2
ACC001130,3,75206.34,25068.78,232,26,3,0,3
ACC001132,1,24826.28,24826.28,0,5,1,0,1
ACC001136,3,55779.74,18593.25,304,33,3,0,2
ACC001137,1,24417.4,24417.4,0,12,1,0,1
ACC001138,2,14624.38,7312.19,243,11,2,0,2
ACC001139,1,45767.93,45767.93,0,12,1,0,1
ACC001140,2,45587.41,22793.71,107,24,2,0,2
ACC001141,4,179072.02,44768.01,251,33,4,0,3
ACC001142,1,14964.36,14964.36,0,8,1,0,1
ACC001143,1,56016.4,56016.4,0,7,1,0,1
ACC001145,1,23498.05,23498.05,0,7,1,1,1
ACC001146,1,2267.39,2267.39,0,14,1,0,1
ACC001147,2,21086.38,10543.19,48,5,2,0,2
ACC001149,1,45752.03,45752.03,0,3,1,1,1
ACC001150,2,57479.68,28739.84,94,15,2,0,2
ACC001153,1,54182.16,54182.16,0,12,1,0,1
ACC001154,3,145426.29,48475.43,350,26,3,2,2
ACC001155,1,5477.48,5477.48,0,7,1,0,1
ACC001156,1,146258.95,146258.95,0,9,1,0,1
ACC001157,3,168275.62,56091.87,110,32,3,0,3
ACC001161,2,15025.65,7512.82,48,12,2,0,2
ACC001162,1,4084.39,4084.39,0,2,1,0,1
ACC001163,3,27807.01,9269.0,204,5,3,0,3
ACC001164,2,50392.84,25196.42,40,13,2,0,2
ACC001169,1,1444.98,1444.98,0,11,1,0,1
ACC001170,1,52481.69,52481.69,0,2,1,0,1
ACC001171,2,42274.6,21137.3,135,23,2,0,2
ACC001172,1,11552.77,11552.77,0,7,1,0,1
ACC001174,3,48525.16,16175.05,117,9,3,0,3
ACC001177,1,909.11,909.11,0,8,1,0,1
ACC001178,1,14507.4,14507.4,0,5,1,0,1
ACC001180,1,48790.83,48790.83,0,5,1,0,1
ACC001181,1,46737.06,46737.06,0,12,1,0,1
ACC001182,1,737.67,737.67,0,4,1,0,1
ACC001183,1,81180.17,81180.17,0,12,1,0,1
ACC001184,3,16836.62,5612.21,163,8,3,0,2
ACC001186,2,27488.83,13744.42,134,9,2,0,2
ACC001187,1,4075.71,4075.71,0,4,1,0,1
ACC001189,3,96902.47,32300.82,148,16,3,1,2
ACC001190,1,20772.78,20772.78,0,14,1,0,1
ACC001191,1,37458.48,37458.48,0,9,1,1,1
ACC001194,1,66505.3,66505.3,0,12,1,0,1
ACC001201,3,40161.87,13387.29,258,35,3,0,3
ACC001205,1,20589.11,20589.11,0,4,1,0,1
ACC001206,1,14436.13,14436.13,0,5,1,0,1
ACC001209,4,142786.03,35696.51,351,44,4,0,3
ACC001210,3,30708.61,10236.2,395,20,3,0,2
ACC001212,1,16449.54,16449.54,0,3,1,0,1
ACC001213,1,10393.66,10393.66,0,12,1,0,1
ACC001214,2,44454.17,22227.08,40,16,2,0,2
ACC001215,1,16185.71,16185.71,0,8,1,0,1
ACC001216,2,38054.62,19027.31,15,15,2,1,1
ACC001218,2,30831.83,15415.92,58,7,2,0,2
ACC001219,2,54940.73,27470.36,59,8,2,0,2
ACC001220,2,23038.41,11519.2,271,13,2,0,2
ACC001222,3,67510.83,22503.61,272,9,3,1,2
ACC001223,2,72650.74,36325.37,230,11,2,0,2
ACC001225,2,6198.32,3099.16,1,13,2,0,2
ACC001228,3,89121.62,29707.21,49,17,3,0,3
ACC001230,2,23683.51,11841.76,284,17,2,0,2
ACC001232,3,140217.56,46739.19,47,11,3,0,2
ACC001233,1,1159.36,1159.36,0,7,1,0,1
ACC001234,2,48040.11,24020.06,143,18,2,0,2
ACC001237,1,2504.02,2504.02,0,5,1,0,1
ACC001238,4,41898.17,10474.54,200,18,4,0,3
ACC001241,1,25818.74,25818.74,0,3,1,0,1
ACC001242,3,73758.67,24586.22,381,11,3,0,3
ACC001244,3,100734.63,33578.21,103,18,3,0,3
ACC001246,3,124676.35,41558.78,174,17,3,0,3
ACC001247,1,35614.76,35614.76,0,6,1,0,1
ACC001249,1,5839.69,5839.69,0,3,1,0,1
ACC001250,2,128591.2,64295.6,12,22,2,0,2
ACC001254,1,65217.52,65217.52,0,6,1,0,1
ACC001255,2,37466.16,18733.08,76,15,2,0,2
ACC001257,1,4880.54,4880.54,0,6,1,0,1
ACC001258,1,949.56,949.56,0,3,1,0,1
ACC001260,1,8619.76,8619.76,0,1,1,0,1
ACC001262,4,46214.94,11553.74,309,33,4,0,2
ACC001263,1,5753.09,5753.09,0,4,1,0,1
ACC001264,1,6059.27,6059.27,0,12,1,0,1
ACC001266,3,134133.77,44711.26,425,14,3,1,2
ACC001268,2,27770.41,13885.2,184,16,2,0,2
ACC001269,2,56967.7,28483.85,35,14,2,0,2
ACC001271,1,29661.65,29661.65,0,11,1,1,1
ACC001272,2,108386.17,54193.09,156,17,2,0,2
ACC001273,1,9973.81,9973.81,0,11,1,0,1
ACC001274,1,64779.25,64779.25,0,3,1,0,1
ACC001276,1,47029.48,47029.48,0,1,1,0,1
ACC001278,1,27944.52,27944.52,0,8,1,0,1
ACC001279,2,80270.38,40135.19,384,14,2,1,2
ACC001280,1,63713.09,63713.09,0,7,1,0,1
ACC001281,1,7562.67,7562.67,0,1,1,0,1
ACC001282,1,32922.29,32922.29,0,5,1,0,1
ACC001285,1,92180.43,92180.43,0,8,1,0,1
ACC001286,1,27284.0,27284.0,0,9,1,1,1
ACC001288,1,10535.24,10535.24,0,7,1,0,1
ACC001289,1,26445.44,26445.44,0,13,1,0,1
ACC001291,1,11761.1,11761.1,0,2,1,0,1
ACC001293,1,40637.46,40637.46,0,5,1,0,1
ACC001294,3,103010.4,34336.8,110,21,3,0,2
ACC001295,3,75505.49,25168.5,340,19,3,1,2
ACC001296,2,92185.09,46092.54,372,9,2,0,2
ACC001297,3,26262.85,8754.28,402,27,3,1,3
ACC001298,2,84973.73,42486.86,17,9,2,0,2
ACC001300,4,67424.21,16856.05,276,35,4,1,2
ACC001302,1,13431.71,13431.71,0,9,1,0,1
ACC001305,1,18802.67,18802.67,0,9,1,0,1
ACC001306,4,202828.21,50707.05,229,22,4,0,3
ACC001308,2,60811.59,30405.79,25,22,2,0,2
ACC001310,2,18788.82,9394.41,67,16,2,0,2
ACC001311,2,27329.63,13664.82,221,12,2,1,2
ACC001313,1,9806.74,9806.74,0,7,1,0,1
ACC001316,2,37687.01,18843.51,244,25,2,0,1
ACC001318,1,12407.42,12407.42,0,6,1,0,1
ACC001319,1,17862.69,17862.69,0,14,1,0,1
ACC001320,2,79090.91,39545.46,239,18,2,0,2
ACC001321,1,7121.47,7121.47,0,13,1,1,1
ACC001324,1,4374.31,4374.31,0,1,1,0,1
ACC001326,1,19916.02,19916.02,0,14,1,0,1
ACC001328,1,6497.41,6497.41,0,13,1,0,1
ACC001330,1,28903.92,28903.92,0,4,1,0,1
ACC001331,2,26781.24,13390.62,96,8,2,0,1
ACC001335,1,2912.07,2912.07,0,4,1,1,1
ACC001336,1,9933.41,9933.41,0,11,1,0,1
ACC001337,1,8924.46,8924.46,0,13,1,0,1
ACC001339,3,77125.37,25708.46,249,21,3,0,3
ACC001342,1,9942.95,9942.95,0,6,1,0,1
ACC001344,1,27474.52,27474.52,0,13,1,0,1
ACC001345,2,118194.38,59097.19,66,16,2,0,2
ACC001352,1,30654.61,30654.61,0,8,1,0,1
ACC001354,2,88704.79,44352.39,1,5,2,0,2
ACC001355,1,2929.43,2929.43,0,11,1,1,1
ACC001357,1,663.42,663.42,0,12,1,0,1
ACC001358,1,1476.43,1476.43,0,1,1,0,1
ACC001361,1,17622.68,17622.68,0,10,1,0,1
ACC001362,1,9347.84,9347.84,0,9,1,1,1
ACC001363,1,17830.83,17830.83,0,3,1,0,1
ACC001364,1,42489.34,42489.34,0,14,1,0,1
ACC001365,1,5238.29,5238.29,0,13,1,0,1
ACC001366,1,27793.08,27793.08,0,8,1,0,1
ACC001368,3,150941.18,50313.73,405,27,3,0,3
ACC001371,4,54340.79,13585.2,134,39,4,0,4
ACC001373,1,3716.26,3716.26,0,12,1,0,1
ACC001374,2,3004.71,1502.36,37,25,2,1,2
ACC001376,1,62756.83,62756.83,0,4,1,0,1
ACC001378,1,7959.65,7959.65,0,5,1,0,1
ACC001380,1,2904.9,2904.9,0,6,1,0,1
ACC001381,1,7184.89,7184.89,0,7,1,0,1
ACC001382,2,82101.63,41050.82,154,16,2,0,2
ACC001383,1,2778.52,2778.52,0,10,1,0,1
ACC001384,2,29648.15,14824.08,170,14,2,0,2
ACC001386,3,34893.17,11631.06,360,20,3,1,2
ACC001387,1,8076.8,8076.8,0,13,1,0,1
ACC001390,2,24860.38,12430.19,60,20,2,1,2
ACC001391,1,15023.62,15023.62,0,14,1,0,1
ACC001392,1,16004.22,16004.22,0,3,1,0,1
ACC001393,1,14604.97,14604.97,0,10,1,0,1
ACC001394,3,52283.72,17427.91,165,20,3,0,3
ACC001396,2,47976.78,23988.39,211,28,2,0,2
ACC001398,2,103211.18,51605.59,103,15,2,1,2
ACC001399,1,15352.54,15352.54,0,11,1,0,1
ACC001400,1,37534.05,37534.05,0,10,1,0,1
ACC001401,1,55639.17,55639.17,0,5,1,0,1
ACC001403,1,23869.78,23869.78,0,1,1,0,1
ACC001404,2,44399.05,22199.53,12,18,2,0,2
ACC001405,1,3860.52,3860.52,0,12,1,0,1
ACC001406,1,573.32,573.32,0,3,1,0,1
ACC001409,3,34983.2,11661.07,251,22,3,1,2
ACC001410,2,27571.46,13785.73,275,17,2,1,1
ACC001411,1,36922.75,36922.75,0,14,1,0,1
ACC001412,2,69622.11,34811.06,263,15,2,0,1
ACC001415,2,22786.31,11393.16,40,14,2,0,2
ACC001416,1,15422.13,15422.13,0,8,1,0,1
ACC001417,1,21274.37,21274.37,0,3,1,0,1
ACC001418,1,4329.65,4329.65,0,1,1,0,1
ACC001423,1,15707.23,15707.23,0,7,1,1,1
ACC001424,3,50954.83,16984.94,177,30,3,0,2
ACC001425,3,84369.35,28123.12,383,29,3,0,1
ACC001426,1,14199.49,14199.49,0,6,1,0,1
ACC001427,1,72732.1,72732.1,0,13,1,0,1
ACC001428,1,70026.24,70026.24,0,11,1,0,1
ACC001429,1,44592.67,44592.67,0,6,1,0,1
ACC001433,1,7096.42,7096.42,0,14,1,0,1
ACC001436,2,13034.98,6517.49,30,19,2,0,2
ACC001437,3,102319.05,34106.35,149,27,3,0,3
ACC001438,2,33730.41,16865.21,379,17,2,1,2
ACC001439,2,59896.52,29948.26,20,24,2,0,2
ACC001440,1,51166.18,51166.18,0,5,1,0,1
ACC001441,1,5353.38,5353.38,0,1,1,0,1
ACC001442,1,45730.86,45730.86,0,11,1,0,1
ACC001444,1,4468.54,4468.54,0,13,1,0,1
ACC001446,1,93782.87,93782.87,0,8,1,0,1
ACC001447,1,89043.97,89043.97,0,5,1,0,1
ACC001448,2,124838.83,62419.41,71,8,2,0,2
ACC001451,3,54570.42,18190.14,57,18,3,0,2
ACC001452,1,7203.65,7203.65,0,13,1,0,1
ACC001453,1,28099.59,28099.59,0,4,1,0,1
ACC001454,2,41152.62,20576.31,249,9,2,0,2
ACC001455,1,40911.67,40911.67,0,5,1,0,1
ACC001456,4,56803.85,14200.96,345,32,4,1,2
ACC001457,1,8737.05,8737.05,0,8,1,0,1
ACC001458,2,94720.19,47360.1,180,15,2,0,2
ACC001459,1,55729.99,55729.99,0,7,1,0,1
ACC001461,5,284479.58,56895.92,400,35,5,0,4
ACC001462,1,27714.09,27714.09,0,14,1,0,1
ACC001463,1,2667.15,2667.15,0,13,1,0,1
ACC001464,1,11686.71,11686.71,0,4,1,0,1
ACC001465,3,59036.87,19678.96,308,27,3,0,2
ACC001466,3,36656.84,12218.95,356,17,3,1,2
ACC001472,1,1995.08,1995.08,0,6,1,0,1
ACC001473,2,40788.48,20394.24,343,19,2,0,2
ACC001474,2,14277.64,7138.82,252,14,2,0,2
ACC001476,2,89820.25,44910.12,49,16,2,0,2
ACC001479,2,34060.15,17030.08,140,19,2,0,2
ACC001480,1,9802.83,9802.83,0,5,1,0,1
ACC001481,1,30319.11,30319.11,0,9,1,0,1
ACC001483,2,48802.45,24401.22,116,22,2,0,2
ACC001484,1,1389.25,1389.25,0,5,1,1,1
ACC001485,2,14947.82,7473.91,39,13,2,0,1
ACC001488,3,57570.48,19190.16,170,27,3,0,3
ACC001490,1,9365.74,9365.74,0,7,1,0,1
ACC001492,1,6264.86,6264.86,0,13,1,0,1
ACC001493,1,55029.77,55029.77,0,2,1,0,1
ACC001494,4,73306.23,18326.56,240,23,4,2,3
ACC001495,2,57574.24,28787.12,42,18,2,0,2
ACC001496,1,16418.27,16418.27,0,5,1,1,1
ACC001498,1,1386.12,1386.12,0,5,1,0,1
ACC001500,1,10640.79,10640.79,0,14,1,0,1
ACC001501,2,16608.45,8304.23,148,22,2,1,2
ACC001502,1,24981.62,24981.62,0,13,1,0,1
ACC001504,1,39725.55,39725.55,0,7,1,0,1
ACC001505,1,6384.67,6384.67,0,12,1,0,1
ACC001506,1,3429.76,3429.76,0,10,1,0,1
ACC001509,1,729.28,729.28,0,4,1,0,1
ACC001511,3,35765.45,11921.82,39,29,3,0,3
ACC001514,1,34075.41,34075.41,0,2,1,0,1
ACC001515,1,9884.39,9884.39,0,12,1,0,1
ACC001516,1,37286.93,37286.93,0,13,1,0,1
ACC001517,1,22959.87,22959.87,0,13,1,0,1
ACC001518,1,5022.62,5022.62,0,12,1,0,1
ACC001519,1,11123.84,11123.84,0,5,1,0,1
ACC001523,1,30389.71,30389.71,0,9,1,0,1
ACC001524,1,47344.63,47344.63,0,1,1,1,1
ACC001526,1,1806.52,1806.52,0,6,1,0,1
ACC001529,2,28518.64,14259.32,261,22,2,1,2
ACC001530,1,63334.77,63334.77,0,6,1,0,1
ACC001531,2,26692.85,13346.43,0,7,2,0,1
ACC001533,1,28196.42,28196.42,0,11,1,0,1
ACC001534,2,23724.6,11862.3,51,20,2,0,2
ACC001536,2,50360.89,25180.44,308,14,2,1,2
ACC001537,2,93620.01,46810.01,382,18,2,1,2
ACC001539,4,111662.6,27915.65,338,33,4,0,4
ACC001540,1,800.21,800.21,0,4,1,0,1
ACC001541,2,20194.57,10097.28,159,22,2,0,2
ACC001542,3,97220.32,32406.77,241,24,3,0,2
ACC001543,1,30176.39,30176.39,0,8,1,0,1
ACC001545,1,10967.66,10967.66,0,13,1,0,1
ACC001546,1,18955.07,18955.07,0,10,1,0,1
ACC001549,1,50290.52,50290.52,0,10,1,0,1
ACC001551,1,39351.34,39351.34,0,4,1,0,1
ACC001554,1,14919.01,14919.01,0,8,1,0,1
ACC001555,2,155236.53,77618.26,152,16,2,0,1
ACC001558,1,7566.2,7566.2,0,12,1,0,1
ACC001559,1,17143.77,17143.77,0,13,1,0,1
ACC001560,1,3533.48,3533.48,0,4,1,0,1
ACC001561,1,19596.56,19596.56,0,6,1,1,1
ACC001563,2,21520.41,10760.2,39,20,2,1,2
ACC001564,2,18745.17,9372.58,67,21,2,0,2
ACC001566,2,30932.21,15466.1,119,21,2,0,2
ACC001568,3,63285.24,21095.08,161,23,3,0,1
ACC001571,2,21177.79,10588.9,95,13,2,0,2
ACC001573,1,44254.62,44254.62,0,8,1,0,1
ACC001574,2,28855.79,14427.9,148,27,2,1,2
ACC001575,1,31868.88,31868.88,0,2,1,0,1
ACC001576,1,4096.19,4096.19,0,10,1,0,1
ACC001577,3,40020.51,13340.17,183,17,3,0,3
ACC001578,2,14317.3,7158.65,154,21,2,0,1
ACC001579,1,11471.95,11471.95,0,5,1,0,1
ACC001580,1,50938.54,50938.54,0,4,1,0,1
ACC001581,1,12738.73,12738.73,0,5,1,0,1
ACC001585,1,20672.9,20672.9,0,9,1,0,1
ACC001586,1,55859.36,55859.36,0,12,1,0,1
ACC001587,2,41580.04,20790.02,101,7,2,0,2
ACC001588,2,106746.09,53373.05,313,17,2,1,2
ACC001589,2,47959.69,23979.84,366,14,2,0,2
ACC001590,1,7523.11,7523.11,0,3,1,0,1
ACC001591,1,627.12,627.12,0,1,1,0,1
ACC001592,2,16006.45,8003.22,26,13,2,0,2
ACC001593,2,24208.5,12104.25,114,24,2,0,2
ACC001597,1,63425.23,63425.23,0,2,1,0,1
ACC001598,1,12024.88,12024.88,0,2,1,0,1
ACC001599,1,41171.8,41171.8,0,10,1,0,1
ACC001601,1,4849.88,4849.88,0,8,1,0,1
ACC001605,1,42035.67,42035.67,0,1,1,0,1
ACC001607,2,81168.81,40584.4,82,24,2,1,2
ACC001608,1,6135.98,6135.98,0,8,1,0,1
ACC001611,1,10166.53,10166.53,0,11,1,0,1
ACC001612,2,136872.75,68436.38,256,25,2,0,1
ACC001613,1,21395.03,21395.03,0,10,1,0,1
ACC001614,2,16260.02,8130.01,333,12,2,0,2
ACC001615,1,28114.07,28114.07,0,11,1,0,1
ACC001616,1,26452.65,26452.65,0,9,1,0,1
ACC001617,2,54071.16,27035.58,137,19,2,0,2
ACC001618,1,47885.67,47885.67,0,12,1,0,1
ACC001620,1,4095.06,4095.06,0,13,1,0,1
ACC001621,1,11493.99,11493.99,0,2,1,0,1
ACC001622,2,71117.72,35558.86,203,13,2,0,2
ACC001623,1,14440.48,14440.48,0,7,1,0,1
ACC001624,2,20791.09,10395.55,89,6,2,0,2
ACC001625,1,90173.25,90173.25,0,9,1,0,1
ACC001627,1,1416.69,1416.69,0,11,1,0,1
ACC001628,1,14543.98,14543.98,0,4,1,0,1
ACC001632,2,87334.99,43667.5,378,10,2,1,1
ACC001633,1,14492.98,14492.98,0,13,1,0,1
ACC001635,1,32675.49,32675.49,0,9,1,0,1
ACC001638,1,16676.08,16676.08,0,14,1,0,1
ACC001639,3,153626.05,51208.68,102,24,3,0,2
ACC001641,1,15541.8,15541.8,0,7,1,0,1
ACC001642,3,56585.9,18861.97,202,16,3,0,2
ACC001644,1,6895.24,6895.24,0,14,1,0,1
ACC001645,1,49421.1,49421.1,0,6,1,0,1
ACC001646,6,140774.7,23462.45,354,28,6,1,4
ACC001648,1,64318.78,64318.78,0,2,1,0,1
ACC001649,1,6601.04,6601.04,0,10,1,0,1
ACC001652,5,143368.24,28673.65,221,38,5,0,4
ACC001654,2,17591.73,8795.86,158,11,2,0,2
ACC001655,2,63165.4,31582.7,73,18,2,1,2
ACC001656,3,94630.68,31543.56,337,37,3,0,3
ACC001657,3,12370.67,4123.56,221,12,3,0,2
ACC001658,2,149966.77,74983.39,336,12,2,0,2
ACC001659,2,9862.06,4931.03,75,16,2,1,2
ACC001661,3,65456.29,21818.76,368,18,3,0,2
ACC001663,2,19964.52,9982.26,26,14,2,0,2
ACC001664,2,52388.8,26194.4,153,26,2,0,2
ACC001665,1,16194.77,16194.77,0,13,1,0,1
ACC001666,2,18928.85,9464.43,212,12,2,0,2
ACC001667,3,92746.16,30915.39,43,22,3,0,3
ACC001668,2,59133.61,29566.81,44,19,2,0,2
ACC001670,2,43600.31,21800.15,321,14,2,1,2
ACC001671,1,15661.19,15661.19,0,6,1,0,1
ACC001673,1,46048.41,46048.41,0,10,1,0,1
ACC001674,2,45223.53,22611.76,11,18,2,0,2
ACC001675,1,114428.44,114428.44,0,11,1,0,1
ACC001676,2,44947.22,22473.61,227,21,2,0,2
ACC001677,1,15578.23,15578.23,0,11,1,0,1
ACC001678,2,20071.15,10035.58,199,14,2,0,2
ACC001679,1,4634.13,4634.13,0,6,1,0,1
ACC001681,1,3405.1,3405.1,0,9,1,0,1
ACC001686,4,47035.77,11758.94,184,42,4,0,4
ACC001689,1,1778.77,1778.77,0,10,1,0,1
ACC001690,1,11794.2,11794.2,0,2,1,0,1
ACC001691,1,13496.82,13496.82,0,3,1,0,1
ACC001695,1,5955.42,5955.42,0,6,1,0,1
ACC001696,1,1966.51,1966.51,0,9,1,0,1
ACC001697,1,80743.26,80743.26,0,7,1,0,1
ACC001698,1,29846.29,29846.29,0,4,1,0,1
ACC001699,2,30773.1,15386.55,203,18,2,0,2
ACC001700,3,34140.07,11380.02,163,30,3,1,3
ACC001701,1,8983.14,8983.14,0,11,1,0,1
ACC001702,3,57346.39,19115.46,205,9,3,0,3
ACC001704,1,4253.22,4253.22,0,7,1,0,1
ACC001705,1,17534.38,17534.38,0,11,1,0,1
ACC001707,1,20365.71,20365.71,0,5,1,0,1
ACC001709,2,16351.85,8175.93,412,18,2,1,2
ACC001711,1,10564.45,10564.45,0,8,1,0,1
ACC001713,3,29889.09,9963.03,307,22,3,0,3
ACC001714,2,33240.66,16620.33,11,12,2,0,2
ACC001715,2,34104.84,17052.42,244,5,2,0,2
ACC001716,1,56879.6,56879.6,0,13,1,0,1
ACC001718,3,166898.35,55632.78,111,36,3,0,3
ACC001719,3,71091.08,23697.03,103,25,3,0,3
ACC001720,1,10032.69,10032.69,0,13,1,0,1
ACC001721,1,23373.95,23373.95,0,4,1,0,1
ACC001722,1,6385.4,6385.4,0,3,1,0,1
ACC001724,2,45482.95,22741.47,113,18,2,0,2
ACC001725,1,12489.31,12489.31,0,12,1,0,1
ACC001727,1,4440.02,4440.02,0,1,1,1,1
ACC001729,3,91971.45,30657.15,250,35,3,0,2
ACC001730,1,10557.79,10557.79,0,1,1,1,1
ACC001731,1,11531.91,11531.91,0,13,1,0,1
ACC001732,3,73481.0,24493.67,325,32,3,0,2
ACC001733,1,10175.29,10175.29,0,3,1,0,1
ACC001739,2,59606.05,29803.03,173,12,2,0,2
ACC001740,1,35467.18,35467.18,0,6,1,0,1
ACC001742,2,12299.71,6149.85,118,23,2,0,2
ACC001744,3,127707.62,42569.21,359,26,3,1,3
ACC001746,2,4727.94,2363.97,396,22,2,1,2
ACC001747,5,76531.42,15306.28,415,20,5,1,3
ACC001750,2,46587.66,23293.83,138,8,2,0,2
ACC001751,1,19686.45,19686.45,0,2,1,0,1
ACC001752,1,3243.04,3243.04,0,10,1,0,1
ACC001753,1,112965.61,112965.61,0,1,1,0,1
ACC001754,1,886.88,886.88,0,11,1,0,1
ACC001756,1,30929.55,30929.55,0,9,1,0,1
ACC001758,1,1593.4,1593.4,0,12,1,0,1
ACC001759,1,37671.68,37671.68,0,5,1,0,1
ACC001760,2,32015.27,16007.64,13,23,2,0,1
ACC001764,1,40553.18,40553.18,0,3,1,0,1
ACC001765,2,20402.88,10201.44,299,22,2,0,2
ACC001767,3,71590.38,23863.46,33,31,3,1,3
ACC001768,1,27850.29,27850.29,0,4,1,0,1
ACC001774,2,17346.12,8673.06,85,11,2,0,2
ACC001775,1,38072.88,38072.88,0,14,1,0,1
ACC001776,1,27191.05,27191.05,0,7,1,0,1
ACC001777,1,19713.66,19713.66,0,3,1,0,1
ACC001778,1,3432.75,3432.75,0,7,1,0,1
ACC001781,2,107459.3,53729.65,326,9,2,0,2
ACC001782,1,5130.53,5130.53,0,13,1,0,1
ACC001783,2,20545.35,10272.67,166,23,2,0,2
ACC001784,4,112581.75,28145.44,146,23,4,0,3
ACC001787,1,841.57,841.57,0,8,1,0,1
ACC001788,1,39758.87,39758.87,0,13,1,1,1
ACC001790,2,27490.2,13745.1,28,12,2,0,2
ACC001795,1,27656.52,27656.52,0,9,1,0,1
ACC001797,4,135821.23,33955.31,319,35,4,0,2
ACC001798,1,38114.68,38114.68,0,7,1,0,1
ACC001800,2,13540.06,6770.03,301,16,2,0,1
ACC001801,1,7141.88,7141.88,0,5,1,0,1
ACC001803,1,13536.16,13536.16,0,7,1,1,1
ACC001804,1,18351.93,18351.93,0,9,1,0,1
ACC001806,1,69196.31,69196.31,0,6,1,0,1
ACC001807,1,14577.39,14577.39,0,3,1,0,1
ACC001808,1,73877.85,73877.85,0,7,1,0,1
ACC001810,2,54255.28,27127.64,17,22,2,0,2
ACC001812,2,78072.69,39036.35,282,6,2,1,2
ACC001813,2,61759.8,30879.9,8,24,2,0,2
ACC001814,1,18605.12,18605.12,0,14,1,0,1
ACC001816,2,20769.53,10384.76,288,15,2,0,2
ACC001817,2,46015.78,23007.89,104,20,2,0,2
ACC001821,1,53951.96,53951.96,0,5,1,0,1
ACC001822,1,21499.37,21499.37,0,3,1,0,1
ACC001823,2,36972.23,18486.11,163,6,2,1,1
ACC001825,1,27871.47,27871.47,0,13,1,0,1
ACC001827,2,30228.12,15114.06,30,16,2,0,2
ACC001831,2,99627.03,49813.51,80,8,2,0,2
ACC001832,2,9890.67,4945.34,124,11,2,0,2
ACC001835,2,57030.42,28515.21,161,16,2,1,1
ACC001836,2,51339.91,25669.96,46,21,2,0,1
ACC001838,1,6796.72,6796.72,0,6,1,1,1
ACC001841,2,29779.97,14889.99,273,14,2,0,2
ACC001842,2,22168.99,11084.49,44,16,2,0,2
ACC001845,1,20300.68,20300.68,0,2,1,0,1
ACC001846,1,51126.39,51126.39,0,8,1,1,1
ACC001852,1,32715.87,32715.87,0,9,1,0,1
ACC001853,2,42036.31,21018.15,38,19,2,0,2
ACC001854,1,50033.94,50033.94,0,1,1,0,1
ACC001855,1,49800.52,49800.52,0,2,1,0,1
ACC001859,2,21853.28,10926.64,27,12,2,0,2
ACC001861,2,99480.64,49740.32,289,17,2,0,2
ACC001863,2,28902.57,14451.28,156,11,2,0,2
ACC001864,1,59761.71,59761.71,0,6,1,0,1
ACC001866,1,57890.33,57890.33,0,7,1,0,1
ACC001867,2,26021.68,13010.84,190,12,2,0,2
ACC001868,3,141216.77,47072.26,186,27,3,0,3
ACC001870,1,18888.21,18888.21,0,7,1,0,1
ACC001871,2,41454.39,20727.19,12,16,2,0,2
ACC001872,1,75076.79,75076.79,0,9,1,0,1
ACC001874,1,8910.46,8910.46,0,9,1,0,1
ACC001875,2,23528.7,11764.35,81,14,2,0,2
ACC001876,1,2062.81,2062.81,0,10,1,0,1
ACC001877,2,115354.38,57677.19,7,8,2,0,2
ACC001878,1,50368.64,50368.64,0,4,1,0,1
ACC001880,1,45215.13,45215.13,0,2,1,0,1
ACC001881,3,50589.24,16863.08,278,20,3,0,3
ACC001883,1,19857.28,19857.28,0,7,1,0,1
ACC001884,3,54294.46,18098.15,233,29,3,0,3
ACC001885,1,65933.82,65933.82,0,14,1,0,1
ACC001886,1,13451.85,13451.85,0,13,1,0,1
ACC001888,2,10770.57,5385.28,104,20,2,0,2
ACC001889,2,45637.87,22818.94,162,21,2,1,1
ACC001891,2,51256.27,25628.14,131,13,2,0,2
ACC001893,2,139277.22,69638.61,12,9,2,2,1
ACC001894,1,76852.01,76852.01,0,2,1,1,1
ACC001895,1,1420.21,1420.21,0,14,1,0,1
ACC001897,1,64249.8,64249.8,0,14,1,0,1
ACC001899,2,84559.97,42279.99,229,25,2,0,2
ACC001900,1,5680.79,5680.79,0,9,1,0,1
ACC001901,1,4066.07,4066.07,0,4,1,0,1
ACC001902,1,1224.55,1224.55,0,7,1,0,1
ACC001904,1,30009.14,30009.14,0,13,1,0,1
ACC001905,1,23754.45,23754.45,0,2,1,0,1
ACC001906,1,17924.3,17924.3,0,6,1,0,1
ACC001911,1,4190.24,4190.24,0,10,1,0,1
ACC001913,3,48430.45,16143.48,433,13,3,1,3
ACC001915,2,17446.67,8723.34,3,15,2,0,2
ACC001916,1,36774.83,36774.83,0,13,1,0,1
ACC001917,3,214002.3,71334.1,59,17,3,0,2
ACC001919,1,63678.81,63678.81,0,5,1,0,1
ACC001921,1,21623.62,21623.62,0,9,1,0,1
ACC001922,2,11349.88,5674.94,42,21,2,0,2
ACC001923,1,851.67,851.67,0,3,1,0,1
ACC001924,1,3914.29,3914.29,0,13,1,0,1
ACC001927,1,2180.94,2180.94,0,6,1,0,1
ACC001930,1,1540.74,1540.74,0,7,1,0,1
ACC001931,2,10656.85,5328.43,50,16,2,0,2
ACC001932,2,16928.21,8464.1,169,16,2,0,1
ACC001933,2,7141.41,3570.7,103,18,2,0,2
ACC001934,1,96685.15,96685.15,0,1,1,0,1
ACC001935,2,38143.99,19071.99,104,19,2,0,2
ACC001937,4,121459.32,30364.83,227,33,4,0,3
ACC001938,1,64290.33,64290.33,0,4,1,1,1
ACC001940,2,67248.49,33624.25,271,20,2,0,2
ACC001941,1,5662.25,5662.25,0,4,1,0,1
ACC001943,2,25310.65,12655.33,18,11,2,0,2
ACC001944,1,16731.99,16731.99,0,11,1,0,1
ACC001945,1,40904.68,40904.68,0,5,1,0,1
ACC001946,3,37885.73,12628.58,366,13,3,0,2
ACC001949,2,19053.86,9526.93,118,18,2,0,2
ACC001950,1,28672.88,28672.88,0,4,1,0,1
ACC001952,1,33624.1,33624.1,0,1,1,0,1
ACC001954,2,105557.05,52778.52,140,20,2,0,2
ACC001957,1,8843.89,8843.89,0,5,1,0,1
ACC001958,2,44528.09,22264.04,154,13,2,0,2
ACC001959,2,51817.49,25908.74,104,5,2,0,2
ACC001960,1,30306.88,30306.88,0,10,1,0,1
ACC001961,1,1436.41,1436.41,0,9,1,0,1
ACC001962,2,24900.23,12450.11,187,13,2,0,2
ACC001963,3,71544.41,23848.14,401,23,3,0,3
ACC001964,2,14667.01,7333.51,51,9,2,0,2
ACC001965,2,96694.85,48347.43,84,12,2,0,2
ACC001968,3,83102.87,27700.96,433,12,3,1,3
ACC001969,1,8306.8,8306.8,0,2,1,0,1
ACC001972,2,17739.6,8869.8,31,17,2,0,2
ACC001973,2,36434.92,18217.46,33,7,2,0,2
ACC001974,2,36588.2,18294.1,121,22,2,0,2
ACC001976,1,43520.96,43520.96,0,4,1,0,1
ACC001977,2,3655.54,1827.77,129,16,2,0,2
ACC001978,2,28780.87,14390.44,294,12,2,0,2
ACC001979,1,52321.0,52321.0,0,8,1,0,1
ACC001983,1,58533.92,58533.92,0,5,1,0,1
ACC001984,2,53910.29,26955.15,97,15,2,0,2
ACC001986,2,33824.79,16912.4,110,22,2,0,2
ACC001988,2,53589.03,26794.51,192,14,2,0,2
ACC001990,1,36201.5,36201.5,0,13,1,0,1
ACC001992,1,35567.62,35567.62,0,8,1,0,1
ACC001993,1,12095.09,12095.09,0,5,1,1,1
ACC001995,1,56653.6,56653.6,0,2,1,0,1
ACC001996,1,22967.03,22967.03,0,3,1,0,1
ACC001998,1,11604.8,11604.8,0,13,1,0,1
ACC001999,1,40797.47,40797.47,0,13,1,0,1
ACC002000,1,84961.09,84961.09,0,3,1,0,1
ACC002001,3,52453.9,17484.63,63,30,3,0,3
ACC002002,1,2523.77,2523.77,0,1,1,0,1
ACC002003,1,20815.45,20815.45,0,12,1,0,1
ACC002006,1,758.04,758.04,0,8,1,0,1
ACC002009,1,46267.65,46267.65,0,9,1,0,1
ACC002010,1,7430.33,7430.33,0,11,1,0,1
ACC002012,1,24974.72,24974.72,0,3,1,0,1
ACC002013,1,1449.0,1449.0,0,1,1,0,1
ACC002015,5,77514.24,15502.85,302,43,5,0,3
ACC002016,3,37626.75,12542.25,299,20,3,0,3
ACC002017,1,18569.33,18569.33,0,6,1,0,1
ACC002018,1,10135.89,10135.89,0,13,1,0,1
ACC002020,2,19203.83,9601.92,18,16,2,0,2
ACC002021,1,7633.69,7633.69,0,1,1,0,1
ACC002023,2,25297.38,12648.69,67,12,2,0,2
ACC002024,3,81152.81,27050.94,163,13,3,0,3
ACC002025,2,56641.38,28320.69,124,21,2,0,2
ACC002026,2,15942.88,7971.44,53,18,2,0,1
ACC002027,1,10546.25,10546.25,0,2,1,0,1
ACC002029,1,16582.71,16582.71,0,10,1,0,1
ACC002030,2,113376.45,56688.22,147,8,2,0,2
ACC002032,2,18801.3,9400.65,62,13,2,0,2
ACC002033,1,2272.33,2272.33,0,3,1,0,1
ACC002034,1,3795.59,3795.59,0,8,1,0,1
ACC002036,1,5417.54,5417.54,0,3,1,0,1
ACC002037,3,45512.87,15170.96,280,20,3,0,3
ACC002038,1,24956.04,24956.04,0,7,1,0,1
ACC002039,1,43754.89,43754.89,0,14,1,0,1
ACC002040,1,2763.78,2763.78,0,9,1,0,1
ACC002041,1,49307.2,49307.2,0,4,1,0,1
ACC002042,2,36867.57,18433.78,173,6,2,0,2
ACC002043,1,36200.17,36200.17,0,11,1,0,1
ACC002045,1,25372.45,25372.45,0,10,1,0,1
ACC002046,2,65591.98,32795.99,33,12,2,0,2
ACC002050,1,29328.7,29328.7,0,9,1,0,1
ACC002051,3,55556.44,18518.81,282,26,3,0,2
ACC002055,3,64128.55,21376.18,206,23,3,0,3
ACC002056,1,4873.27,4873.27,0,6,1,0,1
ACC002059,2,20132.58,10066.29,86,21,2,1,2
ACC002060,3,168368.23,56122.74,126,22,3,0,3
ACC002061,4,69133.81,17283.45,296,29,4,0,4
ACC002062,1,22374.92,22374.92,0,6,1,0,1
ACC002063,1,3128.53,3128.53,0,10,1,0,1
ACC002066,1,71962.66,71962.66,0,8,1,0,1
ACC002067,1,28919.29,28919.29,0,14,1,0,1
ACC002068,1,65833.88,65833.88,0,6,1,0,1
ACC002069,2,68978.76,34489.38,193,22,2,0,2
ACC002070,1,13577.44,13577.44,0,13,1,0,1
ACC002071,1,29418.27,29418.27,0,2,1,0,1
ACC002072,1,108984.39,108984.39,0,14,1,0,1
ACC002073,3,90850.92,30283.64,107,19,3,1,1
ACC002075,3,62667.47,20889.16,348,32,3,1,3
ACC002077,1,36005.38,36005.38,0,1,1,0,1
ACC002078,1,6312.56,6312.56,0,4,1,1,1
ACC002081,4,80442.68,20110.67,178,27,4,0,2
ACC002082,1,5960.08,5960.08,0,1,1,0,1
ACC002084,1,17112.25,17112.25,0,12,1,0,1
ACC002085,3,82754.25,27584.75,23,21,3,0,3
ACC002087,2,41300.95,20650.47,70,14,2,0,1
ACC002088,2,52413.45,26206.72,79,24,2,0,2
ACC002091,2,20635.59,10317.8,270,6,2,0,2
ACC002092,2,13102.46,6551.23,374,15,2,1,2
ACC002093,1,3713.9,3713.9,0,8,1,0,1
ACC002094,2,31722.19,15861.1,184,10,2,0,2
ACC002097,1,4250.74,4250.74,0,11,1,0,1
ACC002098,1,63211.09,63211.09,0,11,1,0,1
ACC002101,3,37481.15,12493.72,165,26,3,0,2
ACC002103,2,59330.83,29665.42,121,8,2,1,2
ACC002104,2,94320.08,47160.04,26,13,2,0,1
ACC002106,1,6355.93,6355.93,0,7,1,0,1
ACC002108,1,7236.82,7236.82,0,14,1,1,1
ACC002111,1,35857.69,35857.69,0,13,1,0,1
ACC002112,1,29028.35,29028.35,0,10,1,0,1
ACC002117,1,7984.27,7984.27,0,8,1,0,1
ACC002120,1,36176.44,36176.44,0,5,1,0,1
ACC002121,2,7578.64,3789.32,139,24,2,0,2
ACC002123,1,54337.24,54337.24,0,1,1,0,1
ACC002124,1,18718.09,18718.09,0,12,1,0,1
ACC002125,1,10569.98,10569.98,0,14,1,0,1
ACC002127,1,23306.6,23306.6,0,6,1,0,1
ACC002131,2,37145.72,18572.86,176,16,2,0,2
ACC002132,1,30045.54,30045.54,0,13,1,0,1
ACC002134,4,105081.16,26270.29,167,28,4,1,2
ACC002137,1,3112.5,3112.5,0,13,1,0,1
ACC002138,2,51607.28,25803.64,218,19,2,0,2
ACC002140,1,1616.28,1616.28,0,8,1,0,1
ACC002141,3,90615.35,30205.12,204,27,3,0,3
ACC002142,1,33354.1,33354.1,0,8,1,0,1
ACC002144,1,3703.08,3703.08,0,10,1,1,1
ACC002145,3,73728.71,24576.24,136,34,3,0,3
ACC002146,1,2638.89,2638.89,0,11,1,0,1
ACC002149,1,17899.55,17899.55,0,6,1,0,1
ACC002150,1,13135.13,13135.13,0,3,1,0,1
ACC002152,1,23685.43,23685.43,0,6,1,0,1
ACC002154,3,125631.55,41877.18,387,23,3,0,3
ACC002155,1,36607.94,36607.94,0,13,1,0,1
ACC002156,3,26042.13,8680.71,377,23,3,0,3
ACC002157,1,24753.66,24753.66,0,13,1,1,1
ACC002158,1,28427.92,28427.92,0,4,1,0,1
ACC002161,3,62790.79,20930.26,31,21,3,0,3
ACC002163,2,118437.93,59218.97,40,15,2,0,2
ACC002164,2,46772.88,23386.44,6,11,2,0,2
ACC002166,1,12932.12,12932.12,0,6,1,1,1
ACC002167,1,75780.32,75780.32,0,14,1,0,1
ACC002168,3,84523.88,28174.63,315,14,3,1,2
ACC002169,1,55958.77,55958.77,0,14,1,0,1
ACC002170,1,6143.58,6143.58,0,12,1,0,1
ACC002173,1,9461.62,9461.62,0,13,1,0,1
ACC002174,1,10336.08,10336.08,0,12,1,0,1
ACC002175,2,22541.21,11270.6,63,6,2,0,2
ACC002176,1,38159.32,38159.32,0,1,1,1,1
ACC002178,3,135282.11,45094.04,259,34,3,0,3
ACC002181,2,47713.23,23856.61,197,14,2,0,2
ACC002182,2,58753.82,29376.91,222,17,2,0,2
ACC002183,1,34533.09,34533.09,0,9,1,0,1
ACC002186,1,18167.87,18167.87,0,5,1,0,1
ACC002187,1,14302.76,14302.76,0,14,1,0,1
ACC002188,2,30428.95,15214.47,115,17,2,0,2
ACC002190,1,6729.03,6729.03,0,13,1,0,1
ACC002191,1,28712.54,28712.54,0,3,1,0,1
ACC002192,1,11014.76,11014.76,0,3,1,0,1
ACC002193,2,139914.62,69957.31,386,14,2,0,2
ACC002194,2,100654.89,50327.44,280,27,2,0,2
ACC002195,1,26314.8,26314.8,0,8,1,0,1
ACC002196,2,86176.73,43088.36,137,9,2,0,2
ACC002197,1,24313.43,24313.43,0,6,1,0,1
ACC002201,2,18366.78,9183.39,5,28,2,0,2
ACC002202,1,13024.91,13024.91,0,6,1,1,1
ACC002203,1,6693.56,6693.56,0,9,1,0,1
ACC002204,2,112769.4,56384.7,186,17,2,0,2
ACC002205,1,19345.98,19345.98,0,12,1,0,1
ACC002206,1,20236.14,20236.14,0,2,1,0,1
ACC002207,2,21699.76,10849.88,181,4,2,0,2
ACC002208,1,9294.95,9294.95,0,8,1,0,1
ACC002209,2,61161.77,30580.89,112,20,2,0,1
ACC002210,1,16962.26,16962.26,0,8,1,0,1
ACC002211,1,12773.75,12773.75,0,5,1,0,1
ACC002213,1,7854.46,7854.46,0,9,1,0,1
ACC002214,1,80962.14,80962.14,0,8,1,0,1
ACC002215,2,52331.66,26165.83,170,22,2,0,2
ACC002216,3,58955.55,19651.85,232,15,3,1,3
ACC002217,2,74378.49,37189.25,67,11,2,0,2
ACC002221,2,137159.84,68579.92,114,8,2,0,2
ACC002222,1,6939.49,6939.49,0,6,1,0,1
ACC002223,2,70880.41,35440.21,159,18,2,0,2
ACC002225,1,6464.22,6464.22,0,10,1,0,1
ACC002227,1,15106.55,15106.55,0,3,1,0,1
ACC002228,1,15297.95,15297.95,0,10,1,0,1
ACC002230,1,8597.36,8597.36,0,13,1,0,1
ACC002234,1,14621.35,14621.35,0,4,1,0,1
ACC002236,1,63552.71,63552.71,0,7,1,0,1
ACC002237,1,22297.96,22297.96,0,12,1,0,1
ACC002239,1,123005.01,123005.01,0,3,1,0,1
ACC002241,3,53652.4,17884.13,31,16,3,0,3
ACC002242,3,113281.96,37760.65,108,22,3,0,3
ACC002243,1,46611.73,46611.73,0,2,1,0,1
ACC002245,2,22577.13,11288.56,69,16,2,0,2
ACC002247,3,67014.89,22338.3,102,8,3,0,3
ACC002248,2,49023.73,24511.87,49,26,2,0,2
ACC002249,2,173325.85,86662.93,200,25,2,0,1
ACC002250,1,46240.1,46240.1,0,5,1,0,1
ACC002252,2,29719.08,14859.54,163,13,2,1,2
ACC002256,3,56107.96,18702.65,115,11,3,0,3
ACC002258,3,46191.82,15397.27,294,23,3,1,2
ACC002260,2,20453.66,10226.83,427,20,2,1,2
ACC002261,4,174167.72,43541.93,269,21,4,1,4
ACC002262,1,39559.33,39559.33,0,4,1,0,1
ACC002264,1,37357.73,37357.73,0,3,1,0,1
ACC002269,3,41508.3,13836.1,306,15,3,0,3
ACC002270,2,31104.49,15552.24,155,11,2,1,2
ACC002273,1,53718.67,53718.67,0,6,1,0,1
ACC002275,1,3813.35,3813.35,0,4,1,0,1
ACC002276,4,82641.6,20660.4,311,30,4,2,4
ACC002277,1,28595.05,28595.05,0,14,1,0,1
ACC002278,2,17858.75,8929.38,220,4,2,0,2
ACC002280,2,24612.42,12306.21,154,18,2,0,2
ACC002281,1,32881.39,32881.39,0,4,1,0,1
ACC002284,1,21050.0,21050.0,0,14,1,0,1
ACC002285,2,26892.93,13446.47,53,27,2,0,2
ACC002287,1,38963.2,38963.2,0,5,1,1,1
ACC002289,1,34860.76,34860.76,0,6,1,0,1
ACC002290,1,36833.59,36833.59,0,13,1,0,1
ACC002291,1,5772.43,5772.43,0,5,1,0,1
ACC002292,1,5540.72,5540.72,0,13,1,0,1
ACC002294,1,4819.05,4819.05,0,14,1,0,1
ACC002295,3,26800.34,8933.45,117,23,3,0,2
ACC002296,1,48055.92,48055.92,0,10,1,0,1
ACC002297,1,11616.86,11616.86,0,6,1,0,1
ACC002299,1,26456.08,26456.08,0,4,1,0,1
ACC002301,1,1945.54,1945.54,0,13,1,0,1
ACC002304,1,19943.7,19943.7,0,9,1,0,1
ACC002305,2,63578.18,31789.09,159,12,2,0,2
ACC002307,2,16751.64,8375.82,18,19,2,0,2
ACC002310,1,30295.9,30295.9,0,9,1,0,1
ACC002311,2,18616.28,9308.14,169,25,2,0,2
ACC002313,2,85193.65,42596.83,59,14,2,0,2
ACC002314,1,45776.41,45776.41,0,3,1,0,1
ACC002316,1,22545.36,22545.36,0,1,1,1,1
ACC002318,1,16046.87,16046.87,0,5,1,0,1
ACC002319,2,40463.55,20231.78,311,19,2,0,2
ACC002320,2,9285.02,4642.51,284,6,2,1,2
ACC002321,1,12133.65,12133.65,0,12,1,0,1
ACC002322,1,8510.81,8510.81,0,2,1,0,1
ACC002325,1,29112.5,29112.5,0,3,1,0,1
ACC002326,3,24579.83,8193.28,210,19,3,0,3
ACC002328,1,10484.95,10484.95,0,13,1,0,1
ACC002329,1,27106.07,27106.07,0,9,1,0,1
ACC002333,1,8445.01,8445.01,0,12,1,1,1
ACC002334,2,24079.79,12039.9,89,22,2,0,2
ACC002336,1,52429.13,52429.13,0,7,1,1,1
ACC002337,2,49915.96,24957.98,146,14,2,0,1
ACC002339,1,27776.55,27776.55,0,13,1,0,1
ACC002340,2,106609.48,53304.74,180,17,2,0,2
ACC002344,3,24998.28,8332.76,62,33,3,0,2
ACC002345,2,72259.95,36129.97,136,24,2,0,2
ACC002348,2,76151.91,38075.96,192,3,2,0,2
ACC002349,2,19673.52,9836.76,81,22,2,0,2
ACC002350,4,72968.14,18242.03,144,18,4,1,3
ACC002353,1,38901.57,38901.57,0,13,1,0,1
ACC002355,1,27508.4,27508.4,0,8,1,0,1
ACC002357,1,39260.48,39260.48,0,3,1,0,1
ACC002358,1,42763.91,42763.91,0,10,1,0,1
ACC002359,2,36723.82,18361.91,150,15,2,0,2
ACC002360,3,37259.76,12419.92,103,29,3,0,2
ACC002361,1,23159.73,23159.73,0,12,1,0,1
ACC002362,1,13250.65,13250.65,0,1,1,0,1
ACC002363,1,116686.53,116686.53,0,14,1,0,1
ACC002364,1,16193.48,16193.48,0,11,1,0,1
ACC002365,2,42483.11,21241.56,345,11,2,0,2
ACC002366,1,25227.96,25227.96,0,7,1,0,1
ACC002367,2,26426.32,13213.16,30,10,2,0,2
ACC002368,1,40666.25,40666.25,0,12,1,0,1
ACC002369,4,66497.77,16624.44,348,28,4,0,4
ACC002370,1,11331.55,11331.55,0,11,1,0,1
ACC002372,1,43692.54,43692.54,0,3,1,0,1
ACC002373,1,26002.46,26002.46,0,3,1,0,1
ACC002377,2,60151.39,30075.69,165,18,2,0,2
ACC002378,1,966.55,966.55,0,1,1,1,1
ACC002382,2,31421.36,15710.68,6,14,2,0,2
ACC002383,1,36570.15,36570.15,0,2,1,1,1
ACC002384,1,3737.41,3737.41,0,10,1,0,1
ACC002386,1,81447.25,81447.25,0,3,1,0,1
ACC002387,3,52506.86,17502.29,178,32,3,0,3
ACC002391,1,2290.67,2290.67,0,14,1,0,1
ACC002393,2,11857.22,5928.61,57,25,2,0,2
ACC002394,1,99906.84,99906.84,0,1,1,0,1
ACC002395,1,4603.66,4603.66,0,14,1,0,1
ACC002397,2,23286.73,11643.36,133,22,2,0,2
ACC002398,2,59263.97,29631.99,178,5,2,0,2
ACC002400,2,13997.45,6998.73,80,14,2,0,1
ACC002401,1,8244.91,8244.91,0,6,1,0,1
ACC002403,2,114076.82,57038.41,79,5,2,0,2
ACC002405,2,27907.21,13953.6,241,13,2,0,2
ACC002408,1,16424.2,16424.2,0,10,1,0,1
ACC002409,2,82521.23,41260.62,101,15,2,0,2
ACC002412,1,5502.37,5502.37,0,7,1,0,1
ACC002414,1,26574.15,26574.15,0,13,1,0,1
ACC002415,1,91883.35,91883.35,0,13,1,0,1
ACC002417,2,43075.54,21537.77,108,13,2,0,2
ACC002418,1,8911.47,8911.47,0,4,1,0,1
ACC002419,1,11292.49,11292.49,0,14,1,0,1
ACC002420,1,123482.85,123482.85,0,14,1,0,1
ACC002422,2,25295.44,12647.72,160,16,2,0,2
ACC002425,3,54323.07,18107.69,136,20,3,0,2
ACC002426,3,44582.15,14860.72,418,7,3,1,2
ACC002428,1,8802.05,8802.05,0,4,1,0,1
ACC002429,1,20495.58,20495.58,0,4,1,0,1
ACC002430,2,69157.11,34578.56,142,8,2,0,2
ACC002431,2,22564.65,11282.33,143,11,2,0,2
ACC002432,1,38189.3,38189.3,0,4,1,0,1
ACC002433,1,12873.62,12873.62,0,9,1,0,1
ACC002435,2,48626.63,24313.32,238,25,2,1,2
ACC002436,1,13011.51,13011.51,0,8,1,0,1
ACC002437,1,9867.06,9867.06,0,10,1,0,1
ACC002438,2,67654.99,33827.49,85,22,2,0,2
ACC002439,1,3343.18,3343.18,0,6,1,0,1
ACC002440,1,10435.54,10435.54,0,6,1,0,1
ACC002441,3,139467.77,46489.26,180,24,3,0,3
ACC002443,1,10183.37,10183.37,0,3,1,0,1
ACC002444,2,17409.01,8704.51,151,17,2,0,2
ACC002445,1,1023.25,1023.25,0,12,1,0,1
ACC002446,3,60206.95,20068.98,23,30,3,0,2
ACC002447,1,56570.3,56570.3,0,14,1,0,1
ACC002451,2,23088.43,11544.22,78,18,2,1,2
ACC002452,1,63930.64,63930.64,0,9,1,0,1
ACC002455,3,75518.04,25172.68,306,22,3,0,3
ACC002457,1,8414.93,8414.93,0,11,1,0,1
ACC002458,1,4393.83,4393.83,0,4,1,0,1
ACC002459,1,49444.08,49444.08,0,11,1,1,1
ACC002460,3,134688.67,44896.22,84,22,3,0,3
ACC002462,1,31481.28,31481.28,0,14,1,0,1
ACC002464,2,21581.64,10790.82,291,16,2,0,2
ACC002466,1,19111.22,19111.22,0,9,1,0,1
ACC002467,1,4474.12,4474.12,0,8,1,0,1
ACC002468,1,1239.66,1239.66,0,6,1,0,1
ACC002471,2,77117.07,38558.54,57,13,2,0,1
ACC002473,2,48078.79,24039.4,38,14,2,0,2
ACC002474,1,25983.55,25983.55,0,10,1,0,1
ACC002475,1,69867.53,69867.53,0,11,1,0,1
ACC002476,2,35944.71,17972.35,232,21,2,0,2
ACC002477,3,19920.46,6640.15,158,30,3,0,3
ACC002478,3,99394.05,33131.35,142,24,3,0,3
ACC002479,5,152504.28,30500.86,353,24,5,1,4
ACC002480,2,19905.27,9952.64,11,16,2,0,1
ACC002482,2,22938.09,11469.05,109,17,2,0,2
ACC002484,2,52923.52,26461.76,136,18,2,0,2
ACC002485,1,14818.12,14818.12,0,1,1,0,1
ACC002487,1,21974.62,21974.62,0,10,1,0,1
ACC002489,1,14496.46,14496.46,0,12,1,0,1
ACC002490,3,40544.2,13514.73,387,18,3,1,2
ACC002491,2,77821.88,38910.94,35,13,2,0,2
ACC002492,2,75006.66,37503.33,65,22,2,0,2
ACC002495,1,78526.86,78526.86,0,3,1,0,1
ACC002496,1,63754.42,63754.42,0,2,1,0,1
ACC002498,1,41203.47,41203.47,0,13,1,0,1
ACC002499,2,71941.62,35970.81,85,15,2,0,2
ACC002500,2,49902.91,24951.46,381,27,2,1,2
ACC002501,1,4453.97,4453.97,0,3,1,0,1
ACC002502,1,70575.07,70575.07,0,6,1,0,1
ACC002503,2,73698.45,36849.22,108,9,2,1,2
ACC002504,1,7747.57,7747.57,0,13,1,0,1
ACC002505,1,19313.24,19313.24,0,14,1,0,1
ACC002506,3,18309.58,6103.19,349,23,3,1,3
ACC002510,2,20039.21,10019.6,201,7,2,0,2
ACC002513,1,24779.69,24779.69,0,6,1,0,1
ACC002514,2,64732.99,32366.49,314,20,2,0,2
ACC002517,1,2635.92,2635.92,0,9,1,0,1
ACC002518,1,8613.98,8613.98,0,6,1,0,1
ACC002520,1,5811.4,5811.4,0,5,1,0,1
ACC002523,2,38220.33,19110.17,145,17,2,1,1
ACC002524,3,101633.28,33877.76,214,30,3,1,3
ACC002526,1,10408.47,10408.47,0,11,1,0,1
ACC002527,1,28710.59,28710.59,0,6,1,0,1
ACC002528,2,86119.79,43059.89,233,22,2,0,1
ACC002529,2,13531.08,6765.54,21,12,2,0,2
ACC002531,2,21176.28,10588.14,249,17,2,0,2
ACC002532,1,99000.43,99000.43,0,12,1,1,1
ACC002533,3,99411.37,33137.12,80,34,3,0,2
ACC002535,1,62378.35,62378.35,0,9,1,0,1
ACC002536,1,18331.59,18331.59,0,8,1,0,1
ACC002537,1,7008.75,7008.75,0,10,1,0,1
ACC002538,1,19212.03,19212.03,0,4,1,0,1
ACC002540,1,6043.79,6043.79,0,5,1,0,1
ACC002541,1,44883.32,44883.32,0,12,1,0,1
ACC002542,2,41181.04,20590.52,118,13,2,1,2
ACC002543,1,26384.21,26384.21,0,1,1,0,1
ACC002545,1,24898.08,24898.08,0,5,1,1,1
ACC002547,3,64793.16,21597.72,93,21,3,0,2
ACC002549,2,103508.07,51754.04,39,6,2,0,2
ACC002552,1,27376.57,27376.57,0,2,1,0,1
ACC002553,1,11267.8,11267.8,0,10,1,0,1
ACC002554,2,31765.51,15882.75,23,23,2,0,2
ACC002555,2,31568.89,15784.44,270,25,2,0,2
ACC002559,1,25775.64,25775.64,0,5,1,0,1
ACC002560,1,33640.87,33640.87,0,8,1,0,1
ACC002561,1,1313.28,1313.28,0,9,1,0,1
ACC002562,1,21696.19,21696.19,0,2,1,0,1
ACC002564,2,98140.76,49070.38,44,18,2,0,2
ACC002565,1,50111.31,50111.31,0,8,1,0,1
ACC002567,2,84810.78,42405.39,13,14,2,0,2
ACC002568,1,40415.58,40415.58,0,10,1,1,1
ACC002569,1,20035.51,20035.51,0,5,1,0,1
ACC002571,1,23478.53,23478.53,0,3,1,0,1
ACC002573,2,14450.61,7225.31,91,27,2,0,2
ACC002577,2,15014.28,7507.14,270,10,2,0,2
ACC002580,1,30753.11,30753.11,0,4,1,0,1
ACC002584,1,41278.38,41278.38,0,1,1,0,1
ACC002585,2,81376.29,40688.15,14,23,2,1,2
ACC002588,3,40508.45,13502.82,299,22,3,0,3
ACC002589,1,26504.38,26504.38,0,14,1,0,1
ACC002590,2,42511.78,21255.89,111,7,2,0,2
ACC002592,1,13875.54,13875.54,0,13,1,0,1
ACC002593,1,1936.67,1936.67,0,1,1,0,1
ACC002594,1,26546.6,26546.6,0,1,1,0,1
ACC002596,1,5785.26,5785.26,0,8,1,0,1
ACC002597,1,727.53,727.53,0,9,1,0,1
ACC002599,1,17455.89,17455.89,0,8,1,0,1
ACC002600,1,17691.56,17691.56,0,8,1,0,1
ACC002601,1,129026.81,129026.81,0,4,1,0,1
ACC002602,1,62595.7,62595.7,0,14,1,0,1
ACC002603,1,9003.73,9003.73,0,13,1,0,1
ACC002609,1,10573.66,10573.66,0,11,1,0,1
ACC002611,2,113218.61,56609.31,6,8,2,0,2
ACC002612,1,3650.02,3650.02,0,6,1,0,1
ACC002614,1,5387.18,5387.18,0,6,1,0,1
ACC002617,1,1406.83,1406.83,0,2,1,0,1
ACC002618,1,21458.34,21458.34,0,6,1,0,1
ACC002619,2,123805.28,61902.64,211,13,2,0,2
ACC002620,2,139709.83,69854.92,43,8,2,0,2
ACC002621,2,44841.98,22420.99,60,5,2,1,2
ACC002622,1,33413.95,33413.95,0,11,1,0,1
ACC002624,2,47479.63,23739.82,68,26,2,0,2
ACC002625,2,123132.69,61566.35,191,22,2,0,2
ACC002626,1,5276.48,5276.48,0,11,1,0,1
ACC002627,1,81297.63,81297.63,0,7,1,1,1
ACC002628,2,83112.88,41556.44,105,20,2,0,2
ACC002630,1,5998.24,5998.24,0,13,1,0,1
ACC002634,1,13866.65,13866.65,0,11,1,0,1
ACC002637,2,29907.89,14953.94,135,19,2,0,2
ACC002638,1,53258.67,53258.67,0,4,1,0,1
ACC002639,1,69129.67,69129.67,0,1,1,0,1
ACC002640,4,137385.63,34346.41,190,35,4,0,4
ACC002641,1,10539.52,10539.52,0,4,1,0,1
ACC002643,2,24080.19,12040.09,81,17,2,0,2
ACC002644,2,36337.1,18168.55,10,20,2,0,2
ACC002645,3,181177.11,60392.37,192,31,3,0,3
ACC002646,1,6267.97,6267.97,0,11,1,0,1
ACC002648,1,8576.31,8576.31,0,4,1,0,1
ACC002649,2,67102.6,33551.3,72,10,2,0,2
ACC002650,1,21106.37,21106.37,0,13,1,0,1
ACC002653,3,28954.93,9651.64,296,22,3,0,2
ACC002654,3,72948.9,24316.3,83,37,3,0,3
ACC002656,1,11883.41,11883.41,0,8,1,0,1
ACC002658,1,51911.92,51911.92,0,7,1,0,1
ACC002659,1,72654.24,72654.24,0,10,1,0,1
ACC002661,1,30512.39,30512.39,0,5,1,0,1
ACC002662,1,3584.6,3584.6,0,6,1,0,1
ACC002663,1,3267.7,3267.7,0,13,1,0,1
ACC002665,2,44943.21,22471.6,52,22,2,0,1
ACC002666,1,9780.86,9780.86,0,3,1,0,1
ACC002668,2,42729.52,21364.76,119,12,2,1,2
ACC002669,2,58173.02,29086.51,51,21,2,0,2
ACC002671,1,50423.67,50423.67,0,12,1,0,1
ACC002675,1,6129.13,6129.13,0,11,1,0,1
ACC002676,2,11977.95,5988.98,231,14,2,0,1
ACC002678,1,85751.59,85751.59,0,9,1,0,1
ACC002679,1,9531.36,9531.36,0,12,1,0,1
ACC002680,2,12261.2,6130.6,236,9,2,1,2
ACC002682,2,27982.39,13991.19,115,11,2,0,2
ACC002683,1,19330.89,19330.89,0,1,1,0,1
ACC002685,2,28294.73,14147.37,134,10,2,0,2
ACC002688,1,2387.37,2387.37,0,9,1,0,1
ACC002689,1,11786.71,11786.71,0,13,1,0,1
ACC002690,3,76509.87,25503.29,360,10,3,0,1
ACC002691,1,17491.53,17491.53,0,10,1,0,1
ACC002693,2,32083.7,16041.85,224,19,2,0,2
ACC002695,1,85244.89,85244.89,0,10,1,0,1
ACC002699,2,49057.23,24528.61,135,12,2,0,2
ACC002700,1,2552.6,2552.6,0,10,1,0,1
ACC002701,1,16242.38,16242.38,0,10,1,0,1
ACC002702,2,36060.32,18030.16,217,10,2,0,2
ACC002703,1,3919.4,3919.4,0,13,1,0,1
ACC002704,5,145430.91,29086.18,422,35,5,1,4
ACC002705,2,25603.01,12801.51,168,10,2,0,1
ACC002706,1,2074.14,2074.14,0,7,1,1,1
ACC002709,2,27401.19,13700.59,424,11,2,1,2
ACC002710,2,64742.5,32371.25,31,21,2,0,1
ACC002711,1,11864.12,11864.12,0,1,1,0,1
ACC002712,3,41230.25,13743.42,185,6,3,0,3
ACC002713,2,9482.64,4741.32,114,26,2,0,2
ACC002714,1,695.56,695.56,0,10,1,0,1
ACC002715,1,17817.68,17817.68,0,8,1,0,1
ACC002716,3,12112.46,4037.49,178,14,3,0,3
ACC002721,1,2964.17,2964.17,0,1,1,0,1
ACC002722,3,71955.71,23985.24,301,26,3,0,2
ACC002725,1,35225.49,35225.49,0,1,1,0,1
ACC002726,3,90785.46,30261.82,109,20,3,0,3
ACC002728,3,89193.72,29731.24,292,23,3,0,3
ACC002730,2,12312.34,6156.17,62,23,2,0,2
ACC002731,1,29739.81,29739.81,0,8,1,0,1
ACC002732,1,4188.21,4188.21,0,12,1,0,1
ACC002734,1,30074.59,30074.59,0,2,1,0,1
ACC002735,1,4681.19,4681.19,0,12,1,0,1
ACC002736,1,47662.94,47662.94,0,2,1,0,1
ACC002737,3,52284.7,17428.23,249,15,3,0,2
ACC002742,1,8384.9,8384.9,0,5,1,0,1
ACC002743,3,183904.69,61301.56,275,12,3,0,3
ACC002745,1,7836.36,7836.36,0,5,1,1,1
ACC002746,1,4042.17,4042.17,0,10,1,0,1
ACC002748,2,155460.42,77730.21,238,17,2,0,1
ACC002751,1,2659.48,2659.48,0,13,1,0,1
ACC002752,3,76035.18,25345.06,307,19,3,1,3
ACC002754,3,39891.79,13297.26,148,19,3,0,2
ACC002756,3,93835.26,31278.42,104,29,3,0,3
ACC002757,1,8003.88,8003.88,0,5,1,0,1
ACC002759,1,58293.47,58293.47,0,7,1,1,1
ACC002761,1,41984.26,41984.26,0,8,1,0,1
ACC002762,2,23742.92,11871.46,84,17,2,1,1
ACC002763,1,21047.67,21047.67,0,11,1,0,1
ACC002764,4,86580.07,21645.02,340,31,4,0,4
ACC002765,1,109689.91,109689.91,0,14,1,0,1
ACC002766,1,5519.27,5519.27,0,6,1,0,1
ACC002769,2,24094.75,12047.38,114,20,2,0,2
ACC002772,2,97580.07,48790.04,248,19,2,0,1
ACC002773,1,16319.58,16319.58,0,11,1,0,1
ACC002774,1,2544.64,2544.64,0,4,1,0,1
ACC002775,2,106596.11,53298.06,283,11,2,0,2
ACC002776,2,121053.75,60526.88,18,10,2,0,1
ACC002777,1,10543.37,10543.37,0,8,1,0,1
ACC002778,2,12453.87,6226.93,239,21,2,1,2
ACC002779,1,10254.63,10254.63,0,10,1,0,1
ACC002780,1,89401.48,89401.48,0,9,1,0,1
ACC002781,2,37705.57,18852.78,30,20,2,0,2
ACC002782,2,26920.44,13460.22,129,17,2,0,2
ACC002783,1,28470.15,28470.15,0,11,1,0,1
ACC002784,1,11864.06,11864.06,0,2,1,0,1
ACC002786,1,1770.53,1770.53,0,14,1,0,1
ACC002787,1,9320.41,9320.41,0,6,1,0,1
ACC002790,1,58959.99,58959.99,0,12,1,0,1
ACC002792,2,118407.08,59203.54,325,18,2,0,2
ACC002793,1,3775.82,3775.82,0,3,1,0,1
ACC002794,3,55282.55,18427.52,340,14,3,0,3
ACC002796,1,27302.31,27302.31,0,9,1,0,1
ACC002797,1,15313.11,15313.11,0,3,1,0,1
ACC002798,1,9358.65,9358.65,0,12,1,0,1
ACC002800,2,70139.94,35069.97,80,4,2,0,2
ACC002801,1,77051.0,77051.0,0,12,1,0,1
ACC002802,1,5163.15,5163.15,0,8,1,0,1
ACC002803,1,14205.62,14205.62,0,6,1,0,1
ACC002804,3,53787.71,17929.24,185,9,3,0,2
ACC002805,1,2344.83,2344.83,0,14,1,0,1
ACC002807,1,6471.23,6471.23,0,5,1,0,1
ACC002809,4,69000.13,17250.03,116,19,4,0,3
ACC002811,1,13174.36,13174.36,0,13,1,0,1
ACC002813,1,2918.43,2918.43,0,8,1,1,1
ACC002814,2,79242.27,39621.14,19,17,2,0,2
ACC002816,1,15550.43,15550.43,0,11,1,0,1
ACC002817,1,61126.58,61126.58,0,7,1,0,1
ACC002818,1,3472.4,3472.4,0,4,1,1,1
ACC002819,1,620.73,620.73,0,7,1,0,1
ACC002820,2,25506.86,12753.43,110,16,2,0,2
ACC002823,2,30509.06,15254.53,331,9,2,0,2
ACC002825,1,26058.15,26058.15,0,10,1,0,1
ACC002826,1,38300.14,38300.14,0,14,1,0,1
ACC002827,2,37481.98,18740.99,26,14,2,0,2
ACC002829,1,18860.35,18860.35,0,4,1,0,1
ACC002830,1,58458.53,58458.53,0,4,1,0,1
ACC002831,3,58956.38,19652.13,273,28,3,0,3
ACC002832,1,21029.72,21029.72,0,8,1,0,1
ACC002834,1,53969.25,53969.25,0,1,1,0,1
ACC002840,1,22439.65,22439.65,0,12,1,0,1
ACC002841,2,28140.87,14070.44,306,12,2,0,1
ACC002842,1,12650.36,12650.36,0,3,1,1,1
ACC002843,3,49278.54,16426.18,337,26,3,0,3
ACC002844,3,144897.51,48299.17,313,32,3,0,3
ACC002846,2,56323.57,28161.78,57,17,2,0,2
ACC002847,2,58681.21,29340.6,88,20,2,0,2
ACC002850,1,70348.27,70348.27,0,11,1,0,1
ACC002853,1,5995.56,5995.56,0,6,1,0,1
ACC002854,1,84230.53,84230.53,0,3,1,0,1
ACC002855,1,62756.99,62756.99,0,9,1,0,1
ACC002856,1,36235.29,36235.29,0,14,1,0,1
ACC002857,1,81799.3,81799.3,0,1,1,0,1
ACC002858,1,1122.05,1122.05,0,2,1,0,1
ACC002859,1,9849.24,9849.24,0,13,1,0,1
ACC002861,4,151119.66,37779.92,252,35,4,0,3
ACC002862,1,22909.88,22909.88,0,1,1,0,1
ACC002863,1,3931.82,3931.82,0,13,1,0,1
ACC002864,1,11730.02,11730.02,0,12,1,0,1
ACC002865,2,68885.43,34442.71,215,16,2,0,2
ACC002866,1,19674.16,19674.16,0,11,1,0,1
ACC002867,2,137814.91,68907.46,153,17,2,0,1
ACC002869,3,40528.04,13509.35,104,25,3,0,2
ACC002870,2,39097.73,19548.86,125,14,2,0,2
ACC002871,2,13041.34,6520.67,309,13,2,0,1
ACC002872,2,63981.75,31990.88,101,13,2,0,1
ACC002873,1,10988.95,10988.95,0,10,1,0,1
ACC002874,1,33095.93,33095.93,0,11,1,0,1
ACC002876,1,37476.91,37476.91,0,9,1,1,1
ACC002877,1,42512.62,42512.62,0,10,1,0,1
ACC002878,1,30073.81,30073.81,0,8,1,0,1
ACC002880,1,22299.97,22299.97,0,11,1,0,1
ACC002881,2,8988.66,4494.33,249,10,2,0,2
ACC002882,2,78602.53,39301.26,184,17,2,0,2
ACC002883,1,121667.15,121667.15,0,5,1,0,1
ACC002884,1,5804.34,5804.34,0,13,1,0,1
ACC002885,1,925.43,925.43,0,4,1,0,1
ACC002886,2,23453.62,11726.81,78,17,2,0,2
ACC002887,3,36443.04,12147.68,225,23,3,0,2
ACC002893,1,21763.0,21763.0,0,2,1,0,1
ACC002896,1,57153.51,57153.51,0,2,1,0,1
ACC002897,1,16860.07,16860.07,0,11,1,0,1
ACC002898,3,36786.46,12262.15,352,23,3,0,2
ACC002899,1,19167.24,19167.24,0,14,1,0,1
ACC002900,2,48504.07,24252.03,239,9,2,0,1
ACC002902,1,27582.58,27582.58,0,1,1,0,1
ACC002903,1,47170.2,47170.2,0,9,1,0,1
ACC002908,1,3102.8,3102.8,0,1,1,0,1
ACC002909,1,8178.07,8178.07,0,9,1,0,1
ACC002910,1,50098.29,50098.29,0,8,1,0,1
ACC002912,2,25405.74,12702.87,130,22,2,0,2
ACC002913,2,36115.75,18057.88,214,11,2,0,2
ACC002914,2,49559.95,24779.97,74,16,2,0,2
ACC002917,1,10425.86,10425.86,0,5,1,0,1
ACC002919,2,71184.51,35592.25,90,23,2,0,2
ACC002920,1,1198.13,1198.13,0,3,1,0,1
ACC002921,2,36244.48,18122.24,152,9,2,0,2
ACC002924,1,39520.95,39520.95,0,8,1,0,1
ACC002925,2,40890.38,20445.19,199,11,2,0,2
ACC002927,2,24614.11,12307.06,356,25,2,0,2
ACC002929,1,24429.06,24429.06,0,8,1,0,1
ACC002931,2,55265.62,27632.81,1,19,2,0,1
ACC002932,2,89401.25,44700.62,114,13,2,0,2
ACC002933,1,62345.91,62345.91,0,9,1,0,1
ACC002934,2,11663.64,5831.82,59,12,2,1,2
ACC002936,1,1852.68,1852.68,0,5,1,0,1
ACC002937,2,47307.97,23653.99,71,16,2,0,2
ACC002938,1,7901.15,7901.15,0,6,1,0,1
ACC002939,2,65960.39,32980.19,280,21,2,0,2
ACC002940,2,22644.3,11322.15,95,15,2,1,2
ACC002941,2,83728.12,41864.06,98,8,2,0,2
ACC002942,2,12069.08,6034.54,394,24,2,0,2
ACC002943,1,11412.67,11412.67,0,8,1,0,1
ACC002947,1,5022.27,5022.27,0,7,1,0,1
ACC002948,2,74298.95,37149.47,234,15,2,0,1
ACC002949,3,70726.41,23575.47,33,32,3,0,2
ACC002950,1,27954.31,27954.31,0,11,1,0,1
ACC002951,1,562.29,562.29,0,3,1,0,1
ACC002953,1,17510.42,17510.42,0,4,1,1,1
ACC002956,1,3890.9,3890.9,0,3,1,0,1
ACC002958,1,117843.22,117843.22,0,11,1,0,1
ACC002959,3,102852.25,34284.08,275,11,3,0,3
ACC002961,2,15859.8,7929.9,193,16,2,0,2
ACC002962,2,26534.56,13267.28,29,15,2,0,2
ACC002963,3,13820.91,4606.97,93,16,3,0,2
ACC002966,2,76790.72,38395.36,180,19,2,0,1
ACC002968,2,59055.06,29527.53,75,13,2,0,2
ACC002970,1,1193.26,1193.26,0,8,1,0,1
ACC002971,2,62631.37,31315.69,195,15,2,0,2
ACC002974,1,17406.74,17406.74,0,7,1,0,1
ACC002976,1,24560.82,24560.82,0,14,1,0,1
ACC002977,1,4875.44,4875.44,0,6,1,1,1
ACC002979,4,102710.75,25677.69,320,29,4,0,4
ACC002980,1,12226.94,12226.94,0,11,1,0,1
ACC002981,1,778.21,778.21,0,3,1,0,1
ACC002982,2,56106.39,28053.19,297,17,2,0,2
ACC002983,3,67412.55,22470.85,38,20,3,0,2
ACC002984,2,21949.84,10974.92,68,22,2,0,2
ACC002985,1,12018.68,12018.68,0,5,1,0,1
ACC002986,3,70450.88,23483.63,154,27,3,0,2
ACC002987,4,88469.54,22117.38,191,23,4,0,2
ACC002989,1,21751.71,21751.71,0,12,1,0,1
ACC002990,3,78639.06,26213.02,153,26,3,1,2
ACC002991,1,35037.06,35037.06,0,14,1,0,1
ACC002993,1,114289.1,114289.1,0,8,1,0,1
ACC002994,1,29010.95,29010.95,0,4,1,0,1
ACC002996,1,17913.55,17913.55,0,5,1,0,1
ACC002997,1,12779.42,12779.42,0,14,1,0,1
ACC002998,1,6294.75,6294.75,0,7,1,0,1
ACC003002,1,3551.33,3551.33,0,12,1,0,1
ACC003003,2,18237.16,9118.58,181,17,2,0,1
ACC003005,1,10283.66,10283.66,0,3,1,0,1
ACC003006,4,69641.87,17410.47,393,34,4,1,4
ACC003007,2,20017.13,10008.57,20,3,2,1,2
ACC003010,1,51760.67,51760.67,0,10,1,1,1
ACC003011,3,57580.04,19193.35,105,14,3,0,3
ACC003013,1,3979.91,3979.91,0,5,1,0,1
ACC003014,1,110552.79,110552.79,0,12,1,0,1
ACC003015,1,21876.06,21876.06,0,3,1,0,1
ACC003017,3,59051.3,19683.77,230,10,3,0,3
ACC003018,1,15788.77,15788.77,0,8,1,0,1
ACC003019,2,39061.02,19530.51,420,17,2,1,2
ACC003020,1,7499.61,7499.61,0,8,1,0,1
ACC003023,2,52020.92,26010.46,119,15,2,0,2
ACC003024,1,42711.85,42711.85,0,4,1,1,1
ACC003028,2,36947.26,18473.63,300,6,2,0,2
ACC003029,3,88074.67,29358.22,218,30,3,0,3
ACC003030,2,73917.57,36958.79,215,20,2,0,2
ACC003031,1,86805.94,86805.94,0,5,1,0,1
ACC003032,1,18901.94,18901.94,0,4,1,0,1
ACC003035,1,30010.51,30010.51,0,4,1,0,1
ACC003036,2,108907.84,54453.92,128,13,2,0,2
ACC003037,2,23789.87,11894.94,69,20,2,0,2
ACC003038,2,116854.76,58427.38,276,11,2,0,2
ACC003039,2,20566.01,10283.01,222,16,2,0,1
ACC003040,1,1828.85,1828.85,0,7,1,0,1
ACC003041,1,1982.77,1982.77,0,8,1,0,1
ACC003042,4,98532.52,24633.13,253,29,4,0,3
ACC003043,1,12341.06,12341.06,0,10,1,0,1
ACC003044,3,54496.26,18165.42,104,34,3,0,2
ACC003046,2,7918.8,3959.4,270,12,2,0,2
ACC003047,1,18819.27,18819.27,0,13,1,1,1
ACC003048,1,39993.38,39993.38,0,3,1,0,1
ACC003049,1,16578.51,16578.51,0,1,1,0,1
ACC003050,1,5192.19,5192.19,0,14,1,1,1
ACC003052,1,32968.65,32968.65,0,10,1,0,1
ACC003054,1,3479.2,3479.2,0,14,1,0,1
ACC003056,1,13368.0,13368.0,0,3,1,0,1
ACC003057,1,20425.3,20425.3,0,9,1,0,1
ACC003060,1,11776.55,11776.55,0,2,1,0,1
ACC003061,1,17465.03,17465.03,0,7,1,0,1
ACC003062,2,53831.27,26915.63,223,14,2,1,2
ACC003063,1,30980.52,30980.52,0,1,1,0,1
ACC003065,1,6605.82,6605.82,0,14,1,0,1
ACC003068,1,36870.36,36870.36,0,1,1,0,1
ACC003069,1,4918.39,4918.39,0,13,1,0,1
ACC003070,1,8423.9,8423.9,0,3,1,1,1
ACC003071,2,55125.09,27562.55,13,7,2,0,2
ACC003072,1,5435.53,5435.53,0,4,1,0,1
ACC003073,1,13047.59,13047.59,0,6,1,0,1
ACC003076,1,1908.33,1908.33,0,5,1,0,1
ACC003077,1,11165.54,11165.54,0,14,1,0,1
ACC003079,1,19847.89,19847.89,0,2,1,0,1
ACC003080,1,10716.17,10716.17,0,12,1,0,1
ACC003081,2,17027.76,8513.88,14,16,2,0,1
ACC003082,4,55214.19,13803.55,188,25,4,0,3
ACC003084,2,38806.7,19403.35,62,15,2,0,2
ACC003085,2,50161.72,25080.86,79,18,2,0,2
ACC003086,1,35406.67,35406.67,0,11,1,0,1
ACC003087,2,47370.08,23685.04,239,19,2,0,2
ACC003088,3,173278.84,57759.61,171,31,3,0,3
ACC003092,2,169866.52,84933.26,302,10,2,0,1
ACC003093,2,16420.53,8210.26,245,17,2,0,2
ACC003096,1,51067.56,51067.56,0,1,1,0,1
ACC003097,3,74421.25,24807.08,215,26,3,0,3
ACC003098,2,35345.12,17672.56,106,17,2,0,2
ACC003100,4,222317.31,55579.33,327,23,4,0,3
ACC003101,1,10105.33,10105.33,0,12,1,0,1
ACC003102,2,315796.66,157898.33,324,16,2,1,2
ACC003103,1,8498.56,8498.56,0,9,1,0,1
ACC003105,2,62538.4,31269.2,145,13,2,0,1
ACC003106,1,11126.33,11126.33,0,8,1,0,1
ACC003109,4,49208.74,12302.19,138,41,4,0,3
ACC003110,2,16297.17,8148.59,228,11,2,0,2
ACC003114,2,20170.1,10085.05,171,24,2,0,2
ACC003115,2,18180.6,9090.3,42,16,2,0,2
ACC003116,2,136907.64,68453.82,133,9,2,0,2
ACC003117,1,36033.44,36033.44,0,3,1,0,1
ACC003118,1,26976.22,26976.22,0,8,1,0,1
ACC003119,1,35021.56,35021.56,0,13,1,0,1
ACC003120,1,637.65,637.65,0,4,1,0,1
ACC003121,2,88805.93,44402.96,48,16,2,1,2
ACC003123,1,22428.15,22428.15,0,2,1,0,1
ACC003125,1,5710.37,5710.37,0,13,1,0,1
ACC003126,3,62569.96,20856.65,272,31,3,1,2
ACC003128,1,82823.99,82823.99,0,3,1,0,1
ACC003129,4,29746.47,7436.62,189,32,4,0,4
ACC003135,2,34104.15,17052.07,60,16,2,0,2
ACC003138,1,16224.63,16224.63,0,6,1,0,1
ACC003139,1,3575.63,3575.63,0,13,1,0,1
ACC003140,1,1338.5,1338.5,0,14,1,0,1
ACC003141,2,71008.23,35504.12,68,14,2,0,2
ACC003142,4,93353.05,23338.26,347,19,4,1,3
ACC003143,1,5892.1,5892.1,0,6,1,0,1
ACC003144,1,17339.42,17339.42,0,11,1,0,1
ACC003146,3,83950.65,27983.55,226,16,3,0,3
ACC003147,1,18224.03,18224.03,0,2,1,0,1
ACC003148,2,51529.43,25764.71,286,21,2,0,2
ACC003151,1,16289.87,16289.87,0,3,1,0,1
ACC003152,1,84143.95,84143.95,0,10,1,1,1
ACC003153,3,62783.8,20927.93,54,36,3,0,3
ACC003157,1,72271.28,72271.28,0,10,1,0,1
ACC003158,1,532.02,532.02,0,4,1,0,1
ACC003159,1,15612.71,15612.71,0,10,1,0,1
ACC003160,1,39383.52,39383.52,0,1,1,0,1
ACC003163,2,99229.73,49614.86,218,22,2,0,2
ACC003166,2,29938.71,14969.35,151,24,2,0,2
ACC003167,2,18512.63,9256.32,242,22,2,1,2
ACC003168,1,64652.85,64652.85,0,2,1,0,1
ACC003169,1,6776.93,6776.93,0,9,1,0,1
ACC003170,1,4896.14,4896.14,0,10,1,0,1
ACC003174,1,12536.67,12536.67,0,9,1,0,1
ACC003175,1,2105.16,2105.16,0,8,1,0,1
ACC003176,1,2127.11,2127.11,0,7,1,0,1
ACC003178,3,71113.15,23704.38,210,22,3,0,3
ACC003181,1,2177.19,2177.19,0,5,1,0,1
ACC003182,1,25559.06,25559.06,0,10,1,0,1
ACC003183,1,33075.74,33075.74,0,12,1,0,1
ACC003187,1,25936.44,25936.44,0,4,1,0,1
ACC003190,3,84261.49,28087.16,76,30,3,0,3
ACC003191,1,2487.36,2487.36,0,2,1,0,1
ACC003193,2,37304.3,18652.15,104,2,2,0,1
ACC003194,1,12568.23,12568.23,0,1,1,0,1
ACC003196,2,59330.0,29665.0,218,13,2,0,2
ACC003197,3,82565.32,27521.77,222,29,3,0,2
ACC003198,1,38283.7,38283.7,0,14,1,0,1
ACC003199,1,26683.35,26683.35,0,10,1,0,1
ACC003201,2,71826.94,35913.47,32,24,2,0,2
ACC003202,2,26036.48,13018.24,48,2,2,0,2
ACC003203,2,50096.78,25048.39,425,13,2,1,2
ACC003208,1,2959.35,2959.35,0,6,1,0,1
ACC003209,1,10123.49,10123.49,0,8,1,0,1
ACC003210,2,29831.39,14915.69,96,11,2,0,2
ACC003211,1,6450.57,6450.57,0,4,1,0,1
ACC003215,2,35038.96,17519.48,188,15,2,0,2
ACC003216,2,40878.77,20439.39,32,12,2,0,2
ACC003219,1,13033.55,13033.55,0,3,1,0,1
ACC003220,1,8014.21,8014.21,0,1,1,0,1
ACC003222,1,12121.94,12121.94,0,1,1,0,1
ACC003223,1,29678.64,29678.64,0,7,1,0,1
ACC003225,2,119926.14,59963.07,304,15,2,0,1
ACC003227,1,20832.43,20832.43,0,5,1,0,1
ACC003228,1,15369.69,15369.69,0,9,1,0,1
ACC003229,1,10544.98,10544.98,0,10,1,0,1
ACC003230,1,2285.75,2285.75,0,1,1,0,1
ACC003232,1,9136.67,9136.67,0,11,1,0,1
ACC003234,1,11194.26,11194.26,0,3,1,0,1
ACC003235,1,9969.98,9969.98,0,2,1,0,1
ACC003236,1,72098.07,72098.07,0,4,1,0,1
ACC003238,1,3203.65,3203.65,0,4,1,0,1
ACC003239,1,30400.06,30400.06,0,4,1,0,1
ACC003240,3,29712.8,9904.27,232,17,3,0,2
ACC003241,3,72063.04,24021.01,104,28,3,0,3
ACC003243,2,9450.7,4725.35,140,9,2,0,2
ACC003244,1,19749.21,19749.21,0,11,1,1,1
ACC003246,1,33376.23,33376.23,0,13,1,1,1
ACC003247,3,71540.68,23846.89,283,15,3,0,2
ACC003248,1,21609.29,21609.29,0,9,1,0,1
ACC003249,1,13212.36,13212.36,0,6,1,0,1
ACC003250,2,59976.45,29988.23,5,13,2,0,1
ACC003251,2,97672.92,48836.46,51,8,2,1,2
ACC003252,2,22450.47,11225.24,119,5,2,0,2
ACC003253,1,3402.16,3402.16,0,4,1,0,1
ACC003256,1,19136.12,19136.12,0,14,1,0,1
ACC003258,2,96282.64,48141.32,37,8,2,0,2
ACC003260,1,34777.91,34777.91,0,13,1,0,1
ACC003262,1,23521.68,23521.68,0,8,1,0,1
ACC003263,2,51136.93,25568.47,137,11,2,0,2
ACC003264,2,159149.05,79574.52,68,21,2,0,2
ACC003267,1,20551.85,20551.85,0,11,1,0,1
ACC003268,2,18467.89,9233.94,62,22,2,0,2
ACC003269,2,8233.96,4116.98,129,6,2,0,2
ACC003270,1,900.35,900.35,0,4,1,0,1
ACC003271,3,65968.2,21989.4,232,23,3,0,2
ACC003272,1,12934.73,12934.73,0,9,1,0,1
ACC003273,1,3442.94,3442.94,0,3,1,0,1
ACC003275,2,91923.74,45961.87,115,12,2,0,2
ACC003277,3,98982.0,32994.0,193,23,3,0,3
ACC003278,1,6237.58,6237.58,0,9,1,0,1
ACC003279,1,15051.9,15051.9,0,2,1,0,1
ACC003280,2,25672.59,12836.3,220,9,2,0,1
ACC003285,1,40163.05,40163.05,0,8,1,0,1
ACC003286,1,24881.21,24881.21,0,14,1,0,1
ACC003287,3,58398.51,19466.17,131,18,3,0,3
ACC003288,1,51057.08,51057.08,0,10,1,0,1
ACC003289,3,117798.08,39266.03,310,32,3,0,2
ACC003290,2,17014.79,8507.4,119,18,2,0,2
ACC003291,1,7768.36,7768.36,0,9,1,0,1
ACC003293,1,41741.3,41741.3,0,9,1,0,1
ACC003295,3,34297.9,11432.63,298,27,3,0,3
ACC003296,3,71538.54,23846.18,58,17,3,0,3
ACC003298,1,48431.71,48431.71,0,13,1,0,1
ACC003299,2,113417.45,56708.73,202,17,2,0,1
ACC003300,1,6158.18,6158.18,0,13,1,0,1
ACC003301,2,20100.07,10050.03,197,19,2,0,2
ACC003304,1,12506.02,12506.02,0,14,1,0,1
ACC003305,3,53820.09,17940.03,146,17,3,0,3
ACC003306,2,58920.12,29460.06,190,13,2,0,1
ACC003307,2,89321.16,44660.58,64,12,2,1,2
ACC003309,1,32843.31,32843.31,0,1,1,1,1
ACC003311,1,19141.97,19141.97,0,10,1,0,1
ACC003314,4,84711.62,21177.9,355,32,4,0,2
ACC003316,6,128460.51,21410.08,374,77,6,0,4
ACC003317,1,49589.31,49589.31,0,5,1,0,1
ACC003321,1,32454.5,32454.5,0,8,1,0,1
ACC003323,2,41530.91,20765.45,137,9,2,1,1
ACC003324,1,31513.91,31513.91,0,6,1,0,1
ACC003325,2,7857.77,3928.89,304,20,2,0,2
ACC003326,2,68544.91,34272.46,412,22,2,1,2
ACC003330,3,23919.8,7973.27,322,28,3,0,2
ACC003331,1,87541.17,87541.17,0,3,1,0,1
ACC003332,2,5087.39,2543.7,45,19,2,0,2
ACC003333,1,8672.34,8672.34,0,7,1,0,1
ACC003335,1,5193.78,5193.78,0,10,1,0,1
ACC003339,1,48194.24,48194.24,0,7,1,0,1
ACC003341,2,71857.08,35928.54,161,19,2,0,2
ACC003342,1,8829.36,8829.36,0,3,1,0,1
ACC003343,2,118967.33,59483.66,165,25,2,0,2
ACC003344,1,8989.92,8989.92,0,14,1,0,1
ACC003346,1,17295.79,17295.79,0,3,1,0,1
ACC003347,2,22376.59,11188.3,33,17,2,0,1
ACC003352,3,80646.8,26882.27,95,15,3,0,2
ACC003356,1,13557.04,13557.04,0,1,1,0,1
ACC003357,1,19421.3,19421.3,0,7,1,0,1
ACC003358,1,79808.92,79808.92,0,10,1,0,1
ACC003359,1,26786.94,26786.94,0,2,1,0,1
ACC003362,3,112503.52,37501.17,65,31,3,0,2
ACC003363,2,56430.78,28215.39,173,7,2,0,2
ACC003365,1,22390.13,22390.13,0,9,1,0,1
ACC003366,1,6130.64,6130.64,0,12,1,0,1
ACC003368,2,52910.65,26455.32,259,20,2,0,2
ACC003369,2,54546.88,27273.44,131,11,2,0,2
ACC003370,2,10173.59,5086.8,160,9,2,0,2
ACC003373,1,7497.12,7497.12,0,14,1,0,1
ACC003374,3,78243.33,26081.11,59,24,3,0,3
ACC003376,1,3118.91,3118.91,0,8,1,1,1
ACC003377,1,20454.48,20454.48,0,13,1,0,1
ACC003380,2,14485.5,7242.75,218,6,2,0,2
ACC003381,1,115103.68,115103.68,0,9,1,0,1
ACC003382,1,49822.58,49822.58,0,10,1,0,1
ACC003383,1,2156.6,2156.6,0,10,1,0,1
ACC003384,2,85571.28,42785.64,20,10,2,0,2
ACC003386,2,109458.76,54729.38,400,18,2,1,2
ACC003387,1,29974.85,29974.85,0,14,1,0,1
ACC003388,1,3596.46,3596.46,0,7,1,1,1
ACC003389,1,22731.7,22731.7,0,1,1,0,1
ACC003390,1,8343.89,8343.89,0,13,1,0,1
ACC003391,1,29159.49,29159.49,0,12,1,0,1
ACC003393,1,2162.9,2162.9,0,1,1,0,1
ACC003394,2,128643.72,64321.86,297,15,2,1,2
ACC003397,1,6990.38,6990.38,0,3,1,0,1
ACC003398,1,29350.88,29350.88,0,10,1,0,1
ACC003401,2,5672.89,2836.45,46,24,2,0,1
ACC003406,4,263325.56,65831.39,341,28,4,0,3
ACC003408,2,70623.14,35311.57,12,10,2,0,2
ACC003409,1,3897.83,3897.83,0,11,1,0,1
ACC003410,1,5703.5,5703.5,0,11,1,0,1
ACC003412,1,7277.44,7277.44,0,13,1,1,1
ACC003413,2,45479.2,22739.6,87,16,2,0,2
ACC003417,1,25420.87,25420.87,0,7,1,1,1
ACC003418,2,52662.97,26331.49,78,12,2,0,1
ACC003419,2,42764.16,21382.08,282,20,2,1,2
ACC003425,1,9628.02,9628.02,0,6,1,0,1
ACC003428,1,6554.45,6554.45,0,10,1,1,1
ACC003429,1,79622.88,79622.88,0,5,1,0,1
ACC003430,1,19500.71,19500.71,0,4,1,0,1
ACC003432,2,58438.53,29219.26,182,10,2,0,2
ACC003434,4,106460.24,26615.06,299,24,4,0,4
ACC003435,2,41669.2,20834.6,4,17,2,0,2
ACC003436,2,14542.33,7271.16,242,12,2,0,2
ACC003440,2,82673.27,41336.64,167,18,2,0,2
ACC003444,2,58463.67,29231.83,118,19,2,0,2
ACC003445,1,2420.62,2420.62,0,12,1,0,1
ACC003446,1,57399.75,57399.75,0,13,1,1,1
ACC003447,1,14254.29,14254.29,0,12,1,0,1
ACC003449,1,13376.88,13376.88,0,5,1,0,1
ACC003450,1,10149.71,10149.71,0,7,1,0,1
ACC003452,2,77682.51,38841.26,230,24,2,1,2
ACC003453,3,56645.12,18881.71,313,16,3,0,3
ACC003454,2,103452.17,51726.08,94,17,2,0,1
ACC003455,1,18892.23,18892.23,0,11,1,1,1
ACC003456,3,96452.34,32150.78,69,32,3,0,3
ACC003457,1,43579.88,43579.88,0,11,1,0,1
ACC003458,1,2917.87,2917.87,0,3,1,0,1
ACC003461,3,89477.55,29825.85,123,27,3,0,2
ACC003463,1,8549.57,8549.57,0,6,1,0,1
ACC003467,1,41068.22,41068.22,0,3,1,0,1
ACC003469,1,30556.33,30556.33,0,7,1,0,1
ACC003471,1,6423.49,6423.49,0,7,1,0,1
ACC003472,1,15036.95,15036.95,0,9,1,0,1
ACC003474,1,24136.43,24136.43,0,4,1,0,1
ACC003475,2,76695.97,38347.99,212,14,2,0,2
ACC003478,1,14883.38,14883.38,0,7,1,0,1
ACC003479,1,12092.15,12092.15,0,9,1,0,1
ACC003482,1,101430.16,101430.16,0,11,1,0,1
ACC003483,1,12231.39,12231.39,0,13,1,0,1
ACC003484,2,63825.67,31912.83,84,21,2,0,2
ACC003485,3,18704.47,6234.82,39,20,3,0,2
ACC003486,1,31373.12,31373.12,0,2,1,0,1
ACC003487,1,3867.17,3867.17,0,4,1,0,1
ACC003488,2,21132.89,10566.44,134,13,2,0,2
ACC003489,1,1156.13,1156.13,0,8,1,0,1
ACC003491,1,5696.92,5696.92,0,8,1,0,1
ACC003493,1,10782.8,10782.8,0,11,1,0,1
ACC003497,1,9739.37,9739.37,0,4,1,0,1
ACC003498,7,132444.32,18920.62,390,44,7,0,6
ACC003499,2,38188.48,19094.24,372,18,2,1,2
ACC003500,3,66489.1,22163.03,377,4,3,1,2
ACC003502,2,91793.34,45896.67,43,4,2,0,1
ACC003504,2,29078.26,14539.13,40,14,2,0,2
ACC003505,2,8942.01,4471.01,194,14,2,0,2
ACC003506,1,567.8,567.8,0,9,1,0,1
ACC003507,1,24727.25,24727.25,0,10,1,0,1
ACC003508,2,106757.97,53378.99,125,15,2,0,2
ACC003509,1,51474.09,51474.09,0,9,1,0,1
ACC003510,1,35472.27,35472.27,0,1,1,0,1
ACC003512,2,7998.46,3999.23,198,25,2,0,2
ACC003513,2,29217.94,14608.97,286,25,2,0,2
ACC003514,2,105719.08,52859.54,48,20,2,0,2
ACC003515,4,189987.76,47496.94,221,29,4,0,2
ACC003516,2,57606.32,28803.16,149,24,2,0,2
ACC003517,3,38613.73,12871.24,315,12,3,0,2
ACC003518,1,9566.06,9566.06,0,1,1,0,1
ACC003519,1,20327.29,20327.29,0,6,1,0,1
ACC003526,1,2495.03,2495.03,0,1,1,0,1
ACC003527,1,45056.92,45056.92,0,3,1,0,1
ACC003529,3,77779.72,25926.57,298,19,3,0,2
ACC003530,1,4700.74,4700.74,0,10,1,0,1
ACC003531,2,52966.02,26483.01,30,18,2,0,1
ACC003532,3,36530.16,12176.72,199,39,3,0,3
ACC003534,2,11493.5,5746.75,347,14,2,1,2
ACC003535,3,42299.07,14099.69,30,33,3,0,1
ACC003536,3,60173.17,20057.72,224,22,3,0,2
ACC003538,3,46972.12,15657.37,252,18,3,0,3
ACC003539,1,4048.52,4048.52,0,5,1,0,1
ACC003540,3,31744.53,10581.51,204,13,3,0,3
ACC003541,2,43794.2,21897.1,103,12,2,0,2
ACC003543,2,89743.77,44871.89,191,18,2,0,2
ACC003545,2,63003.83,31501.92,254,15,2,0,2
ACC003546,1,12119.85,12119.85,0,13,1,0,1
ACC003548,2,145721.96,72860.98,79,10,2,1,2
ACC003549,1,5325.79,5325.79,0,1,1,0,1
ACC003553,2,44396.03,22198.01,19,14,2,0,2
ACC003554,1,76691.95,76691.95,0,10,1,0,1
ACC003557,1,56745.08,56745.08,0,6,1,0,1
ACC003559,1,69162.33,69162.33,0,9,1,0,1
ACC003560,1,2412.82,2412.82,0,9,1,0,1
ACC003561,1,24907.53,24907.53,0,6,1,0,1
ACC003562,1,13625.72,13625.72,0,5,1,0,1
ACC003564,1,49021.62,49021.62,0,5,1,0,1
ACC003568,1,68545.4,68545.4,0,1,1,0,1
ACC003569,1,43663.78,43663.78,0,13,1,0,1
ACC003570,1,40158.61,40158.61,0,10,1,1,1
ACC003571,1,20371.5,20371.5,0,8,1,0,1
ACC003572,1,39529.07,39529.07,0,1,1,0,1
ACC003573,3,114122.4,38040.8,166,26,3,0,2
ACC003574,1,2505.01,2505.01,0,9,1,0,1
ACC003575,1,53193.11,53193.11,0,6,1,0,1
ACC003576,2,39280.15,19640.07,99,12,2,0,1
ACC003578,1,15539.07,15539.07,0,13,1,0,1
ACC003580,2,45786.37,22893.18,163,14,2,0,2
ACC003581,2,34082.8,17041.4,64,15,2,0,2
ACC003582,2,29837.18,14918.59,117,24,2,0,2
ACC003586,2,73765.57,36882.79,402,15,2,1,2
ACC003589,2,8206.31,4103.15,343,27,2,0,2
ACC003590,2,61415.31,30707.65,188,11,2,0,1
ACC003591,1,77128.15,77128.15,0,1,1,0,1
ACC003592,2,51123.51,25561.75,335,12,2,0,2
ACC003595,2,48005.12,24002.56,20,5,2,0,2
ACC003597,1,23520.28,23520.28,0,4,1,0,1
ACC003599,1,5393.09,5393.09,0,11,1,0,1
ACC003600,2,5283.65,2641.82,69,15,2,0,2
ACC003602,4,16734.03,4183.51,426,27,4,1,3
ACC003605,1,43236.74,43236.74,0,4,1,1,1
ACC003606,2,19210.19,9605.09,5,9,2,0,2
ACC003607,2,31382.16,15691.08,103,3,2,0,2
ACC003608,1,10428.27,10428.27,0,14,1,0,1
ACC003610,1,12130.37,12130.37,0,2,1,0,1
ACC003612,1,6125.9,6125.9,0,13,1,0,1
ACC003613,1,5270.82,5270.82,0,5,1,0,1
ACC003615,1,7837.32,7837.32,0,8,1,0,1
ACC003616,1,27336.34,27336.34,0,3,1,0,1
ACC003617,1,19151.12,19151.12,0,7,1,0,1
ACC003618,4,180033.78,45008.45,244,27,4,0,3
ACC003621,3,25837.1,8612.37,187,24,3,1,3
ACC003623,1,12518.91,12518.91,0,9,1,1,1
ACC003624,1,15419.03,15419.03,0,5,1,0,1
ACC003631,1,6753.61,6753.61,0,1,1,1,1
ACC003632,3,51007.86,17002.62,255,24,3,0,1
ACC003634,1,8307.7,8307.7,0,9,1,0,1
ACC003635,3,50035.86,16678.62,126,11,3,0,3
ACC003638,2,26375.07,13187.53,156,11,2,0,2
ACC003639,2,61249.48,30624.74,233,20,2,0,2
ACC003641,1,893.9,893.9,0,6,1,0,1
ACC003642,2,34305.52,17152.76,94,22,2,0,2
ACC003644,2,52870.05,26435.02,138,16,2,0,2
ACC003645,1,61139.45,61139.45,0,7,1,0,1
ACC003646,1,11789.79,11789.79,0,7,1,0,1
ACC003647,1,5003.27,5003.27,0,7,1,0,1
ACC003649,1,22280.27,22280.27,0,14,1,0,1
ACC003650,1,49851.85,49851.85,0,10,1,0,1
ACC003656,5,127769.0,25553.8,410,21,5,1,4
ACC003657,3,19085.66,6361.89,213,30,3,0,3
ACC003659,3,49208.82,16402.94,169,4,3,0,3
ACC003661,3,65272.27,21757.42,139,20,3,0,3
ACC003663,1,27176.72,27176.72,0,8,1,0,1
ACC003666,2,7975.25,3987.62,134,15,2,0,2
ACC003667,2,136020.56,68010.28,128,19,2,0,1
ACC003668,1,18999.6,18999.6,0,13,1,0,1
ACC003671,2,62151.46,31075.73,21,20,2,0,2
ACC003673,1,15663.62,15663.62,0,13,1,0,1
ACC003675,3,58404.49,19468.16,152,23,3,0,2
ACC003676,2,25101.26,12550.63,44,16,2,0,2
ACC003677,1,35217.43,35217.43,0,1,1,0,1
ACC003678,1,38083.68,38083.68,0,11,1,0,1
ACC003679,1,9661.26,9661.26,0,4,1,0,1
ACC003684,2,86666.76,43333.38,111,15,2,0,2
ACC003685,2,4265.01,2132.51,85,12,2,0,2
ACC003688,2,29860.05,14930.02,120,18,2,0,2
ACC003691,1,11415.38,11415.38,0,3,1,0,1
ACC003692,1,717.01,717.01,0,3,1,0,1
ACC003693,1,22446.87,22446.87,0,3,1,0,1
ACC003694,1,9447.55,9447.55,0,9,1,0,1
ACC003695,1,39038.65,39038.65,0,1,1,1,1
ACC003697,2,36341.92,18170.96,24,14,2,0,2
ACC003698,3,109962.74,36654.25,347,16,3,0,3
ACC003699,2,56982.69,28491.35,125,18,2,0,1
ACC003700,4,156213.63,39053.41,307,26,4,0,3
ACC003703,2,11264.62,5632.31,20,20,2,0,2
ACC003706,2,120453.78,60226.89,64,21,2,0,2
ACC003707,1,1607.11,1607.11,0,8,1,0,1
ACC003708,1,2686.03,2686.03,0,7,1,0,1
ACC003709,1,33093.61,33093.61,0,14,1,0,1
ACC003711,2,22049.05,11024.53,117,9,2,0,2
ACC003713,3,62777.46,20925.82,198,28,3,0,3
ACC003715,1,6349.53,6349.53,0,6,1,0,1
ACC003717,2,11969.02,5984.51,46,13,2,0,2
ACC003721,4,26112.7,6528.18,185,37,4,0,3
ACC003723,1,14133.46,14133.46,0,14,1,0,1
ACC003724,1,46502.12,46502.12,0,10,1,0,1
ACC003725,1,7149.71,7149.71,0,1,1,0,1
ACC003726,1,12467.82,12467.82,0,3,1,0,1
ACC003728,2,59938.67,29969.33,73,21,2,0,1
ACC003729,1,10072.97,10072.97,0,3,1,0,1
ACC003730,3,74936.22,24978.74,206,16,3,0,2
ACC003731,2,27895.42,13947.71,165,20,2,0,2
ACC003732,1,61892.16,61892.16,0,12,1,0,1
ACC003733,1,4964.18,4964.18,0,7,1,0,1
ACC003735,1,14064.46,14064.46,0,11,1,0,1
ACC003737,2,74377.21,37188.61,82,15,2,0,2
ACC003739,1,10177.85,10177.85,0,14,1,0,1
ACC003741,1,21712.95,21712.95,0,6,1,0,1
ACC003743,3,38803.99,12934.66,338,31,3,0,2
ACC003744,2,30866.12,15433.06,181,18,2,0,2
ACC003745,1,179946.04,179946.04,0,4,1,0,1
ACC003747,2,8228.73,4114.36,105,14,2,0,2
ACC003748,3,52300.22,17433.41,185,22,3,0,2
ACC003750,2,23004.14,11502.07,75,10,2,0,2
ACC003751,1,13158.24,13158.24,0,6,1,0,1
ACC003757,1,15812.22,15812.22,0,9,1,0,1
ACC003758,1,21288.92,21288.92,0,10,1,0,1
ACC003760,1,1125.74,1125.74,0,8,1,0,1
ACC003764,1,26551.54,26551.54,0,13,1,0,1
ACC003765,2,10697.44,5348.72,89,10,2,1,2
ACC003766,1,48763.3,48763.3,0,1,1,0,1
ACC003767,1,45462.78,45462.78,0,6,1,0,1
ACC003768,3,86105.81,28701.94,282,21,3,0,3
ACC003769,3,48249.5,16083.17,320,24,3,0,3
ACC003772,1,31250.57,31250.57,0,3,1,0,1
ACC003778,2,28169.16,14084.58,336,6,2,0,1
ACC003779,1,959.88,959.88,0,3,1,0,1
ACC003780,2,12334.96,6167.48,66,11,2,0,2
ACC003781,1,705.06,705.06,0,14,1,0,1
ACC003782,3,68181.25,22727.08,389,18,3,1,3
ACC003786,2,109233.68,54616.84,1,24,2,0,2
ACC003788,1,3147.35,3147.35,0,13,1,0,1
ACC003792,1,6127.36,6127.36,0,8,1,0,1
ACC003793,1,22896.73,22896.73,0,14,1,0,1
ACC003794,2,68724.43,34362.21,3,8,2,0,2
ACC003796,3,64640.4,21546.8,263,12,3,0,1
ACC003797,1,5654.73,5654.73,0,9,1,0,1
ACC003801,2,68007.06,34003.53,31,20,2,0,2
ACC003802,1,5955.71,5955.71,0,7,1,0,1
ACC003803,1,16577.85,16577.85,0,8,1,0,1
ACC003805,1,15306.38,15306.38,0,7,1,0,1
ACC003806,4,52996.76,13249.19,250,41,4,0,4
ACC003807,1,9211.16,9211.16,0,7,1,0,1
ACC003808,1,5794.99,5794.99,0,13,1,1,1
ACC003809,3,79893.68,26631.23,232,26,3,0,3
ACC003810,1,49476.86,49476.86,0,5,1,0,1
ACC003811,1,26502.64,26502.64,0,6,1,0,1
ACC003812,2,60396.19,30198.09,197,17,2,0,1
ACC003814,2,34478.17,17239.08,148,9,2,0,1
ACC003816,1,27920.03,27920.03,0,12,1,0,1
ACC003817,1,27322.5,27322.5,0,14,1,0,1
ACC003819,1,3661.3,3661.3,0,13,1,0,1
ACC003821,2,51448.6,25724.3,150,20,2,0,2
ACC003822,1,9218.12,9218.12,0,12,1,1,1
ACC003823,2,19828.68,9914.34,293,14,2,0,2
ACC003824,1,51567.28,51567.28,0,5,1,0,1
ACC003825,3,44027.05,14675.68,367,33,3,0,3
ACC003826,1,16830.04,16830.04,0,7,1,0,1
ACC003827,1,15900.64,15900.64,0,6,1,0,1
ACC003828,2,46352.99,23176.5,83,18,2,0,2
ACC003831,1,105233.36,105233.36,0,7,1,0,1
ACC003832,1,44929.35,44929.35,0,1,1,0,1
ACC003833,1,100650.75,100650.75,0,10,1,0,1
ACC003834,2,3780.96,1890.48,46,13,2,0,2
ACC003835,1,8436.69,8436.69,0,9,1,0,1
ACC003836,2,32005.11,16002.56,37,13,2,0,2
ACC003839,1,3908.38,3908.38,0,1,1,0,1
ACC003840,1,16007.17,16007.17,0,4,1,0,1
ACC003841,1,12807.62,12807.62,0,7,1,0,1
ACC003842,1,84304.36,84304.36,0,5,1,1,1
ACC003844,5,189353.79,37870.76,202,34,5,0,3
ACC003845,1,61941.46,61941.46,0,8,1,0,1
ACC003850,1,4788.14,4788.14,0,1,1,0,1
ACC003852,1,25924.99,25924.99,0,7,1,0,1
ACC003854,1,28301.49,28301.49,0,10,1,0,1
ACC003855,1,7914.93,7914.93,0,5,1,0,1
ACC003858,1,26841.19,26841.19,0,2,1,0,1
ACC003859,1,8502.07,8502.07,0,12,1,0,1
ACC003860,3,36511.33,12170.44,290,38,3,0,2
ACC003861,2,30019.6,15009.8,231,9,2,0,2
ACC003862,1,6804.85,6804.85,0,1,1,0,1
ACC003864,2,44926.52,22463.26,92,6,2,0,2
ACC003866,1,1727.62,1727.62,0,11,1,0,1
ACC003867,2,70205.77,35102.88,182,12,2,0,2
ACC003868,2,15426.22,7713.11,186,12,2,0,2
ACC003869,1,35175.36,35175.36,0,12,1,0,1
ACC003871,2,91172.25,45586.12,41,7,2,0,2
ACC003876,2,41761.38,20880.69,112,15,2,0,2
ACC003877,2,47640.08,23820.04,331,20,2,0,2
ACC003880,2,50312.79,25156.4,212,11,2,1,2
ACC003882,2,6161.26,3080.63,77,13,2,0,1
ACC003883,3,57809.23,19269.74,259,21,3,0,2
ACC003884,3,58443.19,19481.06,284,21,3,0,1
ACC003888,1,10922.02,10922.02,0,6,1,0,1
ACC003890,2,15885.87,7942.94,372,7,2,1,2
ACC003891,1,3263.46,3263.46,0,12,1,0,1
ACC003892,1,32605.66,32605.66,0,5,1,0,1
ACC003893,1,14710.55,14710.55,0,1,1,0,1
ACC003894,1,38198.99,38198.99,0,4,1,0,1
ACC003895,2,25811.07,12905.53,18,20,2,0,2
ACC003899,1,3538.27,3538.27,0,8,1,0,1
ACC003901,2,78832.91,39416.46,133,21,2,1,1
ACC003902,1,28343.1,28343.1,0,10,1,0,1
ACC003903,1,3083.33,3083.33,0,11,1,0,1
ACC003904,2,40069.83,20034.92,125,23,2,0,2
ACC003906,1,10122.98,10122.98,0,11,1,0,1
ACC003907,1,87499.44,87499.44,0,6,1,0,1
ACC003910,2,14338.32,7169.16,15,9,2,0,2
ACC003912,1,2884.41,2884.41,0,14,1,1,1
ACC003913,1,40589.95,40589.95,0,9,1,0,1
ACC003914,1,2408.18,2408.18,0,14,1,0,1
ACC003915,1,60546.4,60546.4,0,10,1,0,1
ACC003916,1,14180.74,14180.74,0,14,1,0,1
ACC003919,1,44578.5,44578.5,0,9,1,0,1
ACC003921,2,71039.41,35519.71,251,7,2,0,2
ACC003925,4,130914.04,32728.51,343,38,4,0,3
ACC003927,3,52156.33,17385.44,308,27,3,0,3
ACC003930,3,50085.36,16695.12,258,21,3,0,1
ACC003933,1,58447.52,58447.52,0,7,1,1,1
ACC003935,1,3933.82,3933.82,0,10,1,0,1
ACC003936,2,60472.59,30236.29,302,27,2,1,2
ACC003937,2,62210.13,31105.06,40,17,2,0,2
ACC003938,1,22074.49,22074.49,0,4,1,0,1
ACC003940,2,37497.57,18748.78,391,18,2,1,2
ACC003941,1,1019.71,1019.71,0,3,1,0,1
ACC003942,1,34838.75,34838.75,0,9,1,0,1
ACC003943,1,17041.37,17041.37,0,7,1,0,1
ACC003945,1,41596.95,41596.95,0,8,1,0,1
ACC003946,2,45312.0,22656.0,98,10,2,0,2
ACC003947,2,64522.93,32261.47,224,26,2,0,2
ACC003950,2,8558.8,4279.4,69,15,2,0,2
ACC003951,2,38482.42,19241.21,303,23,2,0,2
ACC003952,1,21281.39,21281.39,0,12,1,0,1
ACC003953,1,75502.14,75502.14,0,12,1,0,1
ACC003956,1,6143.77,6143.77,0,5,1,0,1
ACC003958,1,8393.19,8393.19,0,5,1,0,1
ACC003960,1,20876.82,20876.82,0,10,1,0,1
ACC003961,2,136110.48,68055.24,86,11,2,0,1
ACC003962,1,27414.12,27414.12,0,6,1,0,1
ACC003963,3,72659.32,24219.77,137,14,3,0,2
ACC003964,1,6891.88,6891.88,0,2,1,0,1
ACC003965,3,51175.84,17058.61,208,17,3,0,2
ACC003967,4,90339.7,22584.92,205,40,4,0,3
ACC003969,1,10586.7,10586.7,0,11,1,0,1
ACC003970,1,6857.85,6857.85,0,9,1,0,1
ACC003971,2,19089.51,9544.75,274,20,2,0,2
ACC003972,1,72134.65,72134.65,0,13,1,0,1
ACC003975,1,45074.82,45074.82,0,3,1,0,1
ACC003976,1,8429.5,8429.5,0,5,1,0,1
ACC003977,1,7002.37,7002.37,0,2,1,0,1
ACC003978,1,56393.95,56393.95,0,2,1,0,1
ACC003979,3,88377.78,29459.26,391,13,3,0,2
ACC003980,2,23107.7,11553.85,227,10,2,0,2
ACC003981,1,8684.58,8684.58,0,8,1,0,1
ACC003982,1,9617.04,9617.04,0,5,1,0,1
ACC003983,1,75600.09,75600.09,0,11,1,0,1
ACC003985,1,47175.26,47175.26,0,13,1,0,1
ACC003986,1,2393.35,2393.35,0,1,1,0,1
ACC003987,1,2386.49,2386.49,0,3,1,0,1
ACC003988,1,48497.89,48497.89,0,10,1,0,1
ACC003990,3,56060.52,18686.84,205,18,3,0,3
ACC003991,3,162616.63,54205.54,214,18,3,0,2
ACC003992,2,21919.78,10959.89,56,22,2,0,2
ACC003993,1,21565.53,21565.53,0,10,1,0,1
ACC003995,1,26481.87,26481.87,0,11,1,0,1
ACC003996,4,159978.31,39994.58,231,31,4,1,3
ACC003997,1,92608.3,92608.3,0,10,1,0,1
ACC003998,3,63383.08,21127.69,312,23,3,0,2
ACC004000,2,55980.08,27990.04,39,4,2,0,2
ACC004001,1,61595.0,61595.0,0,10,1,0,1
ACC004002,1,25297.52,25297.52,0,5,1,0,1
ACC004003,1,6476.96,6476.96,0,9,1,0,1
ACC004004,1,23831.47,23831.47,0,7,1,0,1
ACC004005,3,90100.07,30033.36,345,31,3,0,2
ACC004007,2,40237.73,20118.86,249,14,2,1,2
ACC004008,3,122595.79,40865.26,137,33,3,0,2
ACC004010,2,28168.39,14084.19,1,7,2,0,2
ACC004012,1,4896.78,4896.78,0,3,1,0,1
ACC004013,1,13259.48,13259.48,0,2,1,0,1
ACC004014,2,78076.83,39038.42,55,8,2,0,2
ACC004015,1,1508.96,1508.96,0,3,1,0,1
ACC004017,1,12248.06,12248.06,0,8,1,0,1
ACC004018,2,50248.79,25124.4,209,12,2,1,2
ACC004019,1,16856.62,16856.62,0,6,1,1,1
ACC004022,2,68316.89,34158.44,271,12,2,0,2
ACC004023,1,11987.18,11987.18,0,3,1,0,1
ACC004024,3,24881.1,8293.7,202,27,3,0,2
ACC004025,2,47771.03,23885.51,149,9,2,0,2
ACC004027,1,37704.36,37704.36,0,9,1,0,1
ACC004029,2,48907.82,24453.91,163,9,2,0,2
ACC004031,3,35303.52,11767.84,395,9,3,0,3
ACC004035,1,12664.22,12664.22,0,2,1,0,1
ACC004036,1,2770.88,2770.88,0,9,1,0,1
ACC004039,1,16112.6,16112.6,0,9,1,0,1
ACC004043,2,119033.54,59516.77,264,23,2,0,2
ACC004044,2,98827.11,49413.56,39,23,2,0,1
ACC004046,1,6124.5,6124.5,0,11,1,0,1
ACC004048,2,23441.58,11720.79,112,8,2,0,1
ACC004049,2,67918.36,33959.18,126,21,2,0,2
ACC004052,1,65254.65,65254.65,0,6,1,0,1
ACC004054,1,4235.41,4235.41,0,10,1,0,1
ACC004055,1,42447.19,42447.19,0,4,1,0,1
ACC004058,2,70245.48,35122.74,307,12,2,0,2
ACC004059,1,3506.18,3506.18,0,14,1,0,1
ACC004060,1,24565.11,24565.11,0,9,1,0,1
ACC004061,2,34349.26,17174.63,259,20,2,0,2
ACC004062,4,121267.22,30316.81,196,32,4,0,3
ACC004063,1,19135.54,19135.54,0,1,1,0,1
ACC004065,1,4966.87,4966.87,0,9,1,0,1
ACC004066,2,42950.87,21475.44,131,21,2,0,1
ACC004067,1,6026.2,6026.2,0,3,1,0,1
ACC004068,1,9869.68,9869.68,0,9,1,0,1
ACC004069,2,91723.51,45861.75,166,17,2,1,2
ACC004071,2,53482.27,26741.14,103,15,2,0,2
ACC004072,1,69777.06,69777.06,0,11,1,0,1
ACC004076,1,1840.73,1840.73,0,10,1,0,1
ACC004078,2,94016.86,47008.43,31,21,2,0,2
ACC004080,1,15674.51,15674.51,0,5,1,0,1
ACC004084,1,7961.77,7961.77,0,10,1,0,1
ACC004086,1,42569.49,42569.49,0,12,1,0,1
ACC004088,1,17834.18,17834.18,0,10,1,0,1
ACC004089,1,12813.76,12813.76,0,1,1,0,1
ACC004092,3,137718.07,45906.02,158,23,3,0,2
ACC004093,1,42769.08,42769.08,0,14,1,0,1
ACC004095,2,34909.95,17454.97,361,12,2,1,2
ACC004096,1,22057.9,22057.9,0,11,1,0,1
ACC004097,2,90640.69,45320.35,55,25,2,0,2
ACC004098,2,59912.88,29956.44,141,22,2,0,2
ACC004100,1,83840.87,83840.87,0,6,1,0,1
ACC004101,1,23748.69,23748.69,0,11,1,0,1
ACC004102,1,39203.29,39203.29,0,8,1,0,1
ACC004103,2,41608.27,20804.14,37,20,2,0,2
ACC004104,1,9047.97,9047.97,0,4,1,0,1
ACC004107,1,87712.94,87712.94,0,1,1,0,1
ACC004109,1,22609.27,22609.27,0,6,1,0,1
ACC004110,1,3828.69,3828.69,0,10,1,0,1
ACC004111,2,92372.98,46186.49,322,15,2,0,2
ACC004112,2,126483.59,63241.79,157,13,2,0,2
ACC004113,1,39877.81,39877.81,0,14,1,0,1
ACC004114,3,82588.93,27529.64,402,18,3,1,3
ACC004115,1,17062.62,17062.62,0,1,1,0,1
ACC004116,2,16167.38,8083.69,58,24,2,0,2
ACC004117,1,3355.21,3355.21,0,14,1,0,1
ACC004118,1,62664.9,62664.9,0,2,1,0,1
ACC004119,3,65366.24,21788.75,260,23,3,0,3
ACC004120,1,65443.53,65443.53,0,1,1,0,1
ACC004121,2,32321.07,16160.53,366,16,2,0,2
ACC004122,1,61507.33,61507.33,0,8,1,0,1
ACC004123,1,12978.48,12978.48,0,10,1,1,1
ACC004124,2,53272.25,26636.12,155,18,2,0,2
ACC004126,1,80224.82,80224.82,0,7,1,0,1
ACC004127,1,6639.18,6639.18,0,1,1,0,1
ACC004129,1,5669.48,5669.48,0,3,1,0,1
ACC004130,1,31703.28,31703.28,0,13,1,0,1
ACC004133,4,29498.64,7374.66,396,27,4,0,3
ACC004134,2,37600.34,18800.17,53,19,2,0,2
ACC004135,2,43146.78,21573.39,130,18,2,0,1
ACC004136,3,59844.17,19948.06,269,6,3,0,3
ACC004139,1,8536.47,8536.47,0,11,1,0,1
ACC004140,2,113299.74,56649.87,322,18,2,0,2
ACC004143,1,42032.2,42032.2,0,11,1,0,1
ACC004145,2,91016.31,45508.15,198,18,2,0,2
ACC004146,2,13661.51,6830.76,225,18,2,0,2
ACC004148,1,45437.21,45437.21,0,14,1,0,1
ACC004149,2,100514.29,50257.15,81,7,2,0,2
ACC004152,1,23016.69,23016.69,0,4,1,0,1
ACC004153,1,4164.55,4164.55,0,7,1,0,1
ACC004155,2,81225.63,40612.82,38,6,2,0,2
ACC004157,1,54840.42,54840.42,0,12,1,0,1
ACC004159,1,3116.54,3116.54,0,11,1,0,1
ACC004165,2,48964.02,24482.01,337,9,2,0,2
ACC004166,1,848.37,848.37,0,3,1,1,1
ACC004171,3,49746.4,16582.13,174,27,3,0,3
ACC004172,1,42607.28,42607.28,0,1,1,0,1
ACC004174,2,8987.08,4493.54,255,10,2,0,2
ACC004175,1,4408.6,4408.6,0,8,1,0,1
ACC004176,1,16923.96,16923.96,0,9,1,0,1
ACC004177,1,45902.56,45902.56,0,10,1,0,1
ACC004179,1,27911.57,27911.57,0,3,1,0,1
ACC004180,3,45579.57,15193.19,94,32,3,0,3
ACC004182,1,1254.28,1254.28,0,11,1,0,1
ACC004183,2,24223.41,12111.71,174,7,2,0,2
ACC004185,1,16307.98,16307.98,0,5,1,0,1
ACC004187,1,6693.95,6693.95,0,10,1,0,1
ACC004188,1,6389.74,6389.74,0,5,1,0,1
ACC004192,2,79844.9,39922.45,67,5,2,0,2
ACC004197,2,98463.67,49231.83,43,13,2,0,2
ACC004198,1,3269.06,3269.06,0,10,1,0,1
ACC004199,2,132185.73,66092.87,300,19,2,0,2
ACC004201,1,101452.08,101452.08,0,12,1,0,1
ACC004202,2,18693.62,9346.81,2,6,2,0,1
ACC004203,1,77547.96,77547.96,0,14,1,0,1
ACC004205,4,36796.62,9199.15,323,30,4,1,4
ACC004207,3,36690.35,12230.12,111,27,3,0,2
ACC004208,3,98212.3,32737.43,257,22,3,0,3
ACC004209,2,89164.33,44582.16,96,23,2,0,2
ACC004210,2,64356.61,32178.31,13,11,2,0,2
ACC004211,3,83305.73,27768.58,400,17,3,0,3
ACC004214,2,124062.17,62031.08,129,17,2,0,2
ACC004216,2,35034.54,17517.27,168,18,2,1,2
ACC004217,3,51341.89,17113.96,172,26,3,0,2
ACC004218,2,71827.52,35913.76,257,8,2,0,2
ACC004219,1,55336.63,55336.63,0,7,1,1,1
ACC004220,1,6936.89,6936.89,0,10,1,0,1
ACC004221,1,10555.48,10555.48,0,13,1,0,1
ACC004222,3,55465.65,18488.55,140,28,3,0,3
ACC004223,3,29917.23,9972.41,384,27,3,0,2
ACC004224,2,29386.36,14693.18,158,19,2,1,2
ACC004225,1,26197.4,26197.4,0,6,1,0,1
ACC004226,1,1017.04,1017.04,0,2,1,0,1
ACC004227,4,194375.32,48593.83,269,32,4,0,4
ACC004231,1,7112.24,7112.24,0,2,1,0,1
ACC004232,1,35950.02,35950.02,0,5,1,0,1
ACC004234,1,42114.34,42114.34,0,13,1,0,1
ACC004235,1,14190.05,14190.05,0,7,1,0,1
ACC004236,1,5979.91,5979.91,0,13,1,0,1
ACC004237,1,38000.21,38000.21,0,11,1,0,1
ACC004239,1,10279.1,10279.1,0,9,1,0,1
ACC004240,2,26045.14,13022.57,67,18,2,0,2
ACC004241,2,29935.44,14967.72,100,17,2,0,1
ACC004242,2,50766.76,25383.38,236,18,2,1,2
ACC004245,3,25922.15,8640.72,151,15,3,0,3
ACC004248,1,6712.68,6712.68,0,10,1,0,1
ACC004250,1,49371.16,49371.16,0,12,1,0,1
ACC004252,2,26823.86,13411.93,116,10,2,0,1
ACC004253,2,42215.36,21107.68,348,10,2,0,2
ACC004255,1,13598.07,13598.07,0,13,1,0,1
ACC004258,4,110541.63,27635.41,382,36,4,1,3
ACC004259,1,33006.93,33006.93,0,5,1,0,1
ACC004262,1,1848.11,1848.11,0,3,1,0,1
ACC004263,1,2629.33,2629.33,0,6,1,0,1
ACC004264,1,1993.15,1993.15,0,3,1,0,1
ACC004265,3,155395.92,51798.64,428,14,3,1,3
ACC004267,1,4126.75,4126.75,0,1,1,0,1
ACC004269,1,22544.6,22544.6,0,5,1,0,1
ACC004272,2,94926.78,47463.39,18,12,2,0,1
ACC004273,2,32742.16,16371.08,59,5,2,0,2
ACC004274,1,37231.79,37231.79,0,7,1,0,1
ACC004275,1,9642.14,9642.14,0,13,1,0,1
ACC004277,2,40530.1,20265.05,253,8,2,0,1
ACC004281,1,7542.25,7542.25,0,10,1,0,1
ACC004283,2,38199.7,19099.85,44,13,2,0,2
ACC004285,3,30671.15,10223.72,283,7,3,0,3
ACC004290,2,39831.07,19915.53,122,11,2,0,2
ACC004291,1,3633.43,3633.43,0,10,1,0,1
ACC004292,6,145589.16,24264.86,335,31,6,0,3
ACC004293,2,45630.48,22815.24,162,15,2,0,2
ACC004294,1,88991.83,88991.83,0,10,1,0,1
ACC004295,1,48411.6,48411.6,0,4,1,0,1
ACC004297,3,134134.21,44711.4,89,29,3,0,3
ACC004298,1,2894.65,2894.65,0,6,1,0,1
ACC004299,2,68448.67,34224.33,248,13,2,0,2
ACC004300,3,27952.3,9317.43,271,9,3,0,3
ACC004301,2,29306.33,14653.16,184,23,2,0,2
ACC004304,1,7276.19,7276.19,0,11,1,0,1
ACC004305,1,13397.39,13397.39,0,4,1,0,1
ACC004306,1,20719.65,20719.65,0,3,1,1,1
ACC004307,1,9410.95,9410.95,0,1,1,0,1
ACC004308,2,51504.97,25752.49,364,13,2,0,2
ACC004309,1,48779.13,48779.13,0,3,1,0,1
ACC004310,4,94918.6,23729.65,164,28,4,0,2
ACC004311,2,82137.64,41068.82,68,12,2,0,2
ACC004312,3,17976.18,5992.06,52,20,3,1,1
ACC004315,1,80305.78,80305.78,0,13,1,0,1
ACC004316,2,20339.27,10169.64,50,23,2,1,2
ACC004319,1,25400.49,25400.49,0,8,1,0,1
ACC004320,1,67235.41,67235.41,0,12,1,0,1
ACC004322,2,64791.14,32395.57,190,12,2,0,2
ACC004323,2,39943.2,19971.6,265,3,2,0,2
ACC004324,3,32395.23,10798.41,57,24,3,0,3
ACC004325,3,45315.9,15105.3,201,19,3,0,1
ACC004327,1,1192.58,1192.58,0,10,1,0,1
ACC004328,2,55429.17,27714.58,139,14,2,0,1
ACC004329,1,6194.85,6194.85,0,5,1,0,1
ACC004330,1,9994.02,9994.02,0,6,1,0,1
ACC004331,2,47075.42,23537.71,59,17,2,0,1
ACC004333,1,1608.69,1608.69,0,5,1,0,1
ACC004334,2,36227.35,18113.67,152,8,2,0,2
ACC004336,1,14969.34,14969.34,0,10,1,0,1
ACC004337,1,59336.6,59336.6,0,13,1,0,1
ACC004339,1,3707.86,3707.86,0,5,1,1,1
ACC004340,2,69866.98,34933.49,146,19,2,0,1
ACC004343,1,12008.72,12008.72,0,12,1,1,1
ACC004345,2,166021.05,83010.52,34,15,2,0,2
ACC004347,1,38447.79,38447.79,0,10,1,0,1
ACC004349,1,78505.69,78505.69,0,4,1,0,1
ACC004353,3,125334.31,41778.1,216,19,3,0,3
ACC004354,1,72877.29,72877.29,0,12,1,0,1
ACC004355,1,8855.0,8855.0,0,8,1,1,1
ACC004356,1,2835.38,2835.38,0,14,1,1,1
ACC004357,2,73509.33,36754.66,86,16,2,0,2
ACC004358,1,3454.12,3454.12,0,3,1,0,1
ACC004360,1,3011.35,3011.35,0,14,1,0,1
ACC004361,2,62537.21,31268.6,39,22,2,0,2
ACC004362,2,130831.99,65415.99,61,11,2,0,2
ACC004365,1,8021.48,8021.48,0,6,1,0,1
ACC004368,1,9491.06,9491.06,0,12,1,0,1
ACC004369,1,52966.84,52966.84,0,8,1,0,1
ACC004370,1,3150.76,3150.76,0,4,1,0,1
ACC004371,1,7202.07,7202.07,0,1,1,0,1
ACC004372,1,4799.33,4799.33,0,1,1,0,1
ACC004373,1,36542.51,36542.51,0,14,1,0,1
ACC004375,6,128650.11,21441.69,360,52,6,0,5
ACC004377,4,103562.4,25890.6,174,22,4,0,3
ACC004378,2,46195.09,23097.55,25,12,2,0,1
ACC004380,3,73358.9,24452.97,360,29,3,0,3
ACC004381,1,32266.69,32266.69,0,5,1,0,1
ACC004383,2,26113.53,13056.76,63,21,2,1,2
ACC004384,1,13225.73,13225.73,0,12,1,1,1
ACC004385,1,10418.83,10418.83,0,8,1,0,1
ACC004386,1,1908.92,1908.92,0,5,1,0,1
ACC004388,2,58767.04,29383.52,258,22,2,0,1
ACC004389,1,91975.76,91975.76,0,2,1,0,1
ACC004390,3,131593.22,43864.41,179,37,3,0,1
ACC004393,1,5222.83,5222.83,0,2,1,0,1
ACC004394,3,78722.2,26240.73,341,23,3,0,3
ACC004395,1,1369.72,1369.72,0,4,1,0,1
ACC004396,1,15862.84,15862.84,0,7,1,0,1
ACC004399,1,1143.02,1143.02,0,2,1,0,1
ACC004400,1,3812.91,3812.91,0,12,1,0,1
ACC004401,2,26439.61,13219.81,207,13,2,0,2
ACC004402,2,6139.21,3069.61,245,3,2,0,2
ACC004403,2,44536.62,22268.31,273,26,2,0,2
ACC004404,1,20624.6,20624.6,0,8,1,0,1
ACC004405,2,22657.6,11328.8,139,19,2,1,2
ACC004406,1,10165.02,10165.02,0,5,1,0,1
ACC004407,4,128303.87,32075.97,186,30,4,0,3
ACC004408,1,44365.39,44365.39,0,13,1,0,1
ACC004412,1,2596.34,2596.34,0,11,1,0,1
ACC004413,1,8629.42,8629.42,0,4,1,0,1
ACC004415,1,1975.38,1975.38,0,12,1,0,1
ACC004417,2,51830.36,25915.18,255,11,2,1,2
ACC004418,1,4708.32,4708.32,0,2,1,0,1
ACC004419,1,23991.2,23991.2,0,4,1,0,1
ACC004420,1,12042.38,12042.38,0,9,1,0,1
ACC004422,1,65197.35,65197.35,0,13,1,0,1
ACC004423,2,25463.32,12731.66,17,20,2,0,2
ACC004424,2,21569.34,10784.67,72,23,2,0,1
ACC004427,2,50263.52,25131.76,29,17,2,0,1
ACC004430,2,22456.11,11228.06,20,9,2,0,2
ACC004432,4,289446.77,72361.69,288,18,4,0,3
ACC004434,1,4975.0,4975.0,0,11,1,0,1
ACC004436,4,140056.7,35014.18,190,35,4,0,4
ACC004437,1,28645.03,28645.03,0,2,1,0,1
ACC004439,3,56787.51,18929.17,265,24,3,0,3
ACC004440,2,18830.34,9415.17,80,14,2,0,2
ACC004441,1,25522.02,25522.02,0,13,1,0,1
ACC004442,1,5907.75,5907.75,0,11,1,0,1
ACC004443,2,57990.76,28995.38,17,11,2,0,2
ACC004444,2,27458.79,13729.4,110,16,2,0,2
ACC004447,1,19188.35,19188.35,0,8,1,0,1
ACC004448,2,33784.96,16892.48,22,12,2,0,2
ACC004449,2,47690.81,23845.4,107,19,2,1,2
ACC004450,1,23514.33,23514.33,0,6,1,0,1
ACC004451,3,61244.07,20414.69,218,26,3,0,3
ACC004453,1,5858.36,5858.36,0,1,1,0,1
ACC004454,2,49904.13,24952.07,133,13,2,0,2
ACC004457,2,72798.17,36399.08,80,21,2,0,2
ACC004459,1,27621.47,27621.47,0,11,1,0,1
ACC004460,1,32465.28,32465.28,0,2,1,0,1
ACC004461,3,92211.51,30737.17,203,19,3,1,3
ACC004462,1,16086.55,16086.55,0,3,1,0,1
ACC004465,1,45418.51,45418.51,0,1,1,0,1
ACC004466,1,45284.15,45284.15,0,11,1,0,1
ACC004467,1,33521.89,33521.89,0,5,1,0,1
ACC004468,2,21459.5,10729.75,142,16,2,0,2
ACC004470,1,4744.92,4744.92,0,10,1,0,1
ACC004474,1,4111.59,4111.59,0,7,1,0,1
ACC004475,3,83116.74,27705.58,212,23,3,0,2
ACC004476,3,62555.46,20851.82,78,18,3,0,2
ACC004477,1,3734.37,3734.37,0,3,1,0,1
ACC004478,1,10146.66,10146.66,0,1,1,0,1
ACC004479,1,1230.31,1230.31,0,12,1,0,1
ACC004480,1,14961.97,14961.97,0,9,1,0,1
ACC004482,2,40648.74,20324.37,29,17,2,0,1
ACC004486,2,17397.6,8698.8,337,18,2,0,2
ACC004488,1,11127.09,11127.09,0,5,1,0,1
ACC004489,2,19598.47,9799.24,274,17,2,0,1
ACC004492,2,75465.68,37732.84,349,20,2,0,2
ACC004493,1,5978.61,5978.61,0,9,1,0,1
ACC004496,1,10609.72,10609.72,0,11,1,0,1
ACC004497,4,101700.09,25425.02,309,25,4,0,3
ACC004498,2,51261.03,25630.51,70,20,2,0,2
ACC004499,1,23812.35,23812.35,0,2,1,0,1
ACC004500,3,36923.94,12307.98,237,18,3,1,2
ACC004501,2,77408.58,38704.29,111,20,2,0,2
ACC004502,2,19782.84,9891.42,110,15,2,0,2
ACC004504,1,11146.65,11146.65,0,3,1,0,1
ACC004507,2,99713.62,49856.81,82,12,2,0,2
ACC004509,2,15315.49,7657.74,76,20,2,1,2
ACC004510,1,3059.21,3059.21,0,13,1,0,1
ACC004513,1,6177.41,6177.41,0,3,1,0,1
ACC004515,2,13237.11,6618.56,249,15,2,0,2
ACC004519,3,74013.9,24671.3,75,27,3,0,3
ACC004521,1,9774.05,9774.05,0,14,1,0,1
ACC004522,1,50907.47,50907.47,0,8,1,0,1
ACC004524,1,63096.87,63096.87,0,6,1,0,1
ACC004526,1,43444.75,43444.75,0,12,1,0,1
ACC004527,2,87419.61,43709.81,19,18,2,0,2
ACC004528,1,9789.15,9789.15,0,12,1,1,1
ACC004532,1,12347.38,12347.38,0,10,1,0,1
ACC004534,1,44472.6,44472.6,0,13,1,0,1
ACC004536,3,45767.19,15255.73,140,29,3,0,3
ACC004537,2,23531.04,11765.52,288,20,2,0,2
ACC004538,2,25245.58,12622.79,134,11,2,1,2
ACC004540,1,957.12,957.12,0,3,1,0,1
ACC004541,1,15261.26,15261.26,0,1,1,0,1
ACC004543,1,22260.48,22260.48,0,11,1,0,1
ACC004544,2,41159.74,20579.87,169,18,2,0,2
ACC004547,1,5995.38,5995.38,0,9,1,0,1
ACC004548,2,34734.38,17367.19,50,15,2,0,1
ACC004549,1,74794.39,74794.39,0,1,1,0,1
ACC004550,1,50644.44,50644.44,0,2,1,0,1
ACC004551,2,20228.66,10114.33,79,4,2,1,2
ACC004552,1,22064.8,22064.8,0,3,1,0,1
ACC004553,1,25765.4,25765.4,0,7,1,0,1
ACC004554,1,9255.79,9255.79,0,1,1,0,1
ACC004555,2,53089.11,26544.56,95,10,2,0,2
ACC004556,2,106370.58,53185.29,56,15,2,0,2
ACC004558,2,42820.85,21410.42,251,16,2,0,2
ACC004561,1,2105.85,2105.85,0,8,1,0,1
ACC004562,2,91719.84,45859.92,248,13,2,0,2
ACC004564,3,106364.85,35454.95,202,24,3,0,3
ACC004567,4,119684.15,29921.04,314,40,4,0,3
ACC004570,1,12642.8,12642.8,0,12,1,0,1
ACC004571,1,2306.64,2306.64,0,1,1,0,1
ACC004574,1,50806.75,50806.75,0,2,1,1,1
ACC004576,1,7868.6,7868.6,0,2,1,0,1
ACC004578,1,5391.87,5391.87,0,4,1,0,1
ACC004579,2,64496.47,32248.24,47,24,2,0,2
ACC004580,1,4832.12,4832.12,0,3,1,0,1
ACC004581,2,65014.81,32507.4,205,12,2,0,2
ACC004583,2,29730.89,14865.44,240,14,2,0,2
ACC004588,1,7394.08,7394.08,0,2,1,0,1
ACC004590,2,51376.8,25688.4,55,6,2,0,2
ACC004591,2,53713.87,26856.93,119,13,2,0,1
ACC004592,1,4576.75,4576.75,0,1,1,0,1
ACC004594,1,17917.1,17917.1,0,14,1,0,1
ACC004596,2,44143.9,22071.95,242,9,2,0,1
ACC004599,2,44130.49,22065.25,208,9,2,0,1
ACC004603,3,136532.62,45510.87,320,29,3,1,2
ACC004605,1,36919.96,36919.96,0,1,1,0,1
ACC004607,1,19770.93,19770.93,0,4,1,0,1
ACC004609,1,8814.14,8814.14,0,13,1,0,1
ACC004610,4,114832.46,28708.12,286,26,4,0,3
ACC004611,1,66770.81,66770.81,0,13,1,0,1
ACC004612,1,1834.98,1834.98,0,10,1,0,1
ACC004613,1,17481.29,17481.29,0,8,1,0,1
ACC004614,3,71525.49,23841.83,308,23,3,0,3
ACC004615,2,25995.45,12997.72,292,6,2,0,2
ACC004616,1,15659.6,15659.6,0,2,1,0,1
ACC004617,2,38521.08,19260.54,27,23,2,0,2
ACC004618,2,13358.09,6679.05,212,11,2,0,2
ACC004619,3,42376.68,14125.56,336,17,3,0,3
ACC004620,2,79996.54,39998.27,275,19,2,0,2
ACC004622,1,21931.54,21931.54,0,10,1,0,1
ACC004624,3,88882.83,29627.61,97,27,3,0,2
ACC004626,2,57680.2,28840.1,88,15,2,0,2
ACC004627,2,140016.02,70008.01,226,15,2,1,1
ACC004628,2,69069.51,34534.75,391,22,2,1,2
ACC004631,1,9049.24,9049.24,0,6,1,0,1
ACC004632,1,88368.26,88368.26,0,6,1,0,1
ACC004633,3,78579.52,26193.17,142,16,3,0,3
ACC004634,1,8467.93,8467.93,0,14,1,0,1
ACC004635,2,18100.56,9050.28,102,25,2,0,1
ACC004639,1,4090.58,4090.58,0,1,1,1,1
ACC004640,1,53193.21,53193.21,0,8,1,0,1
ACC004641,1,7325.28,7325.28,0,5,1,0,1
ACC004644,1,61057.26,61057.26,0,11,1,0,1
ACC004646,1,20529.73,20529.73,0,2,1,0,1
ACC004647,3,25994.91,8664.97,118,31,3,1,2
ACC004651,2,16110.77,8055.38,83,16,2,0,1
ACC004652,2,5187.43,2593.72,105,15,2,0,2
ACC004653,1,7313.93,7313.93,0,8,1,1,1
ACC004654,2,69443.22,34721.61,377,14,2,0,2
ACC004656,2,11567.96,5783.98,13,11,2,0,1
ACC004657,2,37131.81,18565.9,170,8,2,1,1
ACC004660,1,46756.47,46756.47,0,7,1,0,1
ACC004662,3,27843.27,9281.09,164,21,3,0,3
ACC004665,1,35519.26,35519.26,0,3,1,0,1
ACC004668,1,31199.3,31199.3,0,6,1,0,1
ACC004669,1,2983.81,2983.81,0,10,1,0,1
ACC004670,2,60893.59,30446.79,162,7,2,0,2
ACC004671,1,16610.25,16610.25,0,13,1,0,1
ACC004672,1,35185.07,35185.07,0,13,1,1,1
ACC004673,3,34381.13,11460.38,235,26,3,1,3
ACC004674,2,59005.34,29502.67,19,20,2,0,2
ACC004675,2,52986.95,26493.47,187,10,2,0,2
ACC004677,1,24282.15,24282.15,0,11,1,0,1
ACC004679,2,27706.39,13853.19,162,16,2,0,2
ACC004680,1,21076.31,21076.31,0,4,1,0,1
ACC004681,1,49048.13,49048.13,0,13,1,0,1
ACC004683,1,3291.0,3291.0,0,2,1,0,1
ACC004684,1,2714.86,2714.86,0,5,1,0,1
ACC004688,1,8804.28,8804.28,0,10,1,1,1
ACC004689,1,7786.68,7786.68,0,1,1,0,1
ACC004693,2,9282.52,4641.26,318,23,2,0,2
ACC004694,2,25930.42,12965.21,193,22,2,0,2
ACC004697,1,69719.54,69719.54,0,11,1,0,1
ACC004699,1,113144.39,113144.39,0,14,1,0,1
ACC004700,1,9112.91,9112.91,0,13,1,0,1
ACC004702,1,5820.93,5820.93,0,1,1,0,1
ACC004703,1,42450.73,42450.73,0,7,1,0,1
ACC004704,1,37214.22,37214.22,0,12,1,1,1
ACC004705,1,900.36,900.36,0,1,1,0,1
ACC004706,2,50826.73,25413.36,425,17,2,1,1
ACC004707,1,4576.35,4576.35,0,13,1,0,1
ACC004709,1,9449.51,9449.51,0,5,1,0,1
ACC004710,1,9042.42,9042.42,0,2,1,0,1
ACC004711,1,13212.7,13212.7,0,14,1,0,1
ACC004713,1,4266.22,4266.22,0,7,1,0,1
ACC004714,1,2117.1,2117.1,0,4,1,0,1
ACC004715,1,16165.6,16165.6,0,9,1,0,1
ACC004716,2,54835.01,27417.5,42,14,2,0,2
ACC004717,1,1254.16,1254.16,0,8,1,0,1
ACC004718,1,10272.32,10272.32,0,1,1,0,1
ACC004719,1,5358.54,5358.54,0,14,1,1,1
ACC004721,2,15423.97,7711.99,134,15,2,0,2
ACC004722,2,52624.2,26312.1,157,16,2,0,2
ACC004723,1,41633.64,41633.64,0,9,1,0,1
ACC004724,1,99067.6,99067.6,0,9,1,0,1
ACC004725,1,12896.98,12896.98,0,13,1,0,1
ACC004728,2,36898.31,18449.15,129,16,2,0,2
ACC004729,1,118539.11,118539.11,0,12,1,0,1
ACC004731,1,180256.0,180256.0,0,14,1,0,1
ACC004734,3,44536.03,14845.34,306,23,3,0,2
ACC004735,2,23234.89,11617.44,28,10,2,0,2
ACC004736,2,87373.64,43686.82,20,13,2,0,2
ACC004738,2,17342.66,8671.33,139,15,2,0,2
ACC004740,1,75178.88,75178.88,0,7,1,0,1
ACC004741,1,45746.44,45746.44,0,5,1,0,1
ACC004744,3,161564.15,53854.72,124,22,3,0,2
ACC004745,1,12891.08,12891.08,0,13,1,0,1
ACC004747,1,3638.71,3638.71,0,5,1,0,1
ACC004748,2,49857.55,24928.77,5,10,2,0,2
ACC004749,2,33513.24,16756.62,147,8,2,0,2
ACC004751,2,55574.43,27787.22,129,6,2,0,2
ACC004752,1,40192.89,40192.89,0,7,1,0,1
ACC004753,3,28076.95,9358.98,302,28,3,0,3
ACC004754,1,43931.14,43931.14,0,13,1,0,1
ACC004755,1,5777.49,5777.49,0,8,1,0,1
ACC004757,3,167330.52,55776.84,309,19,3,0,3
ACC004760,2,77384.49,38692.24,310,19,2,0,2
ACC004761,1,28684.37,28684.37,0,8,1,0,1
ACC004766,1,34875.82,34875.82,0,13,1,0,1
ACC004767,1,29742.25,29742.25,0,8,1,0,1
ACC004769,2,44239.38,22119.69,119,23,2,0,2
ACC004770,1,122821.61,122821.61,0,4,1,0,1
ACC004771,1,15095.88,15095.88,0,8,1,1,1
ACC004774,2,17756.39,8878.19,91,23,2,0,2
ACC004776,2,47254.11,23627.05,197,21,2,0,1
ACC004777,2,24570.84,12285.42,178,14,2,0,2
ACC004779,2,18206.31,9103.16,98,22,2,0,2
ACC004780,1,62962.47,62962.47,0,12,1,0,1
ACC004783,2,13732.92,6866.46,133,17,2,0,2
ACC004784,1,33107.98,33107.98,0,4,1,0,1
ACC004785,3,60610.1,20203.37,303,27,3,1,3
ACC004786,2,43499.1,21749.55,370,22,2,1,2
ACC004787,1,45851.32,45851.32,0,5,1,0,1
ACC004788,2,99171.47,49585.74,395,11,2,1,2
ACC004789,2,63459.68,31729.84,216,19,2,0,2
ACC004790,2,20390.25,10195.12,251,13,2,0,2
ACC004791,1,21986.66,21986.66,0,9,1,0,1
ACC004793,2,28675.19,14337.6,96,23,2,0,2
ACC004797,1,34865.63,34865.63,0,14,1,0,1
ACC004799,1,69918.02,69918.02,0,11,1,0,1
ACC004801,2,22190.88,11095.44,11,16,2,1,2
ACC004802,2,3938.73,1969.37,33,20,2,0,2
ACC004803,1,12447.84,12447.84,0,7,1,0,1
ACC004805,3,101659.65,33886.55,29,28,3,1,3
ACC004806,1,12809.19,12809.19,0,3,1,0,1
ACC004807,2,18934.76,9467.38,169,6,2,1,2
ACC004808,3,47255.75,15751.92,201,22,3,0,2
ACC004811,2,19130.95,9565.48,203,8,2,0,2
ACC004813,1,38763.48,38763.48,0,12,1,0,1
ACC004814,1,24595.68,24595.68,0,10,1,0,1
ACC004817,3,96342.42,32114.14,262,28,3,0,3
ACC004818,1,11485.43,11485.43,0,10,1,0,1
ACC004819,1,18858.08,18858.08,0,8,1,0,1
ACC004820,1,4682.16,4682.16,0,12,1,1,1
ACC004821,2,78512.35,39256.18,319,20,2,0,2
ACC004822,1,15617.6,15617.6,0,7,1,0,1
ACC004823,1,3609.82,3609.82,0,5,1,0,1
ACC004824,2,12792.0,6396.0,91,11,2,0,2
ACC004825,1,37374.53,37374.53,0,3,1,1,1
ACC004826,1,9146.88,9146.88,0,7,1,0,1
ACC004827,1,2388.34,2388.34,0,10,1,0,1
ACC004828,4,88087.57,22021.89,219,20,4,0,3
ACC004830,1,37996.11,37996.11,0,10,1,0,1
ACC004834,4,85566.27,21391.57,448,23,4,1,3
ACC004835,1,17119.29,17119.29,0,13,1,0,1
ACC004837,1,110585.03,110585.03,0,9,1,0,1
ACC004838,2,35560.61,17780.31,150,11,2,0,2
ACC004839,1,25013.47,25013.47,0,1,1,0,1
ACC004840,2,2861.53,1430.76,160,12,2,0,2
ACC004841,2,22184.24,11092.12,343,27,2,0,2
ACC004842,1,25733.35,25733.35,0,12,1,0,1
ACC004843,1,24793.47,24793.47,0,10,1,0,1
ACC004844,2,21695.52,10847.76,35,15,2,0,2
ACC004846,1,1871.4,1871.4,0,5,1,0,1
ACC004847,1,20687.66,20687.66,0,7,1,0,1
ACC004850,1,47680.94,47680.94,0,5,1,0,1
ACC004851,1,24437.25,24437.25,0,11,1,0,1
ACC004853,2,56553.65,28276.82,24,11,2,0,2
ACC004854,1,10166.06,10166.06,0,6,1,0,1
ACC004856,1,13102.11,13102.11,0,1,1,0,1
ACC004858,2,97748.15,48874.08,34,17,2,0,1
ACC004861,2,36953.06,18476.53,9,18,2,0,2
ACC004862,2,21233.2,10616.6,310,14,2,0,1
ACC004864,2,57525.9,28762.95,37,18,2,0,2
ACC004867,1,27924.26,27924.26,0,5,1,0,1
ACC004868,1,28835.43,28835.43,0,5,1,0,1
ACC004869,1,25120.82,25120.82,0,8,1,0,1
ACC004870,2,18816.09,9408.05,84,14,2,0,2
ACC004871,1,19766.85,19766.85,0,1,1,0,1
ACC004872,1,15639.87,15639.87,0,7,1,0,1
ACC004873,1,30650.77,30650.77,0,2,1,0,1
ACC004874,1,36950.02,36950.02,0,14,1,0,1
ACC004875,2,179317.41,89658.7,40,20,2,0,2
ACC004876,2,26597.99,13298.99,40,11,2,0,2
ACC004877,2,86898.38,43449.19,12,18,2,0,2
ACC004880,2,92709.84,46354.92,53,19,2,0,2
ACC004881,1,36373.5,36373.5,0,11,1,0,1
ACC004886,2,34913.73,17456.87,33,6,2,0,2
ACC004887,2,42536.53,21268.26,134,22,2,0,2
ACC004889,2,22875.51,11437.75,214,17,2,0,2
ACC004890,1,9037.84,9037.84,0,12,1,0,1
ACC004891,1,16064.48,16064.48,0,8,1,0,1
ACC004893,1,14132.55,14132.55,0,4,1,0,1
ACC004896,1,121007.43,121007.43,0,12,1,0,1
ACC004897,3,58786.61,19595.54,81,24,3,0,3
ACC004898,1,8106.33,8106.33,0,11,1,0,1
ACC004899,1,64808.79,64808.79,0,1,1,0,1
ACC004900,3,140529.64,46843.21,175,37,3,0,3
ACC004902,2,59486.53,29743.26,25,13,2,0,2
ACC004903,1,12339.25,12339.25,0,13,1,0,1
ACC004904,2,89174.6,44587.3,88,17,2,0,2
ACC004906,1,49156.3,49156.3,0,11,1,0,1
ACC004907,1,60355.67,60355.67,0,6,1,0,1
ACC004908,1,29696.55,29696.55,0,9,1,0,1
ACC004909,2,21187.92,10593.96,180,14,2,0,2
ACC004910,1,4224.7,4224.7,0,9,1,0,1
ACC004913,1,18251.05,18251.05,0,7,1,0,1
ACC004916,2,48997.84,24498.92,212,20,2,1,2
ACC004917,1,5179.6,5179.6,0,9,1,0,1
ACC004918,1,10329.85,10329.85,0,1,1,0,1
ACC004919,1,22822.85,22822.85,0,13,1,0,1
ACC004920,3,114540.25,38180.08,330,18,3,0,2
ACC004921,1,41384.29,41384.29,0,2,1,0,1
ACC004923,2,71034.95,35517.48,333,14,2,1,1
ACC004924,1,16747.94,16747.94,0,13,1,0,1
ACC004925,2,51510.73,25755.37,200,21,2,0,2
ACC004926,1,24737.5,24737.5,0,3,1,1,1
ACC004927,2,20191.41,10095.7,248,22,2,0,1
ACC004930,2,84665.04,42332.52,187,12,2,0,2
ACC004931,3,114438.15,38146.05,246,35,3,0,1
ACC004932,2,95791.94,47895.97,422,4,2,1,2
ACC004934,1,31685.99,31685.99,0,1,1,0,1
ACC004936,1,9788.02,9788.02,0,7,1,0,1
ACC004937,2,79819.06,39909.53,26,16,2,0,2
ACC004938,1,36015.0,36015.0,0,13,1,0,1
ACC004939,1,46878.02,46878.02,0,3,1,0,1
ACC004941,1,14732.25,14732.25,0,1,1,0,1
ACC004943,3,141248.66,47082.89,121,28,3,0,3
ACC004944,1,2673.07,2673.07,0,10,1,0,1
ACC004945,2,25450.86,12725.43,244,23,2,0,2
ACC004946,1,8601.47,8601.47,0,2,1,0,1
ACC004948,1,34534.54,34534.54,0,8,1,0,1
ACC004949,3,37031.9,12343.97,187,32,3,0,2
ACC004950,2,35023.6,17511.8,365,19,2,0,2
ACC004951,1,14637.51,14637.51,0,14,1,0,1
ACC004952,1,75921.72,75921.72,0,1,1,0,1
ACC004954,3,35040.5,11680.17,162,26,3,0,2
ACC004958,1,8573.1,8573.1,0,7,1,0,1
ACC004959,2,94169.48,47084.74,316,17,2,0,1
ACC004960,2,94009.09,47004.54,124,17,2,0,2
ACC004962,3,48475.0,16158.33,304,8,3,0,2
ACC004965,1,16585.91,16585.91,0,14,1,0,1
ACC004967,1,99790.41,99790.41,0,12,1,0,1
ACC004968,2,17561.55,8780.77,67,18,2,0,2
ACC004969,1,37167.26,37167.26,0,4,1,0,1
ACC004971,1,29910.27,29910.27,0,11,1,0,1
ACC004972,1,650.1,650.1,0,11,1,0,1
ACC004973,1,67648.19,67648.19,0,11,1,1,1
ACC004974,2,38822.68,19411.34,3,10,2,0,1
ACC004975,1,2885.55,2885.55,0,12,1,0,1
ACC004977,3,86323.15,28774.38,329,13,3,1,1
ACC004978,2,46908.46,23454.23,299,27,2,0,2
ACC004980,1,17536.35,17536.35,0,4,1,0,1
ACC004981,1,32811.53,32811.53,0,7,1,0,1
ACC004984,2,6933.08,3466.54,211,14,2,0,2
ACC004985,1,995.62,995.62,0,1,1,0,1
ACC004986,1,18873.37,18873.37,0,10,1,0,1
ACC004987,1,5503.05,5503.05,0,1,1,0,1
ACC004989,1,52087.82,52087.82,0,11,1,0,1
ACC004991,1,33173.49,33173.49,0,5,1,0,1
ACC004992,1,1144.45,1144.45,0,2,1,0,1
ACC004993,2,18461.33,9230.67,158,14,2,0,1
ACC004995,1,55819.4,55819.4,0,12,1,0,1
ACC004997,1,7770.89,7770.89,0,6,1,0,1
ACC004998,1,24821.88,24821.88,0,1,1,1,1
ACC004999,1,46515.22,46515.22,0,9,1,0,1
ACC005000,1,14579.73,14579.73,0,1,1,0,1
ACC005001,2,41739.0,20869.5,11,9,2,0,2
ACC005002,3,36880.36,12293.45,302,8,3,0,3
ACC005006,1,25614.72,25614.72,0,7,1,0,1
ACC005007,1,7291.02,7291.02,0,1,1,0,1
ACC005008,1,75281.36,75281.36,0,13,1,0,1
ACC005009,3,272891.09,90963.7,54,18,3,0,3
ACC005010,3,57757.39,19252.46,141,16,3,0,3
ACC005011,1,75204.1,75204.1,0,14,1,0,1
ACC005012,1,19555.52,19555.52,0,7,1,0,1
ACC005013,1,2414.19,2414.19,0,3,1,0,1
ACC005014,1,31295.16,31295.16,0,2,1,0,1
ACC005016,2,74789.22,37394.61,137,17,2,0,2
ACC005017,3,63053.19,21017.73,165,34,3,0,2
ACC005018,3,22359.57,7453.19,276,8,3,0,2
ACC005019,3,52076.19,17358.73,352,20,3,0,2
ACC005021,2,52136.49,26068.25,292,17,2,0,2
ACC005023,1,9149.69,9149.69,0,5,1,0,1
ACC005024,1,3377.66,3377.66,0,4,1,0,1
ACC005025,1,16856.84,16856.84,0,8,1,0,1
ACC005026,1,1260.61,1260.61,0,1,1,0,1
ACC005029,1,1930.35,1930.35,0,3,1,0,1
ACC005030,2,24490.68,12245.34,85,6,2,0,2
ACC005034,2,43656.49,21828.25,115,18,2,1,1
ACC005036,2,52704.74,26352.37,90,25,2,0,2
ACC005037,3,26114.81,8704.94,217,16,3,0,3
ACC005038,1,16934.02,16934.02,0,5,1,0,1
ACC005039,2,46899.34,23449.67,115,11,2,0,2
ACC005040,2,17002.22,8501.11,345,11,2,0,2
ACC005041,1,3101.86,3101.86,0,3,1,0,1
ACC005043,2,112262.54,56131.27,333,21,2,1,2
ACC005046,1,21933.68,21933.68,0,8,1,1,1
ACC005049,1,10245.98,10245.98,0,5,1,1,1
ACC005050,2,97364.69,48682.34,95,22,2,0,2
ACC005051,2,68156.7,34078.35,105,20,2,0,2
ACC005052,2,7867.71,3933.86,9,9,2,2,2
ACC005053,1,4716.99,4716.99,0,14,1,0,1
ACC005054,2,28376.87,14188.43,131,13,2,0,2
ACC005056,1,3000.71,3000.71,0,9,1,0,1
ACC005057,1,56225.22,56225.22,0,12,1,0,1
ACC005059,2,176241.26,88120.63,19,20,2,0,2
ACC005060,2,50566.32,25283.16,8,22,2,0,2
ACC005063,3,126592.71,42197.57,371,27,3,1,3
ACC005064,2,15954.66,7977.33,46,21,2,0,2
ACC005067,2,81993.72,40996.86,141,23,2,0,2
ACC005068,3,69542.22,23180.74,249,13,3,0,3
ACC005075,1,23019.83,23019.83,0,2,1,0,1
ACC005076,1,4400.75,4400.75,0,12,1,0,1
ACC005077,2,5397.9,2698.95,2,18,2,0,1
ACC005078,1,1041.08,1041.08,0,11,1,0,1
ACC005079,1,54072.51,54072.51,0,13,1,0,1
ACC005080,1,18135.61,18135.61,0,14,1,0,1
ACC005081,2,38155.14,19077.57,225,25,2,0,1
ACC005083,2,47371.97,23685.99,302,25,2,0,2
ACC005084,1,14558.2,14558.2,0,12,1,0,1
ACC005086,1,33453.3,33453.3,0,6,1,0,1
ACC005089,1,6378.38,6378.38,0,11,1,0,1
ACC005090,1,4901.58,4901.58,0,10,1,0,1
ACC005091,1,81159.93,81159.93,0,8,1,0,1
ACC005093,1,26034.55,26034.55,0,6,1,0,1
ACC005094,1,596.94,596.94,0,1,1,0,1
ACC005095,1,4584.25,4584.25,0,10,1,0,1
ACC005096,2,43633.2,21816.6,183,12,2,0,2
ACC005097,2,77113.52,38556.76,18,7,2,0,2
ACC005100,1,11774.04,11774.04,0,13,1,0,1
ACC005101,1,52364.07,52364.07,0,10,1,0,1
ACC005102,1,4248.23,4248.23,0,3,1,0,1
ACC005105,3,95583.82,31861.27,245,14,3,0,3
ACC005107,1,50211.01,50211.01,0,12,1,0,1
ACC005108,1,56711.41,56711.41,0,11,1,0,1
ACC005109,1,18497.84,18497.84,0,2,1,0,1
ACC005110,1,17573.65,17573.65,0,13,1,0,1
ACC005111,2,11911.16,5955.58,289,11,2,1,2
ACC005113,4,72666.14,18166.53,313,36,4,0,4
ACC005116,2,93127.93,46563.96,273,19,2,0,1
ACC005118,1,30757.39,30757.39,0,12,1,0,1
ACC005120,3,7502.16,2500.72,179,31,3,0,3
ACC005122,1,31008.2,31008.2,0,2,1,0,1
ACC005123,1,62861.3,62861.3,0,3,1,0,1
ACC005124,2,142216.05,71108.03,95,12,2,0,1
ACC005128,3,49547.7,16515.9,317,16,3,1,3
ACC005129,2,29912.26,14956.13,197,14,2,1,2
ACC005130,1,60412.64,60412.64,0,9,1,0,1
ACC005131,1,22054.85,22054.85,0,1,1,0,1
ACC005132,2,88103.13,44051.57,98,18,2,0,2
ACC005134,1,27560.32,27560.32,0,13,1,0,1
ACC005135,2,58297.82,29148.91,105,18,2,1,2
ACC005136,4,208997.32,52249.33,269,16,4,0,3
ACC005137,2,35224.08,17612.04,88,12,2,0,2
ACC005139,4,82864.92,20716.23,372,29,4,0,4
ACC005140,2,33002.44,16501.22,65,7,2,0,2
ACC005141,2,78312.87,39156.43,146,14,2,0,2
ACC005142,1,28265.31,28265.31,0,11,1,0,1
ACC005145,1,64956.97,64956.97,0,1,1,0,1
ACC005148,1,70173.31,70173.31,0,13,1,0,1
ACC005149,3,105457.82,35152.61,386,12,3,1,3
ACC005150,3,81847.5,27282.5,305,29,3,0,1
ACC005151,1,1477.51,1477.51,0,6,1,0,1
ACC005153,1,3126.69,3126.69,0,10,1,0,1
ACC005157,1,17097.94,17097.94,0,11,1,0,1
ACC005159,1,35810.94,35810.94,0,13,1,0,1
ACC005160,1,76007.78,76007.78,0,6,1,0,1
ACC005161,1,53322.6,53322.6,0,4,1,0,1
ACC005163,1,31265.79,31265.79,0,8,1,0,1
ACC005164,1,51431.97,51431.97,0,7,1,0,1
ACC005167,1,63237.24,63237.24,0,8,1,0,1
ACC005168,2,24504.27,12252.14,392,10,2,1,2
ACC005170,2,48291.2,24145.6,40,17,2,0,2
ACC005171,1,14580.33,14580.33,0,4,1,0,1
ACC005172,2,47488.43,23744.22,26,13,2,0,2
ACC005173,3,56802.77,18934.26,40,26,3,0,2
ACC005174,2,73245.84,36622.92,119,10,2,0,1
ACC005176,1,9919.24,9919.24,0,1,1,0,1
ACC005177,1,30266.07,30266.07,0,9,1,0,1
ACC005178,2,19075.23,9537.62,230,18,2,0,2
ACC005179,1,92884.47,92884.47,0,6,1,0,1
ACC005180,1,39946.86,39946.86,0,5,1,0,1
ACC005181,1,20793.6,20793.6,0,1,1,0,1
ACC005182,1,38640.79,38640.79,0,8,1,0,1
ACC005184,1,9957.83,9957.83,0,1,1,0,1
ACC005186,2,64793.29,32396.65,70,15,2,0,1
ACC005187,3,49804.33,16601.44,75,23,3,0,3
ACC005188,3,37237.2,12412.4,368,40,3,1,3
ACC005191,1,38544.6,38544.6,0,5,1,0,1
ACC005193,2,33494.5,16747.25,166,12,2,1,1
ACC005194,2,35369.35,17684.67,226,12,2,0,2
ACC005196,2,71137.59,35568.79,92,19,2,0,2
ACC005197,2,97093.45,48546.73,227,13,2,0,2
ACC005198,1,65822.57,65822.57,0,7,1,1,1
ACC005199,2,17354.96,8677.48,67,15,2,0,2
ACC005201,2,50861.75,25430.88,60,17,2,0,2
ACC005202,2,138060.5,69030.25,49,13,2,0,2
ACC005204,1,31401.47,31401.47,0,10,1,0,1
ACC005205,1,20403.46,20403.46,0,6,1,1,1
ACC005207,1,31692.19,31692.19,0,5,1,0,1
ACC005208,2,66845.15,33422.57,69,13,2,0,2
ACC005209,1,12446.87,12446.87,0,6,1,0,1
ACC005211,1,3709.78,3709.78,0,14,1,0,1
ACC005212,1,2018.18,2018.18,0,11,1,0,1
ACC005214,1,14760.75,14760.75,0,10,1,0,1
ACC005216,1,17088.61,17088.61,0,12,1,0,1
ACC005217,1,3865.44,3865.44,0,9,1,0,1
ACC005218,1,28155.38,28155.38,0,7,1,0,1
ACC005219,1,20537.93,20537.93,0,2,1,0,1
ACC005221,2,23184.82,11592.41,145,19,2,0,2
ACC005222,1,31956.31,31956.31,0,10,1,0,1
ACC005223,1,13733.48,13733.48,0,8,1,0,1
ACC005224,2,10072.3,5036.15,8,14,2,0,1
ACC005226,2,76417.82,38208.91,40,11,2,0,2
ACC005227,1,17901.9,17901.9,0,14,1,0,1
ACC005228,1,43725.14,43725.14,0,8,1,0,1
ACC005229,2,66948.15,33474.07,198,6,2,0,2
ACC005231,1,61565.62,61565.62,0,11,1,0,1
ACC005234,2,86459.55,43229.78,106,16,2,0,2
ACC005235,1,4760.36,4760.36,0,1,1,0,1
ACC005237,2,17578.51,8789.26,234,13,2,1,2
ACC005239,2,3911.34,1955.67,235,18,2,0,2
ACC005241,1,15622.46,15622.46,0,6,1,0,1
ACC005242,1,19398.46,19398.46,0,14,1,0,1
ACC005244,1,3055.58,3055.58,0,5,1,0,1
ACC005245,1,87427.59,87427.59,0,1,1,0,1
ACC005248,2,51753.22,25876.61,86,8,2,0,2
ACC005250,1,5040.11,5040.11,0,5,1,0,1
ACC005251,3,20485.73,6828.58,52,27,3,0,2
ACC005252,1,13363.77,13363.77,0,1,1,0,1
ACC005253,3,29375.91,9791.97,49,21,3,0,3
ACC005254,1,38871.69,38871.69,0,3,1,0,1
ACC005256,2,71816.47,35908.24,189,16,2,0,2
ACC005257,2,22325.35,11162.67,207,11,2,0,2
ACC005258,2,24146.06,12073.03,179,5,2,0,2
ACC005265,2,46810.08,23405.04,21,18,2,0,1
ACC005266,1,3639.63,3639.63,0,12,1,0,1
ACC005267,1,18909.14,18909.14,0,2,1,0,1
ACC005268,4,76458.37,19114.59,275,17,4,0,4
ACC005269,2,11290.2,5645.1,106,6,2,1,2
ACC005270,1,1967.04,1967.04,0,2,1,0,1
ACC005271,1,7295.05,7295.05,0,7,1,0,1
ACC005273,1,13735.48,13735.48,0,14,1,0,1
ACC005274,2,32746.3,16373.15,29,16,2,0,2
ACC005275,1,2834.42,2834.42,0,5,1,0,1
ACC005276,1,51926.13,51926.13,0,2,1,0,1
ACC005277,1,2036.96,2036.96,0,6,1,0,1
ACC005280,1,2170.44,2170.44,0,11,1,0,1
ACC005283,1,4336.89,4336.89,0,12,1,0,1
ACC005284,1,3129.07,3129.07,0,6,1,0,1
ACC005288,1,4131.61,4131.61,0,13,1,0,1
ACC005291,1,8502.13,8502.13,0,7,1,0,1
ACC005293,1,11189.97,11189.97,0,2,1,1,1
ACC005297,1,13330.86,13330.86,0,6,1,0,1
ACC005299,3,64574.75,21524.92,354,26,3,0,1
ACC005300,1,47351.83,47351.83,0,7,1,0,1
ACC005306,1,8959.65,8959.65,0,5,1,0,1
ACC005308,1,1305.65,1305.65,0,7,1,0,1
ACC005310,1,19495.31,19495.31,0,4,1,0,1
ACC005313,1,869.71,869.71,0,13,1,1,1
ACC005315,4,32076.29,8019.07,344,36,4,0,4
ACC005316,2,75147.72,37573.86,14,17,2,0,2
ACC005318,1,3743.2,3743.2,0,6,1,0,1
ACC005319,2,224305.49,112152.74,104,19,2,0,2
ACC005321,2,4332.23,2166.11,157,21,2,0,2
ACC005322,1,28000.92,28000.92,0,7,1,0,1
ACC005323,1,23770.39,23770.39,0,1,1,0,1
ACC005325,2,87499.15,43749.57,150,14,2,0,2
ACC005327,2,90577.86,45288.93,194,21,2,0,2
ACC005328,1,40349.45,40349.45,0,11,1,0,1
ACC005330,1,54433.81,54433.81,0,4,1,0,1
ACC005331,1,35092.1,35092.1,0,9,1,0,1
ACC005332,1,64242.58,64242.58,0,1,1,0,1
ACC005333,2,21845.82,10922.91,125,12,2,0,2
ACC005334,1,16710.92,16710.92,0,4,1,0,1
ACC005335,3,71360.99,23787.0,171,23,3,0,3
ACC005336,1,16293.64,16293.64,0,14,1,0,1
ACC005337,2,28941.97,14470.99,306,9,2,1,2
ACC005339,1,3529.86,3529.86,0,12,1,1,1
ACC005340,2,28668.44,14334.22,41,14,2,1,2
ACC005341,1,13337.47,13337.47,0,4,1,0,1
ACC005343,1,34094.81,34094.81,0,4,1,0,1
ACC005347,3,24606.58,8202.19,241,25,3,0,3
ACC005350,1,34064.35,34064.35,0,8,1,1,1
ACC005351,2,49366.94,24683.47,12,22,2,0,2
ACC005352,2,42778.41,21389.21,306,18,2,0,2
ACC005353,2,53735.1,26867.55,116,15,2,1,2
ACC005354,2,86581.85,43290.93,286,15,2,0,2
ACC005355,4,141593.89,35398.47,191,29,4,0,3
ACC005356,1,34142.81,34142.81,0,6,1,0,1
ACC005358,1,13296.41,13296.41,0,11,1,0,1
ACC005359,1,10945.11,10945.11,0,1,1,0,1
ACC005361,1,3773.07,3773.07,0,7,1,0,1
ACC005362,2,18472.53,9236.26,191,11,2,0,1
ACC005363,1,6774.23,6774.23,0,1,1,0,1
ACC005366,2,107350.6,53675.3,246,18,2,0,2
ACC005368,1,12353.42,12353.42,0,14,1,0,1
ACC005370,2,101942.93,50971.46,325,19,2,0,1
ACC005371,1,23204.3,23204.3,0,8,1,0,1
ACC005374,1,39876.6,39876.6,0,13,1,0,1
ACC005375,2,63586.5,31793.25,18,13,2,0,2
ACC005377,2,53853.18,26926.59,222,22,2,0,2
ACC005379,2,71647.3,35823.65,38,7,2,0,2
ACC005380,1,2321.65,2321.65,0,9,1,0,1
ACC005382,2,44919.27,22459.64,251,20,2,1,2
ACC005383,1,8855.69,8855.69,0,9,1,0,1
ACC005384,1,21147.62,21147.62,0,7,1,0,1
ACC005385,1,9943.48,9943.48,0,11,1,0,1
ACC005386,3,188001.26,62667.09,241,17,3,0,2
ACC005387,1,11278.1,11278.1,0,3,1,0,1
ACC005389,1,11306.74,11306.74,0,1,1,0,1
ACC005390,2,7417.96,3708.98,30,15,2,0,2
ACC005391,1,2974.9,2974.9,0,12,1,0,1
ACC005392,1,872.16,872.16,0,2,1,0,1
ACC005393,1,1012.28,1012.28,0,6,1,0,1
ACC005395,4,94502.48,23625.62,180,36,4,0,3
ACC005396,3,99882.93,33294.31,192,19,3,0,2
ACC005397,2,53694.67,26847.33,38,9,2,0,2
ACC005398,1,8260.94,8260.94,0,2,1,0,1
ACC005400,1,12454.85,12454.85,0,9,1,0,1
ACC005401,1,10862.79,10862.79,0,2,1,0,1
ACC005402,2,65827.56,32913.78,304,2,2,0,1
ACC005403,1,30737.12,30737.12,0,1,1,0,1
ACC005405,3,69281.24,23093.75,395,28,3,0,3
ACC005406,1,50856.25,50856.25,0,1,1,0,1
ACC005408,1,21931.95,21931.95,0,14,1,0,1
ACC005410,2,101025.55,50512.77,29,6,2,0,2
ACC005412,1,15552.96,15552.96,0,4,1,0,1
ACC005413,2,3891.81,1945.9,443,16,2,1,2
ACC005414,1,36982.63,36982.63,0,12,1,0,1
ACC005416,3,23597.17,7865.72,323,23,3,0,3
ACC005418,1,7901.89,7901.89,0,8,1,0,1
ACC005419,1,22827.41,22827.41,0,2,1,0,1
ACC005420,1,14795.15,14795.15,0,6,1,0,1
ACC005421,1,727.32,727.32,0,1,1,0,1
ACC005422,5,60510.79,12102.16,291,34,5,0,4
ACC005423,2,11878.89,5939.44,133,17,2,0,2
ACC005424,3,37711.18,12570.39,84,17,3,1,2
ACC005428,1,40820.28,40820.28,0,12,1,0,1
ACC005431,2,14709.79,7354.9,61,5,2,0,1
ACC005433,1,12212.36,12212.36,0,5,1,0,1
ACC005437,3,56588.78,18862.93,170,21,3,0,3
ACC005438,3,121898.66,40632.89,239,35,3,0,2
ACC005439,1,34048.52,34048.52,0,10,1,0,1
ACC005440,1,44377.88,44377.88,0,9,1,0,1
ACC005441,1,27376.32,27376.32,0,3,1,0,1
ACC005443,3,38551.26,12850.42,90,23,3,0,2
ACC005444,2,44691.43,22345.72,271,8,2,0,2
ACC005446,1,2046.92,2046.92,0,2,1,0,1
ACC005447,3,83284.17,27761.39,365,14,3,0,3
ACC005448,1,41645.25,41645.25,0,1,1,0,1
ACC005450,1,1329.21,1329.21,0,2,1,0,1
ACC005453,2,54405.27,27202.64,154,6,2,0,2
ACC005454,1,35377.49,35377.49,0,4,1,0,1
ACC005455,1,106254.73,106254.73,0,9,1,0,1
ACC005456,3,24944.9,8314.97,93,13,3,0,2
ACC005457,1,13082.91,13082.91,0,9,1,0,1
ACC005459,1,9836.2,9836.2,0,11,1,0,1
ACC005460,2,44539.98,22269.99,361,14,2,1,2
ACC005462,1,38878.93,38878.93,0,3,1,0,1
ACC005463,1,17692.84,17692.84,0,13,1,0,1
ACC005464,2,44152.88,22076.44,26,15,2,0,2
ACC005465,1,6713.82,6713.82,0,1,1,0,1
ACC005468,1,15425.02,15425.02,0,2,1,0,1
ACC005469,1,26978.97,26978.97,0,1,1,0,1
ACC005470,1,31666.33,31666.33,0,11,1,0,1
ACC005471,1,84911.88,84911.88,0,1,1,0,1
ACC005473,1,14490.31,14490.31,0,13,1,0,1
ACC005474,1,17227.06,17227.06,0,12,1,0,1
ACC005475,1,24293.52,24293.52,0,10,1,0,1
ACC005478,2,37732.11,18866.06,92,21,2,0,2
ACC005480,2,62818.69,31409.35,104,16,2,0,2
ACC005481,1,2239.92,2239.92,0,9,1,0,1
ACC005482,1,43122.12,43122.12,0,3,1,0,1
ACC005484,2,106771.61,53385.81,181,9,2,0,2
ACC005487,1,4780.51,4780.51,0,6,1,0,1
ACC005489,1,51157.08,51157.08,0,1,1,0,1
ACC005492,2,20534.47,10267.24,39,14,2,0,2
ACC005494,3,88451.14,29483.71,237,15,3,0,2
ACC005495,2,33446.26,16723.13,61,19,2,1,1
ACC005496,2,101841.59,50920.79,182,16,2,0,2
ACC005497,1,12850.46,12850.46,0,7,1,0,1
ACC005501,1,52760.99,52760.99,0,5,1,0,1
ACC005502,2,45668.59,22834.29,54,17,2,0,2
ACC005503,3,88889.79,29629.93,318,11,3,0,2
ACC005504,2,40563.93,20281.97,66,13,2,0,2
ACC005505,2,19500.92,9750.46,15,25,2,0,2
ACC005506,2,47405.89,23702.94,25,23,2,0,2
ACC005508,1,9788.39,9788.39,0,3,1,0,1
ACC005509,1,39608.64,39608.64,0,5,1,0,1
ACC005511,1,26184.28,26184.28,0,12,1,0,1
ACC005512,1,3974.42,3974.42,0,8,1,0,1
ACC005513,2,82505.59,41252.79,113,14,2,1,2
ACC005514,2,10506.26,5253.13,9,13,2,0,2
ACC005515,4,114412.53,28603.13,293,19,4,0,3
ACC005519,1,13498.52,13498.52,0,13,1,0,1
ACC005520,2,20126.52,10063.26,388,11,2,1,2
ACC005521,1,576.28,576.28,0,1,1,0,1
ACC005522,1,28166.33,28166.33,0,3,1,0,1
ACC005524,2,43594.53,21797.26,367,21,2,0,2
ACC005525,1,70392.78,70392.78,0,11,1,0,1
ACC005526,1,12064.69,12064.69,0,7,1,0,1
ACC005527,2,72616.62,36308.31,10,17,2,0,2
ACC005528,2,26264.7,13132.35,95,9,2,0,2
ACC005529,1,17315.73,17315.73,0,14,1,0,1
ACC005530,5,187246.85,37449.37,332,40,5,1,5
ACC005531,1,27318.8,27318.8,0,12,1,0,1
ACC005534,1,12508.96,12508.96,0,6,1,0,1
ACC005536,4,83845.99,20961.5,411,24,4,1,4
ACC005537,1,16084.24,16084.24,0,5,1,0,1
ACC005538,1,26664.03,26664.03,0,6,1,0,1
ACC005539,3,174477.33,58159.11,246,28,3,0,3
ACC005540,1,23791.96,23791.96,0,12,1,0,1
ACC005543,2,25644.86,12822.43,264,8,2,0,2
ACC005544,1,41506.37,41506.37,0,1,1,0,1
ACC005545,4,186589.68,46647.42,144,21,4,0,2
ACC005546,1,2631.16,2631.16,0,8,1,0,1
ACC005547,1,49980.24,49980.24,0,5,1,1,1
ACC005548,1,8592.03,8592.03,0,5,1,0,1
ACC005550,1,1572.99,1572.99,0,2,1,1,1
ACC005552,1,3608.59,3608.59,0,9,1,0,1
ACC005553,2,62741.86,31370.93,12,18,2,0,2
ACC005554,1,12003.59,12003.59,0,5,1,0,1
ACC005555,3,22060.97,7353.66,282,14,3,1,3
ACC005556,3,40135.06,13378.35,327,25,3,0,2
ACC005557,1,13235.82,13235.82,0,11,1,0,1
ACC005558,1,1837.34,1837.34,0,11,1,0,1
ACC005559,3,108145.05,36048.35,170,16,3,0,3
ACC005562,2,64189.69,32094.85,231,23,2,0,2
ACC005563,1,71323.1,71323.1,0,6,1,0,1
ACC005566,1,50289.81,50289.81,0,5,1,0,1
ACC005568,1,13767.58,13767.58,0,8,1,0,1
ACC005570,1,7651.0,7651.0,0,9,1,0,1
ACC005571,2,123097.96,61548.98,292,21,2,0,2
ACC005573,1,16466.8,16466.8,0,8,1,0,1
ACC005574,1,11319.15,11319.15,0,9,1,0,1
ACC005575,1,30317.66,30317.66,0,9,1,0,1
ACC005578,2,69359.07,34679.54,328,16,2,0,2
ACC005579,2,67130.65,33565.32,77,18,2,0,2
ACC005580,2,81043.15,40521.57,102,10,2,0,2
ACC005581,3,100479.73,33493.24,404,21,3,1,2
ACC005582,1,19626.82,19626.82,0,4,1,0,1
ACC005583,2,34404.69,17202.35,228,16,2,0,2
ACC005584,1,5365.45,5365.45,0,7,1,0,1
ACC005585,2,19786.36,9893.18,59,27,2,0,2
ACC005586,3,97729.97,32576.66,344,30,3,0,3
ACC005587,1,19777.01,19777.01,0,12,1,0,1
ACC005589,1,17234.96,17234.96,0,7,1,0,1
ACC005593,2,52958.93,26479.46,381,27,2,0,1
ACC005594,3,128338.47,42779.49,150,30,3,0,3
ACC005595,1,14494.7,14494.7,0,12,1,0,1
ACC005596,3,54983.39,18327.8,304,18,3,0,3
ACC005597,1,11642.99,11642.99,0,10,1,0,1
ACC005598,1,3703.01,3703.01,0,11,1,1,1
ACC005599,1,5576.75,5576.75,0,6,1,1,1
ACC005601,3,43210.67,14403.56,206,20,3,0,3
ACC005602,2,96410.03,48205.01,375,27,2,0,2
ACC005603,3,90949.13,30316.38,25,18,3,0,3
ACC005604,2,94273.03,47136.51,14,9,2,0,2
ACC005606,2,58214.25,29107.12,293,23,2,0,2
ACC005607,1,83441.05,83441.05,0,7,1,0,1
ACC005609,1,27217.05,27217.05,0,10,1,0,1
ACC005610,1,59123.78,59123.78,0,3,1,0,1
ACC005611,1,17860.27,17860.27,0,13,1,0,1
ACC005613,1,39133.79,39133.79,0,3,1,0,1
ACC005614,1,38820.7,38820.7,0,13,1,0,1
ACC005615,4,122361.26,30590.31,306,33,4,0,3
ACC005616,1,7020.72,7020.72,0,6,1,0,1
ACC005619,1,6836.35,6836.35,0,7,1,0,1
ACC005620,1,17392.15,17392.15,0,13,1,0,1
ACC005622,1,5260.06,5260.06,0,6,1,0,1
ACC005625,1,12644.31,12644.31,0,13,1,0,1
ACC005628,2,55747.47,27873.73,13,3,2,0,2
ACC005629,1,2737.47,2737.47,0,14,1,0,1
ACC005630,2,20944.75,10472.38,138,18,2,1,1
ACC005632,1,4288.29,4288.29,0,11,1,0,1
ACC005633,1,13763.92,13763.92,0,1,1,0,1
ACC005634,2,10515.74,5257.87,15,9,2,0,2
ACC005635,2,45431.71,22715.85,250,24,2,0,1
ACC005636,1,18146.53,18146.53,0,7,1,0,1
ACC005639,3,87534.71,29178.24,384,31,3,1,3
ACC005641,1,48251.92,48251.92,0,13,1,0,1
ACC005643,5,155474.18,31094.84,230,30,5,0,4
ACC005644,1,54045.85,54045.85,0,10,1,0,1
ACC005645,1,20527.33,20527.33,0,9,1,0,1
ACC005646,1,5607.96,5607.96,0,1,1,0,1
ACC005647,3,138708.94,46236.31,201,21,3,0,2
ACC005648,1,14582.44,14582.44,0,12,1,0,1
ACC005651,1,6653.45,6653.45,0,2,1,0,1
ACC005653,1,7022.64,7022.64,0,9,1,1,1
ACC005654,2,10851.85,5425.93,409,14,2,1,2
ACC005655,1,1773.29,1773.29,0,7,1,0,1
ACC005656,3,90837.24,30279.08,182,17,3,0,3
ACC005657,1,101810.94,101810.94,0,4,1,0,1
ACC005658,3,51740.06,17246.69,255,39,3,0,2
ACC005659,1,36304.34,36304.34,0,9,1,0,1
ACC005661,1,12000.22,12000.22,0,5,1,0,1
ACC005664,1,1989.81,1989.81,0,3,1,0,1
ACC005665,1,3527.94,3527.94,0,9,1,0,1
ACC005667,1,26403.31,26403.31,0,3,1,0,1
ACC005669,1,70870.41,70870.41,0,6,1,0,1
ACC005670,1,32707.06,32707.06,0,9,1,0,1
ACC005672,2,65810.33,32905.17,26,11,2,0,2
ACC005673,3,38929.9,12976.63,252,20,3,0,3
ACC005674,2,146144.68,73072.34,155,14,2,0,2
ACC005675,3,123736.98,41245.66,316,37,3,0,3
ACC005676,2,40942.84,20471.42,54,16,2,1,2
ACC005678,2,39472.48,19736.24,21,11,2,0,1
ACC005679,2,26354.75,13177.38,268,26,2,0,2
ACC005680,1,30502.6,30502.6,0,6,1,0,1
ACC005681,3,16578.61,5526.2,152,13,3,0,2
ACC005682,2,57197.93,28598.97,290,14,2,0,2
ACC005683,2,27528.57,13764.28,190,25,2,0,2
ACC005684,1,6550.2,6550.2,0,5,1,0,1
ACC005685,1,29383.28,29383.28,0,4,1,0,1
ACC005686,1,30382.0,30382.0,0,8,1,0,1
ACC005687,1,15238.28,15238.28,0,4,1,0,1
ACC005688,3,101837.86,33945.95,25,40,3,0,3
ACC005690,1,25953.89,25953.89,0,2,1,0,1
ACC005692,1,7086.79,7086.79,0,7,1,0,1
ACC005695,3,60499.91,20166.64,271,15,3,0,2
ACC005696,2,44191.0,22095.5,68,10,2,0,2
ACC005697,3,14060.63,4686.88,88,16,3,0,3
ACC005699,1,42852.85,42852.85,0,5,1,0,1
ACC005701,1,971.44,971.44,0,5,1,0,1
ACC005702,1,39341.06,39341.06,0,7,1,0,1
ACC005705,1,789.64,789.64,0,13,1,1,1
ACC005706,2,13210.18,6605.09,124,14,2,0,1
ACC005711,1,17029.99,17029.99,0,2,1,0,1
ACC005713,1,38789.97,38789.97,0,8,1,0,1
ACC005715,3,71094.64,23698.21,202,24,3,0,3
ACC005716,2,65265.61,32632.81,80,16,2,0,2
ACC005719,3,21582.65,7194.22,178,37,3,0,3
ACC005720,2,15089.47,7544.74,198,16,2,0,2
ACC005721,2,67359.25,33679.62,347,3,2,0,2
ACC005723,2,40539.68,20269.84,246,18,2,0,2
ACC005724,2,35406.82,17703.41,18,15,2,0,2
ACC005725,2,60674.14,30337.07,48,13,2,0,1
ACC005728,2,27258.04,13629.02,12,17,2,0,1
ACC005729,2,31642.5,15821.25,90,19,2,0,2
ACC005730,2,118487.08,59243.54,336,26,2,0,2
ACC005731,1,27158.21,27158.21,0,14,1,0,1
ACC005740,3,13603.31,4534.44,226,22,3,0,3
ACC005741,1,38276.18,38276.18,0,12,1,1,1
ACC005744,2,23348.54,11674.27,116,10,2,0,2
ACC005745,2,60255.35,30127.68,145,15,2,0,2
ACC005746,1,13856.06,13856.06,0,11,1,0,1
ACC005748,1,12144.5,12144.5,0,1,1,1,1
ACC005751,1,90201.91,90201.91,0,9,1,0,1
ACC005752,1,5330.45,5330.45,0,5,1,0,1
ACC005753,2,53482.74,26741.37,226,17,2,0,2
ACC005757,1,35529.68,35529.68,0,6,1,0,1
ACC005758,4,143521.28,35880.32,281,27,4,0,4
ACC005760,2,79012.9,39506.45,55,14,2,0,2
ACC005762,2,6149.37,3074.68,90,17,2,0,2
ACC005765,1,6764.5,6764.5,0,6,1,0,1
ACC005766,2,22794.37,11397.19,31,21,2,0,2
ACC005767,2,66037.56,33018.78,294,25,2,1,2
ACC005768,1,43248.74,43248.74,0,6,1,0,1
ACC005769,2,148741.12,74370.56,103,19,2,0,1
ACC005770,1,921.18,921.18,0,1,1,0,1
ACC005773,3,19482.52,6494.17,297,27,3,0,2
ACC005775,4,153011.32,38252.83,321,20,4,0,3
ACC005776,1,3833.12,3833.12,0,9,1,0,1
ACC005777,1,2753.46,2753.46,0,3,1,0,1
ACC005778,1,3543.97,3543.97,0,4,1,0,1
ACC005779,3,125784.47,41928.16,143,16,3,0,2
ACC005780,2,51020.2,25510.1,190,16,2,0,1
ACC005781,2,7859.59,3929.8,215,11,2,0,2
ACC005786,2,33956.64,16978.32,154,21,2,0,2
ACC005787,1,24407.02,24407.02,0,5,1,0,1
ACC005788,2,35585.28,17792.64,127,19,2,0,2
ACC005789,1,7460.62,7460.62,0,14,1,0,1
ACC005790,2,49002.35,24501.18,174,20,2,0,2
ACC005791,2,50343.8,25171.9,52,15,2,0,2
ACC005792,3,98625.34,32875.11,187,17,3,0,2
ACC005793,1,14221.17,14221.17,0,12,1,0,1
ACC005795,1,6858.06,6858.06,0,14,1,0,1
ACC005796,2,57234.32,28617.16,331,21,2,0,2
ACC005797,2,29426.96,14713.48,220,3,2,1,2
ACC005798,1,43643.74,43643.74,0,6,1,0,1
ACC005800,1,1215.75,1215.75,0,6,1,0,1
ACC005804,2,5708.36,2854.18,204,20,2,0,1
ACC005806,1,71320.2,71320.2,0,3,1,0,1
ACC005807,2,65291.38,32645.69,7,17,2,0,2
ACC005808,3,140845.02,46948.34,81,24,3,0,3
ACC005809,2,9328.64,4664.32,344,16,2,0,2
ACC005810,1,3221.56,3221.56,0,3,1,0,1
ACC005811,1,6485.55,6485.55,0,2,1,0,1
ACC005816,1,5434.55,5434.55,0,7,1,0,1
ACC005817,1,28141.33,28141.33,0,13,1,0,1
ACC005818,2,58586.26,29293.13,158,18,2,0,2
ACC005819,2,80884.55,40442.28,159,13,2,0,2
ACC005821,2,14678.83,7339.41,37,24,2,0,1
ACC005823,1,16251.61,16251.61,0,13,1,0,1
ACC005824,1,7463.16,7463.16,0,7,1,0,1
ACC005825,1,13451.55,13451.55,0,9,1,0,1
ACC005831,3,73644.46,24548.15,135,22,3,0,2
ACC005833,1,23154.94,23154.94,0,4,1,0,1
ACC005835,2,40505.35,20252.68,43,19,2,0,2
ACC005836,1,22431.69,22431.69,0,4,1,0,1
ACC005837,2,77843.0,38921.5,90,5,2,0,2
ACC005840,2,147790.25,73895.12,118,15,2,0,2
ACC005841,1,5723.58,5723.58,0,13,1,1,1
ACC005842,1,41070.44,41070.44,0,4,1,1,1
ACC005843,1,45454.83,45454.83,0,10,1,0,1
ACC005844,2,24257.0,12128.5,129,17,2,0,2
ACC005845,2,39246.5,19623.25,43,12,2,0,1
ACC005846,1,937.95,937.95,0,1,1,1,1
ACC005847,1,18739.26,18739.26,0,4,1,0,1
ACC005848,1,21752.13,21752.13,0,10,1,0,1
ACC005849,3,64722.92,21574.31,97,18,3,0,2
ACC005850,1,69547.86,69547.86,0,5,1,0,1
ACC005851,1,4778.19,4778.19,0,13,1,0,1
ACC005858,1,7946.09,7946.09,0,12,1,0,1
ACC005859,1,18183.0,18183.0,0,12,1,0,1
ACC005862,1,56896.44,56896.44,0,14,1,0,1
ACC005864,1,50667.6,50667.6,0,12,1,0,1
ACC005867,3,73177.34,24392.45,302,22,3,0,2
ACC005868,1,29800.91,29800.91,0,4,1,0,1
ACC005869,1,30246.04,30246.04,0,7,1,0,1
ACC005870,3,70186.38,23395.46,125,23,3,0,2
ACC005873,1,12158.44,12158.44,0,13,1,0,1
ACC005875,1,48053.25,48053.25,0,14,1,0,1
ACC005876,3,42791.88,14263.96,143,29,3,0,3
ACC005877,1,3800.63,3800.63,0,2,1,0,1
ACC005878,1,40021.87,40021.87,0,1,1,0,1
ACC005880,1,61194.81,61194.81,0,3,1,0,1
ACC005881,2,6450.43,3225.21,87,17,2,0,1
ACC005882,1,4018.94,4018.94,0,6,1,1,1
ACC005883,3,33985.91,11328.64,316,22,3,0,2
ACC005885,2,41435.81,20717.9,40,6,2,0,2
ACC005887,2,31045.91,15522.95,162,6,2,0,2
ACC005888,3,89297.49,29765.83,331,14,3,1,3
ACC005889,1,3683.76,3683.76,0,4,1,0,1
ACC005891,1,11198.84,11198.84,0,5,1,0,1
ACC005893,1,45155.16,45155.16,0,10,1,1,1
ACC005894,3,141775.16,47258.39,162,16,3,0,2
ACC005895,1,14130.83,14130.83,0,3,1,0,1
ACC005896,2,68159.01,34079.5,36,16,2,0,2
ACC005898,1,35910.48,35910.48,0,10,1,0,1
ACC005899,1,58722.4,58722.4,0,9,1,0,1
ACC005900,1,21806.95,21806.95,0,13,1,0,1
ACC005903,2,15403.88,7701.94,15,14,2,0,2
ACC005905,1,31956.55,31956.55,0,8,1,0,1
ACC005906,2,51808.03,25904.01,187,14,2,0,2
ACC005909,1,85712.8,85712.8,0,14,1,0,1
ACC005910,1,120915.22,120915.22,0,2,1,0,1
ACC005912,2,48883.61,24441.81,104,21,2,0,2
ACC005913,1,1611.86,1611.86,0,5,1,0,1
ACC005914,1,14117.93,14117.93,0,10,1,0,1
ACC005915,1,35232.55,35232.55,0,14,1,0,1
ACC005919,1,30824.48,30824.48,0,7,1,0,1
ACC005921,1,44427.27,44427.27,0,1,1,0,1
ACC005922,2,75262.94,37631.47,102,11,2,0,1
ACC005923,1,3017.93,3017.93,0,7,1,0,1
ACC005924,1,109793.66,109793.66,0,2,1,0,1
ACC005927,2,8701.5,4350.75,40,4,2,0,2
ACC005930,2,43525.15,21762.58,213,16,2,1,2
ACC005932,1,120592.72,120592.72,0,1,1,0,1
ACC005933,1,2274.73,2274.73,0,5,1,0,1
ACC005934,1,5593.86,5593.86,0,9,1,0,1
ACC005935,1,45816.69,45816.69,0,11,1,0,1
ACC005939,2,50507.73,25253.86,136,22,2,0,2
ACC005941,2,178279.4,89139.7,29,5,2,0,2
ACC005943,1,5849.78,5849.78,0,4,1,0,1
ACC005944,1,4984.91,4984.91,0,5,1,0,1
ACC005945,1,14348.42,14348.42,0,8,1,0,1
ACC005946,1,26066.61,26066.61,0,14,1,0,1
ACC005947,1,16666.48,16666.48,0,8,1,0,1
ACC005948,1,148422.43,148422.43,0,1,1,0,1
ACC005950,1,6382.33,6382.33,0,3,1,0,1
ACC005951,1,23250.23,23250.23,0,1,1,0,1
ACC005952,1,44419.96,44419.96,0,12,1,0,1
ACC005953,3,124809.45,41603.15,418,35,3,1,1
ACC005954,1,19772.67,19772.67,0,8,1,0,1
ACC005955,2,48787.39,24393.69,238,17,2,0,1
ACC005956,1,25639.15,25639.15,0,1,1,0,1
ACC005958,1,17294.68,17294.68,0,9,1,0,1
ACC005959,2,139568.04,69784.02,87,11,2,0,2
ACC005960,1,14944.47,14944.47,0,5,1,0,1
ACC005961,1,37049.94,37049.94,0,3,1,0,1
ACC005962,1,14522.04,14522.04,0,14,1,0,1
ACC005963,2,23627.85,11813.92,275,7,2,0,2
ACC005966,1,11310.52,11310.52,0,3,1,0,1
ACC005967,3,117318.74,39106.25,309,27,3,0,3
ACC005968,3,40678.35,13559.45,144,31,3,0,2
ACC005970,4,45088.39,11272.1,144,25,4,0,3
ACC005971,3,52493.58,17497.86,188,31,3,0,2
ACC005972,2,9638.16,4819.08,207,8,2,0,2
ACC005973,1,10041.36,10041.36,0,2,1,0,1
ACC005975,1,12229.02,12229.02,0,3,1,0,1
ACC005976,1,4042.62,4042.62,0,2,1,0,1
ACC005978,1,15930.82,15930.82,0,1,1,0,1
ACC005980,1,25019.95,25019.95,0,10,1,0,1
ACC005983,2,65364.93,32682.47,101,11,2,0,2
ACC005984,2,37578.01,18789.01,292,7,2,0,1
ACC005985,1,23366.45,23366.45,0,4,1,0,1
ACC005986,1,46968.09,46968.09,0,3,1,0,1
ACC005988,2,78817.59,39408.79,93,25,2,0,2
ACC005989,3,121848.84,40616.28,150,22,3,0,3
ACC005990,2,22598.46,11299.23,378,18,2,0,2
ACC005992,1,14433.49,14433.49,0,7,1,0,1
ACC005993,1,34337.56,34337.56,0,11,1,0,1
ACC005995,2,50767.29,25383.65,37,26,2,0,2
ACC005996,1,29517.87,29517.87,0,14,1,0,1
ACC005997,2,11205.86,5602.93,26,9,2,0,2
ACC005998,2,83860.01,41930.01,317,24,2,0,2
ACC005999,1,2270.8,2270.8,0,1,1,0,1
ACC006000,1,10992.2,10992.2,0,7,1,0,1
ACC006002,1,42571.75,42571.75,0,1,1,0,1
ACC006003,1,29577.88,29577.88,0,14,1,0,1
ACC006004,2,30981.81,15490.91,22,8,2,0,2
ACC006005,2,130980.79,65490.39,144,14,2,0,2
ACC006007,2,7126.2,3563.1,111,19,2,0,2
ACC006008,1,39378.77,39378.77,0,4,1,0,1
ACC006010,1,34620.43,34620.43,0,3,1,0,1
ACC006011,1,19827.92,19827.92,0,9,1,1,1
ACC006012,2,25670.13,12835.06,137,6,2,0,2
ACC006013,2,17798.74,8899.37,113,10,2,1,2
ACC006014,1,14075.05,14075.05,0,3,1,0,1
ACC006016,2,50335.83,25167.92,39,3,2,0,1
ACC006019,1,4254.43,4254.43,0,2,1,0,1
ACC006020,2,26315.95,13157.98,242,22,2,0,2
ACC006023,1,15749.63,15749.63,0,9,1,0,1
ACC006026,1,8557.36,8557.36,0,4,1,0,1
ACC006027,1,23454.76,23454.76,0,13,1,0,1
ACC006028,3,105439.96,35146.65,411,17,3,0,2
ACC006030,2,31592.39,15796.19,60,22,2,1,2
ACC006031,3,97094.02,32364.67,236,31,3,0,2
ACC006032,1,6138.98,6138.98,0,3,1,0,1
ACC006033,2,69120.9,34560.45,238,9,2,0,2
ACC006034,1,4293.93,4293.93,0,11,1,0,1
ACC006035,1,19636.81,19636.81,0,3,1,0,1
ACC006038,3,86956.94,28985.65,143,14,3,0,2
ACC006040,1,36549.61,36549.61,0,2,1,0,1
ACC006041,1,13027.28,13027.28,0,13,1,1,1
ACC006042,1,3572.35,3572.35,0,13,1,1,1
ACC006047,1,10280.9,10280.9,0,7,1,0,1
ACC006049,1,9539.56,9539.56,0,5,1,0,1
ACC006052,3,119143.92,39714.64,254,31,3,0,2
ACC006053,2,72206.29,36103.15,170,11,2,1,1
ACC006054,1,33500.79,33500.79,0,11,1,0,1
ACC006057,1,34469.81,34469.81,0,4,1,0,1
ACC006058,2,36950.28,18475.14,113,12,2,0,2
ACC006059,1,2773.65,2773.65,0,2,1,0,1
ACC006060,2,13345.14,6672.57,167,11,2,0,2
ACC006062,1,34848.03,34848.03,0,6,1,0,1
ACC006064,2,25095.9,12547.95,177,18,2,0,2
ACC006067,1,79663.19,79663.19,0,14,1,0,1
ACC006068,1,16021.65,16021.65,0,13,1,0,1
ACC006070,1,4389.61,4389.61,0,8,1,0,1
ACC006071,1,16217.01,16217.01,0,12,1,0,1
ACC006072,2,75404.74,37702.37,259,13,2,0,2
ACC006073,1,12371.73,12371.73,0,4,1,0,1
ACC006074,1,67109.49,67109.49,0,11,1,0,1
ACC006076,2,22055.82,11027.91,311,18,2,0,1
ACC006078,3,58108.83,19369.61,312,28,3,0,3
ACC006081,2,9737.89,4868.94,313,19,2,0,2
ACC006082,1,679.6,679.6,0,13,1,0,1
ACC006083,1,22145.32,22145.32,0,12,1,0,1
ACC006085,2,52872.98,26436.49,396,14,2,1,2
ACC006087,3,51746.08,17248.69,122,32,3,0,3
ACC006088,2,54549.65,27274.83,0,15,2,0,1
ACC006090,1,3372.65,3372.65,0,5,1,0,1
ACC006092,1,2401.78,2401.78,0,9,1,0,1
ACC006093,1,27075.84,27075.84,0,5,1,0,1
ACC006094,2,106692.33,53346.17,130,18,2,0,1
ACC006095,1,97694.2,97694.2,0,3,1,0,1
ACC006096,4,139380.47,34845.12,288,35,4,0,3
ACC006097,1,133793.0,133793.0,0,7,1,0,1
ACC006098,1,62684.13,62684.13,0,5,1,0,1
ACC006099,1,1490.71,1490.71,0,11,1,0,1
ACC006101,2,28627.89,14313.94,225,20,2,0,2
ACC006102,1,75552.61,75552.61,0,5,1,0,1
ACC006105,1,25712.03,25712.03,0,6,1,0,1
ACC006106,2,60512.66,30256.33,228,7,2,0,2
ACC006107,1,2517.18,2517.18,0,10,1,0,1
ACC006108,2,127253.54,63626.77,77,22,2,0,2
ACC006109,1,2841.92,2841.92,0,4,1,0,1
ACC006110,1,47070.03,47070.03,0,3,1,0,1
ACC006112,2,29769.75,14884.88,41,23,2,0,2
ACC006113,1,85303.33,85303.33,0,2,1,0,1
ACC006114,1,1478.49,1478.49,0,8,1,0,1
ACC006116,1,10777.99,10777.99,0,14,1,0,1
ACC006118,1,24327.69,24327.69,0,2,1,0,1
ACC006119,2,33230.12,16615.06,6,14,2,0,2
ACC006120,1,1521.15,1521.15,0,6,1,0,1
ACC006122,3,43771.69,14590.56,205,21,3,0,3
ACC006123,2,43997.0,21998.5,21,10,2,0,1
ACC006124,1,691.58,691.58,0,6,1,0,1
ACC006125,1,3545.49,3545.49,0,2,1,1,1
ACC006126,2,13274.85,6637.43,109,11,2,0,1
ACC006128,3,24432.85,8144.28,193,14,3,0,2
ACC006130,1,68853.44,68853.44,0,8,1,0,1
ACC006132,3,55911.04,18637.01,382,25,3,1,3
ACC006137,1,2798.26,2798.26,0,5,1,1,1
ACC006138,1,593.67,593.67,0,3,1,0,1
ACC006139,3,47710.99,15903.66,141,17,3,0,1
ACC006142,1,10166.02,10166.02,0,9,1,0,1
ACC006143,1,13519.47,13519.47,0,7,1,0,1
ACC006145,3,60024.33,20008.11,296,24,3,0,1
ACC006146,1,7672.12,7672.12,0,13,1,0,1
ACC006148,1,24624.7,24624.7,0,14,1,0,1
ACC006149,2,55500.14,27750.07,294,14,2,0,1
ACC006151,1,11188.97,11188.97,0,14,1,0,1
ACC006153,1,1931.52,1931.52,0,7,1,0,1
ACC006154,1,14378.18,14378.18,0,13,1,0,1
ACC006155,1,19558.33,19558.33,0,6,1,0,1
ACC006157,2,7663.96,3831.98,188,19,2,1,2
ACC006158,1,12024.24,12024.24,0,2,1,0,1
ACC006159,2,135519.7,67759.85,143,13,2,1,2
ACC006161,2,127994.29,63997.15,61,14,2,0,2
ACC006162,3,81170.19,27056.73,307,20,3,0,3
ACC006163,1,7312.6,7312.6,0,10,1,1,1
ACC006164,1,25227.39,25227.39,0,9,1,0,1
ACC006166,2,125583.78,62791.89,130,6,2,0,2
ACC006168,3,90785.97,30261.99,184,20,3,0,3
ACC006169,2,49809.4,24904.7,204,16,2,0,2
ACC006170,1,17585.47,17585.47,0,10,1,0,1
ACC006171,1,1932.37,1932.37,0,5,1,0,1
ACC006172,2,47844.87,23922.44,3,23,2,0,2
ACC006173,2,22356.35,11178.17,15,6,2,0,2
ACC006174,1,18950.34,18950.34,0,4,1,0,1
ACC006175,1,32920.92,32920.92,0,9,1,0,1
ACC006176,3,39475.44,13158.48,76,23,3,0,3
ACC006177,1,15299.56,15299.56,0,3,1,0,1
ACC006178,3,29726.96,9908.99,307,14,3,1,2
ACC006179,2,34072.58,17036.29,78,13,2,0,2
ACC006180,1,24611.19,24611.19,0,11,1,0,1
ACC006182,1,45985.7,45985.7,0,10,1,0,1
ACC006183,2,99713.68,49856.84,124,20,2,0,2
ACC006184,1,53507.46,53507.46,0,8,1,0,1
ACC006185,2,48251.86,24125.93,26,21,2,0,2
ACC006186,2,54617.13,27308.56,275,10,2,0,2
ACC006188,1,53822.92,53822.92,0,2,1,0,1
ACC006189,1,27447.99,27447.99,0,7,1,0,1
ACC006193,1,7848.96,7848.96,0,3,1,0,1
ACC006197,2,65440.42,32720.21,287,16,2,0,2
ACC006198,2,23873.01,11936.51,183,9,2,0,2
ACC006199,3,87719.65,29239.88,188,25,3,1,3
ACC006200,1,6086.52,6086.52,0,3,1,0,1
ACC006201,2,30860.14,15430.07,273,9,2,0,2
ACC006203,2,8098.25,4049.12,322,17,2,0,1
ACC006204,1,38074.4,38074.4,0,3,1,0,1
ACC006205,3,84144.99,28048.33,161,35,3,0,3
ACC006206,1,14438.88,14438.88,0,9,1,0,1
ACC006208,1,5728.24,5728.24,0,10,1,0,1
ACC006209,1,15080.96,15080.96,0,13,1,0,1
ACC006211,1,42016.93,42016.93,0,14,1,0,1
ACC006212,1,40219.32,40219.32,0,9,1,0,1
ACC006214,1,14102.32,14102.32,0,8,1,0,1
ACC006215,1,89601.71,89601.71,0,2,1,0,1
ACC006217,2,27147.21,13573.6,41,9,2,1,2
ACC006218,1,17193.79,17193.79,0,13,1,0,1
ACC006219,1,35873.69,35873.69,0,14,1,0,1
ACC006220,1,11889.52,11889.52,0,2,1,0,1
ACC006223,1,37049.64,37049.64,0,3,1,0,1
ACC006224,1,8748.07,8748.07,0,10,1,0,1
ACC006225,1,24979.88,24979.88,0,7,1,0,1
ACC006228,1,22401.15,22401.15,0,8,1,1,1
ACC006229,1,19322.95,19322.95,0,11,1,0,1
ACC006230,3,97314.89,32438.3,268,20,3,0,3
ACC006232,2,104245.33,52122.67,143,14,2,0,2
ACC006233,1,4123.07,4123.07,0,13,1,0,1
ACC006234,1,127049.58,127049.58,0,14,1,0,1
ACC006235,1,11153.71,11153.71,0,3,1,1,1
ACC006236,1,17492.11,17492.11,0,8,1,0,1
ACC006238,2,10070.85,5035.42,72,6,2,0,2
ACC006239,1,1914.83,1914.83,0,13,1,0,1
ACC006240,3,79861.89,26620.63,200,18,3,0,2
ACC006242,1,52039.62,52039.62,0,14,1,0,1
ACC006243,3,17625.12,5875.04,124,27,3,0,2
ACC006244,1,10242.88,10242.88,0,9,1,1,1
ACC006249,2,36189.22,18094.61,253,15,2,0,2
ACC006251,1,23256.05,23256.05,0,9,1,0,1
ACC006252,1,63124.1,63124.1,0,4,1,0,1
ACC006255,2,157872.08,78936.04,215,16,2,0,2
ACC006257,1,43271.19,43271.19,0,13,1,0,1
ACC006258,1,4723.83,4723.83,0,7,1,0,1
ACC006261,1,18536.15,18536.15,0,1,1,0,1
ACC006262,1,93129.86,93129.86,0,2,1,0,1
ACC006263,1,21865.22,21865.22,0,14,1,0,1
ACC006265,1,64623.99,64623.99,0,10,1,0,1
ACC006268,1,35178.81,35178.81,0,3,1,0,1
ACC006269,2,15281.47,7640.74,289,18,2,0,2
ACC006272,1,30172.82,30172.82,0,6,1,0,1
ACC006273,2,32722.94,16361.47,280,10,2,0,2
ACC006274,2,6402.47,3201.23,83,7,2,0,2
ACC006275,2,70126.37,35063.18,149,8,2,0,2
ACC006276,1,16423.84,16423.84,0,9,1,0,1
ACC006277,1,9373.31,9373.31,0,12,1,0,1
ACC006279,3,58922.41,19640.8,339,24,3,0,2
ACC006280,1,1828.09,1828.09,0,8,1,0,1
ACC006281,1,26077.29,26077.29,0,5,1,0,1
ACC006284,1,39176.72,39176.72,0,8,1,0,1
ACC006285,1,28881.43,28881.43,0,12,1,0,1
ACC006287,1,26858.4,26858.4,0,6,1,0,1
ACC006288,3,122153.05,40717.68,124,15,3,0,2
ACC006292,1,15833.6,15833.6,0,9,1,0,1
ACC006293,2,21804.22,10902.11,85,14,2,1,2
ACC006295,1,29605.71,29605.71,0,10,1,0,1
ACC006297,2,42097.88,21048.94,59,9,2,0,2
ACC006298,2,10964.5,5482.25,295,14,2,0,2
ACC006299,2,26204.13,13102.07,134,16,2,0,1
ACC006300,1,24570.44,24570.44,0,3,1,1,1
ACC006301,1,67202.44,67202.44,0,8,1,0,1
ACC006302,1,36056.65,36056.65,0,4,1,0,1
ACC006304,1,43300.1,43300.1,0,3,1,0,1
ACC006305,2,97737.9,48868.95,83,24,2,0,2
ACC006306,1,4666.68,4666.68,0,9,1,0,1
ACC006308,3,26278.38,8759.46,109,25,3,0,3
ACC006310,1,13599.19,13599.19,0,1,1,0,1
ACC006311,1,56212.0,56212.0,0,8,1,0,1
ACC006312,3,149290.31,49763.44,374,20,3,0,3
ACC006314,1,10951.73,10951.73,0,3,1,0,1
ACC006316,1,3667.87,3667.87,0,1,1,0,1
ACC006317,3,33032.42,11010.81,184,41,3,0,3
ACC006318,4,110565.09,27641.27,334,30,4,0,4
ACC006319,1,37220.63,37220.63,0,3,1,0,1
ACC006320,1,2040.71,2040.71,0,11,1,0,1
ACC006321,1,90308.09,90308.09,0,14,1,0,1
ACC006325,1,6082.33,6082.33,0,1,1,0,1
ACC006326,2,140223.46,70111.73,16,5,2,0,2
ACC006328,1,5899.0,5899.0,0,1,1,0,1
ACC006329,1,22376.95,22376.95,0,14,1,0,1
ACC006331,1,32058.5,32058.5,0,1,1,0,1
ACC006332,2,11286.82,5643.41,113,11,2,0,2
ACC006339,3,185926.21,61975.4,305,14,3,0,3
ACC006340,1,9851.07,9851.07,0,12,1,0,1
ACC006342,1,10887.96,10887.96,0,9,1,0,1
ACC006343,2,43790.47,21895.24,154,10,2,1,2
ACC006344,2,112952.09,56476.04,171,25,2,0,2
ACC006345,3,9694.53,3231.51,190,21,3,0,3
ACC006346,1,39825.4,39825.4,0,11,1,0,1
ACC006347,1,44037.92,44037.92,0,5,1,0,1
ACC006348,1,46553.8,46553.8,0,13,1,0,1
ACC006349,1,25927.53,25927.53,0,4,1,0,1
ACC006350,1,16366.54,16366.54,0,13,1,0,1
ACC006351,1,24918.17,24918.17,0,1,1,0,1
ACC006352,1,55317.16,55317.16,0,14,1,0,1
ACC006354,3,186650.35,62216.78,239,26,3,0,2
ACC006355,1,7732.77,7732.77,0,3,1,0,1
ACC006357,1,16230.66,16230.66,0,1,1,0,1
ACC006358,1,22649.77,22649.77,0,1,1,0,1
ACC006359,1,16934.54,16934.54,0,10,1,0,1
ACC006363,4,79451.61,19862.9,299,51,4,1,3
ACC006365,3,109117.23,36372.41,120,27,3,0,2
ACC006366,2,14933.44,7466.72,328,22,2,0,2
ACC006370,2,91465.6,45732.8,60,17,2,0,2
ACC006372,1,40965.61,40965.61,0,7,1,1,1
ACC006373,1,25209.74,25209.74,0,14,1,1,1
ACC006374,1,7469.81,7469.81,0,4,1,0,1
ACC006376,1,11261.38,11261.38,0,8,1,0,1
ACC006377,1,38685.41,38685.41,0,10,1,0,1
ACC006378,2,15784.36,7892.18,268,15,2,0,2
ACC006380,2,154939.71,77469.86,41,14,2,0,2
ACC006381,3,45445.28,15148.43,414,10,3,1,3
ACC006384,1,4299.47,4299.47,0,3,1,0,1
ACC006385,3,64781.18,21593.73,155,29,3,0,3
ACC006386,3,58166.25,19388.75,145,24,3,0,3
ACC006387,1,54853.86,54853.86,0,10,1,0,1
ACC006388,1,22379.53,22379.53,0,9,1,0,1
ACC006389,3,117729.16,39243.05,215,20,3,0,3
ACC006394,2,66457.22,33228.61,84,17,2,0,2
ACC006397,3,33515.08,11171.69,361,22,3,1,3
ACC006399,1,37865.78,37865.78,0,4,1,0,1
ACC006400,1,36192.77,36192.77,0,3,1,0,1
ACC006402,2,19227.3,9613.65,317,5,2,0,2
ACC006404,2,3541.13,1770.57,29,21,2,0,2
ACC006405,2,59684.13,29842.06,57,14,2,0,2
ACC006406,3,95133.25,31711.08,274,18,3,1,2
ACC006412,1,12907.51,12907.51,0,11,1,0,1
ACC006413,1,6283.14,6283.14,0,6,1,0,1
ACC006417,1,10531.66,10531.66,0,11,1,0,1
ACC006419,1,15838.99,15838.99,0,13,1,1,1
ACC006420,1,3143.99,3143.99,0,6,1,0,1
ACC006421,1,34854.73,34854.73,0,12,1,0,1
ACC006422,2,70605.25,35302.62,88,28,2,0,1
ACC006424,2,42192.67,21096.33,102,15,2,1,2
ACC006426,1,20981.02,20981.02,0,9,1,0,1
ACC006427,1,49333.87,49333.87,0,14,1,0,1
ACC006429,1,16136.27,16136.27,0,10,1,0,1
ACC006430,1,101145.47,101145.47,0,11,1,0,1
ACC006431,1,10840.58,10840.58,0,3,1,0,1
ACC006433,2,23859.64,11929.82,307,19,2,0,2
ACC006436,1,45931.24,45931.24,0,4,1,0,1
ACC006437,1,2871.65,2871.65,0,14,1,1,1
ACC006438,1,68238.32,68238.32,0,7,1,0,1
ACC006440,1,15487.33,15487.33,0,11,1,0,1
ACC006441,1,56574.57,56574.57,0,7,1,1,1
ACC006442,1,35046.57,35046.57,0,8,1,0,1
ACC006445,1,28399.7,28399.7,0,10,1,0,1
ACC006446,2,70306.07,35153.04,18,9,2,0,2
ACC006447,3,126105.32,42035.11,203,29,3,0,3
ACC006448,1,21903.64,21903.64,0,7,1,0,1
ACC006449,1,3046.09,3046.09,0,10,1,0,1
ACC006453,1,48716.11,48716.11,0,12,1,0,1
ACC006454,1,8306.21,8306.21,0,8,1,0,1
ACC006455,2,66715.42,33357.71,13,17,2,0,2
ACC006458,2,40740.54,20370.27,59,21,2,0,2
ACC006459,1,4925.95,4925.95,0,9,1,0,1
ACC006460,1,1799.72,1799.72,0,12,1,0,1
ACC006461,2,78817.26,39408.63,222,12,2,0,2
ACC006462,2,31989.02,15994.51,7,15,2,0,2
ACC006463,2,18380.11,9190.06,259,25,2,0,2
ACC006466,3,61781.85,20593.95,219,21,3,0,3
ACC006467,4,54161.94,13540.49,178,38,4,0,3
ACC006468,1,9288.56,9288.56,0,11,1,0,1
ACC006469,3,63616.65,21205.55,97,19,3,0,2
ACC006470,2,79315.07,39657.54,230,17,2,0,2
ACC006473,1,62454.54,62454.54,0,5,1,0,1
ACC006474,2,24175.72,12087.86,264,10,2,1,1
ACC006477,1,53642.48,53642.48,0,5,1,1,1
ACC006478,1,34206.75,34206.75,0,13,1,0,1
ACC006479,1,50953.38,50953.38,0,6,1,0,1
ACC006481,2,7897.38,3948.69,343,20,2,0,2
ACC006482,4,143001.13,35750.28,266,21,4,1,4
ACC006486,3,131732.43,43910.81,339,16,3,0,3
ACC006487,1,13528.57,13528.57,0,2,1,0,1
ACC006490,1,1235.57,1235.57,0,2,1,0,1
ACC006491,1,76746.17,76746.17,0,11,1,0,1
ACC006493,2,36122.54,18061.27,110,20,2,0,2
ACC006496,1,25309.48,25309.48,0,7,1,1,1
ACC006497,2,39355.59,19677.79,283,10,2,0,2
ACC006498,3,33285.81,11095.27,245,29,3,1,3
ACC006501,1,29064.86,29064.86,0,5,1,0,1
ACC006502,3,21904.6,7301.53,258,17,3,0,3
ACC006503,1,42147.49,42147.49,0,14,1,0,1
ACC006504,1,59366.62,59366.62,0,13,1,0,1
ACC006505,2,83517.09,41758.54,150,13,2,0,1
ACC006506,1,2624.93,2624.93,0,11,1,0,1
ACC006508,1,34521.37,34521.37,0,9,1,0,1
ACC006509,1,12261.34,12261.34,0,7,1,0,1
ACC006510,1,8667.92,8667.92,0,2,1,0,1
ACC006511,1,704.41,704.41,0,1,1,0,1
ACC006512,1,11116.31,11116.31,0,9,1,1,1
ACC006513,2,80610.85,40305.43,159,8,2,0,2
ACC006514,2,84203.06,42101.53,51,14,2,0,1
ACC006515,2,138491.82,69245.91,202,27,2,0,2
ACC006517,1,24423.08,24423.08,0,13,1,0,1
ACC006518,3,88190.07,29396.69,147,21,3,0,3
ACC006519,1,6427.49,6427.49,0,12,1,0,1
ACC006520,2,47126.88,23563.44,145,20,2,1,2
ACC006521,1,17954.29,17954.29,0,1,1,0,1
ACC006523,1,21982.7,21982.7,0,7,1,0,1
ACC006524,1,41029.33,41029.33,0,12,1,0,1
ACC006525,1,12533.67,12533.67,0,11,1,0,1
ACC006526,1,11726.69,11726.69,0,7,1,0,1
ACC006527,1,28070.04,28070.04,0,3,1,0,1
ACC006528,2,17174.5,8587.25,40,18,2,1,1
ACC006531,2,52908.14,26454.07,102,16,2,0,2
ACC006532,2,52031.53,26015.76,95,20,2,0,2
ACC006534,2,127968.7,63984.35,189,4,2,0,2
ACC006535,3,130389.6,43463.2,246,8,3,0,3
ACC006536,1,1538.25,1538.25,0,2,1,0,1
ACC006537,1,36673.18,36673.18,0,8,1,0,1
ACC006538,1,39911.29,39911.29,0,3,1,0,1
ACC006539,2,52291.11,26145.56,72,11,2,0,2
ACC006540,1,81810.98,81810.98,0,12,1,0,1
ACC006541,1,34665.17,34665.17,0,5,1,0,1
ACC006542,3,105248.05,35082.68,243,23,3,0,3
ACC006544,3,81478.52,27159.51,131,40,3,0,3
ACC006546,1,35384.18,35384.18,0,3,1,0,1
ACC006547,1,17424.63,17424.63,0,1,1,0,1
ACC006555,1,28759.06,28759.06,0,7,1,0,1
ACC006556,1,23130.85,23130.85,0,7,1,0,1
ACC006560,2,22835.7,11417.85,189,21,2,0,2
ACC006563,1,12286.32,12286.32,0,3,1,0,1
ACC006567,2,54124.77,27062.39,242,19,2,0,2
ACC006568,1,12503.2,12503.2,0,10,1,0,1
ACC006569,2,32829.87,16414.93,51,18,2,0,1
ACC006570,3,61462.41,20487.47,213,24,3,0,3
ACC006571,1,679.19,679.19,0,12,1,0,1
ACC006572,1,23795.87,23795.87,0,2,1,0,1
ACC006573,3,53020.54,17673.51,171,31,3,0,2
ACC006579,1,51033.13,51033.13,0,13,1,0,1
ACC006582,1,26823.98,26823.98,0,3,1,0,1
ACC006583,2,50117.3,25058.65,81,18,2,0,2
ACC006584,2,6932.53,3466.26,38,7,2,0,2
ACC006585,4,97581.45,24395.36,114,36,4,0,2
ACC006586,3,44589.87,14863.29,234,21,3,0,3
ACC006587,3,45154.74,15051.58,166,23,3,0,2
ACC006588,1,4778.57,4778.57,0,3,1,0,1
ACC006590,1,25272.45,25272.45,0,13,1,0,1
ACC006595,1,1299.33,1299.33,0,4,1,0,1
ACC006596,1,16049.31,16049.31,0,5,1,0,1
ACC006597,1,4489.84,4489.84,0,1,1,0,1
ACC006600,1,23389.13,23389.13,0,6,1,1,1
ACC006601,1,10627.34,10627.34,0,1,1,0,1
ACC006602,2,10941.4,5470.7,259,11,2,0,2
ACC006603,2,89294.69,44647.35,22,6,2,0,2
ACC006604,2,15983.51,7991.75,34,23,2,0,2
ACC006611,2,57146.2,28573.1,230,20,2,0,2
ACC006613,1,24263.68,24263.68,0,6,1,0,1
ACC006614,1,27927.43,27927.43,0,10,1,1,1
ACC006615,2,38476.29,19238.15,68,19,2,0,2
ACC006617,2,103512.69,51756.35,58,14,2,0,2
ACC006618,2,86591.55,43295.78,31,14,2,0,2
ACC006619,2,21797.29,10898.65,198,20,2,0,1
ACC006620,1,29284.13,29284.13,0,2,1,0,1
ACC006623,2,143478.79,71739.4,332,26,2,0,2
ACC006624,3,81389.87,27129.96,107,16,3,1,1
ACC006625,1,1206.53,1206.53,0,8,1,0,1
ACC006627,1,36464.88,36464.88,0,2,1,0,1
ACC006628,1,50112.43,50112.43,0,2,1,0,1
ACC006630,3,60157.9,20052.63,186,18,3,0,2
ACC006634,3,21041.22,7013.74,255,5,3,0,3
ACC006635,2,44790.43,22395.22,394,5,2,1,2
ACC006637,2,130802.1,65401.05,365,11,2,0,2
ACC006638,2,32692.7,16346.35,147,14,2,0,2
ACC006639,3,109161.22,36387.07,297,32,3,0,2
ACC006640,2,40455.08,20227.54,71,13,2,0,2
ACC006641,2,52936.81,26468.4,196,16,2,1,2
ACC006643,2,9069.02,4534.51,177,11,2,0,2
ACC006645,2,52190.16,26095.08,10,24,2,0,2
ACC006646,1,4152.96,4152.96,0,14,1,0,1
ACC006647,1,9295.42,9295.42,0,13,1,0,1
ACC006648,1,11441.09,11441.09,0,13,1,0,1
ACC006651,1,22289.87,22289.87,0,14,1,0,1
ACC006652,2,77334.64,38667.32,34,18,2,0,2
ACC006655,2,56643.14,28321.57,223,12,2,0,2
ACC006656,1,18556.35,18556.35,0,14,1,0,1
ACC006657,2,53776.02,26888.01,107,17,2,0,2
ACC006662,1,28628.1,28628.1,0,2,1,0,1
ACC006663,1,7652.8,7652.8,0,8,1,0,1
ACC006664,1,53224.9,53224.9,0,3,1,0,1
ACC006666,2,30519.05,15259.52,82,18,2,1,2
ACC006667,1,1032.65,1032.65,0,11,1,0,1
ACC006668,1,13113.41,13113.41,0,12,1,0,1
ACC006670,2,47632.87,23816.43,233,12,2,0,1
ACC006671,2,43667.7,21833.85,65,14,2,0,2
ACC006672,2,43175.33,21587.67,94,23,2,0,2
ACC006674,1,15026.7,15026.7,0,9,1,1,1
ACC006675,1,46883.01,46883.01,0,1,1,0,1
ACC006676,1,15562.64,15562.64,0,12,1,0,1
ACC006677,2,55709.57,27854.78,255,11,2,0,1
ACC006678,3,69812.46,23270.82,325,24,3,1,2
ACC006679,2,10870.93,5435.47,131,21,2,0,2
ACC006680,2,41829.2,20914.6,300,20,2,0,2
ACC006682,2,47675.08,23837.54,60,25,2,0,2
ACC006684,1,16554.03,16554.03,0,1,1,0,1
ACC006686,1,600.12,600.12,0,11,1,1,1
ACC006690,2,129029.47,64514.74,426,18,2,1,2
ACC006691,1,4375.33,4375.33,0,7,1,0,1
ACC006692,1,4604.83,4604.83,0,14,1,0,1
ACC006693,1,24425.17,24425.17,0,1,1,0,1
ACC006694,2,97976.06,48988.03,92,12,2,0,2
ACC006695,1,57931.19,57931.19,0,13,1,0,1
ACC006696,3,143622.42,47874.14,186,19,3,0,3
ACC006697,1,17439.83,17439.83,0,12,1,0,1
ACC006698,2,42603.12,21301.56,53,16,2,0,2
ACC006699,2,32024.43,16012.22,51,4,2,0,2
ACC006702,1,13318.66,13318.66,0,4,1,0,1
ACC006703,1,54293.62,54293.62,0,1,1,1,1
ACC006704,2,153010.2,76505.1,125,12,2,0,2
ACC006706,1,27140.78,27140.78,0,12,1,0,1
ACC006707,1,15922.77,15922.77,0,1,1,0,1
ACC006709,3,52405.73,17468.58,424,38,3,1,2
ACC006710,1,13894.14,13894.14,0,8,1,0,1
ACC006711,1,14619.98,14619.98,0,9,1,0,1
ACC006714,1,44526.18,44526.18,0,7,1,0,1
ACC006715,2,64100.91,32050.46,42,8,2,0,2
ACC006716,2,57120.59,28560.29,17,15,2,0,1
ACC006718,2,123004.86,61502.43,330,4,2,0,2
ACC006719,1,14790.21,14790.21,0,7,1,0,1
ACC006720,3,82300.3,27433.43,266,24,3,0,1
ACC006721,1,18421.34,18421.34,0,10,1,0,1
ACC006723,1,78863.68,78863.68,0,10,1,0,1
ACC006725,1,45479.24,45479.24,0,2,1,0,1
ACC006726,1,30570.04,30570.04,0,6,1,0,1
ACC006728,2,107460.98,53730.49,171,23,2,0,2
ACC006729,1,79339.18,79339.18,0,10,1,0,1
ACC006730,3,42803.21,14267.74,235,30,3,0,2
ACC006731,2,3230.11,1615.06,144,15,2,0,2
ACC006732,2,19473.9,9736.95,38,25,2,0,2
ACC006734,3,21139.94,7046.65,82,24,3,0,3
ACC006735,1,31967.09,31967.09,0,8,1,0,1
ACC006737,3,58080.85,19360.28,70,30,3,0,2
ACC006739,1,16114.9,16114.9,0,5,1,0,1
ACC006740,1,37874.59,37874.59,0,5,1,0,1
ACC006742,1,74913.11,74913.11,0,4,1,1,1
ACC006743,1,41174.46,41174.46,0,1,1,0,1
ACC006744,1,18265.74,18265.74,0,4,1,1,1
ACC006745,2,9294.24,4647.12,83,11,2,1,2
ACC006746,1,6246.25,6246.25,0,2,1,0,1
ACC006748,3,44681.92,14893.97,155,35,3,0,2
ACC006750,2,19294.77,9647.39,44,8,2,0,2
ACC006752,3,44256.12,14752.04,283,23,3,0,2
ACC006753,2,15729.73,7864.86,2,13,2,0,2
ACC006755,1,3391.35,3391.35,0,8,1,0,1
ACC006757,1,37907.93,37907.93,0,9,1,0,1
ACC006758,1,17112.3,17112.3,0,11,1,0,1
ACC006759,1,28781.63,28781.63,0,9,1,0,1
ACC006761,1,17582.08,17582.08,0,2,1,1,1
ACC006763,1,3041.13,3041.13,0,8,1,0,1
ACC006765,3,101949.12,33983.04,60,13,3,0,3
ACC006766,2,8655.79,4327.89,58,11,2,0,2
ACC006769,2,40621.19,20310.6,74,14,2,0,1
ACC006770,2,24950.65,12475.33,307,20,2,0,2
ACC006771,2,7812.92,3906.46,59,17,2,0,2
ACC006774,2,53084.38,26542.19,295,11,2,0,2
ACC006777,1,894.92,894.92,0,14,1,0,1
ACC006779,1,1051.29,1051.29,0,5,1,0,1
ACC006780,1,7996.08,7996.08,0,3,1,0,1
ACC006781,1,4742.89,4742.89,0,2,1,0,1
ACC006782,2,47957.72,23978.86,7,20,2,0,2
ACC006784,1,3950.94,3950.94,0,10,1,1,1
ACC006785,2,81403.48,40701.74,202,11,2,0,2
ACC006786,3,56029.68,18676.56,355,30,3,1,3
ACC006787,2,12284.79,6142.4,176,12,2,0,2
ACC006788,1,12413.46,12413.46,0,4,1,0,1
ACC006789,3,62885.47,20961.82,254,20,3,0,3
ACC006791,1,2301.77,2301.77,0,7,1,0,1
ACC006792,1,20236.04,20236.04,0,10,1,0,1
ACC006793,1,1452.87,1452.87,0,11,1,0,1
ACC006794,1,3897.67,3897.67,0,4,1,0,1
ACC006795,2,106603.35,53301.68,34,16,2,0,1
ACC006797,2,52278.33,26139.16,253,12,2,0,1
ACC006798,2,46556.95,23278.47,25,13,2,0,2
ACC006799,1,66681.29,66681.29,0,12,1,1,1
ACC006800,1,15492.51,15492.51,0,4,1,0,1
ACC006803,1,16219.93,16219.93,0,4,1,0,1
ACC006805,1,58908.32,58908.32,0,7,1,0,1
ACC006807,1,18664.5,18664.5,0,1,1,0,1
ACC006808,1,67414.15,67414.15,0,6,1,0,1
ACC006809,2,25628.75,12814.38,35,14,2,0,2
ACC006817,2,71384.3,35692.15,253,10,2,0,2
ACC006818,1,3249.4,3249.4,0,8,1,1,1
ACC006820,1,1822.15,1822.15,0,1,1,0,1
ACC006823,1,27413.83,27413.83,0,4,1,0,1
ACC006824,1,18053.8,18053.8,0,6,1,0,1
ACC006825,1,35970.33,35970.33,0,3,1,0,1
ACC006826,2,35952.87,17976.43,381,16,2,1,1
ACC006827,1,89205.48,89205.48,0,8,1,0,1
ACC006828,3,100514.84,33504.95,162,20,3,0,2
ACC006832,1,15388.38,15388.38,0,5,1,0,1
ACC006833,2,23473.64,11736.82,339,16,2,0,2
ACC006836,1,10389.99,10389.99,0,7,1,0,1
ACC006838,1,62314.75,62314.75,0,2,1,0,1
ACC006840,2,100667.55,50333.78,320,15,2,0,2
ACC006841,1,34460.11,34460.11,0,8,1,0,1
ACC006842,1,16397.5,16397.5,0,13,1,0,1
ACC006845,1,118282.21,118282.21,0,3,1,1,1
ACC006846,1,7587.24,7587.24,0,12,1,0,1
ACC006847,1,1356.94,1356.94,0,7,1,0,1
ACC006848,1,18482.38,18482.38,0,1,1,0,1
ACC006850,1,75305.15,75305.15,0,5,1,0,1
ACC006851,1,20734.53,20734.53,0,14,1,0,1
ACC006853,3,44175.57,14725.19,44,26,3,0,3
ACC006855,1,48425.45,48425.45,0,3,1,0,1
ACC006856,1,95956.7,95956.7,0,3,1,0,1
ACC006857,1,22469.83,22469.83,0,2,1,0,1
ACC006859,3,58408.23,19469.41,89,20,3,0,3
ACC006860,1,118181.32,118181.32,0,7,1,0,1
ACC006862,1,28081.89,28081.89,0,7,1,0,1
ACC006864,1,44089.08,44089.08,0,12,1,1,1
ACC006865,1,48271.96,48271.96,0,5,1,0,1
ACC006867,1,12955.98,12955.98,0,1,1,0,1
ACC006868,1,22350.95,22350.95,0,7,1,0,1
ACC006869,1,31450.12,31450.12,0,1,1,0,1
ACC006871,1,10721.95,10721.95,0,4,1,0,1
ACC006872,1,11486.25,11486.25,0,8,1,0,1
ACC006874,1,5585.97,5585.97,0,7,1,0,1
ACC006877,2,12602.54,6301.27,190,20,2,0,2
ACC006880,1,6458.34,6458.34,0,9,1,0,1
ACC006881,1,19070.73,19070.73,0,11,1,0,1
ACC006883,1,1903.16,1903.16,0,2,1,0,1
ACC006884,1,12588.15,12588.15,0,11,1,0,1
ACC006887,1,17773.12,17773.12,0,8,1,0,1
ACC006888,2,17797.06,8898.53,300,14,2,0,2
ACC006889,1,39997.23,39997.23,0,1,1,0,1
ACC006890,3,91958.95,30652.98,270,33,3,0,3
ACC006891,2,3488.84,1744.42,79,19,2,0,2
ACC006892,1,13341.74,13341.74,0,4,1,0,1
ACC006893,2,22171.79,11085.9,107,13,2,0,2
ACC006894,3,118693.21,39564.4,83,31,3,0,2
ACC006895,2,27736.53,13868.26,358,12,2,0,2
ACC006898,3,95416.21,31805.4,211,29,3,0,3
ACC006899,1,3919.77,3919.77,0,2,1,0,1
ACC006900,1,27404.96,27404.96,0,14,1,0,1
ACC006902,1,54007.88,54007.88,0,14,1,0,1
ACC006907,4,52223.65,13055.91,349,31,4,1,3
ACC006908,1,8917.57,8917.57,0,8,1,0,1
ACC006910,1,27219.6,27219.6,0,13,1,0,1
ACC006913,1,34519.02,34519.02,0,14,1,0,1
ACC006914,3,94545.0,31515.0,365,22,3,0,2
ACC006915,1,6960.0,6960.0,0,6,1,0,1
ACC006916,2,27377.71,13688.85,171,25,2,1,2
ACC006918,2,100780.76,50390.38,198,28,2,0,2
ACC006919,1,61701.13,61701.13,0,2,1,0,1
ACC006920,3,78326.12,26108.71,207,35,3,0,3
ACC006923,1,10198.09,10198.09,0,7,1,0,1
ACC006925,1,4350.15,4350.15,0,5,1,0,1
ACC006926,3,27737.53,9245.84,111,18,3,0,3
ACC006927,1,7435.45,7435.45,0,13,1,0,1
ACC006928,1,7332.73,7332.73,0,4,1,0,1
ACC006929,1,28750.58,28750.58,0,4,1,0,1
ACC006930,1,17277.56,17277.56,0,1,1,0,1
ACC006931,1,31165.24,31165.24,0,8,1,0,1
ACC006933,1,59016.42,59016.42,0,11,1,0,1
ACC006935,1,13452.99,13452.99,0,6,1,0,1
ACC006937,3,110226.41,36742.14,198,15,3,0,2
ACC006938,2,50420.36,25210.18,206,19,2,0,2
ACC006940,2,52905.35,26452.68,163,8,2,0,2
ACC006941,1,13452.46,13452.46,0,8,1,1,1
ACC006942,1,28380.77,28380.77,0,4,1,0,1
ACC006944,1,81199.4,81199.4,0,13,1,1,1
ACC006945,2,43428.14,21714.07,370,9,2,0,2
ACC006946,2,130512.14,65256.07,20,7,2,0,2
ACC006947,2,69098.83,34549.42,291,25,2,0,2
ACC006948,1,31015.61,31015.61,0,2,1,0,1
ACC006949,1,28523.09,28523.09,0,12,1,0,1
ACC006951,1,57929.08,57929.08,0,6,1,0,1
ACC006952,2,22228.09,11114.05,203,10,2,0,2
ACC006953,2,35261.54,17630.77,117,10,2,0,2
ACC006955,1,4095.0,4095.0,0,8,1,0,1
ACC006956,3,83243.2,27747.73,49,17,3,1,2
ACC006957,2,14870.03,7435.02,62,15,2,0,2
ACC006958,3,27014.47,9004.82,308,19,3,0,1
ACC006960,2,15520.16,7760.08,256,17,2,1,2
ACC006961,2,33167.46,16583.73,95,17,2,0,2
ACC006963,1,6716.97,6716.97,0,8,1,0,1
ACC006964,3,164554.43,54851.48,306,25,3,0,2
ACC006966,1,112524.05,112524.05,0,10,1,0,1
ACC006968,1,119098.27,119098.27,0,4,1,0,1
ACC006969,2,57077.21,28538.6,331,7,2,0,2
ACC006970,1,86244.08,86244.08,0,3,1,0,1
ACC006972,2,25961.85,12980.92,96,14,2,0,1
ACC006975,1,13754.91,13754.91,0,3,1,0,1
ACC006976,2,74010.72,37005.36,143,5,2,0,2
ACC006977,1,17647.93,17647.93,0,6,1,0,1
ACC006979,1,1497.94,1497.94,0,12,1,0,1
ACC006982,1,1787.38,1787.38,0,5,1,0,1
ACC006983,1,5978.04,5978.04,0,13,1,0,1
ACC006985,2,23209.92,11604.96,121,15,2,0,2
ACC006986,3,151672.11,50557.37,217,23,3,0,3
ACC006988,2,23327.41,11663.7,436,18,2,1,2
ACC006992,1,18455.53,18455.53,0,3,1,0,1
ACC006995,3,38637.1,12879.03,380,20,3,1,2
ACC006996,5,78281.69,15656.34,190,38,5,0,4
ACC006997,1,38619.75,38619.75,0,3,1,0,1
ACC006998,2,67448.94,33724.47,408,10,2,1,1
ACC007000,1,4391.63,4391.63,0,3,1,0,1
ACC007002,1,15664.95,15664.95,0,12,1,0,1
ACC007003,3,30319.02,10106.34,242,13,3,0,3
ACC007004,1,39571.51,39571.51,0,5,1,0,1
ACC007006,1,2295.36,2295.36,0,3,1,0,1
ACC007007,2,38349.68,19174.84,29,25,2,0,2
ACC007008,2,39017.49,19508.74,49,20,2,0,2
ACC007012,1,14774.52,14774.52,0,13,1,0,1
ACC007013,2,45335.44,22667.72,14,15,2,0,2
ACC007015,1,76123.37,76123.37,0,2,1,0,1
ACC007016,1,22622.17,22622.17,0,9,1,0,1
ACC007017,1,36944.79,36944.79,0,9,1,0,1
ACC007019,3,44696.06,14898.69,246,17,3,0,2
ACC007020,2,58528.62,29264.31,131,18,2,0,2
ACC007021,5,55688.47,11137.69,326,32,5,0,4
ACC007022,1,27329.96,27329.96,0,11,1,0,1
ACC007023,1,93945.18,93945.18,0,11,1,0,1
ACC007025,1,22330.76,22330.76,0,12,1,0,1
ACC007026,2,68574.59,34287.29,46,13,2,0,2
ACC007027,1,11932.56,11932.56,0,7,1,1,1
ACC007028,2,19363.2,9681.6,109,20,2,0,2
ACC007030,2,27230.7,13615.35,251,18,2,0,2
ACC007032,1,16101.96,16101.96,0,8,1,0,1
ACC007034,2,30584.79,15292.4,281,10,2,0,2
ACC007035,2,34455.96,17227.98,267,27,2,1,2
ACC007036,1,72131.22,72131.22,0,2,1,0,1
ACC007037,1,26357.22,26357.22,0,13,1,0,1
ACC007039,1,5829.07,5829.07,0,12,1,0,1
ACC007040,3,55771.53,18590.51,275,17,3,0,3
ACC007041,1,22177.65,22177.65,0,9,1,1,1
ACC007042,1,28765.46,28765.46,0,13,1,0,1
ACC007043,3,33624.73,11208.24,75,17,3,0,2
ACC007046,1,44340.3,44340.3,0,14,1,0,1
ACC007047,1,547.85,547.85,0,6,1,0,1
ACC007048,1,32140.61,32140.61,0,7,1,0,1
ACC007052,1,14197.79,14197.79,0,12,1,0,1
ACC007053,1,5949.26,5949.26,0,9,1,0,1
ACC007054,1,8583.16,8583.16,0,5,1,0,1
ACC007056,1,2388.65,2388.65,0,13,1,0,1
ACC007057,2,46662.38,23331.19,159,17,2,0,2
ACC007059,3,19014.18,6338.06,293,22,3,1,3
ACC007061,1,9383.12,9383.12,0,3,1,0,1
ACC007062,2,50573.83,25286.92,237,7,2,0,2
ACC007063,1,27123.37,27123.37,0,4,1,0,1
ACC007064,2,113710.64,56855.32,202,10,2,0,2
ACC007066,1,3594.15,3594.15,0,3,1,0,1
ACC007067,3,82080.6,27360.2,137,21,3,0,3
ACC007069,3,92017.73,30672.58,343,28,3,1,2
ACC007070,2,12518.69,6259.35,417,17,2,1,2
ACC007072,1,27049.72,27049.72,0,14,1,0,1
ACC007073,1,42878.59,42878.59,0,3,1,0,1
ACC007076,1,7489.74,7489.74,0,8,1,0,1
ACC007077,1,19922.51,19922.51,0,12,1,0,1
ACC007078,1,1462.21,1462.21,0,10,1,0,1
ACC007080,1,16713.48,16713.48,0,11,1,0,1
ACC007082,3,48761.62,16253.87,172,19,3,0,2
ACC007083,1,78173.37,78173.37,0,9,1,0,1
ACC007084,1,20193.1,20193.1,0,1,1,0,1
ACC007088,1,36255.46,36255.46,0,14,1,0,1
ACC007092,2,81669.16,40834.58,292,9,2,1,1
ACC007093,1,93708.52,93708.52,0,10,1,0,1
ACC007094,1,60469.74,60469.74,0,9,1,0,1
ACC007095,1,1649.1,1649.1,0,13,1,1,1
ACC007100,1,31024.9,31024.9,0,2,1,0,1
ACC007105,3,61320.45,20440.15,58,24,3,0,2
ACC007106,2,124917.85,62458.93,119,13,2,0,2
ACC007107,2,18805.08,9402.54,192,14,2,0,1
ACC007108,2,21114.48,10557.24,43,8,2,0,2
ACC007111,1,18823.36,18823.36,0,12,1,0,1
ACC007112,2,100445.42,50222.71,284,6,2,0,2
ACC007113,1,122195.14,122195.14,0,11,1,0,1
ACC007114,1,32789.08,32789.08,0,1,1,0,1
ACC007115,2,25649.84,12824.92,319,19,2,0,2
ACC007116,1,8520.87,8520.87,0,13,1,0,1
ACC007118,1,20402.88,20402.88,0,14,1,0,1
ACC007119,3,39676.08,13225.36,317,27,3,1,3
ACC007120,3,70857.08,23619.03,365,12,3,1,2
ACC007121,1,42287.98,42287.98,0,5,1,0,1
ACC007122,2,85269.79,42634.9,91,17,2,0,2
ACC007123,1,57584.99,57584.99,0,5,1,0,1
ACC007124,1,9035.3,9035.3,0,3,1,0,1
ACC007125,1,18839.93,18839.93,0,9,1,0,1
ACC007127,1,21809.21,21809.21,0,8,1,0,1
ACC007129,1,132542.81,132542.81,0,13,1,0,1
ACC007134,3,88202.2,29400.73,298,31,3,0,1
ACC007136,2,135514.62,67757.31,131,25,2,0,2
ACC007137,1,8219.79,8219.79,0,10,1,0,1
ACC007138,1,843.65,843.65,0,12,1,0,1
ACC007139,1,11461.27,11461.27,0,2,1,0,1
ACC007140,1,31432.37,31432.37,0,8,1,0,1
ACC007141,1,80166.66,80166.66,0,14,1,0,1
ACC007142,1,1899.04,1899.04,0,2,1,0,1
ACC007144,2,47376.81,23688.4,81,17,2,0,2
ACC007145,1,16783.1,16783.1,0,11,1,0,1
ACC007147,3,25967.92,8655.97,184,23,3,0,2
ACC007148,1,3019.13,3019.13,0,4,1,0,1
ACC007149,1,8869.05,8869.05,0,1,1,0,1
ACC007150,3,68791.86,22930.62,233,25,3,1,2
ACC007152,1,21233.28,21233.28,0,5,1,0,1
ACC007153,2,37069.23,18534.61,212,11,2,0,2
ACC007154,1,59515.55,59515.55,0,4,1,0,1
ACC007155,1,20149.29,20149.29,0,13,1,0,1
ACC007156,2,47607.27,23803.64,124,25,2,0,2
ACC007157,2,53728.99,26864.49,55,15,2,1,2
ACC007158,2,20713.85,10356.92,1,13,2,0,1
ACC007159,1,2838.49,2838.49,0,11,1,0,1
ACC007160,2,75017.09,37508.54,39,16,2,0,2
ACC007162,1,20384.68,20384.68,0,3,1,0,1
ACC007163,1,15854.41,15854.41,0,10,1,0,1
ACC007164,1,53335.33,53335.33,0,6,1,0,1
ACC007165,2,54302.17,27151.08,244,15,2,0,2
ACC007166,2,40698.85,20349.43,317,11,2,1,2
ACC007167,1,30197.72,30197.72,0,5,1,0,1
ACC007170,3,58641.68,19547.23,148,17,3,1,2
ACC007171,1,8429.82,8429.82,0,6,1,1,1
ACC007174,1,6389.33,6389.33,0,8,1,0,1
ACC007175,1,39687.49,39687.49,0,6,1,0,1
ACC007177,2,24860.24,12430.12,43,7,2,0,2
ACC007178,1,6046.14,6046.14,0,4,1,0,1
ACC007181,1,113506.91,113506.91,0,10,1,0,1
ACC007183,1,4533.71,4533.71,0,11,1,0,1
ACC007184,1,18236.67,18236.67,0,4,1,0,1
ACC007186,2,36295.24,18147.62,233,17,2,0,2
ACC007187,1,9943.4,9943.4,0,8,1,0,1
ACC007188,3,104571.37,34857.12,274,9,3,0,3
ACC007189,4,77784.49,19446.12,238,28,4,2,2
ACC007190,2,80497.71,40248.85,238,23,2,0,2
ACC007192,1,14919.89,14919.89,0,4,1,0,1
ACC007194,2,75174.99,37587.49,131,15,2,0,2
ACC007197,1,173339.65,173339.65,0,13,1,0,1
ACC007199,1,20123.93,20123.93,0,5,1,0,1
ACC007200,4,43052.5,10763.12,319,21,4,0,3
ACC007202,2,23960.07,11980.03,242,2,2,0,2
ACC007203,2,83278.24,41639.12,100,16,2,1,2
ACC007205,2,96631.81,48315.9,358,14,2,1,1
ACC007206,1,62456.47,62456.47,0,1,1,0,1
ACC007207,2,35513.41,17756.71,169,11,2,0,2
ACC007209,2,76517.6,38258.8,243,9,2,1,1
ACC007210,1,5259.03,5259.03,0,14,1,0,1
ACC007213,1,72240.27,72240.27,0,8,1,0,1
ACC007214,1,18070.5,18070.5,0,13,1,0,1
ACC007216,5,138475.54,27695.11,393,28,5,1,3
ACC007217,1,3503.92,3503.92,0,8,1,0,1
ACC007220,2,17894.99,8947.5,135,11,2,0,2
ACC007221,2,127168.62,63584.31,138,14,2,0,2
ACC007222,1,24909.11,24909.11,0,1,1,0,1
ACC007223,1,95344.29,95344.29,0,14,1,0,1
ACC007224,3,79015.23,26338.41,317,21,3,0,2
ACC007226,2,21916.49,10958.25,284,21,2,0,2
ACC007227,1,128406.3,128406.3,0,1,1,0,1
ACC007228,1,13087.06,13087.06,0,9,1,0,1
ACC007229,1,71100.5,71100.5,0,5,1,0,1
ACC007232,1,9798.31,9798.31,0,5,1,0,1
ACC007234,4,32945.42,8236.35,388,41,4,0,4
ACC007235,4,143403.58,35850.89,228,25,4,1,4
ACC007236,2,117018.1,58509.05,230,8,2,0,2
ACC007238,1,9406.58,9406.58,0,9,1,0,1
ACC007240,1,17330.07,17330.07,0,12,1,0,1
ACC007241,2,90752.01,45376.0,77,14,2,1,2
ACC007242,3,35746.57,11915.52,12,16,3,0,2
ACC007243,1,28426.89,28426.89,0,13,1,0,1
ACC007245,1,1461.9,1461.9,0,8,1,0,1
ACC007247,2,67538.02,33769.01,28,27,2,0,2
ACC007248,4,82981.88,20745.47,122,31,4,0,4
ACC007250,1,61962.29,61962.29,0,11,1,0,1
ACC007253,1,46507.48,46507.48,0,2,1,0,1
ACC007254,1,5316.07,5316.07,0,6,1,0,1
ACC007256,2,67739.41,33869.71,122,11,2,0,2
ACC007257,2,32143.25,16071.62,122,19,2,1,2
ACC007260,3,80733.72,26911.24,326,16,3,0,3
ACC007261,1,11906.1,11906.1,0,1,1,0,1
ACC007263,1,59151.09,59151.09,0,4,1,0,1
ACC007264,1,4021.89,4021.89,0,13,1,0,1
ACC007265,1,142596.41,142596.41,0,8,1,0,1
ACC007266,1,983.09,983.09,0,5,1,0,1
ACC007268,3,60075.66,20025.22,175,27,3,0,2
ACC007269,2,97884.47,48942.24,86,26,2,0,2
ACC007271,2,23975.59,11987.8,198,14,2,0,2
ACC007272,1,7238.78,7238.78,0,1,1,0,1
ACC007273,1,14851.83,14851.83,0,4,1,0,1
ACC007274,2,20008.26,10004.13,252,12,2,0,2
ACC007278,1,23344.62,23344.62,0,5,1,0,1
ACC007279,2,15341.23,7670.61,235,7,2,0,2
ACC007281,3,82043.17,27347.72,214,12,3,0,3
ACC007284,1,37376.61,37376.61,0,11,1,0,1
ACC007285,2,36225.74,18112.87,183,18,2,0,2
ACC007286,1,2920.88,2920.88,0,13,1,0,1
ACC007289,1,88178.37,88178.37,0,9,1,0,1
ACC007293,2,3269.42,1634.71,133,12,2,0,2
ACC007295,3,105876.83,35292.28,319,26,3,0,3
ACC007298,1,21629.9,21629.9,0,14,1,1,1
ACC007300,1,5895.97,5895.97,0,3,1,1,1
ACC007301,1,16614.8,16614.8,0,5,1,0,1
ACC007302,1,15076.84,15076.84,0,5,1,0,1
ACC007303,1,51995.89,51995.89,0,6,1,0,1
ACC007305,1,3900.54,3900.54,0,6,1,0,1
ACC007306,2,27049.57,13524.78,123,9,2,0,2
ACC007307,2,49683.56,24841.78,127,13,2,0,2
ACC007308,1,2013.11,2013.11,0,12,1,0,1
ACC007312,1,25499.78,25499.78,0,9,1,0,1
ACC007314,1,61632.96,61632.96,0,12,1,0,1
ACC007315,3,179679.31,59893.1,225,13,3,0,3
ACC007316,3,141227.2,47075.73,189,15,3,1,2
ACC007317,1,7631.11,7631.11,0,3,1,0,1
ACC007318,1,13989.4,13989.4,0,1,1,0,1
ACC007319,1,22909.16,22909.16,0,5,1,0,1
ACC007320,2,42083.61,21041.81,130,24,2,0,2
ACC007324,1,18547.89,18547.89,0,9,1,1,1
ACC007325,3,33098.99,11033.0,135,32,3,0,3
ACC007326,2,65970.53,32985.26,67,15,2,0,2
ACC007327,1,11862.98,11862.98,0,13,1,0,1
ACC007328,3,154128.08,51376.03,255,18,3,0,3
ACC007329,1,5966.11,5966.11,0,12,1,0,1
ACC007330,1,6137.9,6137.9,0,10,1,0,1
ACC007331,1,33564.73,33564.73,0,3,1,0,1
ACC007332,1,11614.17,11614.17,0,11,1,0,1
ACC007333,1,10451.63,10451.63,0,1,1,0,1
ACC007334,1,25951.35,25951.35,0,7,1,0,1
ACC007339,1,48857.35,48857.35,0,10,1,0,1
ACC007341,1,12156.53,12156.53,0,2,1,1,1
ACC007345,2,28504.39,14252.19,94,5,2,0,2
ACC007347,2,16654.13,8327.07,39,12,2,0,2
ACC007348,2,55733.47,27866.74,215,16,2,0,2
ACC007349,3,99993.06,33331.02,260,22,3,0,3
ACC007350,1,47116.47,47116.47,0,5,1,0,1
ACC007351,1,1537.37,1537.37,0,6,1,0,1
ACC007354,2,112620.71,56310.36,2,22,2,0,2
ACC007356,2,34008.08,17004.04,131,14,2,0,2
ACC007357,2,30206.48,15103.24,102,11,2,0,2
ACC007358,1,4307.6,4307.6,0,12,1,0,1
ACC007362,1,4711.66,4711.66,0,8,1,1,1
ACC007363,1,82612.82,82612.82,0,5,1,0,1
ACC007364,1,61207.44,61207.44,0,13,1,0,1
ACC007365,1,6245.09,6245.09,0,11,1,0,1
ACC007367,1,5813.4,5813.4,0,14,1,0,1
ACC007368,1,53526.03,53526.03,0,3,1,0,1
ACC007370,1,7072.1,7072.1,0,5,1,0,1
ACC007372,3,32685.93,10895.31,244,32,3,1,2
ACC007373,3,72420.02,24140.01,307,23,3,1,3
ACC007374,1,9310.45,9310.45,0,3,1,0,1
ACC007378,1,42294.88,42294.88,0,14,1,0,1
ACC007379,1,7165.1,7165.1,0,11,1,0,1
ACC007380,1,6230.39,6230.39,0,3,1,0,1
ACC007381,1,26595.87,26595.87,0,6,1,0,1
ACC007382,1,16183.29,16183.29,0,11,1,0,1
ACC007383,1,46199.46,46199.46,0,8,1,0,1
ACC007389,2,89540.49,44770.25,63,8,2,0,2
ACC007390,1,15031.27,15031.27,0,9,1,0,1
ACC007391,2,76719.6,38359.8,209,21,2,0,2
ACC007392,1,8801.57,8801.57,0,9,1,0,1
ACC007393,2,44781.03,22390.51,375,12,2,1,1
ACC007396,1,8472.32,8472.32,0,1,1,0,1
ACC007397,1,32842.99,32842.99,0,5,1,0,1
ACC007401,1,18414.51,18414.51,0,2,1,0,1
ACC007402,2,47825.05,23912.53,14,7,2,2,2
ACC007403,1,35342.41,35342.41,0,9,1,1,1
ACC007404,2,16444.41,8222.2,220,20,2,0,2
ACC007405,2,55777.59,27888.79,82,5,2,1,2
ACC007406,1,18014.68,18014.68,0,13,1,0,1
ACC007407,2,52092.15,26046.08,103,12,2,0,2
ACC007409,1,3055.19,3055.19,0,9,1,0,1
ACC007410,1,48079.32,48079.32,0,8,1,0,1
ACC007412,2,17124.73,8562.36,126,15,2,0,2
ACC007413,1,22105.07,22105.07,0,14,1,0,1
ACC007414,3,66781.44,22260.48,219,19,3,0,3
ACC007416,2,26178.78,13089.39,226,16,2,0,2
ACC007417,2,39770.16,19885.08,101,19,2,0,2
ACC007418,4,110743.17,27685.79,436,41,4,1,3
ACC007419,2,60133.35,30066.67,364,20,2,0,2
ACC007421,1,5919.44,5919.44,0,7,1,0,1
ACC007422,1,3524.54,3524.54,0,14,1,0,1
ACC007423,1,48301.83,48301.83,0,6,1,0,1
ACC007425,5,131851.83,26370.37,400,34,5,1,3
ACC007426,2,33484.39,16742.19,16,15,2,0,2
ACC007427,1,57372.86,57372.86,0,13,1,0,1
ACC007428,4,123083.34,30770.83,214,30,4,0,4
ACC007429,1,3421.33,3421.33,0,6,1,0,1
ACC007430,3,82947.22,27649.07,233,29,3,0,2
ACC007432,2,74210.71,37105.35,117,8,2,0,2
ACC007434,1,28225.67,28225.67,0,6,1,1,1
ACC007435,1,33652.91,33652.91,0,2,1,0,1
ACC007437,2,113220.76,56610.38,121,9,2,0,2
ACC007439,1,11744.25,11744.25,0,9,1,0,1
ACC007441,2,26685.71,13342.85,86,17,2,1,2
ACC007443,2,90947.67,45473.83,95,7,2,0,2
ACC007444,1,38437.57,38437.57,0,11,1,0,1
ACC007445,1,44943.47,44943.47,0,9,1,0,1
ACC007446,1,39022.6,39022.6,0,2,1,0,1
ACC007447,1,35844.27,35844.27,0,2,1,0,1
ACC007450,1,10661.12,10661.12,0,7,1,0,1
ACC007452,1,53715.83,53715.83,0,9,1,0,1
ACC007454,1,21699.78,21699.78,0,7,1,0,1
ACC007455,1,16124.1,16124.1,0,3,1,0,1
ACC007456,2,42147.16,21073.58,290,16,2,1,2
ACC007457,1,20581.79,20581.79,0,10,1,0,1
ACC007458,2,43876.86,21938.43,84,23,2,0,2
ACC007459,1,10916.75,10916.75,0,7,1,0,1
ACC007461,3,84348.64,28116.21,379,18,3,0,2
ACC007462,1,10443.95,10443.95,0,12,1,0,1
ACC007463,2,135129.55,67564.77,13,18,2,0,1
ACC007464,1,7586.69,7586.69,0,12,1,0,1
ACC007465,1,44437.39,44437.39,0,6,1,0,1
ACC007466,2,26456.36,13228.18,213,16,2,0,1
ACC007467,1,85817.89,85817.89,0,2,1,0,1
ACC007468,2,40545.89,20272.94,177,19,2,0,2
ACC007469,1,32194.94,32194.94,0,13,1,0,1
ACC007470,1,6381.52,6381.52,0,14,1,0,1
ACC007471,2,21838.39,10919.19,17,14,2,0,2
ACC007472,2,36472.75,18236.38,180,27,2,1,2
ACC007473,1,6315.65,6315.65,0,7,1,0,1
ACC007474,3,51289.9,17096.63,290,24,3,0,3
ACC007477,1,689.56,689.56,0,14,1,0,1
ACC007478,1,47183.2,47183.2,0,13,1,0,1
ACC007479,1,73027.59,73027.59,0,14,1,0,1
ACC007482,2,100124.19,50062.1,14,11,2,0,2
ACC007485,1,93689.39,93689.39,0,14,1,0,1
ACC007486,1,29039.55,29039.55,0,2,1,0,1
ACC007487,2,23986.2,11993.1,328,14,2,0,2
ACC007488,1,33833.26,33833.26,0,10,1,0,1
ACC007491,2,30529.92,15264.96,80,13,2,0,2
ACC007493,1,35321.72,35321.72,0,4,1,0,1
ACC007494,1,20463.55,20463.55,0,9,1,0,1
ACC007495,2,35676.4,17838.2,76,20,2,0,2
ACC007496,1,74361.52,74361.52,0,2,1,0,1
ACC007498,3,95628.32,31876.11,317,15,3,0,2
ACC007499,1,44396.2,44396.2,0,11,1,0,1
ACC007500,1,15753.88,15753.88,0,13,1,0,1
ACC007503,1,72953.37,72953.37,0,2,1,1,1
ACC007504,1,3146.12,3146.12,0,6,1,0,1
ACC007505,2,43252.09,21626.04,36,12,2,0,2
ACC007506,2,52342.41,26171.21,171,13,2,0,2
ACC007507,1,8993.45,8993.45,0,6,1,0,1
ACC007508,1,16741.47,16741.47,0,8,1,0,1
ACC007513,2,10388.69,5194.35,103,22,2,0,2
ACC007514,2,23167.31,11583.65,351,15,2,0,2
ACC007516,1,39118.62,39118.62,0,1,1,0,1
ACC007518,1,106142.25,106142.25,0,12,1,1,1
ACC007521,3,51905.04,17301.68,223,21,3,0,3
ACC007523,1,36408.46,36408.46,0,7,1,0,1
ACC007525,3,117162.27,39054.09,151,17,3,0,2
ACC007527,3,109007.82,36335.94,218,29,3,0,3
ACC007528,2,28015.51,14007.75,72,8,2,0,1
ACC007530,1,1685.56,1685.56,0,7,1,0,1
ACC007531,2,20065.61,10032.8,295,7,2,1,1
ACC007532,2,64825.62,32412.81,106,11,2,0,2
ACC007533,1,1430.31,1430.31,0,13,1,0,1
ACC007536,1,23278.88,23278.88,0,7,1,0,1
ACC007538,1,4081.9,4081.9,0,12,1,0,1
ACC007539,1,95736.38,95736.38,0,3,1,0,1
ACC007540,1,40721.21,40721.21,0,9,1,0,1
ACC007543,1,6262.27,6262.27,0,7,1,0,1
ACC007544,3,94892.96,31630.99,344,21,3,0,2
ACC007545,1,38933.99,38933.99,0,10,1,0,1
ACC007549,1,16554.62,16554.62,0,9,1,0,1
ACC007552,2,35117.26,17558.63,186,21,2,0,2
ACC007553,1,53697.79,53697.79,0,1,1,0,1
ACC007554,1,30461.64,30461.64,0,4,1,1,1
ACC007555,1,1890.25,1890.25,0,8,1,0,1
ACC007556,2,38849.44,19424.72,49,19,2,0,2
ACC007559,3,47417.66,15805.89,156,12,3,0,3
ACC007560,1,31794.75,31794.75,0,13,1,1,1
ACC007561,2,71814.42,35907.21,83,13,2,0,2
ACC007562,1,13964.23,13964.23,0,6,1,0,1
ACC007564,1,1584.98,1584.98,0,9,1,0,1
ACC007565,2,37694.39,18847.19,176,13,2,0,1
ACC007566,3,248736.39,82912.13,377,20,3,0,2
ACC007567,1,8866.22,8866.22,0,12,1,0,1
ACC007569,1,5102.59,5102.59,0,5,1,0,1
ACC007570,2,33133.84,16566.92,170,23,2,0,2
ACC007571,2,17594.08,8797.04,13,23,2,1,2
ACC007572,3,64930.89,21643.63,119,8,3,0,2
ACC007573,2,32243.21,16121.6,140,23,2,0,2
ACC007574,1,12102.93,12102.93,0,3,1,0,1
ACC007575,1,3247.49,3247.49,0,1,1,0,1
ACC007576,1,14084.9,14084.9,0,9,1,0,1
ACC007578,3,79045.92,26348.64,247,22,3,0,2
ACC007579,1,8293.22,8293.22,0,7,1,0,1
ACC007581,1,4621.09,4621.09,0,9,1,1,1
ACC007582,2,35174.64,17587.32,306,17,2,0,2
ACC007583,3,38197.5,12732.5,293,25,3,1,3
ACC007584,2,46617.11,23308.56,126,20,2,0,2
ACC007587,2,13678.04,6839.02,224,16,2,0,2
ACC007588,3,31898.51,10632.84,146,20,3,0,3
ACC007590,1,38713.87,38713.87,0,8,1,0,1
ACC007591,1,22232.98,22232.98,0,7,1,0,1
ACC007594,1,16102.73,16102.73,0,2,1,0,1
ACC007595,1,60218.17,60218.17,0,3,1,0,1
ACC007597,1,32319.42,32319.42,0,10,1,0,1
ACC007599,2,53747.67,26873.83,329,18,2,0,2
ACC007600,1,59065.18,59065.18,0,4,1,0,1
ACC007603,2,28225.89,14112.94,290,9,2,0,1
ACC007604,1,63831.15,63831.15,0,3,1,0,1
ACC007608,3,77013.86,25671.29,149,20,3,0,3
ACC007609,1,12304.92,12304.92,0,12,1,0,1
ACC007610,2,41142.45,20571.22,12,12,2,0,2
ACC007611,1,2364.61,2364.61,0,7,1,0,1
ACC007613,1,62462.97,62462.97,0,1,1,0,1
ACC007614,2,54964.54,27482.27,378,15,2,1,2
ACC007615,2,134354.91,67177.46,289,19,2,1,2
ACC007616,1,79863.91,79863.91,0,12,1,0,1
ACC007617,1,20810.2,20810.2,0,6,1,0,1
ACC007618,2,85093.57,42546.79,58,25,2,0,2
ACC007619,2,25379.11,12689.56,237,5,2,0,2
ACC007620,2,21315.45,10657.73,40,14,2,0,2
ACC007621,2,57112.2,28556.1,64,25,2,1,2
ACC007624,1,5755.83,5755.83,0,11,1,0,1
ACC007625,1,21445.96,21445.96,0,13,1,0,1
ACC007626,1,2574.11,2574.11,0,14,1,0,1
ACC007627,2,24002.18,12001.09,11,26,2,0,2
ACC007628,1,20218.68,20218.68,0,8,1,0,1
ACC007629,2,26719.23,13359.61,183,16,2,0,2
ACC007630,2,18608.92,9304.46,19,17,2,0,1
ACC007631,1,30389.28,30389.28,0,10,1,0,1
ACC007633,1,803.58,803.58,0,4,1,0,1
ACC007635,2,116423.79,58211.9,99,7,2,1,2
ACC007636,3,22882.33,7627.44,341,16,3,0,3
ACC007637,2,8999.77,4499.89,42,19,2,0,2
ACC007638,3,157900.97,52633.66,118,28,3,0,3
ACC007639,2,22381.87,11190.93,359,19,2,0,2
ACC007641,1,42440.53,42440.53,0,5,1,0,1
ACC007642,4,112930.83,28232.71,401,27,4,2,3
ACC007643,2,30360.27,15180.14,80,18,2,0,2
ACC007646,1,4430.28,4430.28,0,11,1,0,1
ACC007648,1,1935.18,1935.18,0,13,1,0,1
ACC007649,1,11186.17,11186.17,0,5,1,0,1
ACC007650,1,3151.78,3151.78,0,1,1,0,1
ACC007651,1,5758.49,5758.49,0,10,1,0,1
ACC007652,1,7586.88,7586.88,0,1,1,0,1
ACC007654,1,24250.76,24250.76,0,14,1,0,1
ACC007656,1,10356.74,10356.74,0,3,1,0,1
ACC007657,1,3252.43,3252.43,0,14,1,0,1
ACC007659,2,6371.76,3185.88,108,17,2,0,2
ACC007660,4,151439.47,37859.87,380,38,4,1,3
ACC007661,1,23146.13,23146.13,0,14,1,1,1
ACC007662,1,15780.96,15780.96,0,9,1,0,1
ACC007663,1,7385.42,7385.42,0,8,1,0,1
ACC007664,1,26710.9,26710.9,0,13,1,0,1
ACC007666,1,37093.31,37093.31,0,11,1,0,1
ACC007668,2,96414.73,48207.37,178,14,2,0,2
ACC007669,1,19058.93,19058.93,0,7,1,0,1
ACC007672,1,16903.12,16903.12,0,12,1,0,1
ACC007675,3,109045.67,36348.56,155,21,3,0,3
ACC007677,2,17739.61,8869.81,21,7,2,0,2
ACC007678,2,46161.63,23080.82,150,8,2,0,2
ACC007680,2,44650.21,22325.1,366,14,2,0,2
ACC007682,1,3615.98,3615.98,0,2,1,0,1
ACC007684,2,102435.45,51217.73,214,19,2,0,2
ACC007685,2,108005.78,54002.89,187,25,2,0,2
ACC007686,1,10295.5,10295.5,0,6,1,0,1
ACC007688,1,42152.12,42152.12,0,13,1,0,1
ACC007689,1,4502.71,4502.71,0,10,1,0,1
ACC007691,1,1754.44,1754.44,0,6,1,0,1
ACC007693,1,25534.15,25534.15,0,13,1,0,1
ACC007694,2,42600.47,21300.24,278,21,2,0,2
ACC007695,1,22715.19,22715.19,0,11,1,0,1
ACC007696,2,33941.73,16970.86,283,8,2,1,2
ACC007697,2,41922.06,20961.03,409,2,2,0,2
ACC007698,2,28762.0,14381.0,155,18,2,0,2
ACC007699,3,170543.97,56847.99,88,33,3,0,3
ACC007702,1,11956.81,11956.81,0,5,1,0,1
ACC007704,1,31035.17,31035.17,0,2,1,0,1
ACC007706,1,19292.87,19292.87,0,14,1,0,1
ACC007707,3,103550.35,34516.78,133,25,3,0,2
ACC007709,1,48735.61,48735.61,0,13,1,0,1
ACC007710,1,17144.88,17144.88,0,13,1,0,1
ACC007711,3,160562.06,53520.69,142,23,3,0,3
ACC007712,2,37425.66,18712.83,149,9,2,0,2
ACC007716,1,5376.83,5376.83,0,11,1,0,1
ACC007717,3,63489.39,21163.13,266,23,3,0,2
ACC007718,1,7582.56,7582.56,0,6,1,0,1
ACC007720,1,28671.32,28671.32,0,10,1,0,1
ACC007721,1,10961.2,10961.2,0,7,1,0,1
ACC007722,1,105498.56,105498.56,0,2,1,0,1
ACC007723,1,58430.65,58430.65,0,1,1,1,1
ACC007724,1,51244.58,51244.58,0,14,1,0,1
ACC007726,1,16865.25,16865.25,0,11,1,0,1
ACC007729,2,119904.77,59952.38,284,20,2,0,2
ACC007730,1,17735.63,17735.63,0,8,1,0,1
ACC007731,1,13807.72,13807.72,0,3,1,0,1
ACC007732,1,14370.37,14370.37,0,5,1,0,1
ACC007734,2,19330.58,9665.29,251,13,2,1,2
ACC007736,2,1973.91,986.95,48,9,2,0,2
ACC007738,1,4257.04,4257.04,0,12,1,0,1
ACC007739,1,58661.97,58661.97,0,4,1,0,1
ACC007740,1,3637.93,3637.93,0,11,1,0,1
ACC007742,2,99076.39,49538.19,125,11,2,0,2
ACC007744,1,32184.3,32184.3,0,1,1,0,1
ACC007747,1,6285.9,6285.9,0,2,1,0,1
ACC007749,1,25857.22,25857.22,0,10,1,1,1
ACC007750,1,10023.86,10023.86,0,11,1,0,1
ACC007751,1,4546.73,4546.73,0,14,1,0,1
ACC007753,1,28484.9,28484.9,0,12,1,0,1
ACC007754,2,38367.4,19183.7,148,2,2,1,2
ACC007757,3,73586.23,24528.74,117,31,3,0,2
ACC007758,1,14970.6,14970.6,0,13,1,0,1
ACC007759,2,33311.69,16655.85,86,11,2,0,2
ACC007760,1,25593.08,25593.08,0,10,1,0,1
ACC007761,1,52371.48,52371.48,0,13,1,0,1
ACC007762,1,13499.59,13499.59,0,8,1,0,1
ACC007765,1,33945.83,33945.83,0,8,1,0,1
ACC007770,3,50452.35,16817.45,186,26,3,0,3
ACC007771,2,70863.58,35431.79,68,7,2,0,2
ACC007772,2,60213.19,30106.6,189,26,2,0,2
ACC007774,2,36389.5,18194.75,45,28,2,0,1
ACC007775,2,38639.15,19319.58,128,7,2,0,2
ACC007776,2,11955.92,5977.96,168,17,2,0,2
ACC007777,3,32002.76,10667.59,112,18,3,2,3
ACC007778,1,7725.45,7725.45,0,4,1,0,1
ACC007780,1,65047.93,65047.93,0,2,1,0,1
ACC007781,2,2032.51,1016.25,144,15,2,0,2
ACC007782,2,55821.63,27910.81,0,23,2,0,2
ACC007784,1,10662.27,10662.27,0,14,1,0,1
ACC007785,4,41773.09,10443.27,270,41,4,0,3
ACC007787,2,98262.38,49131.19,130,23,2,0,1
ACC007788,1,11465.08,11465.08,0,7,1,0,1
ACC007789,1,11004.31,11004.31,0,13,1,0,1
ACC007790,1,28563.83,28563.83,0,8,1,0,1
ACC007792,1,31348.32,31348.32,0,1,1,0,1
ACC007793,1,4376.66,4376.66,0,7,1,0,1
ACC007797,2,57676.1,28838.05,23,19,2,0,2
ACC007798,1,5621.74,5621.74,0,3,1,0,1
ACC007801,1,25001.61,25001.61,0,14,1,0,1
ACC007803,1,4910.13,4910.13,0,13,1,0,1
ACC007804,2,46964.27,23482.13,1,16,2,0,2
ACC007805,3,147160.62,49053.54,401,26,3,1,3
ACC007806,1,17209.33,17209.33,0,13,1,1,1
ACC007808,1,6870.24,6870.24,0,1,1,0,1
ACC007809,2,45630.94,22815.47,187,16,2,0,1
ACC007811,1,5057.48,5057.48,0,11,1,0,1
ACC007812,1,22536.84,22536.84,0,5,1,0,1
ACC007814,2,68321.72,34160.86,172,11,2,0,2
ACC007815,2,27691.39,13845.69,112,17,2,0,2
ACC007820,2,27321.39,13660.69,10,12,2,0,2
ACC007821,1,57766.05,57766.05,0,14,1,0,1
ACC007825,4,135217.52,33804.38,396,40,4,0,4
ACC007827,1,56886.36,56886.36,0,11,1,0,1
ACC007828,1,12223.15,12223.15,0,12,1,0,1
ACC007829,2,39136.76,19568.38,305,20,2,0,2
ACC007831,2,131208.51,65604.26,257,14,2,0,1
ACC007832,1,1703.17,1703.17,0,10,1,0,1
ACC007834,2,116493.76,58246.88,62,14,2,0,2
ACC007835,5,87079.03,17415.81,227,48,5,0,4
ACC007836,2,24802.27,12401.14,161,16,2,0,2
ACC007841,1,24346.0,24346.0,0,9,1,0,1
ACC007842,2,36514.67,18257.33,2,27,2,0,2
ACC007843,1,3944.98,3944.98,0,2,1,0,1
ACC007845,1,16096.39,16096.39,0,5,1,0,1
ACC007847,3,59827.64,19942.55,372,23,3,0,1
ACC007848,2,31610.88,15805.44,333,6,2,0,2
ACC007849,3,103398.52,34466.17,88,26,3,0,3
ACC007850,1,41966.95,41966.95,0,14,1,0,1
ACC007851,2,54654.48,27327.24,97,23,2,0,2
ACC007852,1,14095.17,14095.17,0,14,1,0,1
ACC007854,1,1861.19,1861.19,0,6,1,0,1
ACC007855,3,65844.91,21948.3,268,30,3,0,3
ACC007857,2,175774.57,87887.29,206,16,2,0,1
ACC007859,1,41634.67,41634.67,0,14,1,0,1
ACC007860,1,21998.22,21998.22,0,3,1,0,1
ACC007861,2,73113.68,36556.84,234,19,2,1,2
ACC007863,2,14205.35,7102.68,117,12,2,1,2
ACC007866,1,20670.53,20670.53,0,14,1,0,1
ACC007867,1,98774.71,98774.71,0,4,1,1,1
ACC007868,4,162287.38,40571.85,270,27,4,0,3
ACC007869,2,6210.95,3105.47,16,15,2,0,2
ACC007870,1,10305.86,10305.86,0,6,1,0,1
ACC007873,1,29651.02,29651.02,0,7,1,0,1
ACC007874,1,15731.72,15731.72,0,2,1,0,1
ACC007875,2,107901.71,53950.86,124,23,2,0,2
ACC007876,2,77842.58,38921.29,53,8,2,1,2
ACC007877,1,21740.29,21740.29,0,14,1,0,1
ACC007879,3,93594.14,31198.05,158,18,3,0,3
ACC007881,1,21766.9,21766.9,0,5,1,1,1
ACC007882,1,19443.99,19443.99,0,13,1,0,1
ACC007883,1,7778.31,7778.31,0,14,1,0,1
ACC007884,1,43675.86,43675.86,0,13,1,0,1
ACC007885,1,2082.93,2082.93,0,14,1,0,1
ACC007886,1,11349.54,11349.54,0,14,1,0,1
ACC007888,2,149379.49,74689.74,90,10,2,0,2
ACC007890,2,123961.96,61980.98,84,15,2,0,2
ACC007893,1,2412.48,2412.48,0,13,1,0,1
ACC007894,1,27278.94,27278.94,0,13,1,0,1
ACC007895,2,58213.78,29106.89,159,24,2,0,2
ACC007897,1,25449.41,25449.41,0,4,1,0,1
ACC007898,6,122636.75,20439.46,181,42,6,0,5
ACC007900,3,85240.08,28413.36,275,29,3,0,2
ACC007902,1,30446.41,30446.41,0,14,1,0,1
ACC007903,1,17830.53,17830.53,0,10,1,0,1
ACC007906,1,33403.91,33403.91,0,4,1,1,1
ACC007907,1,17264.4,17264.4,0,9,1,0,1
ACC007908,1,18721.52,18721.52,0,12,1,0,1
ACC007909,1,23637.48,23637.48,0,2,1,0,1
ACC007910,1,7997.82,7997.82,0,14,1,0,1
ACC007912,3,78880.01,26293.34,243,37,3,0,1
ACC007914,1,40102.25,40102.25,0,9,1,1,1
ACC007918,1,69163.07,69163.07,0,14,1,0,1
ACC007919,2,122142.0,61071.0,294,4,2,0,1
ACC007921,1,82730.59,82730.59,0,1,1,0,1
ACC007922,1,21096.37,21096.37,0,6,1,0,1
ACC007924,2,17471.13,8735.57,202,14,2,0,2
ACC007925,1,73615.56,73615.56,0,4,1,0,1
ACC007929,2,31133.5,15566.75,134,16,2,0,2
ACC007931,4,157675.51,39418.88,205,40,4,0,3
ACC007932,1,38789.17,38789.17,0,1,1,0,1
ACC007933,6,218113.92,36352.32,257,42,6,0,2
ACC007934,2,61152.76,30576.38,215,15,2,0,2
ACC007935,1,1203.17,1203.17,0,11,1,0,1
ACC007936,1,21012.2,21012.2,0,5,1,0,1
ACC007937,2,149660.46,74830.23,16,5,2,0,2
ACC007938,2,13338.72,6669.36,50,11,2,0,2
ACC007939,2,22801.3,11400.65,79,14,2,0,2
ACC007941,2,88418.33,44209.17,101,22,2,0,2
ACC007942,3,96466.85,32155.62,235,31,3,0,3
ACC007943,2,24152.75,12076.38,189,27,2,0,2
ACC007944,1,83611.49,83611.49,0,6,1,0,1
ACC007946,1,72545.92,72545.92,0,5,1,0,1
ACC007948,1,16166.22,16166.22,0,8,1,1,1
ACC007949,1,14128.68,14128.68,0,4,1,0,1
ACC007950,2,38093.5,19046.75,72,23,2,0,2
ACC007951,2,85697.87,42848.93,42,15,2,0,1
ACC007952,1,3093.86,3093.86,0,7,1,1,1
ACC007954,1,34072.15,34072.15,0,12,1,0,1
ACC007956,1,10633.9,10633.9,0,3,1,0,1
ACC007957,1,2665.19,2665.19,0,5,1,0,1
ACC007961,1,45116.18,45116.18,0,1,1,0,1
ACC007962,2,51344.77,25672.38,41,21,2,0,2
ACC007963,4,52722.07,13180.52,303,26,4,0,4
ACC007964,2,143965.0,71982.5,31,11,2,0,2
ACC007965,1,116150.43,116150.43,0,14,1,0,1
ACC007966,2,67788.82,33894.41,73,12,2,0,2
ACC007968,2,42576.13,21288.07,17,4,2,0,2
ACC007969,1,26875.06,26875.06,0,4,1,0,1
ACC007970,2,73094.66,36547.33,71,25,2,0,2
ACC007971,1,12780.54,12780.54,0,10,1,0,1
ACC007972,1,8772.25,8772.25,0,8,1,1,1
ACC007973,3,81902.75,27300.92,210,22,3,0,2
ACC007974,3,50659.6,16886.53,156,25,3,0,3
ACC007975,1,26137.06,26137.06,0,10,1,1,1
ACC007977,2,49335.86,24667.93,93,8,2,0,2
ACC007979,1,2122.83,2122.83,0,5,1,0,1
ACC007982,2,57444.83,28722.42,356,6,2,0,2
ACC007983,1,19455.02,19455.02,0,6,1,0,1
ACC007985,1,7192.69,7192.69,0,13,1,0,1
ACC007986,2,93864.85,46932.43,198,21,2,0,2
ACC007987,1,32906.63,32906.63,0,1,1,0,1
ACC007988,1,26016.46,26016.46,0,11,1,0,1
ACC007989,1,25372.87,25372.87,0,9,1,0,1
ACC007991,1,3095.11,3095.11,0,12,1,0,1
ACC007992,1,5495.26,5495.26,0,2,1,0,1
ACC007993,2,27690.03,13845.01,88,15,2,0,2
ACC007995,1,78376.66,78376.66,0,2,1,0,1
ACC007997,4,47407.59,11851.9,386,18,4,0,3
ACC007998,1,23118.46,23118.46,0,1,1,0,1
ACC008001,2,205660.2,102830.1,157,18,2,0,2
ACC008002,2,26346.0,13173.0,114,3,2,0,2
ACC008003,3,94247.08,31415.69,88,27,3,0,2
ACC008004,2,24676.52,12338.26,186,18,2,1,1
ACC008005,2,147976.62,73988.31,140,10,2,1,2
ACC008006,3,32984.51,10994.84,260,13,3,0,3
ACC008007,1,26103.9,26103.9,0,8,1,0,1
ACC008009,1,10249.86,10249.86,0,14,1,0,1
ACC008010,1,43490.7,43490.7,0,10,1,0,1
ACC008011,1,769.93,769.93,0,3,1,0,1
ACC008013,1,98113.76,98113.76,0,8,1,0,1
ACC008015,1,9654.5,9654.5,0,11,1,0,1
ACC008016,2,100102.66,50051.33,20,22,2,0,2
ACC008017,5,147040.82,29408.16,279,38,5,0,3
ACC008018,2,27676.49,13838.24,272,4,2,0,1
ACC008020,1,20207.97,20207.97,0,9,1,0,1
ACC008023,3,28368.76,9456.25,362,34,3,0,3
ACC008024,2,69577.09,34788.54,278,16,2,0,1
ACC008025,1,77937.85,77937.85,0,7,1,0,1
ACC008026,1,36715.03,36715.03,0,6,1,0,1
ACC008029,2,20815.0,10407.5,104,21,2,0,2
ACC008030,2,11984.32,5992.16,263,11,2,0,2
ACC008032,1,3268.13,3268.13,0,13,1,0,1
ACC008033,1,1208.49,1208.49,0,7,1,0,1
ACC008035,1,25722.63,25722.63,0,12,1,0,1
ACC008037,2,76052.8,38026.4,107,17,2,0,2
ACC008038,1,11615.89,11615.89,0,13,1,0,1
ACC008039,1,27978.03,27978.03,0,13,1,0,1
ACC008043,2,67008.09,33504.04,111,21,2,0,2
ACC008044,3,54739.08,18246.36,148,23,3,0,3
ACC008046,2,43537.7,21768.85,78,22,2,0,2
ACC008047,2,18184.65,9092.33,98,15,2,0,2
ACC008048,2,81136.31,40568.15,95,18,2,0,1
ACC008049,2,15722.88,7861.44,15,28,2,0,2
ACC008050,1,12984.69,12984.69,0,1,1,0,1
ACC008052,1,4890.92,4890.92,0,12,1,0,1
ACC008053,4,83317.26,20829.31,129,22,4,3,3
ACC008056,2,25678.37,12839.19,317,8,2,0,2
ACC008057,2,49454.54,24727.27,113,13,2,0,1
ACC008058,2,11491.34,5745.67,181,15,2,0,2
ACC008059,1,36474.16,36474.16,0,11,1,0,1
ACC008060,2,72839.0,36419.5,42,11,2,0,1
ACC008061,1,9881.12,9881.12,0,6,1,0,1
ACC008062,1,21744.61,21744.61,0,8,1,0,1
ACC008063,4,262019.07,65504.77,83,38,4,0,4
ACC008064,1,2578.54,2578.54,0,10,1,0,1
ACC008065,1,35536.82,35536.82,0,13,1,0,1
ACC008067,1,62721.45,62721.45,0,3,1,0,1
ACC008068,3,60484.99,20161.66,243,22,3,0,1
ACC008069,2,18100.65,9050.33,244,11,2,0,2
ACC008071,1,62551.96,62551.96,0,8,1,0,1
ACC008073,1,11614.84,11614.84,0,14,1,0,1
ACC008075,2,46088.66,23044.33,337,21,2,0,2
ACC008078,1,45447.32,45447.32,0,9,1,0,1
ACC008080,2,24641.1,12320.55,309,24,2,0,1
ACC008081,1,19102.54,19102.54,0,10,1,0,1
ACC008082,1,9098.32,9098.32,0,2,1,0,1
ACC008085,2,33129.55,16564.78,262,24,2,0,2
ACC008086,2,123650.37,61825.18,36,9,2,0,1
ACC008087,2,16913.02,8456.51,53,24,2,0,2
ACC008088,1,4115.53,4115.53,0,13,1,0,1
ACC008089,2,43387.0,21693.5,50,15,2,0,2
ACC008090,1,21557.46,21557.46,0,11,1,0,1
ACC008092,1,33737.71,33737.71,0,2,1,0,1
ACC008093,1,24866.57,24866.57,0,1,1,0,1
ACC008094,1,20454.61,20454.61,0,12,1,0,1
ACC008095,1,7619.93,7619.93,0,7,1,0,1
ACC008096,1,22798.3,22798.3,0,10,1,0,1
ACC008099,2,98575.64,49287.82,128,20,2,0,2
ACC008100,1,20032.14,20032.14,0,6,1,0,1
ACC008101,1,2411.71,2411.71,0,9,1,0,1
ACC008102,1,17117.21,17117.21,0,6,1,1,1
ACC008103,1,13666.16,13666.16,0,14,1,0,1
ACC008104,1,15001.31,15001.31,0,8,1,0,1
ACC008105,1,555.82,555.82,0,7,1,0,1
ACC008106,1,49953.61,49953.61,0,2,1,0,1
ACC008107,1,43741.24,43741.24,0,1,1,0,1
ACC008108,1,556.5,556.5,0,12,1,0,1
ACC008109,1,17861.72,17861.72,0,11,1,0,1
ACC008111,2,126636.75,63318.38,85,20,2,0,2
ACC008112,2,30200.98,15100.49,4,13,2,0,2
ACC008114,1,2207.67,2207.67,0,8,1,0,1
ACC008115,1,169595.69,169595.69,0,7,1,0,1
ACC008120,3,71026.02,23675.34,156,23,3,1,3
ACC008121,2,69346.51,34673.26,190,21,2,0,2
ACC008122,1,26274.52,26274.52,0,4,1,0,1
ACC008124,1,20966.48,20966.48,0,7,1,0,1
ACC008126,1,10555.94,10555.94,0,7,1,0,1
ACC008130,1,47001.32,47001.32,0,3,1,0,1
ACC008131,1,41532.46,41532.46,0,11,1,0,1
ACC008135,2,81781.1,40890.55,39,17,2,0,2
ACC008137,4,172560.01,43140.0,312,37,4,0,4
ACC008138,1,59313.82,59313.82,0,10,1,1,1
ACC008139,2,88417.54,44208.77,208,8,2,0,2
ACC008142,2,49756.14,24878.07,215,13,2,0,2
ACC008143,2,139855.8,69927.9,5,18,2,0,2
ACC008145,1,36245.61,36245.61,0,4,1,0,1
ACC008146,1,144356.17,144356.17,0,1,1,0,1
ACC008147,2,52281.61,26140.81,18,15,2,0,2
ACC008148,1,36888.86,36888.86,0,9,1,0,1
ACC008149,3,53988.51,17996.17,374,21,3,0,2
ACC008150,1,26779.3,26779.3,0,3,1,0,1
ACC008151,2,13730.1,6865.05,15,18,2,0,2
ACC008152,1,74166.06,74166.06,0,8,1,0,1
ACC008155,2,36702.21,18351.1,201,22,2,0,1
ACC008157,1,2729.91,2729.91,0,11,1,0,1
ACC008158,1,36730.18,36730.18,0,14,1,0,1
ACC008160,1,20908.92,20908.92,0,8,1,0,1
ACC008161,3,78179.55,26059.85,248,15,3,0,3
ACC008163,1,42781.02,42781.02,0,3,1,0,1
ACC008164,1,18881.11,18881.11,0,13,1,0,1
ACC008167,1,23611.7,23611.7,0,10,1,0,1
ACC008168,2,48458.47,24229.24,198,13,2,0,2
ACC008170,1,17502.66,17502.66,0,10,1,0,1
ACC008171,1,64069.71,64069.71,0,8,1,0,1
ACC008173,1,62957.38,62957.38,0,7,1,0,1
ACC008174,1,5094.72,5094.72,0,14,1,0,1
ACC008176,2,17881.38,8940.69,327,21,2,0,1
ACC008177,1,6623.78,6623.78,0,12,1,0,1
ACC008178,1,28261.97,28261.97,0,14,1,0,1
ACC008180,1,35936.28,35936.28,0,6,1,0,1
ACC008181,2,55657.42,27828.71,93,16,2,0,1
ACC008183,1,27178.43,27178.43,0,6,1,0,1
ACC008184,1,8400.2,8400.2,0,12,1,0,1
ACC008185,3,203738.64,67912.88,173,23,3,0,2
ACC008186,1,15245.47,15245.47,0,7,1,0,1
ACC008188,1,7257.12,7257.12,0,14,1,0,1
ACC008190,3,28564.69,9521.56,268,7,3,0,2
ACC008191,1,2457.61,2457.61,0,11,1,0,1
ACC008192,1,3723.57,3723.57,0,2,1,0,1
ACC008193,1,15558.43,15558.43,0,12,1,0,1
ACC008194,2,70853.87,35426.93,44,8,2,0,2
ACC008197,2,22108.17,11054.09,45,21,2,0,2
ACC008199,1,52213.89,52213.89,0,5,1,0,1
ACC008200,2,45435.34,22717.67,217,23,2,0,1
ACC008201,1,5668.61,5668.61,0,7,1,0,1
ACC008202,2,74787.82,37393.91,209,21,2,0,2
ACC008204,1,24855.86,24855.86,0,3,1,0,1
ACC008205,2,90481.85,45240.92,81,15,2,0,2
ACC008207,1,54159.19,54159.19,0,13,1,0,1
ACC008209,1,2182.02,2182.02,0,7,1,0,1
ACC008210,2,140176.76,70088.38,264,12,2,0,2
ACC008211,1,4847.74,4847.74,0,7,1,0,1
ACC008212,2,95210.78,47605.39,51,18,2,0,2
ACC008214,1,23403.7,23403.7,0,9,1,0,1
ACC008215,2,35148.2,17574.1,36,23,2,0,2
ACC008216,2,20220.44,10110.22,137,8,2,0,2
ACC008217,1,14421.66,14421.66,0,13,1,0,1
ACC008218,2,82550.37,41275.18,29,17,2,0,2
ACC008219,1,22581.36,22581.36,0,12,1,0,1
ACC008221,1,3441.38,3441.38,0,14,1,0,1
ACC008222,1,14047.34,14047.34,0,7,1,0,1
ACC008223,1,35127.31,35127.31,0,1,1,0,1
ACC008224,1,2305.84,2305.84,0,10,1,0,1
ACC008226,1,6644.51,6644.51,0,3,1,1,1
ACC008227,2,37696.21,18848.1,29,2,2,0,2
ACC008228,3,46985.78,15661.93,129,25,3,0,2
ACC008229,4,71308.21,17827.05,232,49,4,0,3
ACC008231,1,8629.65,8629.65,0,13,1,0,1
ACC008232,2,28927.23,14463.62,197,6,2,0,2
ACC008233,1,89905.01,89905.01,0,6,1,0,1
ACC008236,2,80924.74,40462.37,98,15,2,0,2
ACC008237,4,26400.44,6600.11,123,25,4,0,4
ACC008239,1,113367.18,113367.18,0,1,1,0,1
ACC008242,2,13679.02,6839.51,302,25,2,1,2
ACC008243,3,38348.82,12782.94,258,35,3,0,2
ACC008245,2,56801.1,28400.55,97,10,2,0,2
ACC008248,1,71250.04,71250.04,0,1,1,0,1
ACC008249,1,12997.58,12997.58,0,5,1,0,1
ACC008250,1,4355.07,4355.07,0,2,1,0,1
ACC008251,2,31993.62,15996.81,268,18,2,0,2
ACC008253,1,114750.5,114750.5,0,2,1,0,1
ACC008256,2,176916.35,88458.18,133,16,2,1,1
ACC008257,1,23774.62,23774.62,0,8,1,0,1
ACC008258,1,45517.77,45517.77,0,1,1,0,1
ACC008261,1,5358.69,5358.69,0,4,1,0,1
ACC008262,2,16436.39,8218.19,81,22,2,0,2
ACC008263,2,87305.13,43652.57,125,18,2,0,1
ACC008264,2,42996.68,21498.34,52,15,2,0,1
ACC008265,3,32324.7,10774.9,146,23,3,0,2
ACC008266,1,11959.87,11959.87,0,13,1,0,1
ACC008267,1,7607.0,7607.0,0,5,1,0,1
ACC008269,1,5413.03,5413.03,0,3,1,0,1
ACC008270,1,18389.46,18389.46,0,13,1,0,1
ACC008271,1,2063.49,2063.49,0,9,1,0,1
ACC008274,2,35118.17,17559.08,112,15,2,0,2
ACC008275,1,10570.39,10570.39,0,1,1,0,1
ACC008276,2,25703.59,12851.8,400,6,2,1,2
ACC008281,1,2173.21,2173.21,0,7,1,0,1
ACC008283,2,105355.9,52677.95,131,8,2,0,2
ACC008284,2,47411.05,23705.52,60,16,2,0,2
ACC008286,1,10050.97,10050.97,0,9,1,0,1
ACC008287,3,107906.59,35968.86,12,30,3,1,2
ACC008288,1,22019.0,22019.0,0,9,1,0,1
ACC008289,1,55691.71,55691.71,0,11,1,0,1
ACC008290,2,15256.92,7628.46,124,7,2,0,2
ACC008294,3,110446.94,36815.65,285,15,3,0,2
ACC008295,1,913.77,913.77,0,9,1,0,1
ACC008296,2,119670.42,59835.21,143,21,2,0,2
ACC008298,1,31852.85,31852.85,0,7,1,0,1
ACC008299,1,84910.42,84910.42,0,13,1,1,1
ACC008300,1,34605.76,34605.76,0,6,1,0,1
ACC008302,2,64327.68,32163.84,59,11,2,0,2
ACC008304,1,4292.75,4292.75,0,12,1,0,1
ACC008305,1,54401.78,54401.78,0,10,1,0,1
ACC008306,2,40985.98,20492.99,197,11,2,0,2
ACC008307,1,7707.22,7707.22,0,13,1,0,1
ACC008308,1,9078.14,9078.14,0,14,1,0,1
ACC008309,4,54161.84,13540.46,243,42,4,0,4
ACC008310,1,46777.55,46777.55,0,11,1,0,1
ACC008311,1,41712.57,41712.57,0,3,1,0,1
ACC008312,1,13266.92,13266.92,0,4,1,0,1
ACC008313,1,5077.84,5077.84,0,12,1,0,1
ACC008314,3,216465.57,72155.19,248,24,3,0,3
ACC008316,2,28319.99,14159.99,108,4,2,0,2
ACC008317,1,860.13,860.13,0,11,1,0,1
ACC008319,1,21955.84,21955.84,0,14,1,0,1
ACC008320,2,25102.47,12551.23,246,22,2,0,2
ACC008321,1,4791.68,4791.68,0,1,1,0,1
ACC008323,2,53474.6,26737.3,4,18,2,0,2
ACC008324,1,89825.66,89825.66,0,8,1,0,1
ACC008325,1,18213.14,18213.14,0,12,1,0,1
ACC008326,1,13179.17,13179.17,0,6,1,0,1
ACC008327,3,72828.76,24276.25,210,18,3,0,1
ACC008329,2,99579.91,49789.96,86,11,2,1,2
ACC008330,1,18728.78,18728.78,0,4,1,0,1
ACC008331,1,24626.97,24626.97,0,7,1,0,1
ACC008332,1,5728.04,5728.04,0,11,1,0,1
ACC008333,1,7889.13,7889.13,0,12,1,0,1
ACC008334,1,12813.15,12813.15,0,13,1,0,1
ACC008336,1,15342.77,15342.77,0,11,1,0,1
ACC008339,2,60027.77,30013.88,78,13,2,0,2
ACC008341,1,10776.05,10776.05,0,8,1,0,1
ACC008343,1,30460.16,30460.16,0,2,1,0,1
ACC008344,1,40062.45,40062.45,0,10,1,0,1
ACC008345,2,19072.71,9536.35,202,7,2,0,2
ACC008346,2,39928.21,19964.1,112,11,2,0,2
ACC008347,2,47184.2,23592.1,16,14,2,1,2
ACC008348,1,5242.88,5242.88,0,8,1,0,1
ACC008350,1,1360.95,1360.95,0,13,1,0,1
ACC008351,2,38035.71,19017.85,0,15,2,0,2
ACC008353,1,9320.67,9320.67,0,9,1,0,1
ACC008354,1,5794.93,5794.93,0,1,1,0,1
ACC008356,2,15155.62,7577.81,355,16,2,0,2
ACC008358,1,22687.85,22687.85,0,9,1,0,1
ACC008359,1,8884.17,8884.17,0,13,1,0,1
ACC008360,2,8562.24,4281.12,227,15,2,0,2
ACC008362,2,48521.75,24260.88,17,21,2,0,2
ACC008363,1,520.13,520.13,0,9,1,0,1
ACC008364,3,115532.12,38510.71,128,24,3,0,2
ACC008366,1,8680.94,8680.94,0,13,1,0,1
ACC008368,1,5204.13,5204.13,0,3,1,0,1
ACC008369,2,12222.16,6111.08,16,2,2,0,2
ACC008370,1,16099.65,16099.65,0,1,1,0,1
ACC008371,1,6633.69,6633.69,0,9,1,0,1
ACC008374,2,33740.49,16870.24,141,16,2,0,2
ACC008375,1,55553.9,55553.9,0,9,1,0,1
ACC008376,2,16907.16,8453.58,321,16,2,0,2
ACC008379,1,9616.17,9616.17,0,6,1,0,1
ACC008380,4,88841.3,22210.32,389,27,4,1,3
ACC008383,1,1291.83,1291.83,0,8,1,0,1
ACC008384,1,3007.06,3007.06,0,4,1,0,1
ACC008386,3,32197.88,10732.63,282,10,3,1,3
ACC008388,2,16642.53,8321.26,58,17,2,0,2
ACC008389,1,8695.3,8695.3,0,1,1,1,1
ACC008390,1,2745.89,2745.89,0,2,1,0,1
ACC008391,3,46443.25,15481.08,133,14,3,0,3
ACC008392,1,17973.53,17973.53,0,2,1,0,1
ACC008393,2,65357.07,32678.53,96,8,2,1,2
ACC008397,1,53197.82,53197.82,0,6,1,0,1
ACC008399,1,1495.51,1495.51,0,1,1,0,1
ACC008401,1,10614.34,10614.34,0,7,1,0,1
ACC008402,1,63707.14,63707.14,0,5,1,0,1
ACC008403,2,21959.16,10979.58,139,17,2,0,2
ACC008404,1,5342.68,5342.68,0,10,1,0,1
ACC008405,2,150544.32,75272.16,37,15,2,0,1
ACC008406,3,115993.54,38664.51,192,32,3,0,3
ACC008408,1,14263.29,14263.29,0,14,1,0,1
ACC008410,2,31185.57,15592.78,23,23,2,0,1
ACC008412,1,54625.47,54625.47,0,1,1,0,1
ACC008413,2,5853.2,2926.6,132,23,2,0,2
ACC008414,1,2564.55,2564.55,0,12,1,0,1
ACC008415,2,93701.93,46850.97,54,17,2,0,2
ACC008416,1,25729.98,25729.98,0,6,1,0,1
ACC008417,2,45700.78,22850.39,209,17,2,1,2
ACC008418,2,66023.89,33011.94,79,4,2,0,2
ACC008419,1,56513.3,56513.3,0,8,1,0,1
ACC008420,2,23353.59,11676.8,8,4,2,0,2
ACC008421,2,43782.53,21891.26,9,15,2,0,2
ACC008422,1,1696.88,1696.88,0,14,1,0,1
ACC008423,1,58729.36,58729.36,0,12,1,1,1
ACC008424,2,55360.4,27680.2,19,15,2,0,2
ACC008425,2,17378.66,8689.33,183,16,2,0,2
ACC008428,1,17284.36,17284.36,0,5,1,0,1
ACC008429,1,11678.5,11678.5,0,1,1,0,1
ACC008430,1,26064.9,26064.9,0,4,1,0,1
ACC008431,1,10252.23,10252.23,0,11,1,0,1
ACC008432,1,4776.49,4776.49,0,3,1,0,1
ACC008433,3,148106.96,49368.99,256,22,3,0,3
ACC008434,1,3666.31,3666.31,0,5,1,0,1
ACC008435,1,26943.96,26943.96,0,3,1,0,1
ACC008436,1,7985.74,7985.74,0,5,1,0,1
ACC008437,1,23224.72,23224.72,0,3,1,0,1
ACC008438,1,65905.7,65905.7,0,5,1,0,1
ACC008439,1,18642.67,18642.67,0,4,1,0,1
ACC008440,2,24657.1,12328.55,216,19,2,0,2
ACC008442,1,93090.46,93090.46,0,14,1,0,1
ACC008444,3,57321.38,19107.13,156,34,3,0,2
ACC008445,1,19769.1,19769.1,0,7,1,0,1
ACC008446,1,10305.07,10305.07,0,2,1,0,1
ACC008448,2,104851.09,52425.54,13,7,2,0,2
ACC008451,2,63326.53,31663.26,149,16,2,0,2
ACC008452,2,38179.81,19089.9,200,26,2,0,2
ACC008454,1,7079.04,7079.04,0,11,1,1,1
ACC008455,2,60270.46,30135.23,136,14,2,0,2
ACC008456,2,19498.05,9749.02,354,4,2,1,1
ACC008457,1,36147.89,36147.89,0,6,1,0,1
ACC008459,1,48133.58,48133.58,0,12,1,0,1
ACC008462,5,120993.45,24198.69,221,34,5,0,3
ACC008463,3,64993.6,21664.53,160,33,3,0,2
ACC008464,2,82711.34,41355.67,112,10,2,0,2
ACC008466,1,40063.44,40063.44,0,11,1,0,1
ACC008470,1,17962.5,17962.5,0,9,1,1,1
ACC008471,2,16298.19,8149.1,98,12,2,0,2
ACC008472,1,27486.1,27486.1,0,14,1,0,1
ACC008473,1,4618.9,4618.9,0,12,1,0,1
ACC008476,3,99042.82,33014.27,283,8,3,0,1
ACC008478,1,19982.94,19982.94,0,5,1,1,1
ACC008480,2,134974.22,67487.11,223,11,2,0,2
ACC008481,2,172781.88,86390.94,441,17,2,1,2
ACC008482,2,53480.39,26740.19,231,18,2,0,2
ACC008484,5,71275.22,14255.04,172,55,5,0,4
ACC008486,1,16784.14,16784.14,0,12,1,0,1
ACC008488,1,78508.9,78508.9,0,13,1,0,1
ACC008489,1,65730.38,65730.38,0,14,1,0,1
ACC008490,2,24607.49,12303.74,29,12,2,0,2
ACC008491,2,113036.77,56518.39,31,17,2,0,2
ACC008492,1,19728.18,19728.18,0,1,1,0,1
ACC008493,1,17927.4,17927.4,0,2,1,0,1
ACC008494,2,39701.92,19850.96,34,15,2,0,2
ACC008495,1,11766.58,11766.58,0,8,1,0,1
ACC008496,2,26876.2,13438.1,292,14,2,1,1
ACC008497,1,21201.39,21201.39,0,3,1,0,1
ACC008498,1,24627.64,24627.64,0,11,1,0,1
ACC008499,1,22724.17,22724.17,0,7,1,0,1
ACC008501,1,7138.69,7138.69,0,14,1,0,1
ACC008506,1,17097.35,17097.35,0,13,1,0,1
ACC008509,1,10926.87,10926.87,0,5,1,0,1
ACC008512,3,97973.68,32657.89,248,24,3,0,3
ACC008516,1,22445.53,22445.53,0,6,1,0,1
ACC008519,1,53357.64,53357.64,0,1,1,0,1
ACC008520,1,2648.46,2648.46,0,5,1,0,1
ACC008521,2,8249.33,4124.66,120,22,2,0,2
ACC008524,3,60745.28,20248.43,147,31,3,0,3
ACC008526,2,148453.88,74226.94,134,26,2,0,2
ACC008527,1,17794.51,17794.51,0,5,1,0,1
ACC008528,1,7126.25,7126.25,0,12,1,1,1
ACC008530,1,20749.7,20749.7,0,4,1,0,1
ACC008531,2,62481.38,31240.69,15,18,2,0,2
ACC008532,2,37946.09,18973.05,53,14,2,0,2
ACC008533,1,3158.55,3158.55,0,10,1,0,1
ACC008535,1,17907.18,17907.18,0,8,1,0,1
ACC008536,2,39891.07,19945.53,114,17,2,0,2
ACC008537,1,14551.25,14551.25,0,4,1,0,1
ACC008540,1,24995.9,24995.9,0,5,1,0,1
ACC008541,1,8250.74,8250.74,0,9,1,0,1
ACC008542,3,44652.47,14884.16,309,23,3,0,2
ACC008544,2,68386.74,34193.37,159,19,2,0,2
ACC008545,1,11103.0,11103.0,0,10,1,1,1
ACC008546,2,40091.08,20045.54,156,16,2,0,2
ACC008552,1,25714.42,25714.42,0,11,1,0,1
ACC008553,3,34131.46,11377.15,247,13,3,0,3
ACC008555,1,24910.52,24910.52,0,12,1,1,1
ACC008557,2,62687.17,31343.58,79,25,2,0,2
ACC008559,1,4944.84,4944.84,0,12,1,0,1
ACC008561,1,10371.89,10371.89,0,6,1,0,1
ACC008564,1,520.26,520.26,0,14,1,1,1
ACC008566,3,117497.02,39165.67,265,22,3,1,3
ACC008567,1,31260.67,31260.67,0,9,1,0,1
ACC008568,1,20110.21,20110.21,0,6,1,0,1
ACC008569,1,30867.57,30867.57,0,13,1,0,1
ACC008570,2,8721.85,4360.93,92,21,2,0,2
ACC008571,2,32700.15,16350.08,79,18,2,0,1
ACC008573,1,5991.01,5991.01,0,12,1,0,1
ACC008577,1,58171.25,58171.25,0,2,1,0,1
ACC008579,2,70795.84,35397.92,196,19,2,0,2
ACC008581,1,10805.73,10805.73,0,5,1,0,1
ACC008587,2,57374.76,28687.38,81,13,2,0,2
ACC008588,1,1418.51,1418.51,0,9,1,0,1
ACC008589,1,20298.79,20298.79,0,12,1,0,1
ACC008590,3,61337.82,20445.94,268,11,3,0,3
ACC008591,1,12113.98,12113.98,0,3,1,0,1
ACC008593,1,42928.81,42928.81,0,11,1,0,1
ACC008596,1,24010.99,24010.99,0,13,1,0,1
ACC008597,2,62084.47,31042.24,150,12,2,0,2
ACC008602,3,34053.75,11351.25,237,18,3,0,2
ACC008603,1,1320.04,1320.04,0,8,1,0,1
ACC008604,1,8324.63,8324.63,0,3,1,0,1
ACC008605,2,40620.0,20310.0,232,21,2,0,2
ACC008606,1,28355.59,28355.59,0,8,1,0,1
ACC008607,2,78843.89,39421.94,118,16,2,0,2
ACC008609,1,14561.32,14561.32,0,9,1,0,1
ACC008610,2,49738.24,24869.12,76,11,2,0,2
ACC008611,1,7404.11,7404.11,0,10,1,0,1
ACC008613,1,43299.99,43299.99,0,9,1,0,1
ACC008614,1,144371.79,144371.79,0,11,1,1,1
ACC008615,2,80813.58,40406.79,142,14,2,0,2
ACC008618,2,30559.68,15279.84,100,16,2,0,2
ACC008620,2,25481.97,12740.99,198,5,2,0,1
ACC008622,3,102439.03,34146.34,110,23,3,0,2
ACC008625,1,45002.38,45002.38,0,8,1,0,1
ACC008627,1,11324.6,11324.6,0,12,1,0,1
ACC008629,1,13545.8,13545.8,0,3,1,0,1
ACC008630,1,64897.0,64897.0,0,5,1,0,1
ACC008631,2,53212.16,26606.08,37,15,2,0,2
ACC008632,2,97141.26,48570.63,123,15,2,0,2
ACC008634,1,14876.32,14876.32,0,8,1,0,1
ACC008635,1,26775.95,26775.95,0,10,1,0,1
ACC008636,1,14948.55,14948.55,0,5,1,0,1
ACC008638,1,6583.2,6583.2,0,12,1,0,1
ACC008640,1,34860.59,34860.59,0,13,1,0,1
ACC008641,3,33055.38,11018.46,329,6,3,0,3
ACC008643,2,123885.13,61942.57,14,5,2,0,2
ACC008644,2,59721.18,29860.59,325,25,2,0,2
ACC008645,2,40763.6,20381.8,43,16,2,0,2
ACC008647,2,52131.26,26065.63,156,17,2,0,2
ACC008648,1,2030.55,2030.55,0,10,1,1,1
ACC008651,3,99761.54,33253.85,323,17,3,1,2
ACC008653,2,141242.92,70621.46,51,20,2,0,2
ACC008654,1,5385.24,5385.24,0,4,1,0,1
ACC008655,2,34330.72,17165.36,20,22,2,0,1
ACC008656,1,7469.33,7469.33,0,9,1,1,1
ACC008658,1,14074.05,14074.05,0,1,1,0,1
ACC008661,1,9481.28,9481.28,0,4,1,0,1
ACC008662,1,100278.86,100278.86,0,13,1,0,1
ACC008664,2,41292.89,20646.44,25,16,2,0,2
ACC008666,1,29357.63,29357.63,0,9,1,0,1
ACC008671,2,77074.08,38537.04,141,15,2,0,1
ACC008673,1,94474.36,94474.36,0,2,1,0,1
ACC008675,2,22729.47,11364.74,142,21,2,0,2
ACC008676,1,13662.99,13662.99,0,13,1,0,1
ACC008677,1,1728.44,1728.44,0,2,1,0,1
ACC008678,2,62145.68,31072.84,102,22,2,0,2
ACC008679,2,72558.74,36279.37,56,15,2,1,2
ACC008680,1,26619.8,26619.8,0,2,1,0,1
ACC008681,2,43590.72,21795.36,43,19,2,0,2
ACC008682,2,63974.84,31987.42,56,15,2,0,2
ACC008683,2,53997.67,26998.84,178,18,2,0,2
ACC008684,2,56436.96,28218.48,386,22,2,1,2
ACC008685,1,27696.98,27696.98,0,6,1,0,1
ACC008686,1,46767.59,46767.59,0,12,1,0,1
ACC008688,2,111570.89,55785.44,117,8,2,0,2
ACC008689,2,37123.23,18561.62,56,8,2,0,1
ACC008690,1,902.6,902.6,0,3,1,1,1
ACC008695,1,8357.11,8357.11,0,3,1,0,1
ACC008696,1,77766.31,77766.31,0,13,1,0,1
ACC008697,2,203259.13,101629.57,180,15,2,0,2
ACC008698,2,38449.02,19224.51,133,24,2,0,2
ACC008700,2,95767.97,47883.99,329,20,2,0,2
ACC008701,2,91888.25,45944.12,89,9,2,0,2
ACC008702,3,21788.61,7262.87,243,27,3,0,3
ACC008703,1,27159.6,27159.6,0,11,1,0,1
ACC008704,4,82976.96,20744.24,230,16,4,0,3
ACC008705,1,7618.95,7618.95,0,4,1,0,1
ACC008707,1,29695.53,29695.53,0,14,1,0,1
ACC008708,3,69820.8,23273.6,105,18,3,0,2
ACC008709,2,11124.75,5562.38,196,22,2,0,2
ACC008710,1,3553.81,3553.81,0,3,1,0,1
ACC008711,2,11637.27,5818.64,27,15,2,1,2
ACC008712,1,101162.64,101162.64,0,7,1,0,1
ACC008715,1,47074.45,47074.45,0,6,1,0,1
ACC008717,2,18014.49,9007.25,240,6,2,0,2
ACC008719,1,28379.44,28379.44,0,2,1,0,1
ACC008721,1,19180.03,19180.03,0,9,1,0,1
ACC008725,2,43889.52,21944.76,164,5,2,0,1
ACC008728,5,94938.8,18987.76,293,42,5,0,5
ACC008729,1,11616.45,11616.45,0,9,1,0,1
ACC008730,1,15435.22,15435.22,0,8,1,0,1
ACC008732,2,30272.19,15136.1,295,19,2,0,2
ACC008733,1,34440.02,34440.02,0,14,1,0,1
ACC008734,1,3482.32,3482.32,0,1,1,0,1
ACC008735,2,15761.59,7880.8,0,10,2,0,2
ACC008736,3,58819.9,19606.63,241,24,3,0,3
ACC008737,3,98152.63,32717.54,307,11,3,0,2
ACC008738,2,73209.55,36604.78,321,9,2,1,2
ACC008739,2,36878.07,18439.03,219,9,2,0,2
ACC008741,1,206993.36,206993.36,0,13,1,0,1
ACC008742,1,542.74,542.74,0,5,1,0,1
ACC008743,1,36256.46,36256.46,0,7,1,0,1
ACC008745,2,29652.0,14826.0,174,9,2,0,2
ACC008747,3,25717.83,8572.61,399,18,3,0,2
ACC008751,2,60377.3,30188.65,168,22,2,0,2
ACC008752,1,6490.45,6490.45,0,1,1,0,1
ACC008754,1,37576.28,37576.28,0,2,1,0,1
ACC008755,2,12958.23,6479.11,93,15,2,0,1
ACC008756,1,553.19,553.19,0,1,1,0,1
ACC008757,2,7643.58,3821.79,1,9,2,0,2
ACC008759,4,135475.46,33868.86,192,23,4,0,3
ACC008760,1,54275.98,54275.98,0,9,1,1,1
ACC008761,1,34794.89,34794.89,0,5,1,0,1
ACC008762,1,3027.59,3027.59,0,3,1,0,1
ACC008763,1,9018.04,9018.04,0,6,1,1,1
ACC008764,3,111571.74,37190.58,101,21,3,0,3
ACC008766,2,37932.62,18966.31,13,8,2,0,2
ACC008767,2,39446.82,19723.41,20,13,2,0,2
ACC008768,3,60222.85,20074.28,300,18,3,0,2
ACC008769,1,101472.29,101472.29,0,11,1,0,1
ACC008770,1,24536.18,24536.18,0,3,1,1,1
ACC008771,1,49611.47,49611.47,0,13,1,0,1
ACC008772,1,35914.91,35914.91,0,14,1,0,1
ACC008773,3,96131.17,32043.72,303,33,3,0,3
ACC008774,2,55939.09,27969.54,225,4,2,0,2
ACC008775,2,41669.8,20834.9,69,13,2,0,2
ACC008776,3,37132.32,12377.44,197,19,3,0,2
ACC008777,3,59441.74,19813.91,59,19,3,0,2
ACC008779,3,127032.8,42344.27,284,18,3,0,3
ACC008781,2,7155.41,3577.7,31,11,2,0,2
ACC008784,2,21029.73,10514.86,173,21,2,0,1
ACC008785,1,20714.68,20714.68,0,4,1,0,1
ACC008788,1,1325.73,1325.73,0,11,1,0,1
ACC008789,1,18833.66,18833.66,0,10,1,0,1
ACC008790,1,6441.98,6441.98,0,3,1,0,1
ACC008791,2,63602.86,31801.43,47,9,2,1,2
ACC008792,1,14503.59,14503.59,0,13,1,0,1
ACC008793,1,3095.66,3095.66,0,8,1,1,1
ACC008795,3,33256.22,11085.41,266,19,3,0,3
ACC008796,3,81453.42,27151.14,125,33,3,0,3
ACC008798,1,2659.45,2659.45,0,12,1,0,1
ACC008799,2,32158.18,16079.09,92,18,2,0,2
ACC008802,1,70414.26,70414.26,0,11,1,0,1
ACC008803,2,34827.4,17413.7,25,24,2,2,2
ACC008804,1,168230.93,168230.93,0,2,1,0,1
ACC008807,2,21614.47,10807.24,238,23,2,0,2
ACC008808,5,108696.01,21739.2,308,47,5,2,4
ACC008809,1,37552.53,37552.53,0,7,1,0,1
ACC008810,1,47979.64,47979.64,0,4,1,0,1
ACC008812,2,28198.58,14099.29,81,6,2,0,2
ACC008813,1,9973.44,9973.44,0,7,1,0,1
ACC008814,2,43463.42,21731.71,191,21,2,0,2
ACC008815,1,24151.41,24151.41,0,14,1,0,1
ACC008817,2,130898.67,65449.33,208,9,2,0,2
ACC008819,2,70000.57,35000.28,25,22,2,0,2
ACC008820,2,71460.91,35730.46,144,10,2,0,2
ACC008822,1,54508.15,54508.15,0,1,1,0,1
ACC008825,1,18678.48,18678.48,0,6,1,0,1
ACC008827,1,1368.14,1368.14,0,11,1,0,1
ACC008828,1,2700.58,2700.58,0,10,1,0,1
ACC008829,1,26529.81,26529.81,0,11,1,0,1
ACC008830,3,14055.93,4685.31,308,18,3,0,2
ACC008836,1,48322.63,48322.63,0,6,1,0,1
ACC008837,2,40678.87,20339.43,181,26,2,0,2
ACC008838,1,47762.14,47762.14,0,7,1,0,1
ACC008839,2,72381.43,36190.71,276,12,2,0,2
ACC008840,1,2451.43,2451.43,0,14,1,0,1
ACC008841,1,15633.23,15633.23,0,3,1,0,1
ACC008842,2,31110.81,15555.41,115,16,2,0,2
ACC008843,1,849.68,849.68,0,13,1,0,1
ACC008845,1,23850.69,23850.69,0,2,1,0,1
ACC008846,1,12958.39,12958.39,0,1,1,0,1
ACC008847,2,11239.5,5619.75,250,21,2,1,2
ACC008848,2,31317.28,15658.64,5,17,2,0,2
ACC008849,1,4256.98,4256.98,0,5,1,0,1
ACC008850,2,73522.05,36761.03,36,22,2,0,2
ACC008857,2,80159.53,40079.76,191,13,2,0,2
ACC008858,1,4198.77,4198.77,0,3,1,0,1
ACC008860,1,5770.38,5770.38,0,2,1,0,1
ACC008864,2,30845.56,15422.78,171,12,2,1,2
ACC008865,1,28939.34,28939.34,0,3,1,0,1
ACC008866,1,9036.46,9036.46,0,12,1,0,1
ACC008867,3,47146.05,15715.35,264,21,3,0,3
ACC008868,2,71109.7,35554.85,22,18,2,0,2
ACC008869,1,5899.85,5899.85,0,11,1,0,1
ACC008870,4,53925.84,13481.46,310,29,4,1,3
ACC008873,1,63431.42,63431.42,0,1,1,0,1
ACC008875,3,143139.52,47713.17,189,30,3,0,3
ACC008877,3,140484.43,46828.14,109,6,3,0,2
ACC008878,2,43393.72,21696.86,287,14,2,0,2
ACC008879,2,10225.0,5112.5,265,7,2,0,2
ACC008880,2,36439.77,18219.89,83,16,2,0,2
ACC008881,1,29562.63,29562.63,0,9,1,0,1
ACC008883,1,4482.25,4482.25,0,1,1,1,1
ACC008885,2,10892.78,5446.39,204,24,2,0,2
ACC008887,1,5397.33,5397.33,0,11,1,0,1
ACC008889,1,16842.97,16842.97,0,11,1,0,1
ACC008890,3,121682.04,40560.68,60,30,3,0,2
ACC008892,1,44335.46,44335.46,0,10,1,0,1
ACC008893,1,5513.35,5513.35,0,10,1,0,1
ACC008894,2,96706.4,48353.2,62,14,2,0,2
ACC008896,3,16294.79,5431.6,109,18,3,0,2
ACC008898,2,69343.08,34671.54,328,15,2,0,2
ACC008899,1,1390.36,1390.36,0,13,1,0,1
ACC008900,3,49910.35,16636.78,240,22,3,0,3
ACC008901,2,31034.4,15517.2,209,17,2,1,2
ACC008903,2,116876.37,58438.18,24,6,2,0,2
ACC008904,4,37808.54,9452.13,288,39,4,0,3
ACC008905,1,42144.02,42144.02,0,8,1,0,1
ACC008906,1,10086.69,10086.69,0,5,1,0,1
ACC008907,2,7946.63,3973.32,17,5,2,0,2
ACC008908,1,6268.61,6268.61,0,4,1,0,1
ACC008910,2,116150.87,58075.43,26,27,2,0,2
ACC008911,2,45201.77,22600.89,269,10,2,0,2
ACC008912,1,10158.29,10158.29,0,13,1,0,1
ACC008913,1,1194.81,1194.81,0,6,1,0,1
ACC008915,1,43127.27,43127.27,0,8,1,0,1
ACC008918,2,40979.74,20489.87,285,20,2,0,1
ACC008919,1,2164.41,2164.41,0,1,1,0,1
ACC008921,3,136810.23,45603.41,108,23,3,0,2
ACC008922,2,54054.7,27027.35,8,17,2,0,2
ACC008923,1,7509.28,7509.28,0,8,1,0,1
ACC008927,1,14014.45,14014.45,0,12,1,0,1
ACC008928,1,6689.78,6689.78,0,4,1,0,1
ACC008929,1,2616.31,2616.31,0,2,1,0,1
ACC008931,1,45613.4,45613.4,0,2,1,0,1
ACC008933,1,32768.13,32768.13,0,11,1,1,1
ACC008934,1,8140.86,8140.86,0,12,1,0,1
ACC008935,1,15123.39,15123.39,0,14,1,0,1
ACC008936,1,4530.27,4530.27,0,9,1,0,1
ACC008937,3,67644.73,22548.24,119,24,3,0,1
ACC008938,2,39405.09,19702.55,163,14,2,0,2
ACC008941,1,12746.41,12746.41,0,11,1,0,1
ACC008943,1,27186.83,27186.83,0,3,1,0,1
ACC008944,1,20493.25,20493.25,0,6,1,0,1
ACC008945,1,116165.92,116165.92,0,5,1,0,1
ACC008947,1,45841.68,45841.68,0,6,1,0,1
ACC008948,1,35598.67,35598.67,0,7,1,0,1
ACC008951,1,22974.21,22974.21,0,1,1,0,1
ACC008952,2,73652.13,36826.07,340,8,2,0,2
ACC008953,1,45662.93,45662.93,0,7,1,0,1
ACC008954,1,49408.35,49408.35,0,4,1,1,1
ACC008955,1,3977.12,3977.12,0,5,1,0,1
ACC008956,2,36138.95,18069.47,283,26,2,0,2
ACC008957,1,48942.75,48942.75,0,5,1,0,1
ACC008958,2,21129.72,10564.86,93,11,2,0,2
ACC008959,1,5693.86,5693.86,0,1,1,0,1
ACC008961,2,148447.72,74223.86,121,14,2,0,1
ACC008962,1,72286.8,72286.8,0,3,1,0,1
ACC008963,1,21591.27,21591.27,0,1,1,0,1
ACC008965,1,8233.65,8233.65,0,11,1,0,1
ACC008966,1,19093.85,19093.85,0,11,1,0,1
ACC008968,1,18964.36,18964.36,0,9,1,0,1
ACC008971,1,13728.02,13728.02,0,9,1,0,1
ACC008973,1,80765.39,80765.39,0,11,1,0,1
ACC008974,1,17069.24,17069.24,0,1,1,0,1
ACC008976,1,2940.3,2940.3,0,3,1,0,1
ACC008978,2,11501.77,5750.89,101,11,2,0,2
ACC008979,1,16225.24,16225.24,0,11,1,0,1
ACC008980,2,37869.36,18934.68,158,7,2,0,2
ACC008983,1,13382.54,13382.54,0,9,1,0,1
ACC008984,1,6243.55,6243.55,0,4,1,0,1
ACC008985,1,7606.98,7606.98,0,3,1,0,1
ACC008986,1,3025.36,3025.36,0,14,1,0,1
ACC008988,1,60661.7,60661.7,0,9,1,0,1
ACC008990,1,1107.51,1107.51,0,13,1,0,1
ACC008994,1,5801.74,5801.74,0,10,1,0,1
ACC008996,2,56646.11,28323.06,175,8,2,0,1
ACC008997,2,36420.67,18210.33,203,14,2,0,2
ACC008999,1,64176.01,64176.01,0,3,1,0,1
ACC009000,2,19566.41,9783.2,63,17,2,0,2
ACC009003,1,47368.15,47368.15,0,9,1,0,1
ACC009004,1,35901.77,35901.77,0,14,1,0,1
ACC009005,2,142202.12,71101.06,309,9,2,0,2
ACC009006,3,71519.51,23839.84,235,18,3,1,3
ACC009007,1,73443.21,73443.21,0,12,1,0,1
ACC009008,1,2816.79,2816.79,0,1,1,0,1
ACC009009,1,42205.25,42205.25,0,13,1,0,1
ACC009010,1,175677.16,175677.16,0,5,1,0,1
ACC009011,1,5394.5,5394.5,0,1,1,0,1
ACC009012,1,22178.27,22178.27,0,4,1,0,1
ACC009013,2,17430.12,8715.06,40,14,2,0,2
ACC009014,2,26304.25,13152.12,16,9,2,0,2
ACC009015,1,95189.31,95189.31,0,13,1,0,1
ACC009016,1,34006.96,34006.96,0,13,1,0,1
ACC009017,2,46319.24,23159.62,230,14,2,0,2
ACC009018,1,19701.25,19701.25,0,10,1,0,1
ACC009019,1,67810.11,67810.11,0,2,1,0,1
ACC009021,1,4026.79,4026.79,0,11,1,0,1
ACC009025,2,151017.63,75508.82,62,3,2,0,2
ACC009026,2,82137.44,41068.72,100,21,2,0,1
ACC009027,1,56702.32,56702.32,0,4,1,0,1
ACC009029,1,29395.16,29395.16,0,2,1,1,1
ACC009030,1,44099.17,44099.17,0,13,1,1,1
ACC009032,2,49237.66,24618.83,95,15,2,0,2
ACC009033,2,57980.96,28990.48,219,13,2,0,2
ACC009034,3,68710.28,22903.43,198,28,3,0,2
ACC009036,1,5277.21,5277.21,0,4,1,0,1
ACC009037,1,8199.1,8199.1,0,13,1,0,1
ACC009039,2,181702.58,90851.29,100,6,2,0,2
ACC009040,1,24268.12,24268.12,0,13,1,0,1
ACC009042,2,35078.71,17539.35,5,12,2,2,2
ACC009043,1,79584.94,79584.94,0,4,1,0,1
ACC009044,3,68317.76,22772.59,325,23,3,0,3
ACC009045,1,12768.81,12768.81,0,7,1,0,1
ACC009047,2,59299.74,29649.87,280,12,2,0,2
ACC009048,4,84905.62,21226.4,235,33,4,0,4
ACC009049,2,21228.71,10614.35,97,7,2,0,2
ACC009050,1,3069.12,3069.12,0,10,1,0,1
ACC009051,2,13577.63,6788.82,62,13,2,1,2
ACC009053,1,44759.97,44759.97,0,1,1,0,1
ACC009055,1,8515.02,8515.02,0,6,1,0,1
ACC009056,1,15571.47,15571.47,0,11,1,0,1
ACC009060,1,12212.29,12212.29,0,6,1,0,1
ACC009062,3,125413.03,41804.34,334,18,3,0,2
ACC009063,2,59960.22,29980.11,115,7,2,1,2
ACC009064,1,14527.27,14527.27,0,14,1,0,1
ACC009065,3,70042.69,23347.56,324,30,3,0,3
ACC009068,1,22772.46,22772.46,0,10,1,1,1
ACC009069,3,64211.42,21403.81,357,25,3,0,3
ACC009073,1,15797.67,15797.67,0,11,1,0,1
ACC009076,4,106657.1,26664.27,371,22,4,1,3
ACC009077,1,7493.73,7493.73,0,8,1,0,1
ACC009078,2,65117.47,32558.74,121,19,2,0,2
ACC009079,2,33475.73,16737.86,74,23,2,0,2
ACC009081,2,23220.31,11610.16,125,15,2,1,2
ACC009083,3,69122.94,23040.98,115,9,3,1,3
ACC009084,1,24264.28,24264.28,0,7,1,0,1
ACC009086,1,32698.59,32698.59,0,2,1,0,1
ACC009087,1,15236.99,15236.99,0,8,1,0,1
ACC009088,1,58506.3,58506.3,0,4,1,0,1
ACC009089,1,37021.95,37021.95,0,10,1,0,1
ACC009090,2,54461.37,27230.68,166,6,2,0,2
ACC009091,1,15113.49,15113.49,0,8,1,0,1
ACC009092,2,18573.09,9286.55,436,9,2,1,2
ACC009093,1,30056.89,30056.89,0,5,1,0,1
ACC009094,4,68934.23,17233.56,368,25,4,0,3
ACC009095,1,5985.84,5985.84,0,14,1,0,1
ACC009096,1,16450.53,16450.53,0,13,1,1,1
ACC009099,2,55728.61,27864.31,27,11,2,0,2
ACC009102,3,48127.37,16042.46,249,34,3,0,3
ACC009103,1,15123.74,15123.74,0,10,1,0,1
ACC009104,1,15639.77,15639.77,0,3,1,0,1
ACC009105,1,4146.44,4146.44,0,13,1,0,1
ACC009106,2,39258.14,19629.07,127,17,2,0,2
ACC009107,1,8891.3,8891.3,0,9,1,0,1
ACC009108,1,2208.62,2208.62,0,6,1,0,1
ACC009109,1,2693.59,2693.59,0,4,1,0,1
ACC009113,3,75566.19,25188.73,200,28,3,0,3
ACC009116,2,79329.45,39664.73,310,12,2,0,2
ACC009118,1,35261.12,35261.12,0,12,1,0,1
ACC009119,2,19907.71,9953.85,26,20,2,0,2
ACC009120,2,8605.49,4302.74,136,18,2,1,2
ACC009121,1,18166.81,18166.81,0,13,1,0,1
ACC009122,1,36767.1,36767.1,0,1,1,0,1
ACC009125,2,46795.77,23397.88,63,12,2,0,2
ACC009126,2,9089.38,4544.69,111,25,2,0,2
ACC009127,1,42172.69,42172.69,0,11,1,0,1
ACC009130,1,3734.54,3734.54,0,9,1,0,1
ACC009131,1,6565.7,6565.7,0,8,1,0,1
ACC009132,1,961.3,961.3,0,5,1,0,1
ACC009133,1,683.61,683.61,0,11,1,0,1
ACC009135,1,38218.54,38218.54,0,5,1,0,1
ACC009137,2,31181.74,15590.87,339,21,2,0,2
ACC009140,2,29069.87,14534.93,259,15,2,0,1
ACC009141,1,29011.04,29011.04,0,9,1,0,1
ACC009143,2,38368.24,19184.12,268,11,2,1,2
ACC009144,1,17219.18,17219.18,0,7,1,0,1
ACC009145,2,14959.13,7479.57,366,19,2,0,1
ACC009147,3,31523.1,10507.7,178,29,3,0,2
ACC009148,1,15887.66,15887.66,0,2,1,0,1
ACC009150,1,6716.26,6716.26,0,7,1,0,1
ACC009151,1,8434.82,8434.82,0,3,1,0,1
ACC009154,1,16738.87,16738.87,0,12,1,0,1
ACC009156,1,6232.99,6232.99,0,14,1,0,1
ACC009157,3,110861.64,36953.88,376,21,3,0,2
ACC009158,1,13540.25,13540.25,0,7,1,1,1
ACC009159,3,60282.6,20094.2,194,19,3,0,3
ACC009160,2,51824.06,25912.03,200,11,2,0,2
ACC009161,2,24675.41,12337.7,176,19,2,0,2
ACC009162,1,52305.96,52305.96,0,3,1,0,1
ACC009164,2,54106.5,27053.25,196,6,2,1,1
ACC009165,2,17183.39,8591.69,166,20,2,0,2
ACC009168,2,49295.36,24647.68,9,17,2,2,2
ACC009170,2,25397.12,12698.56,90,10,2,0,2
ACC009171,1,33923.43,33923.43,0,1,1,0,1
ACC009173,1,33308.88,33308.88,0,13,1,0,1
ACC009174,1,29748.92,29748.92,0,14,1,0,1
ACC009175,3,65652.01,21884.0,173,9,3,0,2
ACC009176,3,125901.61,41967.2,286,21,3,0,3
ACC009178,2,62036.92,31018.46,357,12,2,0,2
ACC009181,1,6239.72,6239.72,0,3,1,0,1
ACC009185,2,79161.56,39580.78,277,11,2,0,2
ACC009186,1,650.64,650.64,0,10,1,1,1
ACC009187,1,3693.47,3693.47,0,11,1,0,1
ACC009189,1,20018.09,20018.09,0,13,1,0,1
ACC009193,1,14463.58,14463.58,0,4,1,0,1
ACC009194,1,12642.74,12642.74,0,13,1,0,1
ACC009195,1,15484.78,15484.78,0,10,1,0,1
ACC009196,2,90864.54,45432.27,152,5,2,1,2
ACC009199,1,57564.06,57564.06,0,7,1,0,1
ACC009200,1,13484.93,13484.93,0,12,1,0,1
ACC009201,2,66640.4,33320.2,167,17,2,1,2
ACC009202,1,1315.98,1315.98,0,1,1,0,1
ACC009203,1,12391.4,12391.4,0,11,1,0,1
ACC009204,2,26997.61,13498.81,29,9,2,0,1
ACC009205,1,3967.47,3967.47,0,8,1,0,1
ACC009208,1,5243.3,5243.3,0,4,1,0,1
ACC009211,2,23348.16,11674.08,289,20,2,0,2
ACC009212,2,68356.44,34178.22,56,23,2,0,2
ACC009213,1,24850.74,24850.74,0,4,1,0,1
ACC009215,1,83698.22,83698.22,0,11,1,0,1
ACC009216,2,44539.36,22269.68,181,16,2,0,1
ACC009217,2,51346.33,25673.17,110,13,2,0,2
ACC009218,2,55002.94,27501.47,394,11,2,0,2
ACC009219,1,8548.6,8548.6,0,2,1,0,1
ACC009220,1,4642.44,4642.44,0,6,1,1,1
ACC009222,1,49581.31,49581.31,0,2,1,0,1
ACC009223,1,119443.6,119443.6,0,2,1,0,1
ACC009224,3,69618.26,23206.09,205,25,3,0,3
ACC009225,1,18583.69,18583.69,0,11,1,0,1
ACC009227,2,58987.79,29493.9,24,11,2,0,2
ACC009228,1,1495.92,1495.92,0,8,1,0,1
ACC009230,3,102322.11,34107.37,183,15,3,0,3
ACC009232,2,98120.76,49060.38,198,5,2,0,2
ACC009233,1,3689.76,3689.76,0,11,1,0,1
ACC009234,1,8772.79,8772.79,0,2,1,0,1
ACC009235,1,15065.64,15065.64,0,11,1,0,1
ACC009237,1,7192.91,7192.91,0,4,1,0,1
ACC009239,1,35381.27,35381.27,0,6,1,0,1
ACC009240,2,25061.55,12530.77,150,19,2,0,2
ACC009241,1,1365.27,1365.27,0,11,1,0,1
ACC009242,1,1043.33,1043.33,0,14,1,0,1
ACC009244,1,5923.76,5923.76,0,2,1,0,1
ACC009245,1,11960.59,11960.59,0,13,1,0,1
ACC009247,2,19501.07,9750.53,111,15,2,0,2
ACC009248,2,76013.42,38006.71,74,11,2,0,1
ACC009250,1,22494.54,22494.54,0,5,1,0,1
ACC009251,1,68630.63,68630.63,0,2,1,0,1
ACC009252,1,12011.14,12011.14,0,4,1,0,1
ACC009254,2,52515.0,26257.5,231,18,2,0,2
ACC009256,2,66657.72,33328.86,114,14,2,0,2
ACC009257,3,103009.52,34336.51,136,25,3,0,3
ACC009258,1,69913.81,69913.81,0,14,1,0,1
ACC009259,2,51015.61,25507.81,213,17,2,0,2
ACC009260,3,76082.12,25360.71,273,20,3,1,3
ACC009261,1,13065.37,13065.37,0,6,1,0,1
ACC009263,1,6076.71,6076.71,0,12,1,0,1
ACC009265,4,163360.15,40840.04,311,45,4,0,3
ACC009266,1,37300.42,37300.42,0,7,1,0,1
ACC009267,1,46607.92,46607.92,0,8,1,0,1
ACC009269,2,47140.34,23570.17,0,5,2,0,2
ACC009271,1,20355.76,20355.76,0,11,1,0,1
ACC009272,1,9567.17,9567.17,0,11,1,0,1
ACC009273,1,65811.68,65811.68,0,11,1,1,1
ACC009274,1,16027.34,16027.34,0,2,1,0,1
ACC009275,3,57066.08,19022.03,356,20,3,0,3
ACC009277,1,17861.43,17861.43,0,10,1,1,1
ACC009278,2,50491.26,25245.63,262,9,2,0,2
ACC009279,1,16703.65,16703.65,0,1,1,0,1
ACC009280,1,16984.91,16984.91,0,13,1,0,1
ACC009281,2,74284.2,37142.1,265,21,2,0,2
ACC009282,2,28198.64,14099.32,262,22,2,1,2
ACC009283,1,11880.37,11880.37,0,5,1,0,1
ACC009284,1,2747.12,2747.12,0,12,1,0,1
ACC009285,1,16813.5,16813.5,0,10,1,0,1
ACC009286,1,15346.54,15346.54,0,9,1,0,1
ACC009288,3,157558.66,52519.55,288,15,3,0,3
ACC009289,1,90479.67,90479.67,0,11,1,0,1
ACC009290,1,46704.76,46704.76,0,8,1,0,1
ACC009291,2,12699.24,6349.62,79,20,2,0,2
ACC009292,1,29933.21,29933.21,0,3,1,0,1
ACC009297,2,48993.74,24496.87,152,6,2,0,2
ACC009299,2,22551.11,11275.56,102,17,2,0,2
ACC009301,1,41587.88,41587.88,0,2,1,0,1
ACC009303,1,45009.36,45009.36,0,9,1,0,1
ACC009304,4,70462.34,17615.59,387,24,4,1,4
ACC009305,2,44959.11,22479.56,47,4,2,0,2
ACC009307,1,7162.64,7162.64,0,7,1,0,1
ACC009308,1,2449.47,2449.47,0,13,1,0,1
ACC009309,1,25143.09,25143.09,0,5,1,0,1
ACC009312,1,16746.55,16746.55,0,13,1,0,1
ACC009318,1,20601.86,20601.86,0,1,1,0,1
ACC009319,2,88426.48,44213.24,300,10,2,0,2
ACC009320,2,28099.3,14049.65,166,5,2,0,2
ACC009321,1,6178.84,6178.84,0,14,1,0,1
ACC009322,2,42920.15,21460.08,147,15,2,0,2
ACC009323,2,20121.2,10060.6,74,17,2,0,2
ACC009324,1,109958.92,109958.92,0,10,1,0,1
ACC009326,1,44564.84,44564.84,0,9,1,0,1
ACC009327,2,24008.52,12004.26,101,20,2,0,2
ACC009328,3,96841.35,32280.45,304,21,3,0,2
ACC009329,2,136623.65,68311.82,338,11,2,0,2
ACC009331,2,4969.12,2484.56,190,14,2,0,2
ACC009332,1,829.32,829.32,0,13,1,0,1
ACC009334,1,44587.43,44587.43,0,11,1,0,1
ACC009337,2,24988.3,12494.15,293,24,2,0,1
ACC009338,1,1626.5,1626.5,0,1,1,0,1
ACC009340,1,43175.5,43175.5,0,11,1,0,1
ACC009341,2,78429.21,39214.6,308,12,2,1,2
ACC009342,1,17511.14,17511.14,0,6,1,0,1
ACC009343,2,21608.06,10804.03,366,9,2,0,2
ACC009345,2,24286.4,12143.2,348,16,2,0,2
ACC009346,1,6113.93,6113.93,0,1,1,0,1
ACC009347,2,13365.14,6682.57,189,17,2,1,2
ACC009352,3,65564.96,21854.99,185,24,3,0,2
ACC009353,2,39692.59,19846.3,26,9,2,0,2
ACC009354,1,20685.78,20685.78,0,6,1,0,1
ACC009357,2,98849.37,49424.68,73,20,2,0,2
ACC009358,1,16614.88,16614.88,0,7,1,0,1
ACC009360,1,2080.35,2080.35,0,13,1,1,1
ACC009361,1,4011.37,4011.37,0,8,1,0,1
ACC009362,3,134653.41,44884.47,305,32,3,0,2
ACC009363,1,13147.22,13147.22,0,8,1,0,1
ACC009364,1,13780.2,13780.2,0,12,1,0,1
ACC009365,1,2635.69,2635.69,0,7,1,0,1
ACC009366,1,108570.48,108570.48,0,8,1,0,1
ACC009369,3,59947.66,19982.55,369,18,3,0,3
ACC009371,1,79657.18,79657.18,0,5,1,0,1
ACC009373,1,56647.98,56647.98,0,10,1,0,1
ACC009374,1,23382.13,23382.13,0,13,1,0,1
ACC009375,1,50227.74,50227.74,0,3,1,0,1
ACC009376,2,58313.85,29156.92,43,26,2,0,1
ACC009379,2,41833.78,20916.89,119,9,2,0,2
ACC009380,1,47802.04,47802.04,0,7,1,0,1
ACC009381,1,18519.98,18519.98,0,7,1,0,1
ACC009382,1,20649.71,20649.71,0,7,1,0,1
ACC009383,2,47476.35,23738.18,250,15,2,1,2
ACC009384,1,67958.2,67958.2,0,7,1,0,1
ACC009385,1,3213.48,3213.48,0,14,1,0,1
ACC009386,2,31693.34,15846.67,0,16,2,0,2
ACC009387,2,56016.09,28008.05,224,12,2,1,2
ACC009389,3,65961.32,21987.11,49,32,3,0,3
ACC009390,2,64603.04,32301.52,278,15,2,1,1
ACC009391,2,34401.48,17200.74,71,26,2,0,2
ACC009394,1,4610.18,4610.18,0,3,1,0,1
ACC009395,4,55375.29,13843.82,331,27,4,0,3
ACC009396,1,1265.9,1265.9,0,7,1,0,1
ACC009397,2,31869.33,15934.67,171,20,2,0,2
ACC009398,1,101569.29,101569.29,0,4,1,0,1
ACC009399,2,27078.85,13539.42,355,22,2,0,2
ACC009400,1,11804.11,11804.11,0,9,1,0,1
ACC009401,1,7508.03,7508.03,0,3,1,0,1
ACC009402,3,53936.52,17978.84,155,18,3,0,2
ACC009403,1,13061.9,13061.9,0,2,1,0,1
ACC009404,1,34417.41,34417.41,0,14,1,0,1
ACC009405,1,6887.06,6887.06,0,5,1,0,1
ACC009406,1,14204.83,14204.83,0,7,1,0,1
ACC009407,1,16373.59,16373.59,0,6,1,0,1
ACC009408,1,11993.65,11993.65,0,4,1,0,1
ACC009409,1,35099.95,35099.95,0,9,1,0,1
ACC009410,1,9419.41,9419.41,0,7,1,0,1
ACC009411,2,51834.93,25917.47,215,14,2,0,2
ACC009412,1,16023.09,16023.09,0,7,1,0,1
ACC009413,1,48743.79,48743.79,0,1,1,0,1
ACC009418,1,5683.91,5683.91,0,12,1,0,1
ACC009419,1,9087.79,9087.79,0,8,1,0,1
ACC009420,2,143530.63,71765.32,16,8,2,0,2
ACC009421,3,147088.21,49029.4,247,23,3,0,3
ACC009422,1,16756.95,16756.95,0,1,1,0,1
ACC009424,1,21039.55,21039.55,0,8,1,0,1
ACC009425,3,77411.57,25803.86,364,24,3,1,3
ACC009426,1,18604.34,18604.34,0,9,1,0,1
ACC009428,3,33734.9,11244.97,118,20,3,0,3
ACC009429,1,12166.1,12166.1,0,12,1,0,1
ACC009430,1,31868.38,31868.38,0,5,1,0,1
ACC009431,1,71148.04,71148.04,0,5,1,0,1
ACC009432,2,102170.16,51085.08,150,13,2,0,1
ACC009434,2,44681.19,22340.59,121,15,2,0,2
ACC009435,1,50592.53,50592.53,0,14,1,0,1
ACC009436,2,22387.74,11193.87,20,15,2,0,2
ACC009437,1,48883.88,48883.88,0,5,1,0,1
ACC009438,1,6385.15,6385.15,0,5,1,0,1
ACC009441,1,16900.42,16900.42,0,3,1,0,1
ACC009442,1,48065.94,48065.94,0,9,1,0,1
ACC009445,2,48696.36,24348.18,119,8,2,0,2
ACC009449,4,88779.24,22194.81,424,28,4,1,4
ACC009450,1,8594.16,8594.16,0,9,1,0,1
ACC009452,1,6488.75,6488.75,0,8,1,0,1
ACC009454,1,5429.02,5429.02,0,5,1,0,1
ACC009456,2,21705.85,10852.92,83,12,2,0,2
ACC009457,2,60801.4,30400.7,17,23,2,0,2
ACC009458,3,72704.37,24234.79,217,25,3,0,3
ACC009460,3,46621.48,15540.49,202,23,3,0,3
ACC009461,3,139664.91,46554.97,230,20,3,1,2
ACC009463,2,132989.14,66494.57,40,22,2,0,1
ACC009464,1,12579.76,12579.76,0,6,1,0,1
ACC009465,2,54789.81,27394.9,51,18,2,0,1
ACC009466,1,100118.77,100118.77,0,12,1,0,1
ACC009467,2,52759.13,26379.57,116,16,2,0,2
ACC009469,1,6900.0,6900.0,0,5,1,0,1
ACC009470,1,19007.88,19007.88,0,1,1,0,1
ACC009471,2,44436.89,22218.44,51,9,2,0,2
ACC009472,1,3983.49,3983.49,0,5,1,0,1
ACC009473,1,14298.82,14298.82,0,1,1,0,1
ACC009474,3,86582.42,28860.81,288,25,3,0,3
ACC009476,1,12770.56,12770.56,0,1,1,0,1
ACC009477,1,22763.37,22763.37,0,13,1,0,1
ACC009478,1,5161.73,5161.73,0,8,1,0,1
ACC009479,1,25636.45,25636.45,0,6,1,0,1
ACC009482,1,2670.83,2670.83,0,1,1,0,1
ACC009483,2,29021.11,14510.56,3,7,2,0,2
ACC009484,2,11297.4,5648.7,94,17,2,0,2
ACC009487,1,55891.29,55891.29,0,5,1,0,1
ACC009489,2,30642.28,15321.14,31,17,2,0,2
ACC009491,1,11444.11,11444.11,0,9,1,0,1
ACC009492,1,21200.99,21200.99,0,7,1,0,1
ACC009494,3,226318.44,75439.48,179,24,3,1,3
ACC009496,2,25699.71,12849.85,273,13,2,0,2
ACC009497,1,8596.91,8596.91,0,9,1,0,1
ACC009499,2,28733.82,14366.91,108,21,2,0,2
ACC009500,1,31868.22,31868.22,0,3,1,0,1
ACC009504,2,13001.16,6500.58,56,7,2,0,2
ACC009505,2,64677.48,32338.74,373,11,2,0,2
ACC009507,1,43049.65,43049.65,0,3,1,0,1
ACC009511,2,46699.1,23349.55,214,14,2,0,2
ACC009512,2,26697.47,13348.74,99,7,2,0,1
ACC009514,1,8056.83,8056.83,0,6,1,0,1
ACC009515,1,24856.66,24856.66,0,13,1,0,1
ACC009516,2,16999.3,8499.65,45,16,2,0,2
ACC009518,1,66246.31,66246.31,0,5,1,0,1
ACC009519,2,32444.81,16222.4,77,24,2,0,2
ACC009520,2,8336.88,4168.44,18,8,2,1,2
ACC009521,1,56083.65,56083.65,0,12,1,0,1
ACC009522,2,8292.13,4146.07,201,16,2,0,1
ACC009524,1,10642.85,10642.85,0,11,1,0,1
ACC009525,1,93624.26,93624.26,0,13,1,0,1
ACC009526,2,103933.7,51966.85,250,23,2,0,2
ACC009527,2,40318.4,20159.2,43,20,2,0,2
ACC009528,2,30368.26,15184.13,164,17,2,0,2
ACC009531,1,10571.12,10571.12,0,3,1,0,1
ACC009532,1,54206.4,54206.4,0,5,1,0,1
ACC009533,1,1532.31,1532.31,0,6,1,0,1
ACC009534,1,31202.09,31202.09,0,10,1,1,1
ACC009535,1,35915.02,35915.02,0,14,1,0,1
ACC009536,1,46180.44,46180.44,0,5,1,0,1
ACC009537,1,4112.02,4112.02,0,1,1,0,1
ACC009538,2,16212.83,8106.41,36,12,2,0,2
ACC009539,1,41669.45,41669.45,0,10,1,0,1
ACC009542,1,794.24,794.24,0,9,1,0,1
ACC009543,2,50190.44,25095.22,134,13,2,0,2
ACC009545,1,6702.93,6702.93,0,9,1,0,1
ACC009547,2,181336.5,90668.25,113,21,2,0,2
ACC009548,1,48467.57,48467.57,0,3,1,0,1
ACC009550,1,4114.23,4114.23,0,5,1,0,1
ACC009551,1,65883.87,65883.87,0,10,1,0,1
ACC009553,1,4523.91,4523.91,0,8,1,0,1
ACC009554,2,101438.34,50719.17,162,22,2,0,2
ACC009555,3,52852.63,17617.54,272,13,3,0,2
ACC009557,1,11012.15,11012.15,0,7,1,0,1
ACC009558,1,3954.95,3954.95,0,3,1,0,1
ACC009559,4,108887.51,27221.88,329,25,4,0,4
ACC009560,2,70047.44,35023.72,265,17,2,0,2
ACC009562,2,84035.6,42017.8,263,17,2,0,2
ACC009566,3,89218.94,29739.65,361,22,3,1,3
ACC009567,1,42920.15,42920.15,0,3,1,1,1
ACC009569,2,86862.81,43431.4,22,7,2,0,2
ACC009574,1,16217.05,16217.05,0,8,1,0,1
ACC009575,1,10111.72,10111.72,0,7,1,0,1
ACC009577,2,6096.47,3048.23,277,20,2,1,2
ACC009578,1,31026.42,31026.42,0,12,1,0,1
ACC009579,1,30852.13,30852.13,0,7,1,0,1
ACC009580,1,19889.97,19889.97,0,1,1,0,1
ACC009581,2,53522.84,26761.42,117,21,2,0,2
ACC009583,2,33317.04,16658.52,18,15,2,0,2
ACC009584,1,15159.45,15159.45,0,2,1,0,1
ACC009585,1,73709.23,73709.23,0,13,1,0,1
ACC009588,1,14380.94,14380.94,0,14,1,1,1
ACC009589,2,93785.76,46892.88,344,20,2,1,1
ACC009590,1,118926.45,118926.45,0,3,1,1,1
ACC009591,2,32182.84,16091.42,295,16,2,0,1
ACC009592,1,9945.79,9945.79,0,8,1,0,1
ACC009593,4,128644.11,32161.03,328,17,4,0,3
ACC009594,3,65088.83,21696.28,273,14,3,0,3
ACC009595,1,1107.86,1107.86,0,4,1,0,1
ACC009596,1,31516.6,31516.6,0,11,1,0,1
ACC009597,1,58651.84,58651.84,0,14,1,0,1
ACC009598,3,98065.32,32688.44,203,28,3,0,3
ACC009599,2,14438.29,7219.15,394,10,2,0,2
ACC009600,1,12423.5,12423.5,0,4,1,0,1
ACC009601,3,48504.85,16168.28,46,25,3,0,1
ACC009602,1,27291.06,27291.06,0,7,1,0,1
ACC009604,1,25255.42,25255.42,0,4,1,0,1
ACC009608,3,128664.3,42888.1,228,32,3,0,3
ACC009609,1,65044.96,65044.96,0,6,1,0,1
ACC009610,1,41784.51,41784.51,0,13,1,0,1
ACC009611,3,124049.28,41349.76,173,24,3,0,2
ACC009613,4,69233.14,17308.28,230,37,4,1,3
ACC009614,1,49109.5,49109.5,0,9,1,0,1
ACC009615,2,20456.2,10228.1,100,12,2,1,2
ACC009616,1,44515.18,44515.18,0,8,1,0,1
ACC009619,3,81446.71,27148.9,251,20,3,0,3
ACC009622,2,17891.81,8945.9,213,16,2,0,2
ACC009623,1,8314.64,8314.64,0,9,1,0,1
ACC009625,1,16708.15,16708.15,0,11,1,1,1
ACC009630,1,15774.78,15774.78,0,9,1,0,1
ACC009633,1,14112.16,14112.16,0,9,1,0,1
ACC009636,1,20394.66,20394.66,0,7,1,0,1
ACC009637,1,30252.68,30252.68,0,9,1,0,1
ACC009638,3,65041.94,21680.65,208,24,3,0,2
ACC009639,1,17668.74,17668.74,0,2,1,0,1
ACC009640,2,38619.84,19309.92,25,20,2,0,1
ACC009641,1,30843.23,30843.23,0,2,1,0,1
ACC009643,2,25705.57,12852.78,103,14,2,0,2
ACC009644,1,50205.77,50205.77,0,7,1,0,1
ACC009645,1,10939.82,10939.82,0,14,1,0,1
ACC009647,2,44346.69,22173.35,275,18,2,0,2
ACC009651,1,37286.42,37286.42,0,5,1,0,1
ACC009652,1,7286.64,7286.64,0,4,1,0,1
ACC009655,1,1808.17,1808.17,0,8,1,0,1
ACC009656,3,138818.06,46272.69,379,12,3,0,3
ACC009657,2,41850.18,20925.09,78,10,2,0,2
ACC009658,1,19618.6,19618.6,0,1,1,0,1
ACC009659,1,553.9,553.9,0,8,1,0,1
ACC009661,2,49373.58,24686.79,106,12,2,0,2
ACC009663,2,19941.65,9970.83,2,7,2,0,2
ACC009664,2,21760.81,10880.4,116,18,2,0,2
ACC009665,2,101826.96,50913.48,12,23,2,0,2
ACC009666,1,4843.32,4843.32,0,4,1,0,1
ACC009667,3,40220.91,13406.97,178,31,3,0,3
ACC009668,1,10707.28,10707.28,0,2,1,0,1
ACC009669,2,66742.03,33371.01,182,7,2,0,2
ACC009670,2,59355.29,29677.65,36,15,2,0,2
ACC009672,1,19587.39,19587.39,0,6,1,0,1
ACC009673,1,23652.61,23652.61,0,7,1,0,1
ACC009674,1,7432.16,7432.16,0,9,1,0,1
ACC009675,1,47372.32,47372.32,0,7,1,0,1
ACC009676,1,27285.37,27285.37,0,12,1,0,1
ACC009678,1,17673.6,17673.6,0,5,1,0,1
ACC009680,1,38424.47,38424.47,0,12,1,0,1
ACC009688,2,42844.94,21422.47,229,12,2,1,2
ACC009689,1,66258.28,66258.28,0,14,1,0,1
ACC009690,2,86224.28,43112.14,131,10,2,1,2
ACC009691,2,16580.88,8290.44,206,6,2,0,2
ACC009696,2,30665.1,15332.55,142,21,2,0,1
ACC009700,1,40035.41,40035.41,0,8,1,0,1
ACC009704,2,40138.88,20069.44,106,19,2,1,1
ACC009705,1,38972.62,38972.62,0,10,1,0,1
ACC009706,1,60109.41,60109.41,0,12,1,0,1
ACC009707,2,38231.91,19115.96,214,11,2,0,2
ACC009708,2,95228.27,47614.14,9,15,2,0,2
ACC009709,1,8968.47,8968.47,0,14,1,0,1
ACC009710,2,36684.59,18342.29,125,15,2,0,2
ACC009711,1,19210.03,19210.03,0,8,1,0,1
ACC009713,3,58305.34,19435.11,149,21,3,0,3
ACC009714,1,4046.25,4046.25,0,2,1,0,1
ACC009715,1,68439.3,68439.3,0,10,1,0,1
ACC009721,2,50447.98,25223.99,78,8,2,0,2
ACC009725,1,17869.76,17869.76,0,7,1,0,1
ACC009726,2,29634.47,14817.24,9,3,2,0,2
ACC009727,2,153867.17,76933.58,317,24,2,1,2
ACC009729,2,84771.89,42385.94,50,26,2,0,2
ACC009730,2,54757.85,27378.93,82,8,2,0,2
ACC009732,3,68159.45,22719.82,157,14,3,0,2
ACC009733,1,33268.41,33268.41,0,5,1,0,1
ACC009734,2,53086.93,26543.47,365,13,2,0,2
ACC009735,1,12280.35,12280.35,0,4,1,1,1
ACC009740,2,30039.28,15019.64,151,9,2,0,2
ACC009741,2,54432.14,27216.07,296,2,2,0,1
ACC009743,2,24420.24,12210.12,199,10,2,0,2
ACC009748,2,49371.03,24685.51,62,9,2,0,2
ACC009749,2,104664.23,52332.11,417,10,2,1,1
ACC009751,1,19432.87,19432.87,0,7,1,0,1
ACC009752,1,3861.53,3861.53,0,8,1,0,1
ACC009754,1,2549.48,2549.48,0,5,1,0,1
ACC009755,2,14354.63,7177.32,129,13,2,1,2
ACC009757,3,35866.13,11955.38,275,23,3,0,3
ACC009760,1,41831.32,41831.32,0,6,1,1,1
ACC009761,1,108055.58,108055.58,0,3,1,0,1
ACC009763,1,26078.2,26078.2,0,9,1,0,1
ACC009764,2,62149.49,31074.74,143,27,2,0,2
ACC009765,3,49149.76,16383.25,272,22,3,0,3
ACC009766,3,108012.71,36004.24,215,14,3,0,3
ACC009767,3,90628.54,30209.51,228,25,3,0,3
ACC009768,2,51115.39,25557.69,76,2,2,0,2
ACC009769,1,31117.41,31117.41,0,14,1,1,1
ACC009771,2,44716.57,22358.28,280,14,2,0,2
ACC009773,3,68201.05,22733.68,288,29,3,0,2
ACC009775,4,118720.12,29680.03,154,16,4,1,4
ACC009780,1,34469.84,34469.84,0,11,1,0,1
ACC009781,4,131528.21,32882.05,378,26,4,1,3
ACC009784,1,3797.38,3797.38,0,12,1,0,1
ACC009789,1,83079.72,83079.72,0,13,1,0,1
ACC009790,1,21686.86,21686.86,0,7,1,0,1
ACC009791,1,71933.08,71933.08,0,13,1,0,1
ACC009795,1,10366.78,10366.78,0,10,1,0,1
ACC009797,2,32885.24,16442.62,49,19,2,0,2
ACC009798,2,28417.58,14208.79,92,16,2,0,1
ACC009799,1,5004.43,5004.43,0,4,1,0,1
ACC009800,1,2285.71,2285.71,0,5,1,0,1
ACC009801,1,16754.43,16754.43,0,1,1,0,1
ACC009803,1,39008.84,39008.84,0,7,1,0,1
ACC009804,1,44855.43,44855.43,0,13,1,0,1
ACC009805,2,42014.22,21007.11,368,12,2,1,2
ACC009806,2,105299.99,52649.99,275,4,2,0,2
ACC009808,1,12165.57,12165.57,0,8,1,0,1
ACC009809,1,54259.75,54259.75,0,11,1,0,1
ACC009810,2,39832.13,19916.07,169,11,2,0,2
ACC009812,2,11589.73,5794.86,60,17,2,0,2
ACC009814,1,5382.3,5382.3,0,13,1,0,1
ACC009816,1,62719.49,62719.49,0,7,1,0,1
ACC009817,1,7195.08,7195.08,0,6,1,0,1
ACC009818,2,17382.11,8691.06,111,10,2,0,2
ACC009821,2,10699.25,5349.62,149,25,2,0,2
ACC009822,1,43169.14,43169.14,0,13,1,0,1
ACC009824,1,19718.78,19718.78,0,14,1,0,1
ACC009825,2,39530.55,19765.28,33,17,2,0,2
ACC009826,2,76979.08,38489.54,96,18,2,0,2
ACC009827,1,43631.23,43631.23,0,8,1,0,1
ACC009830,1,32518.55,32518.55,0,3,1,0,1
ACC009832,1,13055.58,13055.58,0,12,1,0,1
ACC009835,1,52102.6,52102.6,0,11,1,0,1
ACC009838,1,58144.75,58144.75,0,12,1,0,1
ACC009839,1,6941.69,6941.69,0,11,1,1,1
ACC009840,2,81852.32,40926.16,347,21,2,0,1
ACC009844,2,44404.34,22202.17,12,24,2,0,1
ACC009848,2,95525.83,47762.92,119,19,2,0,2
ACC009849,1,39444.66,39444.66,0,12,1,0,1
ACC009850,4,180985.4,45246.35,332,26,4,2,2
ACC009851,1,46468.7,46468.7,0,14,1,0,1
ACC009853,1,5519.7,5519.7,0,6,1,0,1
ACC009855,2,80932.49,40466.25,437,16,2,1,2
ACC009856,3,101227.88,33742.63,317,33,3,2,3
ACC009857,1,17262.5,17262.5,0,6,1,1,1
ACC009858,1,52682.12,52682.12,0,11,1,0,1
ACC009859,1,76836.46,76836.46,0,13,1,0,1
ACC009861,2,106130.65,53065.33,270,9,2,0,2
ACC009862,1,42611.91,42611.91,0,10,1,0,1
ACC009864,1,15650.98,15650.98,0,4,1,0,1
ACC009865,1,2154.42,2154.42,0,3,1,0,1
ACC009866,1,6323.14,6323.14,0,14,1,0,1
ACC009867,2,11997.79,5998.9,1,3,2,0,1
ACC009868,1,18936.31,18936.31,0,4,1,0,1
ACC009870,1,1118.02,1118.02,0,6,1,0,1
ACC009872,2,13468.75,6734.38,173,5,2,0,1
ACC009874,3,22315.66,7438.55,197,25,3,0,2
ACC009877,1,34440.72,34440.72,0,11,1,0,1
ACC009879,2,25763.13,12881.57,7,17,2,0,2
ACC009881,1,22391.67,22391.67,0,8,1,0,1
ACC009882,1,20867.06,20867.06,0,5,1,0,1
ACC009883,1,13657.24,13657.24,0,11,1,0,1
ACC009884,1,11831.12,11831.12,0,14,1,1,1
ACC009886,1,127896.16,127896.16,0,14,1,0,1
ACC009887,2,44074.08,22037.04,137,18,2,0,1
ACC009889,2,87086.25,43543.12,116,8,2,0,2
ACC009890,1,10128.77,10128.77,0,10,1,0,1
ACC009891,1,6254.25,6254.25,0,6,1,0,1
ACC009892,2,24781.1,12390.55,71,10,2,0,2
ACC009894,1,18013.09,18013.09,0,8,1,0,1
ACC009895,2,77675.33,38837.67,149,17,2,0,2
ACC009896,4,105192.1,26298.02,84,40,4,0,2
ACC009898,2,55959.5,27979.75,263,16,2,1,2
ACC009901,3,73576.09,24525.36,147,31,3,0,2
ACC009904,1,9236.32,9236.32,0,9,1,0,1
ACC009905,2,47110.75,23555.38,38,13,2,0,2
ACC009906,2,58041.93,29020.97,282,9,2,0,1
ACC009907,2,93427.45,46713.73,356,26,2,1,2
ACC009908,2,69741.82,34870.91,102,7,2,0,1
ACC009909,1,16426.98,16426.98,0,2,1,0,1
ACC009913,1,73306.39,73306.39,0,13,1,0,1
ACC009914,1,20784.31,20784.31,0,6,1,0,1
ACC009915,1,24616.91,24616.91,0,13,1,0,1
ACC009916,1,25705.32,25705.32,0,3,1,0,1
ACC009917,1,6311.28,6311.28,0,2,1,0,1
ACC009919,1,74828.72,74828.72,0,1,1,0,1
ACC009920,1,847.84,847.84,0,5,1,0,1
ACC009921,1,31890.47,31890.47,0,2,1,0,1
ACC009923,2,22382.77,11191.38,121,18,2,0,2
ACC009924,3,34929.61,11643.2,290,8,3,0,3
ACC009925,2,86910.21,43455.1,6,20,2,0,2
ACC009927,2,52040.68,26020.34,240,19,2,0,2
ACC009928,1,77244.33,77244.33,0,2,1,0,1
ACC009930,2,4136.36,2068.18,67,12,2,0,2
ACC009931,2,30506.07,15253.03,208,18,2,0,2
ACC009933,1,27668.17,27668.17,0,11,1,0,1
ACC009934,1,32583.24,32583.24,0,6,1,0,1
ACC009935,2,81569.45,40784.72,195,15,2,0,1
ACC009936,3,51608.0,17202.67,170,25,3,0,3
ACC009939,2,36246.84,18123.42,407,26,2,1,2
ACC009940,2,47894.83,23947.42,169,15,2,0,2
ACC009942,3,91104.9,30368.3,202,22,3,0,3
ACC009944,1,8783.35,8783.35,0,9,1,0,1
ACC009945,1,6426.14,6426.14,0,13,1,0,1
ACC009947,3,36868.48,12289.49,114,29,3,0,3
ACC009948,1,3863.12,3863.12,0,2,1,0,1
ACC009950,2,3480.41,1740.21,93,5,2,0,2
ACC009951,1,46129.26,46129.26,0,5,1,0,1
ACC009954,1,43881.24,43881.24,0,10,1,0,1
ACC009955,2,43241.97,21620.99,129,14,2,0,1
ACC009957,1,14681.81,14681.81,0,1,1,0,1
ACC009958,3,107194.67,35731.56,350,21,3,0,3
ACC009959,3,90171.04,30057.01,84,6,3,0,2
ACC009962,1,531.38,531.38,0,7,1,0,1
ACC009963,1,20241.55,20241.55,0,6,1,0,1
ACC009966,1,43529.09,43529.09,0,14,1,0,1
ACC009967,2,58689.91,29344.95,53,24,2,0,2
ACC009968,1,11143.49,11143.49,0,14,1,0,1
ACC009971,1,61041.0,61041.0,0,7,1,0,1
ACC009972,1,52204.76,52204.76,0,11,1,0,1
ACC009974,1,656.73,656.73,0,4,1,0,1
ACC009978,3,68798.4,22932.8,116,19,3,0,3
ACC009979,1,23761.31,23761.31,0,6,1,0,1
ACC009980,1,17165.18,17165.18,0,11,1,0,1
ACC009981,2,47135.71,23567.85,185,20,2,0,2
ACC009982,1,2175.68,2175.68,0,11,1,0,1
ACC009983,3,131537.1,43845.7,300,26,3,0,3
ACC009984,2,111871.08,55935.54,0,15,2,2,2
ACC009985,1,30480.03,30480.03,0,13,1,0,1
ACC009986,1,28011.91,28011.91,0,1,1,0,1
ACC009987,1,3767.17,3767.17,0,14,1,0,1
ACC009989,3,135979.39,45326.46,234,34,3,0,3
ACC009990,1,49807.15,49807.15,0,5,1,0,1
ACC009992,1,2055.3,2055.3,0,3,1,0,1
ACC009993,1,74534.01,74534.01,0,6,1,0,1
ACC009995,1,5726.27,5726.27,0,4,1,0,1
ACC009996,1,2315.07,2315.07,0,8,1,1,1
ACC009997,1,19273.65,19273.65,0,5,1,1,1
ACC010000,2,57756.95,28878.47,31,15,2,0,2
ACC010001,1,4067.25,4067.25,0,11,1,0,1
ACC010002,1,3390.1,3390.1,0,6,1,0,1
ACC010003,1,68552.97,68552.97,0,6,1,0,1
ACC010004,2,32874.12,16437.06,291,10,2,0,2
ACC010007,1,12008.93,12008.93,0,9,1,0,1
ACC010008,1,74037.1,74037.1,0,11,1,0,1
ACC010011,1,23366.68,23366.68,0,7,1,0,1
ACC010012,1,3284.43,3284.43,0,9,1,1,1
ACC010013,1,67466.77,67466.77,0,14,1,0,1
ACC010014,2,7580.92,3790.46,264,28,2,0,2
ACC010015,2,65518.23,32759.11,27,7,2,0,2
ACC010016,1,1436.8,1436.8,0,10,1,0,1
ACC010019,1,40945.38,40945.38,0,2,1,0,1
ACC010023,1,17631.18,17631.18,0,10,1,0,1
ACC010024,1,11759.0,11759.0,0,3,1,0,1
ACC010027,2,38688.55,19344.28,201,9,2,0,2
ACC010029,2,37610.94,18805.47,229,9,2,0,2
ACC010032,1,15751.8,15751.8,0,1,1,0,1
ACC010033,2,47322.8,23661.4,66,13,2,0,1
ACC010035,1,4711.54,4711.54,0,12,1,0,1
ACC010037,4,70116.94,17529.24,431,16,4,1,4
ACC010038,1,30205.12,30205.12,0,3,1,0,1
ACC010039,1,42319.65,42319.65,0,8,1,0,1
ACC010040,1,31228.51,31228.51,0,8,1,0,1
ACC010041,1,29754.56,29754.56,0,10,1,0,1
ACC010042,1,9082.85,9082.85,0,6,1,0,1
ACC010045,1,76389.99,76389.99,0,1,1,1,1
ACC010046,3,56473.27,18824.42,110,32,3,0,2
ACC010047,2,38414.93,19207.47,272,9,2,0,2
ACC010048,3,63513.63,21171.21,354,22,3,1,3
ACC010049,2,95622.67,47811.33,93,23,2,0,2
ACC010050,1,28141.65,28141.65,0,8,1,0,1
ACC010051,1,18978.79,18978.79,0,6,1,1,1
ACC010052,2,112549.75,56274.88,129,21,2,0,1
ACC010055,2,53040.98,26520.49,176,11,2,0,2
ACC010056,1,2880.09,2880.09,0,12,1,0,1
ACC010057,1,10738.72,10738.72,0,4,1,0,1
ACC010058,1,808.68,808.68,0,14,1,1,1
ACC010059,1,31331.67,31331.67,0,8,1,0,1
ACC010060,1,6691.9,6691.9,0,4,1,0,1
ACC010061,1,6637.32,6637.32,0,14,1,0,1
ACC010062,2,100009.77,50004.89,10,5,2,0,2
ACC010066,3,66419.32,22139.77,295,17,3,0,3
ACC010067,1,1664.86,1664.86,0,13,1,0,1
ACC010068,2,86416.07,43208.04,223,21,2,0,1
ACC010069,1,9352.58,9352.58,0,5,1,0,1
ACC010070,1,27157.11,27157.11,0,8,1,0,1
ACC010076,2,24223.11,12111.56,377,22,2,1,2
ACC010077,2,66145.66,33072.83,58,18,2,0,2
ACC010078,1,713.38,713.38,0,6,1,0,1
ACC010079,2,74731.95,37365.98,114,12,2,0,2
ACC010080,3,50634.4,16878.13,336,29,3,0,3
ACC010081,3,46039.12,15346.37,266,21,3,0,2
ACC010083,1,40746.22,40746.22,0,9,1,0,1
ACC010084,1,34648.91,34648.91,0,9,1,0,1
ACC010085,1,23833.02,23833.02,0,13,1,0,1
ACC010086,1,76023.89,76023.89,0,1,1,0,1
ACC010087,2,24885.37,12442.69,205,13,2,0,2
ACC010088,2,27395.42,13697.71,40,24,2,0,2
ACC010089,1,65605.22,65605.22,0,13,1,0,1
ACC010090,2,77326.01,38663.0,279,8,2,0,2
ACC010092,1,11449.31,11449.31,0,7,1,0,1
ACC010093,2,67893.6,33946.8,248,11,2,0,2
ACC010094,3,63497.15,21165.72,217,17,3,0,3
ACC010095,1,10540.78,10540.78,0,13,1,0,1
ACC010097,1,21099.93,21099.93,0,3,1,1,1
ACC010098,2,51253.26,25626.63,187,5,2,0,2
ACC010100,1,3286.46,3286.46,0,5,1,0,1
ACC010101,1,21440.06,21440.06,0,3,1,0,1
ACC010102,1,22263.98,22263.98,0,1,1,0,1
ACC010103,1,27774.48,27774.48,0,1,1,0,1
ACC010104,2,109914.54,54957.27,141,6,2,0,2
ACC010105,1,61186.06,61186.06,0,8,1,0,1
ACC010107,2,19415.66,9707.83,82,24,2,0,2
ACC010108,1,35250.37,35250.37,0,9,1,0,1
ACC010110,1,1300.93,1300.93,0,7,1,0,1
ACC010111,2,67717.77,33858.89,144,13,2,0,1
ACC010112,3,16629.94,5543.31,142,22,3,0,2
ACC010113,3,23623.68,7874.56,135,7,3,0,1
ACC010114,1,21841.04,21841.04,0,2,1,0,1
ACC010119,1,23618.8,23618.8,0,6,1,0,1
ACC010122,2,86166.51,43083.25,84,14,2,0,1
ACC010123,1,102496.49,102496.49,0,12,1,0,1
ACC010124,2,20639.58,10319.79,125,24,2,0,2
ACC010125,2,84578.64,42289.32,156,22,2,0,1
ACC010126,2,57153.19,28576.6,47,15,2,0,2
ACC010127,1,13765.7,13765.7,0,10,1,0,1
ACC010130,2,56550.85,28275.43,63,12,2,0,2
ACC010131,1,9424.7,9424.7,0,11,1,0,1
ACC010132,2,50055.54,25027.77,120,5,2,1,2
ACC010133,2,54834.95,27417.47,212,18,2,0,2
ACC010135,1,13602.09,13602.09,0,12,1,1,1
ACC010136,1,9374.76,9374.76,0,9,1,0,1
ACC010138,3,91059.85,30353.28,123,25,3,0,2
ACC010140,1,32595.24,32595.24,0,4,1,0,1
ACC010142,1,11872.93,11872.93,0,7,1,0,1
ACC010143,3,122567.2,40855.73,293,20,3,1,3
ACC010144,4,76887.37,19221.84,195,35,4,1,2
ACC010146,1,37931.29,37931.29,0,9,1,0,1
ACC010148,1,2365.11,2365.11,0,10,1,1,1
ACC010149,1,22609.34,22609.34,0,12,1,0,1
ACC010151,3,61290.81,20430.27,239,28,3,0,3
ACC010152,2,59832.28,29916.14,259,22,2,0,2
ACC010154,2,33099.63,16549.82,44,23,2,0,2
ACC010155,2,16872.2,8436.1,204,7,2,0,2
ACC010156,3,61954.55,20651.52,162,28,3,0,2
ACC010158,3,37608.14,12536.05,41,27,3,0,3
ACC010160,1,30445.32,30445.32,0,1,1,0,1
ACC010162,1,9567.61,9567.61,0,7,1,0,1
ACC010163,1,38057.45,38057.45,0,1,1,0,1
ACC010164,1,32151.5,32151.5,0,4,1,0,1
ACC010167,3,105721.17,35240.39,297,37,3,0,2
ACC010169,1,28724.92,28724.92,0,13,1,0,1
ACC010171,2,19519.08,9759.54,211,16,2,0,2
ACC010172,1,4302.58,4302.58,0,13,1,0,1
ACC010173,2,87448.47,43724.24,183,14,2,0,2
ACC010175,3,52608.29,17536.1,141,22,3,0,2
ACC010176,1,31688.23,31688.23,0,5,1,1,1
ACC010180,1,37232.11,37232.11,0,12,1,0,1
ACC010184,2,30037.22,15018.61,80,9,2,0,2
ACC010185,1,86939.46,86939.46,0,7,1,0,1
ACC010186,5,85509.08,17101.82,424,21,5,1,2
ACC010187,1,42589.17,42589.17,0,14,1,0,1
ACC010188,2,22294.82,11147.41,106,11,2,0,2
ACC010189,1,56806.87,56806.87,0,10,1,1,1
ACC010190,2,65247.38,32623.69,251,11,2,0,2
ACC010191,1,38495.04,38495.04,0,5,1,0,1
ACC010193,1,4845.62,4845.62,0,13,1,0,1
ACC010195,1,10987.06,10987.06,0,10,1,0,1
ACC010196,1,79960.99,79960.99,0,3,1,0,1
ACC010197,1,8850.23,8850.23,0,1,1,0,1
ACC010199,1,101810.05,101810.05,0,7,1,0,1
ACC010200,1,13425.11,13425.11,0,10,1,0,1
ACC010201,2,66612.46,33306.23,155,8,2,0,2
ACC010202,2,65376.48,32688.24,96,10,2,0,2
ACC010203,2,19454.72,9727.36,69,2,2,0,2
ACC010204,1,39598.8,39598.8,0,9,1,0,1
ACC010205,1,1279.43,1279.43,0,12,1,0,1
ACC010206,1,5161.71,5161.71,0,12,1,0,1
ACC010208,2,43105.8,21552.9,126,18,2,0,1
ACC010209,1,3958.57,3958.57,0,13,1,1,1
ACC010212,1,58545.97,58545.97,0,7,1,0,1
ACC010213,1,28520.95,28520.95,0,8,1,0,1
ACC010215,1,1392.88,1392.88,0,14,1,0,1
ACC010219,2,64118.08,32059.04,107,8,2,0,2
ACC010220,2,74873.96,37436.98,81,21,2,0,2
ACC010221,2,8468.05,4234.02,121,24,2,0,2
ACC010222,1,989.77,989.77,0,10,1,0,1
ACC010223,1,12030.49,12030.49,0,13,1,0,1
ACC010227,1,46492.43,46492.43,0,11,1,0,1
ACC010228,1,7427.03,7427.03,0,3,1,0,1
ACC010230,2,11100.18,5550.09,182,20,2,0,2
ACC010231,2,20048.48,10024.24,47,11,2,0,2
ACC010232,2,18381.45,9190.73,29,11,2,0,2
ACC010233,2,19838.47,9919.24,288,19,2,0,2
ACC010234,3,234022.69,78007.56,164,26,3,0,2
ACC010238,1,34001.95,34001.95,0,7,1,0,1
ACC010240,1,48098.11,48098.11,0,7,1,0,1
ACC010242,2,48079.85,24039.92,157,21,2,0,2
ACC010245,1,32972.11,32972.11,0,3,1,0,1
ACC010246,2,25023.34,12511.67,123,6,2,0,2
ACC010247,1,44119.43,44119.43,0,13,1,0,1
ACC010248,1,15383.06,15383.06,0,2,1,0,1
ACC010249,1,5369.08,5369.08,0,13,1,0,1
ACC010250,1,7899.69,7899.69,0,5,1,0,1
ACC010251,2,17889.11,8944.56,175,22,2,0,2
ACC010253,2,52391.22,26195.61,150,18,2,0,2
ACC010254,1,9942.88,9942.88,0,14,1,0,1
ACC010255,2,18275.39,9137.69,108,16,2,0,2
ACC010259,3,81080.25,27026.75,363,34,3,0,3
ACC010261,1,31548.46,31548.46,0,1,1,0,1
ACC010262,1,19732.09,19732.09,0,11,1,0,1
ACC010266,1,5435.27,5435.27,0,2,1,0,1
ACC010267,1,18134.45,18134.45,0,7,1,0,1
ACC010268,1,106755.49,106755.49,0,3,1,0,1
ACC010269,1,6593.8,6593.8,0,10,1,0,1
ACC010270,1,8647.9,8647.9,0,2,1,0,1
ACC010271,2,71470.04,35735.02,13,3,2,0,2
ACC010272,1,42727.76,42727.76,0,3,1,0,1
ACC010273,2,36733.73,18366.86,125,9,2,0,2
ACC010274,2,102228.24,51114.12,100,19,2,0,2
ACC010275,1,2533.1,2533.1,0,8,1,0,1
ACC010277,1,13697.42,13697.42,0,12,1,0,1
ACC010279,1,3155.89,3155.89,0,9,1,0,1
ACC010280,1,11057.58,11057.58,0,3,1,0,1
ACC010281,1,21260.11,21260.11,0,7,1,0,1
ACC010282,1,106324.03,106324.03,0,8,1,0,1
ACC010285,3,82412.63,27470.88,289,19,3,0,3
ACC010287,1,15078.86,15078.86,0,3,1,0,1
ACC010288,1,15871.19,15871.19,0,2,1,0,1
ACC010289,1,14650.12,14650.12,0,4,1,0,1
ACC010290,1,36087.8,36087.8,0,8,1,0,1
ACC010292,2,55999.31,27999.65,3,25,2,0,2
ACC010294,3,34124.75,11374.92,201,31,3,0,3
ACC010295,1,38099.74,38099.74,0,7,1,0,1
ACC010296,1,26433.92,26433.92,0,6,1,0,1
ACC010297,1,52623.57,52623.57,0,4,1,0,1
ACC010299,1,1053.86,1053.86,0,3,1,1,1
ACC010300,1,19221.96,19221.96,0,10,1,0,1
ACC010302,1,41165.62,41165.62,0,4,1,0,1
ACC010303,2,27949.03,13974.51,45,21,2,0,2
ACC010304,2,43854.98,21927.49,93,7,2,0,2
ACC010305,1,11050.64,11050.64,0,11,1,0,1
ACC010307,2,30312.91,15156.45,248,18,2,0,2
ACC010308,1,68012.4,68012.4,0,8,1,0,1
ACC010310,1,57019.25,57019.25,0,14,1,0,1
ACC010312,1,7086.49,7086.49,0,2,1,0,1
ACC010314,2,48355.91,24177.96,309,19,2,0,2
ACC010315,1,12927.97,12927.97,0,8,1,0,1
ACC010317,1,26343.85,26343.85,0,5,1,0,1
ACC010319,1,22144.23,22144.23,0,1,1,0,1
ACC010320,1,16760.94,16760.94,0,7,1,0,1
ACC010323,2,13182.45,6591.23,38,9,2,0,2
ACC010324,2,13242.2,6621.1,139,15,2,0,2
ACC010325,1,111516.49,111516.49,0,8,1,0,1
ACC010327,1,36795.35,36795.35,0,11,1,0,1
ACC010331,3,41291.07,13763.69,79,13,3,0,3
ACC010332,2,95598.42,47799.21,418,15,2,1,2
ACC010333,1,2008.79,2008.79,0,14,1,0,1
ACC010337,1,19857.38,19857.38,0,3,1,0,1
ACC010338,1,52413.99,52413.99,0,11,1,0,1
ACC010340,1,57890.49,57890.49,0,8,1,1,1
ACC010342,1,86783.46,86783.46,0,11,1,0,1
ACC010343,2,100140.74,50070.37,35,16,2,0,2
ACC010344,1,26656.51,26656.51,0,2,1,0,1
ACC010345,1,7122.86,7122.86,0,1,1,0,1
ACC010346,1,575.06,575.06,0,1,1,0,1
ACC010347,1,824.73,824.73,0,11,1,0,1
ACC010348,1,3514.36,3514.36,0,14,1,0,1
ACC010349,3,34651.71,11550.57,263,14,3,0,3
ACC010352,3,66530.82,22176.94,163,18,3,0,3
ACC010354,1,26559.29,26559.29,0,9,1,0,1
ACC010356,1,530.88,530.88,0,8,1,0,1
ACC010357,2,82934.62,41467.31,95,17,2,0,2
ACC010358,2,42797.84,21398.92,32,10,2,0,2
ACC010360,1,46854.7,46854.7,0,10,1,0,1
ACC010362,1,1553.18,1553.18,0,3,1,0,1
ACC010363,1,4524.31,4524.31,0,10,1,0,1
ACC010364,2,33871.46,16935.73,23,14,2,0,2
ACC010366,3,125398.24,41799.41,167,13,3,0,3
ACC010368,1,1748.45,1748.45,0,13,1,0,1
ACC010370,1,14295.24,14295.24,0,4,1,1,1
ACC010371,1,114998.03,114998.03,0,13,1,0,1
ACC010374,1,26039.85,26039.85,0,11,1,0,1
ACC010378,1,107926.6,107926.6,0,13,1,0,1
ACC010379,1,19776.31,19776.31,0,7,1,0,1
ACC010381,1,8221.69,8221.69,0,12,1,0,1
ACC010382,2,28972.55,14486.27,109,11,2,0,1
ACC010385,1,109967.49,109967.49,0,5,1,0,1
ACC010387,2,73107.02,36553.51,307,8,2,0,2
ACC010388,1,58446.65,58446.65,0,6,1,0,1
ACC010389,4,98496.59,24624.15,86,22,4,0,3
ACC010390,1,8738.72,8738.72,0,1,1,0,1
ACC010391,3,72327.28,24109.09,366,28,3,1,3
ACC010392,2,28640.16,14320.08,194,13,2,0,1
ACC010393,1,44383.44,44383.44,0,6,1,0,1
ACC010396,2,63737.42,31868.71,276,22,2,0,2
ACC010398,2,38958.57,19479.28,52,19,2,0,2
ACC010401,2,39988.82,19994.41,96,8,2,0,2
ACC010402,1,26973.76,26973.76,0,7,1,0,1
ACC010403,1,33027.76,33027.76,0,7,1,0,1
ACC010405,2,9127.95,4563.98,359,6,2,0,2
ACC010406,2,6539.07,3269.53,34,22,2,0,2
ACC010408,2,97162.55,48581.28,71,19,2,0,2
ACC010409,1,67168.4,67168.4,0,9,1,0,1
ACC010410,1,4577.51,4577.51,0,13,1,0,1
ACC010411,2,21301.88,10650.94,256,12,2,0,2
ACC010412,1,31464.81,31464.81,0,10,1,0,1
ACC010413,2,28582.01,14291.01,17,10,2,0,2
ACC010414,1,63277.15,63277.15,0,4,1,0,1
ACC010415,1,42873.32,42873.32,0,8,1,0,1
ACC010418,1,20665.44,20665.44,0,8,1,0,1
ACC010419,2,36834.88,18417.44,205,9,2,0,2
ACC010420,1,17431.97,17431.97,0,12,1,0,1
ACC010422,1,5809.76,5809.76,0,9,1,0,1
ACC010424,1,8680.13,8680.13,0,2,1,0,1
ACC010426,1,52588.01,52588.01,0,7,1,0,1
ACC010427,1,59299.59,59299.59,0,10,1,0,1
ACC010434,4,80309.0,20077.25,249,31,4,1,4
ACC010435,3,76489.24,25496.41,99,11,3,0,3
ACC010437,3,32081.27,10693.76,7,30,3,0,3
ACC010439,2,90313.52,45156.76,18,10,2,0,2
ACC010440,1,48172.91,48172.91,0,13,1,0,1
ACC010441,1,26512.09,26512.09,0,7,1,0,1
ACC010442,2,102146.46,51073.23,162,11,2,1,2
ACC010443,1,50878.19,50878.19,0,2,1,0,1
ACC010445,1,15659.49,15659.49,0,1,1,0,1
ACC010448,1,17548.77,17548.77,0,4,1,0,1
ACC010450,1,8791.28,8791.28,0,12,1,0,1
ACC010451,1,7736.4,7736.4,0,10,1,0,1
ACC010456,4,44152.89,11038.22,224,31,4,0,4
ACC010457,1,7532.67,7532.67,0,5,1,0,1
ACC010458,3,62847.88,20949.29,179,16,3,0,2
ACC010461,3,45757.31,15252.44,331,18,3,0,3
ACC010462,2,42703.66,21351.83,262,8,2,1,2
ACC010463,2,23070.23,11535.11,18,13,2,0,2
ACC010464,1,3800.86,3800.86,0,1,1,0,1
ACC010467,2,89512.11,44756.06,121,12,2,0,2
ACC010470,2,33449.06,16724.53,271,8,2,1,2
ACC010471,3,77904.19,25968.06,349,35,3,0,3
ACC010474,1,56544.23,56544.23,0,12,1,0,1
ACC010476,1,44628.61,44628.61,0,2,1,0,1
ACC010482,1,100307.15,100307.15,0,5,1,0,1
ACC010483,2,36514.57,18257.28,150,20,2,0,2
ACC010485,1,75531.5,75531.5,0,3,1,0,1
ACC010486,2,50451.12,25225.56,112,4,2,0,2
ACC010487,1,19785.74,19785.74,0,10,1,1,1
ACC010488,1,9650.11,9650.11,0,12,1,1,1
ACC010491,1,4064.91,4064.91,0,7,1,0,1
ACC010492,1,57287.7,57287.7,0,10,1,1,1
ACC010494,2,89300.95,44650.47,38,21,2,0,2
ACC010495,1,96743.43,96743.43,0,11,1,0,1
ACC010496,1,10252.35,10252.35,0,4,1,0,1
ACC010498,2,51832.48,25916.24,260,18,2,0,2
ACC010501,1,19137.9,19137.9,0,3,1,0,1
ACC010502,4,157595.79,39398.95,424,34,4,1,3
ACC010503,1,26129.33,26129.33,0,11,1,0,1
ACC010504,1,5402.44,5402.44,0,8,1,0,1
ACC010506,2,38858.34,19429.17,52,17,2,0,2
ACC010507,1,7363.06,7363.06,0,6,1,0,1
ACC010508,1,18087.84,18087.84,0,11,1,0,1
ACC010509,1,40518.81,40518.81,0,10,1,0,1
ACC010510,2,19279.63,9639.82,111,17,2,0,2
ACC010514,1,88071.47,88071.47,0,8,1,0,1
ACC010517,1,29472.24,29472.24,0,13,1,0,1
ACC010518,1,12627.72,12627.72,0,6,1,0,1
ACC010519,3,18863.69,6287.9,145,22,3,0,2
ACC010520,1,24194.24,24194.24,0,13,1,0,1
ACC010523,3,32187.83,10729.28,135,38,3,0,2
ACC010524,1,609.61,609.61,0,1,1,0,1
ACC010527,2,26129.67,13064.83,212,10,2,0,2
ACC010528,2,38721.07,19360.53,379,16,2,0,2
ACC010529,1,1053.42,1053.42,0,1,1,0,1
ACC010530,1,12614.44,12614.44,0,7,1,0,1
ACC010531,1,2172.26,2172.26,0,1,1,0,1
ACC010532,2,53577.38,26788.69,35,17,2,0,2
ACC010534,1,2448.81,2448.81,0,2,1,0,1
ACC010535,2,12449.25,6224.62,131,18,2,0,2
ACC010537,3,64148.47,21382.82,167,29,3,0,3
ACC010538,2,86705.72,43352.86,39,6,2,1,2
ACC010540,2,23604.74,11802.37,226,6,2,0,2
ACC010541,2,42246.12,21123.06,136,16,2,0,2
ACC010543,1,2039.65,2039.65,0,9,1,0,1
ACC010544,1,12851.0,12851.0,0,3,1,1,1
ACC010545,1,35969.92,35969.92,0,12,1,0,1
ACC010546,2,107650.6,53825.3,133,20,2,0,2
ACC010548,2,11619.42,5809.71,63,3,2,0,2
ACC010549,1,43418.78,43418.78,0,3,1,0,1
ACC010551,2,37282.89,18641.44,366,8,2,1,2
ACC010552,2,44333.35,22166.67,372,15,2,0,2
ACC010553,1,38627.96,38627.96,0,9,1,0,1
ACC010554,4,140358.28,35089.57,217,41,4,0,3
ACC010555,1,18285.81,18285.81,0,14,1,0,1
ACC010556,3,154013.76,51337.92,396,24,3,2,3
ACC010557,1,874.31,874.31,0,12,1,0,1
ACC010559,2,23864.84,11932.42,43,20,2,0,2
ACC010560,2,74554.64,37277.32,42,20,2,0,2
ACC010561,2,48005.17,24002.58,44,20,2,0,2
ACC010562,1,57313.66,57313.66,0,7,1,0,1
ACC010563,1,15214.62,15214.62,0,3,1,0,1
ACC010565,1,7811.98,7811.98,0,1,1,0,1
ACC010566,1,838.31,838.31,0,5,1,0,1
ACC010568,3,77008.32,25669.44,270,27,3,0,3
ACC010569,1,26070.17,26070.17,0,1,1,0,1
ACC010570,1,5022.05,5022.05,0,6,1,0,1
ACC010571,1,13890.5,13890.5,0,6,1,0,1
ACC010579,1,7701.86,7701.86,0,13,1,0,1
ACC010583,2,8237.19,4118.6,255,5,2,0,2
ACC010584,1,39229.56,39229.56,0,4,1,1,1
ACC010585,1,7450.65,7450.65,0,13,1,0,1
ACC010586,1,32811.67,32811.67,0,11,1,1,1
ACC010588,1,1200.49,1200.49,0,12,1,0,1
ACC010589,2,21801.58,10900.79,326,5,2,0,2
ACC010590,3,54763.02,18254.34,221,27,3,0,3
ACC010591,1,1783.08,1783.08,0,11,1,0,1
ACC010592,1,3809.65,3809.65,0,5,1,0,1
ACC010593,1,4256.69,4256.69,0,14,1,0,1
ACC010595,1,59062.62,59062.62,0,12,1,0,1
ACC010596,1,42750.28,42750.28,0,10,1,0,1
ACC010597,2,26359.73,13179.86,17,4,2,0,2
ACC010598,1,27925.09,27925.09,0,8,1,0,1
ACC010599,2,50368.33,25184.17,106,18,2,0,2
ACC010600,3,98106.51,32702.17,310,17,3,0,3
ACC010601,2,55720.01,27860.01,67,21,2,0,2
ACC010605,1,2542.65,2542.65,0,13,1,0,1
ACC010606,1,6423.75,6423.75,0,7,1,0,1
ACC010608,1,29906.41,29906.41,0,5,1,0,1
ACC010609,2,13867.84,6933.92,248,11,2,0,2
ACC010611,2,18735.0,9367.5,44,21,2,0,2
ACC010612,2,29348.31,14674.16,407,21,2,1,2
ACC010613,1,9011.01,9011.01,0,3,1,0,1
ACC010615,1,54280.29,54280.29,0,12,1,1,1
ACC010617,2,95769.66,47884.83,178,25,2,0,2
ACC010619,1,7312.45,7312.45,0,1,1,0,1
ACC010620,1,136610.91,136610.91,0,2,1,0,1
ACC010622,1,36213.37,36213.37,0,14,1,0,1
ACC010626,1,29713.09,29713.09,0,13,1,0,1
ACC010627,1,46801.2,46801.2,0,14,1,1,1
ACC010628,2,24639.0,12319.5,73,25,2,0,2
ACC010629,2,20984.89,10492.44,31,8,2,0,2
ACC010630,2,69961.13,34980.57,71,12,2,0,2
ACC010631,3,68893.91,22964.64,216,26,3,1,2
ACC010633,2,17799.29,8899.65,316,14,2,1,2
ACC010634,1,5252.0,5252.0,0,13,1,0,1
ACC010635,1,6637.92,6637.92,0,13,1,0,1
ACC010637,2,92855.14,46427.57,59,15,2,0,2
ACC010639,1,44121.66,44121.66,0,11,1,0,1
ACC010641,1,76298.47,76298.47,0,9,1,1,1
ACC010642,2,4305.03,2152.51,73,11,2,0,1
ACC010643,1,27709.01,27709.01,0,1,1,0,1
ACC010644,3,70143.95,23381.32,309,26,3,0,2
ACC010645,1,20467.71,20467.71,0,1,1,1,1
ACC010646,1,10484.01,10484.01,0,3,1,0,1
ACC010650,1,13174.73,13174.73,0,12,1,0,1
ACC010652,5,172335.72,34467.14,326,40,5,0,3
ACC010653,2,74492.35,37246.17,284,19,2,0,2
ACC010654,1,80457.88,80457.88,0,3,1,0,1
ACC010655,2,32510.66,16255.33,10,10,2,0,2
ACC010656,1,5107.41,5107.41,0,10,1,0,1
ACC010657,1,83761.67,83761.67,0,12,1,0,1
ACC010659,2,69902.81,34951.4,272,15,2,0,2
ACC010661,2,25970.06,12985.03,125,20,2,0,2
ACC010662,1,10456.32,10456.32,0,1,1,0,1
ACC010664,1,89362.34,89362.34,0,9,1,0,1
ACC010665,1,8643.61,8643.61,0,2,1,0,1
ACC010666,1,14474.38,14474.38,0,13,1,0,1
ACC010667,3,133105.19,44368.4,90,28,3,0,3
ACC010668,1,57344.64,57344.64,0,13,1,0,1
ACC010671,4,52778.56,13194.64,311,23,4,0,3
ACC010672,2,104912.51,52456.25,191,24,2,0,2
ACC010674,1,8748.32,8748.32,0,1,1,0,1
ACC010675,2,33725.38,16862.69,35,11,2,0,2
ACC010676,3,99857.01,33285.67,379,29,3,1,3
ACC010679,1,9092.28,9092.28,0,3,1,0,1
ACC010680,4,73451.1,18362.78,207,24,4,0,3
ACC010681,1,16574.03,16574.03,0,4,1,0,1
ACC010682,2,32471.04,16235.52,57,11,2,0,2
ACC010684,1,55001.56,55001.56,0,14,1,0,1
ACC010686,2,66825.47,33412.74,249,15,2,0,2
ACC010689,2,29198.85,14599.42,105,10,2,0,2
ACC010690,1,20058.17,20058.17,0,11,1,0,1
ACC010693,2,20934.63,10467.32,83,11,2,0,2
ACC010694,1,13961.23,13961.23,0,10,1,0,1
ACC010695,1,56659.84,56659.84,0,14,1,0,1
ACC010696,3,41652.96,13884.32,151,27,3,0,2
ACC010697,1,67643.51,67643.51,0,3,1,0,1
ACC010701,1,30400.91,30400.91,0,3,1,0,1
ACC010703,2,92978.39,46489.19,32,15,2,0,2
ACC010704,1,618.5,618.5,0,6,1,0,1
ACC010706,1,3209.58,3209.58,0,7,1,0,1
ACC010708,1,26143.49,26143.49,0,3,1,0,1
ACC010709,1,49081.15,49081.15,0,12,1,0,1
ACC010710,1,2888.24,2888.24,0,3,1,0,1
ACC010711,3,91460.24,30486.75,332,22,3,0,2
ACC010713,1,22056.29,22056.29,0,13,1,0,1
ACC010714,1,53094.72,53094.72,0,7,1,0,1
ACC010715,1,20586.0,20586.0,0,4,1,0,1
ACC010716,1,11179.69,11179.69,0,2,1,0,1
ACC010718,2,20862.29,10431.15,277,19,2,1,2
ACC010719,2,20343.61,10171.81,96,22,2,0,2
ACC010720,1,13798.89,13798.89,0,2,1,0,1
ACC010721,1,91371.4,91371.4,0,10,1,0,1
ACC010722,1,64551.89,64551.89,0,2,1,0,1
ACC010723,2,18758.4,9379.2,72,26,2,0,2
ACC010725,2,6172.87,3086.43,38,16,2,0,2
ACC010727,1,26981.15,26981.15,0,11,1,0,1
ACC010728,2,18763.68,9381.84,336,24,2,0,2
ACC010729,1,18574.39,18574.39,0,8,1,0,1
ACC010730,2,56989.64,28494.82,267,26,2,0,2
ACC010731,1,33908.05,33908.05,0,13,1,0,1
ACC010732,2,39637.74,19818.87,26,13,2,0,2
ACC010733,1,50259.06,50259.06,0,10,1,0,1
ACC010734,1,19738.32,19738.32,0,7,1,0,1
ACC010735,1,731.21,731.21,0,5,1,0,1
ACC010736,3,128436.8,42812.27,223,24,3,0,2
ACC010739,2,7340.06,3670.03,139,15,2,0,2
ACC010741,1,2160.02,2160.02,0,2,1,0,1
ACC010744,2,20936.77,10468.38,351,8,2,1,1
ACC010745,3,128122.56,42707.52,387,21,3,1,3
ACC010746,1,3914.74,3914.74,0,5,1,0,1
ACC010747,2,9560.91,4780.45,13,13,2,0,2
ACC010748,4,43204.56,10801.14,368,27,4,0,2
ACC010749,1,21899.52,21899.52,0,9,1,0,1
ACC010751,3,57315.93,19105.31,215,20,3,0,2
ACC010752,1,8122.44,8122.44,0,3,1,0,1
ACC010753,1,31177.75,31177.75,0,12,1,0,1
ACC010755,1,21186.2,21186.2,0,11,1,0,1
ACC010756,1,62635.29,62635.29,0,5,1,0,1
ACC010760,2,42957.46,21478.73,166,17,2,0,2
ACC010762,2,36243.52,18121.76,93,17,2,0,2
ACC010763,1,13002.28,13002.28,0,6,1,0,1
ACC010764,2,22297.03,11148.51,172,6,2,0,2
ACC010766,3,65730.42,21910.14,240,16,3,0,3
ACC010767,1,10677.2,10677.2,0,11,1,0,1
ACC010769,1,63496.26,63496.26,0,2,1,0,1
ACC010770,1,14404.39,14404.39,0,13,1,1,1
ACC010771,1,80912.17,80912.17,0,12,1,0,1
ACC010772,1,3592.13,3592.13,0,11,1,0,1
ACC010775,2,88980.05,44490.02,58,22,2,0,2
ACC010776,1,25955.9,25955.9,0,14,1,0,1
ACC010777,2,40477.25,20238.62,84,15,2,0,2
ACC010779,1,48895.92,48895.92,0,8,1,0,1
ACC010781,1,36814.21,36814.21,0,8,1,0,1
ACC010784,3,24096.78,8032.26,386,14,3,0,3
ACC010785,1,49363.25,49363.25,0,13,1,0,1
ACC010787,2,25490.35,12745.17,24,27,2,0,1
ACC010788,2,53695.51,26847.76,127,15,2,0,1
ACC010791,1,13975.11,13975.11,0,2,1,0,1
ACC010792,2,65168.32,32584.16,253,19,2,0,2
ACC010793,1,30970.24,30970.24,0,10,1,0,1
ACC010796,1,14588.0,14588.0,0,14,1,0,1
ACC010797,1,20747.75,20747.75,0,6,1,0,1
ACC010799,4,144855.05,36213.76,289,33,4,1,3
ACC010801,3,79055.13,26351.71,227,12,3,0,3
ACC010802,2,93429.3,46714.65,200,23,2,0,1
ACC010804,2,23589.07,11794.53,167,13,2,0,1
ACC010805,3,98556.95,32852.32,161,27,3,0,3
ACC010806,2,48796.01,24398.01,92,16,2,0,2
ACC010808,2,45752.47,22876.24,138,4,2,0,2
ACC010809,1,7511.38,7511.38,0,4,1,0,1
ACC010810,1,1376.17,1376.17,0,14,1,0,1
ACC010811,2,3000.56,1500.28,4,13,2,0,2
ACC010812,1,2240.51,2240.51,0,1,1,0,1
ACC010813,1,3266.62,3266.62,0,6,1,0,1
ACC010814,1,13174.64,13174.64,0,9,1,0,1
ACC010815,1,19898.06,19898.06,0,8,1,0,1
ACC010816,2,18116.3,9058.15,105,13,2,0,2
ACC010818,1,73799.72,73799.72,0,3,1,1,1
ACC010819,2,19229.87,9614.94,312,9,2,0,2
ACC010820,1,16708.29,16708.29,0,11,1,0,1
ACC010821,1,48457.96,48457.96,0,2,1,0,1
ACC010823,1,6656.86,6656.86,0,8,1,0,1
ACC010824,1,7278.14,7278.14,0,3,1,0,1
ACC010825,2,13473.02,6736.51,34,27,2,0,2
ACC010828,2,60957.08,30478.54,33,23,2,0,2
ACC010830,2,73717.58,36858.79,108,10,2,0,2
ACC010831,1,13557.25,13557.25,0,5,1,0,1
ACC010832,1,32484.84,32484.84,0,14,1,0,1
ACC010836,1,12743.64,12743.64,0,8,1,0,1
ACC010837,3,101829.26,33943.09,289,24,3,1,2
ACC010838,1,5553.47,5553.47,0,10,1,0,1
ACC010842,2,23824.31,11912.15,177,9,2,0,1
ACC010843,1,64282.51,64282.51,0,1,1,0,1
ACC010844,1,1582.58,1582.58,0,13,1,0,1
ACC010846,2,25260.49,12630.25,241,11,2,0,2
ACC010848,1,8722.93,8722.93,0,1,1,0,1
ACC010849,3,192137.97,64045.99,173,7,3,0,2
ACC010851,3,88937.64,29645.88,332,27,3,1,3
ACC010852,1,1006.34,1006.34,0,10,1,0,1
ACC010853,1,38718.25,38718.25,0,4,1,0,1
ACC010854,1,2213.51,2213.51,0,1,1,1,1
ACC010856,1,16907.6,16907.6,0,8,1,0,1
ACC010857,1,34970.97,34970.97,0,11,1,0,1
ACC010858,1,5664.51,5664.51,0,6,1,0,1
ACC010859,1,13072.09,13072.09,0,4,1,0,1
ACC010860,1,103257.56,103257.56,0,11,1,0,1
ACC010861,1,22023.92,22023.92,0,1,1,0,1
ACC010863,1,28952.22,28952.22,0,7,1,0,1
ACC010864,2,55319.8,27659.9,56,19,2,0,2
ACC010865,1,72799.82,72799.82,0,6,1,1,1
ACC010866,1,9297.35,9297.35,0,12,1,0,1
ACC010867,2,32298.18,16149.09,3,15,2,0,1
ACC010869,1,25375.69,25375.69,0,1,1,0,1
ACC010870,3,47840.28,15946.76,122,28,3,0,2
ACC010871,1,14662.13,14662.13,0,5,1,0,1
ACC010872,2,68528.66,34264.33,35,21,2,0,2
ACC010873,1,24104.54,24104.54,0,13,1,0,1
ACC010874,1,74513.75,74513.75,0,9,1,0,1
ACC010875,2,43570.75,21785.38,338,24,2,1,1
ACC010876,3,76446.98,25482.33,253,19,3,0,3
ACC010878,2,23046.43,11523.22,21,27,2,0,1
ACC010879,1,31344.16,31344.16,0,1,1,0,1
ACC010880,1,13130.25,13130.25,0,14,1,0,1
ACC010881,1,9186.69,9186.69,0,5,1,0,1
ACC010882,2,48311.59,24155.79,232,16,2,0,1
ACC010883,2,72295.88,36147.94,4,7,2,0,2
ACC010884,1,41726.59,41726.59,0,2,1,0,1
ACC010885,1,42776.35,42776.35,0,11,1,0,1
ACC010887,1,57918.8,57918.8,0,5,1,0,1
ACC010888,2,32621.85,16310.92,345,12,2,0,2
ACC010890,1,12207.42,12207.42,0,8,1,0,1
ACC010892,1,16409.53,16409.53,0,10,1,0,1
ACC010894,1,51362.69,51362.69,0,8,1,0,1
ACC010895,2,40956.14,20478.07,126,8,2,0,2
ACC010896,3,14437.24,4812.41,275,12,3,0,2
ACC010897,1,48322.54,48322.54,0,13,1,0,1
ACC010899,2,63400.16,31700.08,310,24,2,0,2
ACC010901,1,2065.55,2065.55,0,3,1,0,1
ACC010902,1,20311.16,20311.16,0,3,1,0,1
ACC010903,4,86602.1,21650.53,397,47,4,1,4
ACC010904,2,43566.03,21783.01,191,22,2,0,2
ACC010906,2,13811.08,6905.54,58,10,2,0,2
ACC010907,1,7513.82,7513.82,0,8,1,0,1
ACC010909,1,3069.13,3069.13,0,2,1,0,1
ACC010910,2,48098.02,24049.01,51,14,2,1,2
ACC010912,1,16174.95,16174.95,0,4,1,0,1
ACC010914,2,43143.32,21571.66,162,8,2,0,2
ACC010915,1,37369.74,37369.74,0,7,1,0,1
ACC010916,1,5978.89,5978.89,0,6,1,0,1
ACC010918,1,8020.11,8020.11,0,2,1,1,1
ACC010920,1,17496.4,17496.4,0,7,1,0,1
ACC010922,2,28825.44,14412.72,24,6,2,0,1
ACC010923,2,23150.6,11575.3,123,8,2,0,2
ACC010926,2,48386.71,24193.35,169,15,2,0,2
ACC010928,1,4624.66,4624.66,0,9,1,0,1
ACC010930,1,26361.48,26361.48,0,4,1,0,1
ACC010931,1,10729.38,10729.38,0,2,1,0,1
ACC010932,3,41976.64,13992.21,342,35,3,0,2
ACC010933,1,128030.43,128030.43,0,8,1,0,1
ACC010934,1,12511.2,12511.2,0,1,1,0,1
ACC010935,4,167151.28,41787.82,331,27,4,0,3
ACC010936,1,13247.86,13247.86,0,12,1,0,1
ACC010937,3,56391.53,18797.18,259,29,3,0,3
ACC010938,1,2311.11,2311.11,0,11,1,0,1
ACC010940,2,63917.79,31958.9,141,23,2,0,2
ACC010943,3,31916.18,10638.73,185,21,3,0,2
ACC010944,1,10199.4,10199.4,0,1,1,0,1
ACC010945,2,4145.51,2072.76,164,21,2,0,2
ACC010946,3,39764.45,13254.82,91,30,3,0,3
ACC010947,1,78800.38,78800.38,0,4,1,0,1
ACC010948,2,19138.74,9569.37,147,4,2,0,2
ACC010951,1,14697.49,14697.49,0,9,1,0,1
ACC010952,3,46011.88,15337.29,256,16,3,1,2
ACC010953,1,5903.34,5903.34,0,3,1,0,1
ACC010956,1,45348.59,45348.59,0,10,1,0,1
ACC010957,2,12867.47,6433.73,105,14,2,0,1
ACC010958,2,44634.68,22317.34,20,6,2,0,2
ACC010959,2,63965.84,31982.92,76,4,2,0,2
ACC010960,1,25400.45,25400.45,0,9,1,0,1
ACC010961,1,2662.13,2662.13,0,8,1,0,1
ACC010963,1,18697.67,18697.67,0,2,1,0,1
ACC010964,2,165423.01,82711.51,93,16,2,0,2
ACC010965,1,49048.04,49048.04,0,12,1,0,1
ACC010967,2,95796.76,47898.38,168,15,2,0,1
ACC010968,2,24339.05,12169.53,9,24,2,0,2
ACC010969,2,66476.36,33238.18,8,20,2,2,2
ACC010970,1,62598.74,62598.74,0,4,1,1,1
ACC010971,1,3137.43,3137.43,0,11,1,0,1
ACC010972,2,26245.03,13122.51,127,13,2,0,2
ACC010973,2,96632.15,48316.07,166,22,2,0,2
ACC010974,1,18610.23,18610.23,0,11,1,0,1
ACC010976,2,15089.89,7544.94,100,8,2,0,2
ACC010977,1,30908.38,30908.38,0,2,1,1,1
ACC010978,1,3231.64,3231.64,0,3,1,0,1
ACC010979,2,23645.34,11822.67,205,14,2,0,2
ACC010980,3,53486.17,17828.72,294,31,3,1,2
ACC010981,2,82892.68,41446.34,42,13,2,0,2
ACC010984,2,25640.4,12820.2,37,19,2,0,2
ACC010985,2,53296.94,26648.47,58,14,2,0,1
ACC010988,1,60780.45,60780.45,0,11,1,0,1
ACC010989,3,99989.19,33329.73,247,29,3,0,3
ACC010991,2,22959.2,11479.6,47,21,2,0,1
ACC010992,1,1131.95,1131.95,0,3,1,0,1
ACC010993,1,6522.37,6522.37,0,4,1,0,1
ACC010994,1,44364.55,44364.55,0,12,1,0,1
ACC010995,3,70704.05,23568.02,87,26,3,0,2
ACC010997,2,67455.82,33727.91,308,22,2,1,2
ACC010998,1,6490.1,6490.1,0,3,1,0,1
ACC010999,1,7687.67,7687.67,0,7,1,0,1
ACC011001,1,22634.7,22634.7,0,5,1,0,1
ACC011002,1,5830.37,5830.37,0,11,1,0,1
ACC011003,2,41481.76,20740.88,127,15,2,0,2
ACC011004,1,4810.25,4810.25,0,14,1,0,1
ACC011007,1,1545.62,1545.62,0,5,1,0,1
ACC011009,1,49715.46,49715.46,0,5,1,0,1
ACC011010,1,10040.54,10040.54,0,3,1,1,1
ACC011011,2,28080.59,14040.3,142,8,2,0,2
ACC011012,1,24866.49,24866.49,0,3,1,0,1
ACC011013,1,20004.77,20004.77,0,6,1,0,1
ACC011017,2,57707.74,28853.87,6,16,2,0,2
ACC011018,1,7478.14,7478.14,0,7,1,0,1
ACC011019,2,45400.23,22700.11,64,12,2,0,2
ACC011022,1,27813.35,27813.35,0,7,1,0,1
ACC011023,2,68381.62,34190.81,101,9,2,0,2
ACC011025,1,32124.99,32124.99,0,12,1,0,1
ACC011027,1,6899.41,6899.41,0,1,1,0,1
ACC011028,1,11257.79,11257.79,0,13,1,0,1
ACC011029,1,4258.0,4258.0,0,7,1,0,1
ACC011030,1,55680.82,55680.82,0,1,1,0,1
ACC011031,1,4595.52,4595.52,0,9,1,0,1
ACC011032,1,15288.59,15288.59,0,2,1,0,1
ACC011036,4,130487.12,32621.78,369,25,4,1,3
ACC011038,2,76102.04,38051.02,301,22,2,0,1
ACC011039,3,20603.2,6867.73,182,19,3,0,2
ACC011040,3,87364.19,29121.4,372,13,3,0,3
ACC011041,1,38892.03,38892.03,0,12,1,0,1
ACC011042,2,14378.45,7189.23,117,15,2,0,2
ACC011043,1,24571.59,24571.59,0,1,1,0,1
ACC011047,1,26058.54,26058.54,0,7,1,0,1
ACC011050,1,8524.83,8524.83,0,1,1,0,1
ACC011051,1,21059.71,21059.71,0,14,1,0,1
ACC011052,1,46380.32,46380.32,0,6,1,0,1
ACC011053,1,12957.18,12957.18,0,13,1,0,1
ACC011054,1,17050.87,17050.87,0,5,1,0,1
ACC011055,1,4514.87,4514.87,0,8,1,0,1
ACC011057,1,6655.41,6655.41,0,6,1,1,1
ACC011058,2,15099.06,7549.53,338,8,2,1,1
ACC011059,1,19574.26,19574.26,0,8,1,0,1
ACC011060,1,4508.36,4508.36,0,12,1,0,1
ACC011061,2,40820.9,20410.45,121,17,2,0,2
ACC011063,2,30269.49,15134.75,32,18,2,0,2
ACC011066,1,26834.19,26834.19,0,13,1,0,1
ACC011068,1,32328.47,32328.47,0,10,1,0,1
ACC011070,1,13121.88,13121.88,0,6,1,0,1
ACC011071,1,1067.4,1067.4,0,2,1,0,1
ACC011073,1,50481.74,50481.74,0,11,1,0,1
ACC011074,1,38220.41,38220.41,0,5,1,0,1
ACC011075,1,26066.63,26066.63,0,4,1,0,1
ACC011078,1,11432.7,11432.7,0,2,1,0,1
ACC011079,2,29850.84,14925.42,104,17,2,0,1
ACC011080,1,23121.3,23121.3,0,2,1,0,1
ACC011082,1,49446.61,49446.61,0,12,1,0,1
ACC011083,1,11317.62,11317.62,0,12,1,0,1
ACC011084,1,10384.84,10384.84,0,13,1,0,1
ACC011085,2,18513.26,9256.63,86,23,2,0,2
ACC011086,1,1224.55,1224.55,0,10,1,0,1
ACC011087,1,46226.06,46226.06,0,10,1,0,1
ACC011088,1,18993.4,18993.4,0,3,1,0,1
ACC011090,1,28823.99,28823.99,0,11,1,0,1
ACC011091,3,34489.9,11496.63,236,22,3,0,3
ACC011092,2,56818.61,28409.31,441,22,2,1,2
ACC011093,1,1311.49,1311.49,0,3,1,0,1
ACC011094,1,643.43,643.43,0,10,1,0,1
ACC011098,1,15466.12,15466.12,0,1,1,0,1
ACC011099,1,37826.89,37826.89,0,5,1,0,1
ACC011100,1,5057.07,5057.07,0,1,1,0,1
ACC011102,4,145604.48,36401.12,318,47,4,0,4
ACC011103,3,124190.59,41396.86,320,26,3,0,2
ACC011104,1,39764.58,39764.58,0,9,1,0,1
ACC011105,2,32487.99,16243.99,233,11,2,1,1
ACC011107,1,26010.25,26010.25,0,8,1,0,1
ACC011108,2,108218.3,54109.15,191,16,2,1,2
ACC011109,1,72013.17,72013.17,0,11,1,0,1
ACC011111,4,114855.4,28713.85,304,23,4,0,3
ACC011112,1,5359.61,5359.61,0,8,1,0,1
ACC011113,2,20947.55,10473.77,194,24,2,0,2
ACC011114,2,52249.98,26124.99,44,19,2,0,1
ACC011115,1,40728.99,40728.99,0,14,1,0,1
ACC011117,1,12800.1,12800.1,0,8,1,0,1
ACC011118,3,59924.83,19974.94,304,24,3,0,2
ACC011119,1,2099.67,2099.67,0,5,1,0,1
ACC011120,2,14541.47,7270.74,51,23,2,0,2
ACC011121,3,49249.17,16416.39,130,22,3,0,2
ACC011122,3,91477.48,30492.49,77,33,3,0,3
ACC011123,1,6686.93,6686.93,0,14,1,0,1
ACC011124,2,69476.0,34738.0,321,12,2,1,2
ACC011128,2,75507.01,37753.5,53,10,2,0,2
ACC011130,1,16692.01,16692.01,0,2,1,0,1
ACC011131,3,134626.65,44875.55,152,5,3,0,3
ACC011133,3,132222.23,44074.08,89,26,3,0,2
ACC011134,2,15712.97,7856.48,221,15,2,0,2
ACC011135,1,64246.5,64246.5,0,1,1,0,1
ACC011136,2,81128.07,40564.03,41,10,2,0,2
ACC011137,1,14283.29,14283.29,0,13,1,0,1
ACC011138,2,36882.63,18441.32,214,15,2,0,1
ACC011139,2,60223.1,30111.55,34,14,2,1,2
ACC011140,1,6895.47,6895.47,0,13,1,0,1
ACC011141,2,114288.38,57144.19,26,9,2,0,2
ACC011143,5,48268.94,9653.79,314,28,5,0,4
ACC011144,2,48652.58,24326.29,56,17,2,0,2
ACC011147,1,5824.89,5824.89,0,9,1,0,1
ACC011148,2,5508.87,2754.44,166,14,2,0,2
ACC011151,1,13203.35,13203.35,0,13,1,0,1
ACC011152,2,49483.62,24741.81,334,13,2,0,2
ACC011153,3,66034.89,22011.63,136,25,3,0,2
ACC011155,3,26388.96,8796.32,186,35,3,0,3
ACC011156,1,12144.96,12144.96,0,8,1,0,1
ACC011157,1,22886.7,22886.7,0,8,1,0,1
ACC011159,5,109954.92,21990.98,282,29,5,0,3
ACC011163,1,10278.18,10278.18,0,14,1,0,1
ACC011164,1,13595.39,13595.39,0,4,1,0,1
ACC011165,1,4042.03,4042.03,0,13,1,0,1
ACC011166,1,10261.3,10261.3,0,2,1,0,1
ACC011170,1,54764.68,54764.68,0,10,1,0,1
ACC011171,1,15468.7,15468.7,0,10,1,0,1
ACC011173,1,31046.09,31046.09,0,9,1,0,1
ACC011175,1,7876.73,7876.73,0,11,1,0,1
ACC011176,1,11024.88,11024.88,0,1,1,0,1
ACC011177,1,11621.14,11621.14,0,6,1,0,1
ACC011180,1,5012.28,5012.28,0,10,1,1,1
ACC011181,1,20086.19,20086.19,0,5,1,0,1
ACC011182,2,122937.67,61468.84,235,19,2,0,1
ACC011183,3,89060.55,29686.85,154,21,3,0,3
ACC011185,1,9073.4,9073.4,0,2,1,0,1
ACC011186,1,35317.27,35317.27,0,5,1,0,1
ACC011188,2,33101.68,16550.84,33,16,2,0,2
ACC011191,3,50857.27,16952.42,253,16,3,0,3
ACC011193,2,8067.73,4033.87,217,9,2,0,2
ACC011196,1,21281.32,21281.32,0,7,1,0,1
ACC011197,1,33895.25,33895.25,0,13,1,0,1
ACC011198,1,20933.6,20933.6,0,5,1,0,1
ACC011199,1,24279.04,24279.04,0,3,1,0,1
ACC011201,1,12770.75,12770.75,0,12,1,0,1
ACC011202,1,59271.88,59271.88,0,13,1,0,1
ACC011203,1,42009.91,42009.91,0,4,1,0,1
ACC011205,1,7443.08,7443.08,0,11,1,0,1
ACC011206,1,8802.79,8802.79,0,5,1,0,1
ACC011207,1,76143.74,76143.74,0,12,1,0,1
ACC011208,2,37149.43,18574.72,35,12,2,0,2
ACC011209,1,47075.6,47075.6,0,5,1,0,1
ACC011210,2,29115.83,14557.91,222,19,2,0,2
ACC011212,1,1447.53,1447.53,0,8,1,1,1
ACC011214,4,90854.61,22713.65,212,33,4,0,3
ACC011215,2,33140.49,16570.24,50,3,2,0,2
ACC011216,2,119384.03,59692.01,45,12,2,0,2
ACC011217,1,2944.91,2944.91,0,1,1,0,1
ACC011218,2,40867.14,20433.57,226,8,2,0,2
ACC011219,1,15351.42,15351.42,0,14,1,0,1
ACC011220,1,80455.11,80455.11,0,12,1,0,1
ACC011222,1,80535.48,80535.48,0,2,1,0,1
ACC011223,1,46962.46,46962.46,0,7,1,0,1
ACC011226,2,131840.56,65920.28,28,17,2,0,2
ACC011228,3,92127.97,30709.32,273,18,3,1,2
ACC011230,1,11147.77,11147.77,0,9,1,0,1
ACC011232,2,70798.69,35399.35,272,13,2,0,2
ACC011233,1,23463.53,23463.53,0,6,1,0,1
ACC011235,1,28071.97,28071.97,0,1,1,0,1
ACC011236,5,151212.75,30242.55,314,39,5,0,4
ACC011237,1,34993.28,34993.28,0,4,1,0,1
ACC011239,2,41261.08,20630.54,344,18,2,0,2
ACC011240,1,43689.76,43689.76,0,1,1,0,1
ACC011241,1,29187.01,29187.01,0,5,1,1,1
ACC011242,1,9037.19,9037.19,0,1,1,0,1
ACC011246,2,12099.76,6049.88,3,19,2,0,2
ACC011247,2,64013.75,32006.88,371,18,2,1,2
ACC011248,2,20488.36,10244.18,111,12,2,0,2
ACC011249,1,14030.77,14030.77,0,3,1,0,1
ACC011250,1,61611.14,61611.14,0,10,1,0,1
ACC011253,1,74476.33,74476.33,0,12,1,0,1
ACC011254,1,31764.89,31764.89,0,2,1,1,1
ACC011256,2,63915.07,31957.53,122,11,2,0,2
ACC011257,1,11501.98,11501.98,0,8,1,0,1
ACC011258,1,104145.88,104145.88,0,10,1,0,1
ACC011260,2,91804.48,45902.24,315,17,2,0,1
ACC011261,1,7641.26,7641.26,0,12,1,0,1
ACC011262,2,29792.61,14896.31,71,7,2,0,2
ACC011264,1,758.55,758.55,0,3,1,0,1
ACC011265,1,6584.56,6584.56,0,14,1,0,1
ACC011266,1,14949.8,14949.8,0,6,1,0,1
ACC011267,1,16788.27,16788.27,0,6,1,0,1
ACC011268,1,55485.88,55485.88,0,12,1,0,1
ACC011269,2,76234.84,38117.42,87,6,2,0,2
ACC011270,2,33688.31,16844.15,116,14,2,1,2
ACC011271,1,4772.01,4772.01,0,8,1,0,1
ACC011273,2,17700.9,8850.45,90,20,2,0,2
ACC011274,1,20186.22,20186.22,0,6,1,0,1
ACC011275,1,12759.5,12759.5,0,9,1,0,1
ACC011276,1,20516.29,20516.29,0,3,1,0,1
ACC011280,2,168718.86,84359.43,250,21,2,0,2
ACC011281,2,75150.74,37575.37,76,14,2,0,1
ACC011282,2,45806.42,22903.21,128,10,2,0,2
ACC011286,1,799.08,799.08,0,5,1,0,1
ACC011287,1,554.61,554.61,0,1,1,0,1
ACC011289,1,20607.84,20607.84,0,4,1,0,1
ACC011291,1,4369.45,4369.45,0,3,1,0,1
ACC011292,1,41420.49,41420.49,0,8,1,0,1
ACC011294,2,15603.27,7801.64,270,10,2,1,1
ACC011295,1,6575.78,6575.78,0,2,1,0,1
ACC011296,1,12168.2,12168.2,0,6,1,0,1
ACC011298,1,10134.82,10134.82,0,7,1,0,1
ACC011300,1,90085.9,90085.9,0,3,1,0,1
ACC011302,1,7197.21,7197.21,0,8,1,0,1
ACC011306,1,17945.59,17945.59,0,8,1,0,1
ACC011307,3,19637.69,6545.9,308,25,3,1,3
ACC011308,2,67057.79,33528.89,230,18,2,0,2
ACC011309,1,30493.7,30493.7,0,6,1,0,1
ACC011310,1,88403.15,88403.15,0,13,1,0,1
ACC011312,2,108476.7,54238.35,215,16,2,0,2
ACC011313,1,53712.56,53712.56,0,1,1,0,1
ACC011314,3,35803.44,11934.48,174,26,3,2,3
ACC011315,1,21442.46,21442.46,0,5,1,0,1
ACC011317,1,11445.79,11445.79,0,9,1,0,1
ACC011318,3,79562.21,26520.74,234,30,3,0,3
ACC011319,1,4322.12,4322.12,0,3,1,0,1
ACC011320,2,94510.15,47255.08,121,16,2,1,1
ACC011323,2,60689.15,30344.58,198,11,2,0,2
ACC011325,1,43494.45,43494.45,0,11,1,0,1
ACC011326,1,114645.32,114645.32,0,10,1,0,1
ACC011328,1,57796.96,57796.96,0,8,1,0,1
ACC011329,1,7826.93,7826.93,0,8,1,0,1
ACC011331,1,42856.28,42856.28,0,10,1,0,1
ACC011332,1,45146.13,45146.13,0,2,1,1,1
ACC011333,1,69826.15,69826.15,0,13,1,0,1
ACC011335,1,6015.86,6015.86,0,7,1,0,1
ACC011336,2,34743.71,17371.85,87,16,2,1,2
ACC011338,2,87222.09,43611.04,111,16,2,0,1
ACC011339,1,100234.3,100234.3,0,13,1,0,1
ACC011340,1,4183.01,4183.01,0,8,1,0,1
ACC011342,2,56234.71,28117.35,173,12,2,1,2
ACC011343,1,24930.78,24930.78,0,10,1,0,1
ACC011346,1,33504.45,33504.45,0,13,1,0,1
ACC011347,1,19159.16,19159.16,0,5,1,0,1
ACC011349,2,32649.83,16324.92,94,14,2,0,2
ACC011350,1,39602.28,39602.28,0,10,1,1,1
ACC011352,2,98955.47,49477.74,14,11,2,0,2
ACC011353,2,150560.59,75280.29,100,8,2,0,2
ACC011354,2,31327.19,15663.6,67,17,2,0,2
ACC011355,1,15893.12,15893.12,0,8,1,0,1
ACC011356,2,28300.59,14150.3,217,14,2,0,2
ACC011357,1,18665.9,18665.9,0,6,1,0,1
ACC011358,1,23916.31,23916.31,0,4,1,0,1
ACC011359,1,88647.02,88647.02,0,12,1,0,1
ACC011360,1,14503.67,14503.67,0,13,1,0,1
ACC011364,3,18090.76,6030.25,128,23,3,0,3
ACC011366,1,1143.24,1143.24,0,11,1,0,1
ACC011368,1,11608.47,11608.47,0,7,1,0,1
ACC011369,1,6693.11,6693.11,0,14,1,0,1
ACC011370,2,146993.5,73496.75,9,26,2,0,2
ACC011372,1,46097.19,46097.19,0,5,1,0,1
ACC011373,2,22094.92,11047.46,154,22,2,0,2
ACC011375,1,4742.17,4742.17,0,11,1,0,1
ACC011378,2,33208.53,16604.26,246,13,2,0,2
ACC011379,3,60310.94,20103.65,381,19,3,1,3
ACC011380,2,77236.47,38618.24,137,16,2,1,1
ACC011381,1,7025.12,7025.12,0,4,1,0,1
ACC011382,1,6734.13,6734.13,0,14,1,0,1
ACC011386,1,7741.77,7741.77,0,14,1,0,1
ACC011388,2,30969.95,15484.98,155,22,2,0,2
ACC011389,1,2621.32,2621.32,0,8,1,0,1
ACC011390,2,80926.28,40463.14,45,23,2,0,2
ACC011391,1,12476.94,12476.94,0,1,1,0,1
ACC011392,1,23949.13,23949.13,0,14,1,0,1
ACC011393,3,27948.97,9316.32,129,33,3,0,3
ACC011394,2,95353.67,47676.83,356,7,2,1,2
ACC011395,1,49341.17,49341.17,0,2,1,0,1
ACC011396,2,17132.14,8566.07,78,8,2,0,2
ACC011401,1,25156.78,25156.78,0,9,1,0,1
ACC011407,2,64203.64,32101.82,213,4,2,1,2
ACC011409,1,14749.99,14749.99,0,9,1,0,1
ACC011410,1,54305.85,54305.85,0,13,1,0,1
ACC011411,1,41767.11,41767.11,0,8,1,0,1
ACC011412,4,130857.81,32714.45,287,22,4,1,2
ACC011415,1,8536.27,8536.27,0,11,1,0,1
ACC011416,2,57017.56,28508.78,169,8,2,0,2
ACC011419,1,29773.17,29773.17,0,3,1,1,1
ACC011420,1,34084.08,34084.08,0,4,1,0,1
ACC011421,2,36380.33,18190.17,136,17,2,0,2
ACC011422,3,54478.43,18159.48,156,20,3,0,2
ACC011423,1,3969.65,3969.65,0,13,1,0,1
ACC011427,1,35346.83,35346.83,0,6,1,0,1
ACC011428,1,39652.59,39652.59,0,6,1,0,1
ACC011429,3,80176.89,26725.63,131,13,3,2,3
ACC011430,1,1752.26,1752.26,0,4,1,1,1
ACC011431,1,9317.79,9317.79,0,2,1,1,1
ACC011434,1,5480.19,5480.19,0,2,1,0,1
ACC011435,2,12534.82,6267.41,302,3,2,0,1
ACC011436,2,139330.61,69665.3,211,16,2,0,1
ACC011438,2,17769.45,8884.72,164,16,2,0,2
ACC011440,2,28652.83,14326.42,265,11,2,0,2
ACC011441,3,119561.18,39853.73,238,14,3,0,3
ACC011444,4,94048.0,23512.0,181,31,4,0,3
ACC011447,1,824.47,824.47,0,13,1,0,1
ACC011448,3,61561.64,20520.55,312,28,3,0,3
ACC011449,1,6404.51,6404.51,0,9,1,0,1
ACC011450,4,84062.35,21015.59,249,42,4,0,4
ACC011451,3,53923.04,17974.35,218,16,3,0,2
ACC011452,2,49202.95,24601.47,69,16,2,0,2
ACC011454,2,22145.96,11072.98,276,7,2,1,2
ACC011455,1,16628.37,16628.37,0,9,1,0,1
ACC011457,2,43737.09,21868.54,194,7,2,0,2
ACC011458,2,73338.58,36669.29,345,13,2,0,1
ACC011462,1,33273.19,33273.19,0,7,1,1,1
ACC011464,2,41801.95,20900.97,121,9,2,1,1
ACC011468,1,17205.73,17205.73,0,10,1,0,1
ACC011469,1,8495.32,8495.32,0,9,1,0,1
ACC011470,1,3981.57,3981.57,0,3,1,1,1
ACC011471,1,21402.17,21402.17,0,7,1,0,1
ACC011472,2,26628.98,13314.49,242,13,2,0,2
ACC011474,1,49635.18,49635.18,0,14,1,0,1
ACC011475,2,41606.49,20803.24,204,6,2,1,2
ACC011477,1,63396.38,63396.38,0,12,1,0,1
ACC011479,2,44625.24,22312.62,70,11,2,0,2
ACC011481,1,52443.31,52443.31,0,13,1,0,1
ACC011482,1,59885.1,59885.1,0,9,1,0,1
ACC011483,3,51064.51,17021.5,328,34,3,0,2
ACC011484,2,18354.06,9177.03,346,5,2,1,2
ACC011485,3,73523.91,24507.97,126,28,3,0,3
ACC011486,4,91024.78,22756.19,167,26,4,2,3
ACC011487,1,44934.99,44934.99,0,2,1,0,1
ACC011488,2,36515.11,18257.56,159,20,2,0,2
ACC011491,2,63038.38,31519.19,26,15,2,2,2
ACC011493,2,18564.46,9282.23,413,21,2,1,2
ACC011494,1,5983.69,5983.69,0,9,1,0,1
ACC011495,4,120931.33,30232.83,180,45,4,0,3
ACC011496,2,6077.97,3038.99,29,5,2,0,2
ACC011498,1,5685.08,5685.08,0,2,1,1,1
ACC011499,1,118811.31,118811.31,0,9,1,0,1
ACC011500,2,100896.55,50448.28,219,7,2,0,2
ACC011502,1,118025.11,118025.11,0,3,1,0,1
ACC011504,1,1348.45,1348.45,0,4,1,0,1
ACC011506,4,76637.23,19159.31,241,46,4,0,3
ACC011507,3,112988.37,37662.79,177,15,3,0,3
ACC011508,1,28256.45,28256.45,0,3,1,0,1
ACC011510,1,5621.99,5621.99,0,4,1,0,1
ACC011514,2,83655.78,41827.89,234,12,2,0,1
ACC011515,2,132132.65,66066.32,86,11,2,0,2
ACC011516,2,86957.52,43478.76,328,16,2,0,2
ACC011520,1,34316.94,34316.94,0,8,1,0,1
ACC011521,2,48364.56,24182.28,354,19,2,1,2
ACC011525,1,46166.41,46166.41,0,2,1,0,1
ACC011526,1,85094.55,85094.55,0,12,1,0,1
ACC011527,1,43213.62,43213.62,0,2,1,0,1
ACC011528,1,8257.39,8257.39,0,6,1,0,1
ACC011529,2,24703.67,12351.84,125,20,2,0,2
ACC011530,1,20734.82,20734.82,0,14,1,0,1
ACC011531,2,20078.47,10039.24,13,10,2,1,2
ACC011534,1,18052.48,18052.48,0,14,1,0,1
ACC011535,1,23878.36,23878.36,0,4,1,0,1
ACC011537,1,47406.45,47406.45,0,2,1,0,1
ACC011539,1,61319.5,61319.5,0,6,1,0,1
ACC011541,2,30996.79,15498.4,75,27,2,0,2
ACC011542,1,2807.12,2807.12,0,11,1,0,1
ACC011543,2,58296.26,29148.13,232,18,2,0,2
ACC011544,1,12147.16,12147.16,0,9,1,0,1
ACC011545,1,16957.39,16957.39,0,7,1,0,1
ACC011546,1,8432.69,8432.69,0,8,1,0,1
ACC011547,1,9212.93,9212.93,0,13,1,0,1
ACC011548,1,1129.89,1129.89,0,7,1,1,1
ACC011549,1,8273.56,8273.56,0,9,1,0,1
ACC011550,2,47578.5,23789.25,321,16,2,0,2
ACC011551,1,91508.45,91508.45,0,6,1,0,1
ACC011554,4,101062.52,25265.63,305,33,4,0,2
ACC011555,1,32443.3,32443.3,0,9,1,0,1
ACC011556,1,19171.12,19171.12,0,14,1,0,1
ACC011558,1,44040.11,44040.11,0,4,1,0,1
ACC011560,1,12329.47,12329.47,0,3,1,0,1
ACC011561,2,74821.22,37410.61,85,15,2,0,2
ACC011562,1,60831.89,60831.89,0,3,1,0,1
ACC011563,1,5934.36,5934.36,0,12,1,0,1
ACC011565,3,50768.74,16922.91,259,21,3,0,3
ACC011566,1,88411.49,88411.49,0,8,1,0,1
ACC011568,1,16592.23,16592.23,0,8,1,0,1
ACC011570,2,60666.09,30333.04,95,9,2,1,1
ACC011571,2,59267.61,29633.81,138,18,2,0,1
ACC011574,1,4208.02,4208.02,0,7,1,0,1
ACC011576,1,62841.58,62841.58,0,9,1,0,1
ACC011577,2,98019.04,49009.52,93,17,2,0,2
ACC011580,1,5802.58,5802.58,0,2,1,0,1
ACC011583,1,41433.25,41433.25,0,1,1,0,1
ACC011584,1,7782.91,7782.91,0,9,1,0,1
ACC011585,1,15898.57,15898.57,0,6,1,0,1
ACC011586,2,49721.19,24860.6,130,16,2,0,2
ACC011589,2,100772.4,50386.2,292,10,2,0,2
ACC011590,2,8024.13,4012.07,92,12,2,0,2
ACC011591,2,16546.73,8273.36,291,11,2,0,2
ACC011592,1,2236.95,2236.95,0,5,1,0,1
ACC011593,4,105366.91,26341.73,291,24,4,1,3
ACC011594,1,24371.73,24371.73,0,11,1,0,1
ACC011595,2,28625.44,14312.72,277,23,2,0,2
ACC011596,1,103219.2,103219.2,0,10,1,0,1
ACC011598,2,58598.56,29299.28,10,20,2,0,2
ACC011600,2,55217.39,27608.69,84,14,2,0,2
ACC011602,1,22385.32,22385.32,0,13,1,0,1
ACC011606,3,62028.34,20676.11,303,26,3,1,2
ACC011607,1,6351.25,6351.25,0,9,1,0,1
ACC011608,3,85552.79,28517.6,198,17,3,0,3
ACC011610,4,106771.92,26692.98,294,21,4,0,2
ACC011611,1,7254.34,7254.34,0,7,1,0,1
ACC011612,2,26028.48,13014.24,151,23,2,1,2
ACC011615,2,50531.85,25265.92,116,13,2,0,2
ACC011616,1,75340.85,75340.85,0,1,1,0,1
ACC011617,1,4028.2,4028.2,0,14,1,0,1
ACC011618,1,15306.11,15306.11,0,12,1,0,1
ACC011619,2,65464.69,32732.35,41,17,2,0,2
ACC011620,2,43429.2,21714.6,157,18,2,0,2
ACC011622,2,78541.21,39270.61,44,19,2,1,2
ACC011624,1,41038.11,41038.11,0,12,1,0,1
ACC011625,2,58469.84,29234.92,348,9,2,0,2
ACC011626,1,12829.76,12829.76,0,3,1,0,1
ACC011628,2,27302.29,13651.15,107,21,2,0,2
ACC011630,2,9270.49,4635.24,313,14,2,0,2
ACC011631,1,10287.83,10287.83,0,3,1,0,1
ACC011632,4,92303.84,23075.96,185,27,4,0,3
ACC011633,3,66037.59,22012.53,369,36,3,1,2
ACC011634,1,58474.16,58474.16,0,12,1,0,1
ACC011635,3,156540.75,52180.25,351,20,3,0,2
ACC011636,2,23096.29,11548.15,111,8,2,0,1
ACC011638,2,39500.46,19750.23,44,23,2,0,2
ACC011641,1,9890.95,9890.95,0,6,1,0,1
ACC011642,2,17302.13,8651.07,33,28,2,0,2
ACC011644,1,16092.32,16092.32,0,9,1,0,1
ACC011646,2,47752.83,23876.42,370,12,2,1,2
ACC011647,1,17968.44,17968.44,0,13,1,1,1
ACC011648,3,29244.66,9748.22,372,9,3,1,3
ACC011649,1,30366.26,30366.26,0,3,1,0,1
ACC011653,4,242838.08,60709.52,255,19,4,0,3
ACC011656,1,71063.15,71063.15,0,2,1,0,1
ACC011657,3,64058.11,21352.7,74,8,3,0,3
ACC011659,2,47850.0,23925.0,17,13,2,0,2
ACC011660,1,21984.91,21984.91,0,3,1,1,1
ACC011661,2,43170.77,21585.39,167,14,2,0,1
ACC011662,1,13041.92,13041.92,0,14,1,0,1
ACC011663,1,3118.39,3118.39,0,4,1,0,1
ACC011664,1,29882.29,29882.29,0,14,1,1,1
ACC011666,1,19330.82,19330.82,0,5,1,0,1
ACC011667,2,12085.97,6042.99,156,15,2,0,2
ACC011668,1,45272.51,45272.51,0,2,1,0,1
ACC011669,1,528.14,528.14,0,2,1,0,1
ACC011670,2,17014.65,8507.33,4,8,2,0,2
ACC011671,1,5793.1,5793.1,0,12,1,0,1
ACC011672,2,22846.75,11423.38,56,14,2,1,2
ACC011673,2,128499.81,64249.9,325,11,2,1,2
ACC011674,1,14889.6,14889.6,0,14,1,0,1
ACC011675,1,5682.16,5682.16,0,5,1,0,1
ACC011676,2,139843.04,69921.52,6,13,2,0,1
ACC011677,1,9035.13,9035.13,0,14,1,1,1
ACC011678,2,92641.46,46320.73,368,16,2,1,1
ACC011679,2,10790.58,5395.29,141,12,2,0,2
ACC011680,1,3374.7,3374.7,0,1,1,0,1
ACC011681,1,38624.43,38624.43,0,4,1,0,1
ACC011684,1,46494.81,46494.81,0,11,1,0,1
ACC011687,1,41621.44,41621.44,0,9,1,0,1
ACC011688,1,30871.84,30871.84,0,11,1,0,1
ACC011689,1,10227.18,10227.18,0,7,1,0,1
ACC011691,2,56448.63,28224.31,333,21,2,0,2
ACC011692,1,1637.19,1637.19,0,8,1,0,1
ACC011693,2,83620.66,41810.33,58,19,2,0,2
ACC011695,1,6151.99,6151.99,0,12,1,0,1
ACC011696,1,34450.11,34450.11,0,11,1,0,1
ACC011698,1,12578.47,12578.47,0,9,1,1,1
ACC011699,1,2224.82,2224.82,0,8,1,0,1
ACC011701,2,90716.45,45358.22,22,7,2,0,2
ACC011703,3,78256.51,26085.5,232,6,3,0,2
ACC011704,1,15136.55,15136.55,0,11,1,0,1
ACC011707,3,25012.09,8337.36,388,20,3,1,3
ACC011708,1,11537.73,11537.73,0,5,1,1,1
ACC011709,2,38164.3,19082.15,303,10,2,0,2
ACC011713,1,45278.48,45278.48,0,11,1,0,1
ACC011714,1,20009.1,20009.1,0,5,1,0,1
ACC011716,1,2657.44,2657.44,0,5,1,0,1
ACC011717,3,90172.66,30057.55,329,12,3,0,3
ACC011718,2,62461.15,31230.58,143,21,2,0,2
ACC011719,2,59844.65,29922.33,61,18,2,0,2
ACC011720,3,96327.65,32109.22,254,28,3,0,3
ACC011721,2,67136.76,33568.38,374,18,2,0,2
ACC011724,1,11301.69,11301.69,0,4,1,1,1
ACC011725,2,38205.45,19102.72,160,5,2,0,2
ACC011726,1,17330.58,17330.58,0,10,1,0,1
ACC011727,1,2298.16,2298.16,0,1,1,0,1
ACC011730,1,78481.73,78481.73,0,6,1,0,1
ACC011731,1,8335.68,8335.68,0,11,1,0,1
ACC011734,1,9558.4,9558.4,0,2,1,1,1
ACC011735,2,13416.05,6708.02,18,17,2,0,2
ACC011741,3,84854.83,28284.94,96,12,3,0,3
ACC011743,2,219850.22,109925.11,25,12,2,0,1
ACC011744,2,96014.81,48007.4,5,12,2,0,1
ACC011747,2,50188.43,25094.22,226,18,2,0,2
ACC011748,3,128598.7,42866.23,61,27,3,0,3
ACC011750,1,21532.42,21532.42,0,1,1,0,1
ACC011752,1,33197.09,33197.09,0,5,1,1,1
ACC011753,2,38585.35,19292.67,74,8,2,0,1
ACC011754,2,81398.99,40699.49,106,24,2,0,2
ACC011755,3,48172.04,16057.35,258,19,3,0,3
ACC011756,2,8405.44,4202.72,102,18,2,0,2
ACC011757,3,73835.02,24611.67,258,27,3,0,3
ACC011759,3,47942.04,15980.68,127,35,3,0,2
ACC011760,3,163248.98,54416.33,99,32,3,1,1
ACC011761,1,77618.7,77618.7,0,8,1,0,1
ACC011763,2,28755.25,14377.62,162,15,2,1,2
ACC011765,2,64430.62,32215.31,155,5,2,0,2
ACC011771,2,82742.03,41371.01,202,21,2,0,2
ACC011772,1,719.61,719.61,0,5,1,1,1
ACC011773,1,33335.21,33335.21,0,14,1,0,1
ACC011774,1,3463.08,3463.08,0,2,1,0,1
ACC011775,2,53236.67,26618.33,171,15,2,0,2
ACC011776,1,19468.64,19468.64,0,14,1,1,1
ACC011777,1,4332.78,4332.78,0,5,1,0,1
ACC011780,1,8678.19,8678.19,0,9,1,0,1
ACC011784,1,43619.7,43619.7,0,14,1,0,1
ACC011785,1,3526.21,3526.21,0,12,1,0,1
ACC011786,1,1871.07,1871.07,0,2,1,0,1
ACC011787,3,82496.62,27498.87,307,23,3,0,2
ACC011788,1,14660.6,14660.6,0,1,1,0,1
ACC011789,2,57492.92,28746.46,117,19,2,0,2
ACC011792,1,18102.41,18102.41,0,11,1,0,1
ACC011794,2,39876.15,19938.07,310,22,2,0,1
ACC011795,1,106611.43,106611.43,0,2,1,0,1
ACC011796,2,46402.62,23201.31,207,19,2,1,2
ACC011797,5,68446.17,13689.23,378,39,5,0,4
ACC011799,1,6938.64,6938.64,0,8,1,0,1
ACC011800,1,1101.11,1101.11,0,4,1,0,1
ACC011803,1,35096.48,35096.48,0,10,1,0,1
ACC011805,1,7782.73,7782.73,0,3,1,0,1
ACC011806,4,68512.24,17128.06,261,31,4,0,4
ACC011811,1,63487.67,63487.67,0,8,1,0,1
ACC011815,1,64549.07,64549.07,0,3,1,0,1
ACC011816,1,692.88,692.88,0,10,1,0,1
ACC011819,2,62052.91,31026.46,45,8,2,0,1
ACC011820,2,42815.88,21407.94,384,15,2,0,2
ACC011822,1,5759.28,5759.28,0,3,1,0,1
ACC011823,1,17054.38,17054.38,0,1,1,0,1
ACC011824,1,34356.47,34356.47,0,1,1,0,1
ACC011825,1,11280.37,11280.37,0,9,1,0,1
ACC011826,3,50389.54,16796.51,382,16,3,2,3
ACC011827,3,22948.18,7649.39,203,16,3,0,3
ACC011829,1,90493.15,90493.15,0,1,1,1,1
ACC011830,1,53954.49,53954.49,0,5,1,0,1
ACC011831,3,76317.76,25439.25,222,19,3,0,2
ACC011832,1,29887.39,29887.39,0,13,1,0,1
ACC011834,2,51114.31,25557.15,214,12,2,0,2
ACC011835,4,112246.35,28061.59,208,34,4,1,2
ACC011837,2,41480.21,20740.1,0,16,2,0,2
ACC011838,2,17114.09,8557.05,13,20,2,0,2
ACC011839,1,65904.14,65904.14,0,8,1,0,1
ACC011841,1,32241.49,32241.49,0,3,1,0,1
ACC011844,1,58843.64,58843.64,0,10,1,0,1
ACC011846,1,25557.36,25557.36,0,1,1,0,1
ACC011847,2,54662.6,27331.3,218,5,2,0,2
ACC011848,1,9572.67,9572.67,0,8,1,0,1
ACC011849,1,10099.74,10099.74,0,12,1,0,1
ACC011850,2,81791.05,40895.53,260,16,2,1,2
ACC011851,1,91390.64,91390.64,0,10,1,1,1
ACC011852,1,14958.89,14958.89,0,2,1,0,1
ACC011853,2,32491.52,16245.76,106,15,2,0,2
ACC011854,1,10111.49,10111.49,0,5,1,0,1
ACC011855,1,97263.92,97263.92,0,8,1,0,1
ACC011856,1,28479.84,28479.84,0,9,1,0,1
ACC011859,2,33048.39,16524.19,2,19,2,0,1
ACC011860,1,24287.65,24287.65,0,11,1,0,1
ACC011861,2,19742.57,9871.28,279,13,2,0,2
ACC011864,1,1205.97,1205.97,0,12,1,0,1
ACC011866,1,60941.58,60941.58,0,2,1,0,1
ACC011869,1,83760.39,83760.39,0,4,1,0,1
ACC011871,1,10552.62,10552.62,0,4,1,0,1
ACC011873,2,99907.98,49953.99,39,19,2,1,2
ACC011874,3,70003.59,23334.53,67,33,3,0,2
ACC011875,1,18560.79,18560.79,0,4,1,0,1
ACC011877,2,118857.22,59428.61,37,9,2,0,2
ACC011878,3,180076.93,60025.64,305,30,3,0,2
ACC011879,2,21794.82,10897.41,64,10,2,0,1
ACC011881,2,77036.41,38518.21,193,5,2,1,2
ACC011884,1,22857.53,22857.53,0,8,1,0,1
ACC011885,1,39596.59,39596.59,0,1,1,0,1
ACC011886,2,23582.05,11791.02,35,14,2,0,1
ACC011887,1,1070.75,1070.75,0,7,1,0,1
ACC011889,1,45448.08,45448.08,0,5,1,0,1
ACC011890,2,32741.09,16370.55,21,19,2,0,2
ACC011892,2,28603.65,14301.83,77,14,2,0,2
ACC011893,1,23006.2,23006.2,0,12,1,1,1
ACC011895,5,132312.53,26462.51,306,36,5,0,5
ACC011896,1,24787.99,24787.99,0,2,1,0,1
ACC011897,1,7692.74,7692.74,0,12,1,0,1
ACC011898,1,32899.86,32899.86,0,8,1,0,1
ACC011900,1,65345.49,65345.49,0,8,1,0,1
ACC011902,2,109512.35,54756.18,228,12,2,0,2
ACC011903,1,51916.06,51916.06,0,2,1,0,1
ACC011904,2,38988.28,19494.14,128,17,2,0,1
ACC011905,1,19208.27,19208.27,0,11,1,0,1
ACC011906,1,51208.98,51208.98,0,4,1,0,1
ACC011909,1,4965.66,4965.66,0,9,1,0,1
ACC011910,1,62884.17,62884.17,0,3,1,0,1
ACC011911,1,60103.93,60103.93,0,14,1,0,1
ACC011912,2,109193.54,54596.77,77,12,2,0,2
ACC011913,1,13959.7,13959.7,0,7,1,0,1
ACC011914,1,22336.61,22336.61,0,6,1,1,1
ACC011916,1,9526.94,9526.94,0,10,1,0,1
ACC011917,1,1129.08,1129.08,0,8,1,0,1
ACC011919,1,20899.35,20899.35,0,2,1,0,1
ACC011921,2,37165.71,18582.85,215,21,2,0,2
ACC011922,1,9622.24,9622.24,0,2,1,0,1
ACC011923,2,25936.94,12968.47,66,6,2,0,2
ACC011924,1,10474.77,10474.77,0,5,1,1,1
ACC011925,2,47980.31,23990.15,116,18,2,0,2
ACC011926,3,120222.97,40074.32,353,21,3,0,3
ACC011927,1,10248.01,10248.01,0,2,1,0,1
ACC011928,1,8754.74,8754.74,0,10,1,0,1
ACC011929,1,72634.85,72634.85,0,10,1,0,1
ACC011930,1,83264.17,83264.17,0,9,1,0,1
ACC011932,4,122834.54,30708.63,259,32,4,0,3
ACC011934,2,9073.0,4536.5,266,28,2,0,2
ACC011935,1,18835.14,18835.14,0,11,1,0,1
ACC011936,3,45290.0,15096.67,96,24,3,0,3
ACC011939,3,83232.12,27744.04,314,18,3,0,2
ACC011940,1,3642.53,3642.53,0,8,1,0,1
ACC011941,2,54438.93,27219.47,1,20,2,0,2
ACC011943,2,13490.61,6745.31,241,27,2,0,2
ACC011944,2,20615.58,10307.79,75,14,2,0,2
ACC011945,3,133040.86,44346.95,187,29,3,0,3
ACC011948,1,1786.9,1786.9,0,7,1,0,1
ACC011949,2,29316.36,14658.18,82,17,2,0,2
ACC011950,1,6467.8,6467.8,0,10,1,1,1
ACC011951,1,8998.89,8998.89,0,1,1,0,1
ACC011956,1,36122.67,36122.67,0,14,1,0,1
ACC011957,1,12538.64,12538.64,0,13,1,0,1
ACC011958,2,59038.07,29519.03,149,3,2,0,1
ACC011961,1,21172.76,21172.76,0,2,1,0,1
ACC011962,2,17558.55,8779.28,11,8,2,0,2
ACC011964,1,2074.58,2074.58,0,13,1,0,1
ACC011965,1,22487.32,22487.32,0,13,1,0,1
ACC011967,1,18944.55,18944.55,0,2,1,0,1
ACC011969,1,41390.07,41390.07,0,8,1,0,1
ACC011970,1,6792.44,6792.44,0,5,1,0,1
ACC011971,2,29698.07,14849.03,227,18,2,0,2
ACC011972,2,90625.1,45312.55,24,19,2,0,2
ACC011973,1,49338.31,49338.31,0,12,1,0,1
ACC011974,2,238878.4,119439.2,111,17,2,0,2
ACC011976,1,17557.83,17557.83,0,6,1,0,1
ACC011977,1,22115.97,22115.97,0,8,1,0,1
ACC011980,1,37452.69,37452.69,0,5,1,0,1
ACC011981,2,46415.88,23207.94,160,9,2,0,2
ACC011982,1,6882.5,6882.5,0,14,1,0,1
ACC011986,1,8406.1,8406.1,0,4,1,0,1
ACC011988,1,9436.49,9436.49,0,3,1,0,1
ACC011990,2,50777.13,25388.57,23,26,2,0,2
ACC011991,1,22458.19,22458.19,0,2,1,0,1
ACC011992,1,10315.92,10315.92,0,2,1,0,1
ACC011993,2,27627.25,13813.62,75,8,2,0,2
ACC011996,1,3191.8,3191.8,0,2,1,0,1
ACC011998,1,13304.05,13304.05,0,9,1,0,1
ACC011999,2,54047.11,27023.56,145,9,2,0,2
ACC012000,1,36523.51,36523.51,0,11,1,0,1
ACC012002,1,58937.11,58937.11,0,4,1,0,1
ACC012003,2,15825.38,7912.69,243,20,2,0,2
ACC012004,3,149548.25,49849.42,197,12,3,0,3
ACC012005,2,9447.26,4723.63,273,14,2,0,2
ACC012006,1,17425.34,17425.34,0,14,1,0,1
ACC012007,2,44972.97,22486.49,224,10,2,0,2
ACC012008,1,9140.32,9140.32,0,12,1,0,1
ACC012009,3,58344.65,19448.22,137,29,3,0,2
ACC012011,2,15218.85,7609.42,24,22,2,0,2
ACC012012,1,2552.58,2552.58,0,12,1,0,1
ACC012013,2,15849.74,7924.87,384,17,2,1,2
ACC012015,2,78205.34,39102.67,100,17,2,0,1
ACC012016,2,40799.36,20399.68,63,22,2,0,1
ACC012017,1,15654.82,15654.82,0,6,1,0,1
ACC012018,1,1492.97,1492.97,0,3,1,0,1
ACC012020,1,72079.42,72079.42,0,10,1,0,1
ACC012023,1,20375.34,20375.34,0,6,1,0,1
ACC012024,1,23052.41,23052.41,0,9,1,1,1
ACC012025,1,9074.61,9074.61,0,8,1,0,1
ACC012026,1,2090.05,2090.05,0,4,1,0,1
ACC012027,1,51117.13,51117.13,0,5,1,0,1
ACC012029,2,17039.9,8519.95,159,11,2,0,2
ACC012031,1,1623.72,1623.72,0,13,1,0,1
ACC012032,2,23725.08,11862.54,103,14,2,0,1
ACC012034,1,47417.3,47417.3,0,13,1,0,1
ACC012035,1,23122.76,23122.76,0,3,1,0,1
ACC012037,1,14308.92,14308.92,0,10,1,0,1
ACC012038,1,26925.98,26925.98,0,12,1,0,1
ACC012039,1,25376.23,25376.23,0,3,1,0,1
ACC012041,2,31965.99,15982.99,113,10,2,0,2
ACC012043,2,49616.82,24808.41,60,15,2,0,2
ACC012046,2,9628.09,4814.05,172,5,2,1,2
ACC012047,1,13881.93,13881.93,0,10,1,0,1
ACC012049,1,25893.62,25893.62,0,8,1,0,1
ACC012050,1,6783.98,6783.98,0,9,1,0,1
ACC012052,2,36454.74,18227.37,84,19,2,0,2
ACC012054,1,6794.43,6794.43,0,3,1,0,1
ACC012056,3,35616.27,11872.09,64,28,3,1,3
ACC012057,1,10304.78,10304.78,0,5,1,0,1
ACC012058,2,25451.23,12725.61,51,9,2,0,2
ACC012060,4,37277.34,9319.34,314,22,4,0,4
ACC012061,1,47353.04,47353.04,0,14,1,0,1
ACC012062,1,60032.2,60032.2,0,6,1,0,1
ACC012063,2,84478.56,42239.28,230,13,2,0,2
ACC012065,1,2142.33,2142.33,0,1,1,0,1
ACC012068,1,2793.6,2793.6,0,2,1,0,1
ACC012069,2,73609.58,36804.79,72,21,2,0,2
ACC012070,3,66451.78,22150.59,366,15,3,0,2
ACC012071,2,125468.89,62734.44,75,24,2,0,1
ACC012072,1,38815.76,38815.76,0,4,1,0,1
ACC012074,1,97994.16,97994.16,0,9,1,0,1
ACC012076,1,10448.37,10448.37,0,3,1,0,1
ACC012077,2,78197.43,39098.71,28,13,2,0,2
ACC012078,1,51316.25,51316.25,0,13,1,0,1
ACC012079,3,157319.88,52439.96,192,35,3,0,3
ACC012082,1,3660.82,3660.82,0,10,1,0,1
ACC012083,1,7554.57,7554.57,0,6,1,0,1
ACC012084,1,20129.38,20129.38,0,3,1,0,1
ACC012086,1,53241.5,53241.5,0,8,1,0,1
ACC012088,2,106327.93,53163.96,87,16,2,0,2
ACC012089,2,27970.52,13985.26,107,19,2,0,1
ACC012090,1,36493.01,36493.01,0,3,1,0,1
ACC012093,1,39985.38,39985.38,0,4,1,0,1
ACC012095,2,17250.7,8625.35,142,23,2,0,1
ACC012096,1,47184.91,47184.91,0,9,1,0,1
ACC012097,2,49195.59,24597.79,187,20,2,1,2
ACC012098,4,45039.05,11259.76,291,32,4,0,4
ACC012100,2,97814.65,48907.32,202,26,2,1,2
ACC012103,1,8537.85,8537.85,0,3,1,0,1
ACC012106,1,1116.31,1116.31,0,7,1,0,1
ACC012108,1,4003.52,4003.52,0,12,1,0,1
ACC012109,3,80335.35,26778.45,225,17,3,0,2
ACC012111,1,6156.81,6156.81,0,4,1,0,1
ACC012112,1,28770.31,28770.31,0,13,1,0,1
ACC012113,2,88230.72,44115.36,316,25,2,0,2
ACC012115,1,17322.48,17322.48,0,7,1,0,1
ACC012116,2,53033.73,26516.86,361,21,2,0,2
ACC012118,2,23907.08,11953.54,243,8,2,0,2
ACC012119,2,64095.77,32047.89,35,12,2,0,2
ACC012120,3,94229.42,31409.81,320,23,3,0,3
ACC012121,1,19685.38,19685.38,0,4,1,0,1
ACC012122,2,28276.1,14138.05,206,10,2,1,2
ACC012123,1,50839.06,50839.06,0,13,1,0,1
ACC012124,2,13082.97,6541.49,215,5,2,0,2
ACC012125,4,114275.31,28568.83,192,29,4,0,3
ACC012126,2,10920.41,5460.2,19,20,2,0,1
ACC012127,2,21457.65,10728.83,39,17,2,0,2
ACC012129,1,2415.67,2415.67,0,8,1,0,1
ACC012130,1,589.62,589.62,0,8,1,0,1
ACC012132,2,12395.39,6197.69,72,28,2,0,2
ACC012133,1,25275.12,25275.12,0,13,1,0,1
ACC012134,3,11740.06,3913.35,365,7,3,0,3
ACC012135,1,1871.45,1871.45,0,4,1,0,1
ACC012137,1,769.94,769.94,0,13,1,0,1
ACC012141,1,30790.13,30790.13,0,14,1,0,1
ACC012143,3,92038.44,30679.48,183,19,3,0,3
ACC012144,1,76349.92,76349.92,0,8,1,0,1
ACC012145,2,46420.57,23210.28,259,6,2,0,2
ACC012149,1,11665.31,11665.31,0,13,1,1,1
ACC012153,3,225467.45,75155.82,115,15,3,0,3
ACC012157,1,29323.93,29323.93,0,14,1,0,1
ACC012158,4,183407.37,45851.84,247,18,4,0,3
ACC012159,2,17640.28,8820.14,245,9,2,0,2
ACC012160,3,65791.37,21930.46,148,19,3,0,3
ACC012163,1,49932.07,49932.07,0,2,1,0,1
ACC012164,2,19782.22,9891.11,334,16,2,1,1
ACC012165,1,10611.88,10611.88,0,3,1,0,1
ACC012171,3,19722.33,6574.11,233,30,3,0,1
ACC012172,1,5856.77,5856.77,0,12,1,0,1
ACC012173,1,2209.97,2209.97,0,6,1,0,1
ACC012174,1,24622.68,24622.68,0,9,1,0,1
ACC012176,2,10609.12,5304.56,85,15,2,0,2
ACC012177,2,57854.37,28927.18,279,19,2,0,1
ACC012178,3,96557.69,32185.9,198,37,3,1,2
ACC012179,1,14617.81,14617.81,0,8,1,1,1
ACC012182,2,62950.11,31475.06,340,18,2,0,2
ACC012183,1,69418.87,69418.87,0,5,1,0,1
ACC012185,2,101510.31,50755.15,312,11,2,0,2
ACC012188,1,31677.58,31677.58,0,12,1,0,1
ACC012189,1,9622.86,9622.86,0,11,1,0,1
ACC012194,1,12670.27,12670.27,0,4,1,0,1
ACC012195,1,11397.69,11397.69,0,4,1,0,1
ACC012197,1,58659.63,58659.63,0,9,1,0,1
ACC012198,2,46557.97,23278.99,260,21,2,0,2
ACC012199,1,3110.57,3110.57,0,9,1,1,1
ACC012200,1,52671.72,52671.72,0,7,1,0,1
ACC012205,1,11167.69,11167.69,0,14,1,0,1
ACC012206,1,30819.91,30819.91,0,8,1,0,1
ACC012210,1,27755.65,27755.65,0,4,1,0,1
ACC012211,1,44405.21,44405.21,0,11,1,0,1
ACC012213,3,41251.8,13750.6,300,34,3,0,3
ACC012216,1,85217.0,85217.0,0,2,1,0,1
ACC012218,3,83295.91,27765.3,248,32,3,0,2
ACC012219,1,1259.95,1259.95,0,12,1,0,1
ACC012221,1,24046.79,24046.79,0,14,1,0,1
ACC012223,2,44520.09,22260.04,200,11,2,0,2
ACC012224,3,93965.79,31321.93,174,22,3,1,3
ACC012225,1,47464.06,47464.06,0,8,1,0,1
ACC012226,1,44205.68,44205.68,0,4,1,0,1
ACC012227,1,10334.8,10334.8,0,5,1,0,1
ACC012229,1,213540.11,213540.11,0,6,1,0,1
ACC012230,1,20688.55,20688.55,0,8,1,0,1
ACC012233,2,54144.35,27072.17,17,12,2,0,2
ACC012234,2,58062.98,29031.49,336,17,2,1,2
ACC012235,3,85626.68,28542.23,306,23,3,1,2
ACC012236,1,19942.17,19942.17,0,10,1,0,1
ACC012237,2,11963.13,5981.57,316,20,2,0,1
ACC012238,2,70315.05,35157.53,277,11,2,0,2
ACC012239,1,31108.12,31108.12,0,9,1,0,1
ACC012241,3,11633.86,3877.95,189,6,3,0,2
ACC012242,2,42322.58,21161.29,348,11,2,0,2
ACC012243,1,17649.43,17649.43,0,7,1,0,1
ACC012245,1,65120.77,65120.77,0,2,1,0,1
ACC012246,1,11427.85,11427.85,0,11,1,0,1
ACC012247,2,97150.91,48575.45,91,20,2,0,2
ACC012248,3,91598.05,30532.68,298,16,3,0,3
ACC012251,1,21058.67,21058.67,0,12,1,0,1
ACC012253,1,5387.53,5387.53,0,2,1,0,1
ACC012254,1,40453.81,40453.81,0,9,1,0,1
ACC012256,2,51708.66,25854.33,271,16,2,0,2
ACC012259,2,81554.31,40777.15,246,13,2,0,2
ACC012260,4,43720.93,10930.23,149,41,4,0,3
ACC012261,1,7814.22,7814.22,0,13,1,0,1
ACC012264,1,38239.93,38239.93,0,8,1,1,1
ACC012265,1,59087.75,59087.75,0,12,1,0,1
ACC012266,1,14996.91,14996.91,0,7,1,0,1
ACC012267,1,55298.86,55298.86,0,5,1,0,1
ACC012271,1,16834.58,16834.58,0,12,1,0,1
ACC012272,2,9326.78,4663.39,41,11,2,0,2
ACC012273,1,11412.74,11412.74,0,4,1,0,1
ACC012275,1,126373.89,126373.89,0,5,1,0,1
ACC012276,1,23359.93,23359.93,0,13,1,0,1
ACC012277,1,2239.83,2239.83,0,5,1,0,1
ACC012278,1,15997.16,15997.16,0,11,1,0,1
ACC012279,1,4908.66,4908.66,0,13,1,0,1
ACC012280,2,68338.69,34169.35,55,10,2,0,2
ACC012283,2,74794.02,37397.01,170,19,2,0,2
ACC012285,2,58726.48,29363.24,264,11,2,1,2
ACC012286,3,105541.78,35180.59,297,22,3,0,3
ACC012288,1,751.89,751.89,0,13,1,1,1
ACC012289,1,8911.63,8911.63,0,11,1,0,1
ACC012290,1,3814.05,3814.05,0,9,1,0,1
ACC012292,1,47372.95,47372.95,0,9,1,0,1
ACC012296,1,47116.11,47116.11,0,11,1,1,1
ACC012297,2,71944.12,35972.06,354,19,2,0,2
ACC012298,2,43980.37,21990.18,43,13,2,0,2
ACC012301,2,62440.41,31220.21,261,17,2,0,2
ACC012303,1,4877.49,4877.49,0,7,1,0,1
ACC012305,1,26148.4,26148.4,0,3,1,0,1
ACC012307,1,4445.42,4445.42,0,11,1,0,1
ACC012308,2,62450.35,31225.18,230,16,2,0,2
ACC012309,2,25764.89,12882.44,249,20,2,0,2
ACC012310,2,61848.13,30924.07,173,17,2,1,2
ACC012312,3,77150.76,25716.92,219,28,3,0,2
ACC012313,1,25829.68,25829.68,0,9,1,0,1
ACC012315,1,788.16,788.16,0,14,1,0,1
ACC012317,3,75592.43,25197.48,142,21,3,0,2
ACC012319,1,16578.24,16578.24,0,9,1,0,1
ACC012323,1,10019.73,10019.73,0,4,1,0,1
ACC012324,2,56379.04,28189.52,224,4,2,0,2
ACC012327,1,31614.49,31614.49,0,6,1,0,1
ACC012328,1,8834.36,8834.36,0,6,1,0,1
ACC012329,2,113995.61,56997.81,121,6,2,0,2
ACC012331,1,11816.63,11816.63,0,3,1,0,1
ACC012332,2,47359.92,23679.96,92,12,2,0,2
ACC012336,3,125078.66,41692.89,210,32,3,0,3
ACC012339,1,15078.08,15078.08,0,3,1,0,1
ACC012341,2,36213.67,18106.84,125,9,2,0,1
ACC012343,2,37147.59,18573.79,65,15,2,0,2
ACC012345,1,12389.54,12389.54,0,4,1,0,1
ACC012347,1,28088.22,28088.22,0,4,1,0,1
ACC012348,1,85576.93,85576.93,0,2,1,1,1
ACC012349,1,28806.57,28806.57,0,11,1,0,1
ACC012352,1,41111.42,41111.42,0,14,1,0,1
ACC012353,1,43257.09,43257.09,0,2,1,0,1
ACC012354,1,1850.77,1850.77,0,1,1,0,1
ACC012355,2,35941.39,17970.69,382,16,2,1,2
ACC012356,2,33331.16,16665.58,101,22,2,0,2
ACC012357,1,20146.29,20146.29,0,8,1,0,1
ACC012358,1,21558.91,21558.91,0,14,1,0,1
ACC012360,1,12479.93,12479.93,0,13,1,0,1
ACC012361,1,20118.07,20118.07,0,9,1,0,1
ACC012363,2,61612.59,30806.3,71,14,2,0,1
ACC012364,2,30442.26,15221.13,244,10,2,0,2
ACC012372,2,7075.71,3537.86,7,5,2,0,2
ACC012373,1,12752.14,12752.14,0,7,1,0,1
ACC012375,1,110073.76,110073.76,0,4,1,0,1
ACC012377,1,26497.73,26497.73,0,11,1,0,1
ACC012379,4,68596.83,17149.21,283,29,4,0,3
ACC012381,4,47616.28,11904.07,234,24,4,0,4
ACC012382,1,31132.62,31132.62,0,14,1,0,1
ACC012383,1,26788.96,26788.96,0,2,1,0,1
ACC012384,1,32928.22,32928.22,0,5,1,0,1
ACC012386,2,66018.08,33009.04,3,9,2,2,2
ACC012387,1,2512.87,2512.87,0,9,1,0,1
ACC012391,2,48918.32,24459.16,279,22,2,0,1
ACC012392,2,113123.99,56562.0,394,17,2,0,2
ACC012393,1,14328.05,14328.05,0,7,1,0,1
ACC012394,2,11697.98,5848.99,262,18,2,0,2
ACC012395,1,26159.25,26159.25,0,3,1,0,1
ACC012397,1,515.16,515.16,0,8,1,0,1
ACC012398,1,23346.65,23346.65,0,9,1,0,1
ACC012399,1,36950.67,36950.67,0,13,1,0,1
ACC012400,3,36646.34,12215.45,207,20,3,0,3
ACC012401,1,40187.78,40187.78,0,3,1,0,1
ACC012402,1,3038.97,3038.97,0,13,1,0,1
ACC012403,3,59341.6,19780.53,190,22,3,0,3
ACC012406,1,57652.99,57652.99,0,3,1,0,1
ACC012407,1,18414.68,18414.68,0,8,1,0,1
ACC012408,1,2037.15,2037.15,0,10,1,0,1
ACC012410,1,22137.77,22137.77,0,12,1,0,1
ACC012412,1,42680.1,42680.1,0,9,1,1,1
ACC012413,1,14311.08,14311.08,0,13,1,0,1
ACC012414,2,48330.69,24165.35,272,10,2,0,2
ACC012415,1,58022.96,58022.96,0,7,1,0,1
ACC012416,1,83926.9,83926.9,0,3,1,0,1
ACC012417,1,38959.76,38959.76,0,4,1,0,1
ACC012418,1,10618.78,10618.78,0,3,1,0,1
ACC012419,3,65563.02,21854.34,114,29,3,0,3
ACC012424,1,6623.44,6623.44,0,10,1,0,1
ACC012425,1,30284.4,30284.4,0,10,1,0,1
ACC012426,1,28208.3,28208.3,0,8,1,0,1
ACC012428,1,25578.55,25578.55,0,1,1,0,1
ACC012429,3,20306.04,6768.68,89,16,3,0,3
ACC012431,1,6372.83,6372.83,0,14,1,0,1
ACC012433,3,91084.26,30361.42,369,26,3,1,1
ACC012434,1,4397.69,4397.69,0,3,1,0,1
ACC012435,2,63556.18,31778.09,100,12,2,0,1
ACC012436,1,60486.32,60486.32,0,13,1,0,1
ACC012437,1,4691.36,4691.36,0,7,1,0,1
ACC012439,1,9589.37,9589.37,0,8,1,0,1
ACC012441,2,27131.5,13565.75,4,13,2,0,2
ACC012443,1,42325.34,42325.34,0,13,1,0,1
ACC012444,1,107858.2,107858.2,0,3,1,0,1
ACC012446,3,98215.6,32738.53,141,12,3,0,1
ACC012449,2,67616.65,33808.32,10,16,2,0,1
ACC012451,1,26906.3,26906.3,0,8,1,0,1
ACC012453,1,65067.43,65067.43,0,5,1,0,1
ACC012454,3,43461.59,14487.2,423,23,3,1,2
ACC012458,4,57661.81,14415.45,287,40,4,0,3
ACC012459,1,46427.49,46427.49,0,7,1,0,1
ACC012460,1,40041.48,40041.48,0,11,1,0,1
ACC012461,1,9891.87,9891.87,0,5,1,0,1
ACC012464,1,5251.74,5251.74,0,7,1,0,1
ACC012467,1,18545.42,18545.42,0,2,1,0,1
ACC012469,1,7634.74,7634.74,0,5,1,0,1
ACC012471,3,89063.43,29687.81,355,26,3,0,3
ACC012472,3,55076.12,18358.71,406,27,3,1,2
ACC012473,2,50038.52,25019.26,310,22,2,1,2
ACC012474,1,18854.95,18854.95,0,2,1,0,1
ACC012478,1,33587.57,33587.57,0,13,1,0,1
ACC012480,1,5873.88,5873.88,0,4,1,0,1
ACC012481,1,9475.61,9475.61,0,3,1,0,1
ACC012482,2,39071.82,19535.91,375,21,2,1,2
ACC012483,3,103752.23,34584.08,134,29,3,0,3
ACC012486,1,3892.78,3892.78,0,12,1,0,1
ACC012491,1,47642.07,47642.07,0,13,1,0,1
ACC012492,1,16416.37,16416.37,0,5,1,0,1
ACC012493,1,11689.24,11689.24,0,10,1,0,1
ACC012494,3,86490.48,28830.16,22,22,3,0,3
ACC012495,2,77707.51,38853.75,5,19,2,0,2
ACC012496,3,50892.85,16964.28,140,24,3,1,3
ACC012497,1,3671.77,3671.77,0,14,1,0,1
ACC012499,1,7403.22,7403.22,0,5,1,0,1
ACC012501,4,62019.7,15504.93,343,30,4,0,4
ACC012504,1,2478.5,2478.5,0,3,1,0,1
ACC012505,1,187181.89,187181.89,0,12,1,0,1
ACC012506,2,68076.86,34038.43,154,11,2,1,2
ACC012508,1,23725.91,23725.91,0,2,1,0,1
ACC012509,1,6525.83,6525.83,0,1,1,0,1
ACC012510,2,54715.43,27357.72,113,18,2,0,2
ACC012511,1,10179.02,10179.02,0,8,1,0,1
ACC012513,2,28809.25,14404.62,160,18,2,0,2
ACC012514,1,7510.39,7510.39,0,14,1,0,1
ACC012515,2,13611.57,6805.78,25,15,2,0,2
ACC012516,1,16410.75,16410.75,0,6,1,0,1
ACC012517,1,35316.68,35316.68,0,7,1,0,1
ACC012518,2,43075.17,21537.58,255,24,2,0,2
ACC012519,2,19195.45,9597.73,1,16,2,0,2
ACC012520,1,1040.59,1040.59,0,3,1,0,1
ACC012522,1,3866.3,3866.3,0,3,1,1,1
ACC012524,1,75585.02,75585.02,0,8,1,1,1
ACC012527,2,187575.3,93787.65,281,21,2,1,1
ACC012529,2,39549.58,19774.79,2,16,2,0,2
ACC012530,2,57152.6,28576.3,151,18,2,0,2
ACC012533,2,50093.67,25046.84,44,8,2,0,2
ACC012534,1,40755.78,40755.78,0,13,1,0,1
ACC012535,1,5392.17,5392.17,0,5,1,0,1
ACC012536,2,89503.57,44751.79,85,18,2,0,2
ACC012539,1,18851.12,18851.12,0,10,1,0,1
ACC012540,1,20041.65,20041.65,0,6,1,0,1
ACC012542,1,35336.89,35336.89,0,7,1,0,1
ACC012543,1,2260.49,2260.49,0,14,1,0,1
ACC012544,1,15161.41,15161.41,0,6,1,0,1
ACC012545,1,7701.15,7701.15,0,2,1,0,1
ACC012547,2,115106.28,57553.14,23,16,2,0,2
ACC012550,1,22168.29,22168.29,0,13,1,0,1
ACC012551,1,5038.72,5038.72,0,9,1,0,1
ACC012552,1,10839.83,10839.83,0,14,1,0,1
ACC012554,2,69125.42,34562.71,166,20,2,0,1
ACC012555,2,33271.45,16635.72,164,11,2,1,2
ACC012556,1,5952.3,5952.3,0,7,1,0,1
ACC012557,2,35681.25,17840.62,13,14,2,0,2
ACC012560,1,50219.16,50219.16,0,10,1,0,1
ACC012562,1,43617.09,43617.09,0,7,1,0,1
ACC012563,1,17194.06,17194.06,0,7,1,0,1
ACC012565,2,100251.21,50125.6,87,7,2,0,2
ACC012567,1,16325.29,16325.29,0,6,1,0,1
ACC012571,3,35962.46,11987.49,343,23,3,0,2
ACC012572,1,69946.4,69946.4,0,2,1,0,1
ACC012573,1,24175.38,24175.38,0,13,1,0,1
ACC012574,1,24394.05,24394.05,0,5,1,0,1
ACC012576,1,37572.55,37572.55,0,8,1,0,1
ACC012578,1,23146.44,23146.44,0,10,1,0,1
ACC012580,2,57948.96,28974.48,36,16,2,0,2
ACC012583,1,30966.56,30966.56,0,13,1,0,1
ACC012584,2,21003.06,10501.53,94,22,2,0,2
ACC012585,1,23945.37,23945.37,0,7,1,0,1
ACC012586,1,14830.79,14830.79,0,9,1,0,1
ACC012587,1,40301.63,40301.63,0,5,1,0,1
ACC012588,2,12224.93,6112.47,285,18,2,0,2
ACC012589,1,14009.97,14009.97,0,1,1,1,1
ACC012591,2,54241.09,27120.55,38,23,2,0,2
ACC012592,1,38388.81,38388.81,0,11,1,0,1
ACC012594,1,26047.2,26047.2,0,14,1,0,1
ACC012595,1,23141.95,23141.95,0,6,1,0,1
ACC012596,1,21811.34,21811.34,0,14,1,0,1
ACC012598,2,11050.6,5525.3,81,6,2,0,2
ACC012600,1,7151.08,7151.08,0,7,1,0,1
ACC012602,2,34645.45,17322.72,25,20,2,0,1
ACC012604,2,46625.64,23312.82,144,8,2,1,1
ACC012605,1,25247.31,25247.31,0,14,1,1,1
ACC012606,1,7210.64,7210.64,0,3,1,0,1
ACC012607,2,104350.36,52175.18,111,11,2,0,2
ACC012609,3,50046.33,16682.11,175,30,3,0,3
ACC012610,2,35238.57,17619.28,378,9,2,1,1
ACC012611,2,69585.13,34792.57,234,11,2,0,1
ACC012613,1,926.86,926.86,0,10,1,0,1
ACC012614,1,54924.91,54924.91,0,3,1,0,1
ACC012616,2,48087.35,24043.67,0,19,2,0,2
ACC012618,2,75395.6,37697.8,32,16,2,0,2
ACC012619,2,157744.8,78872.4,125,23,2,0,2
ACC012620,1,19318.36,19318.36,0,10,1,0,1
ACC012621,1,24854.91,24854.91,0,14,1,0,1
ACC012622,1,64578.81,64578.81,0,9,1,0,1
ACC012623,1,634.32,634.32,0,10,1,0,1
ACC012626,1,27303.21,27303.21,0,5,1,0,1
ACC012627,1,16000.47,16000.47,0,8,1,0,1
ACC012628,2,50659.88,25329.94,59,10,2,0,2
ACC012629,1,11091.0,11091.0,0,7,1,0,1
ACC012632,3,105838.91,35279.64,292,22,3,0,2
ACC012633,2,26224.75,13112.38,151,20,2,0,2
ACC012634,1,26652.84,26652.84,0,14,1,0,1
ACC012636,1,19238.78,19238.78,0,5,1,0,1
ACC012639,2,60216.59,30108.3,69,13,2,0,2
ACC012640,1,79685.46,79685.46,0,7,1,0,1
ACC012641,3,9351.61,3117.2,253,25,3,0,3
ACC012642,2,123919.56,61959.78,108,10,2,0,2
ACC012643,3,77358.38,25786.13,393,31,3,0,2
ACC012646,1,6719.01,6719.01,0,14,1,0,1
ACC012648,3,130154.07,43384.69,174,31,3,1,3
ACC012649,2,69856.09,34928.04,351,17,2,0,2
ACC012651,2,37994.97,18997.49,98,11,2,0,2
ACC012653,1,75497.46,75497.46,0,13,1,0,1
ACC012655,2,21156.32,10578.16,165,27,2,0,2
ACC012656,1,73472.16,73472.16,0,5,1,1,1
ACC012657,1,23183.66,23183.66,0,5,1,0,1
ACC012659,1,6525.94,6525.94,0,10,1,1,1
ACC012661,1,18919.87,18919.87,0,1,1,0,1
ACC012662,2,28449.54,14224.77,257,21,2,1,2
ACC012664,1,39980.28,39980.28,0,8,1,1,1
ACC012665,2,108591.05,54295.53,136,22,2,0,1
ACC012666,1,10316.96,10316.96,0,10,1,0,1
ACC012667,3,34819.81,11606.6,256,24,3,0,3
ACC012668,1,23663.0,23663.0,0,8,1,1,1
ACC012669,2,48872.79,24436.4,56,17,2,0,2
ACC012670,2,23122.13,11561.07,2,10,2,0,1
ACC012671,2,20226.89,10113.44,9,18,2,0,2
ACC012672,1,4436.21,4436.21,0,14,1,0,1
ACC012673,2,16597.43,8298.72,269,15,2,1,2
ACC012677,1,14042.56,14042.56,0,2,1,0,1
ACC012679,2,49031.16,24515.58,20,23,2,0,2
ACC012682,2,24182.42,12091.21,164,18,2,0,2
ACC012685,2,69967.14,34983.57,270,25,2,0,1
ACC012686,2,7429.21,3714.6,61,8,2,0,1
ACC012687,1,3285.76,3285.76,0,7,1,0,1
ACC012688,1,19678.1,19678.1,0,11,1,0,1
ACC012689,1,8251.79,8251.79,0,5,1,0,1
ACC012690,3,47670.65,15890.22,203,25,3,0,2
ACC012691,1,9855.56,9855.56,0,2,1,0,1
ACC012692,2,37325.41,18662.71,129,23,2,0,1
ACC012693,3,101070.28,33690.09,244,21,3,0,2
ACC012694,2,37623.3,18811.65,88,16,2,0,2
ACC012695,3,52672.9,17557.63,185,35,3,0,3
ACC012697,1,44050.98,44050.98,0,6,1,0,1
ACC012698,2,19770.01,9885.0,83,20,2,0,2
ACC012699,1,120359.59,120359.59,0,11,1,0,1
ACC012700,1,12958.16,12958.16,0,6,1,0,1
ACC012704,1,8627.82,8627.82,0,6,1,0,1
ACC012709,1,36407.93,36407.93,0,4,1,0,1
ACC012710,1,16765.91,16765.91,0,3,1,0,1
ACC012713,1,4881.46,4881.46,0,11,1,0,1
ACC012714,1,23268.47,23268.47,0,11,1,1,1
ACC012715,4,50332.41,12583.1,214,30,4,1,4
ACC012716,2,49054.45,24527.22,112,4,2,0,2
ACC012718,1,13374.08,13374.08,0,9,1,0,1
ACC012719,1,25524.95,25524.95,0,14,1,0,1
ACC012721,1,54226.01,54226.01,0,11,1,0,1
ACC012722,2,49956.24,24978.12,345,23,2,0,2
ACC012724,1,4871.87,4871.87,0,8,1,0,1
ACC012725,1,38124.56,38124.56,0,11,1,0,1
ACC012726,1,36765.42,36765.42,0,14,1,0,1
ACC012728,2,32722.63,16361.31,222,12,2,0,2
ACC012729,1,1173.68,1173.68,0,1,1,0,1
ACC012730,1,63860.14,63860.14,0,12,1,0,1
ACC012731,1,4703.96,4703.96,0,11,1,0,1
ACC012732,2,56938.72,28469.36,216,24,2,0,2
ACC012734,2,23897.88,11948.94,216,14,2,0,2
ACC012735,1,48663.33,48663.33,0,9,1,0,1
ACC012736,2,33575.74,16787.87,9,9,2,0,2
ACC012738,1,91399.2,91399.2,0,3,1,0,1
ACC012739,1,72556.15,72556.15,0,7,1,0,1
ACC012740,1,53821.1,53821.1,0,1,1,0,1
ACC012741,2,44760.84,22380.42,259,21,2,0,2
ACC012742,2,59556.23,29778.11,275,20,2,0,2
ACC012743,1,20369.04,20369.04,0,13,1,0,1
ACC012744,1,6457.52,6457.52,0,7,1,0,1
ACC012745,1,9790.94,9790.94,0,9,1,0,1
ACC012746,1,71855.33,71855.33,0,5,1,0,1
ACC012747,1,3469.37,3469.37,0,8,1,0,1
ACC012748,2,120907.83,60453.92,32,13,2,0,2
ACC012751,1,3606.07,3606.07,0,7,1,0,1
ACC012753,2,86215.76,43107.88,280,15,2,0,2
ACC012755,1,9957.72,9957.72,0,7,1,0,1
ACC012758,2,44683.05,22341.52,92,7,2,0,2
ACC012759,1,38500.63,38500.63,0,7,1,0,1
ACC012760,1,48499.6,48499.6,0,7,1,1,1
ACC012761,1,5820.02,5820.02,0,9,1,0,1
ACC012762,1,41431.21,41431.21,0,4,1,1,1
ACC012763,2,34834.1,17417.05,298,8,2,0,2
ACC012766,1,8348.78,8348.78,0,8,1,0,1
ACC012767,1,147944.32,147944.32,0,2,1,0,1
ACC012769,2,80704.98,40352.49,131,9,2,0,2
ACC012771,1,43342.52,43342.52,0,8,1,0,1
ACC012772,1,16067.71,16067.71,0,2,1,0,1
ACC012773,1,37717.16,37717.16,0,1,1,0,1
ACC012774,2,7187.99,3594.0,238,14,2,0,2
ACC012775,4,85062.28,21265.57,347,31,4,1,3
ACC012776,1,60638.08,60638.08,0,6,1,0,1
ACC012778,1,3265.18,3265.18,0,9,1,0,1
ACC012779,1,35221.68,35221.68,0,3,1,0,1
ACC012780,1,14219.0,14219.0,0,14,1,1,1
ACC012782,2,75597.14,37798.57,106,10,2,1,2
ACC012783,2,74719.02,37359.51,47,27,2,0,2
ACC012788,2,54717.79,27358.9,9,7,2,0,2
ACC012789,1,8910.41,8910.41,0,1,1,0,1
ACC012790,3,73759.1,24586.37,304,20,3,0,2
ACC012792,4,85569.7,21392.42,293,36,4,0,3
ACC012793,1,5621.91,5621.91,0,5,1,0,1
ACC012795,1,4146.32,4146.32,0,2,1,0,1
ACC012798,1,19230.07,19230.07,0,5,1,0,1
ACC012799,2,9652.21,4826.1,134,13,2,0,1
ACC012801,3,124782.84,41594.28,247,21,3,2,2
ACC012802,1,13265.43,13265.43,0,14,1,0,1
ACC012803,1,13935.83,13935.83,0,11,1,1,1
ACC012805,1,3940.2,3940.2,0,3,1,0,1
ACC012807,3,58845.59,19615.2,329,33,3,1,3
ACC012808,1,12978.11,12978.11,0,12,1,0,1
ACC012809,1,13390.33,13390.33,0,2,1,1,1
ACC012812,2,68846.05,34423.03,236,21,2,0,2
ACC012814,1,37233.48,37233.48,0,10,1,0,1
ACC012816,3,43471.17,14490.39,268,28,3,0,3
ACC012817,1,15862.3,15862.3,0,10,1,0,1
ACC012820,1,54969.54,54969.54,0,1,1,0,1
ACC012821,1,4819.08,4819.08,0,10,1,0,1
ACC012823,2,41176.29,20588.15,4,15,2,0,2
ACC012825,2,67173.18,33586.59,137,23,2,0,2
ACC012827,1,49767.75,49767.75,0,10,1,0,1
ACC012829,1,11629.46,11629.46,0,3,1,0,1
ACC012830,1,6723.56,6723.56,0,2,1,0,1
ACC012832,1,62859.93,62859.93,0,10,1,0,1
ACC012834,1,95728.17,95728.17,0,6,1,0,1
ACC012835,3,90953.92,30317.97,413,28,3,1,2
ACC012838,4,32940.81,8235.2,205,43,4,0,3
ACC012839,2,5481.95,2740.97,287,16,2,0,2
ACC012840,2,12078.81,6039.41,56,14,2,0,2
ACC012841,1,14144.23,14144.23,0,4,1,0,1
ACC012842,3,55068.0,18356.0,122,16,3,0,3
ACC012843,2,32595.21,16297.6,53,26,2,1,2
ACC012844,3,99545.05,33181.68,276,24,3,0,2
ACC012846,2,62871.41,31435.71,144,9,2,0,2
ACC012851,2,32262.56,16131.28,123,21,2,0,2
ACC012853,1,2266.82,2266.82,0,4,1,0,1
ACC012855,2,51323.77,25661.88,90,9,2,0,2
ACC012858,2,34938.37,17469.18,74,22,2,0,2
ACC012859,1,3775.36,3775.36,0,5,1,0,1
ACC012860,1,66810.47,66810.47,0,14,1,0,1
ACC012861,1,9569.35,9569.35,0,11,1,0,1
ACC012863,1,41412.46,41412.46,0,13,1,0,1
ACC012865,1,15109.2,15109.2,0,12,1,0,1
ACC012866,2,69881.57,34940.79,54,12,2,0,2
ACC012867,1,36699.06,36699.06,0,10,1,0,1
ACC012870,1,5224.65,5224.65,0,11,1,0,1
ACC012874,1,54268.87,54268.87,0,5,1,0,1
ACC012875,1,30493.55,30493.55,0,14,1,0,1
ACC012876,1,2201.55,2201.55,0,12,1,0,1
ACC012877,1,49172.2,49172.2,0,3,1,0,1
ACC012878,1,24436.55,24436.55,0,3,1,0,1
ACC012879,1,5752.02,5752.02,0,8,1,0,1
ACC012880,2,13831.07,6915.53,191,12,2,1,2
ACC012881,1,3799.9,3799.9,0,2,1,0,1
ACC012882,2,50884.83,25442.42,105,16,2,0,2
ACC012884,1,2755.4,2755.4,0,9,1,0,1
ACC012885,1,7851.06,7851.06,0,2,1,0,1
ACC012887,2,57193.47,28596.74,176,13,2,0,1
ACC012888,1,15050.42,15050.42,0,14,1,0,1
ACC012889,2,6722.42,3361.21,222,10,2,0,2
ACC012891,1,2830.96,2830.96,0,1,1,0,1
ACC012893,1,1619.79,1619.79,0,3,1,0,1
ACC012895,1,24017.92,24017.92,0,3,1,1,1
ACC012896,1,19646.11,19646.11,0,11,1,1,1
ACC012899,1,9562.94,9562.94,0,11,1,0,1
ACC012900,1,34866.05,34866.05,0,7,1,0,1
ACC012902,2,43604.34,21802.17,17,15,2,0,2
ACC012903,1,18725.04,18725.04,0,2,1,0,1
ACC012904,2,40086.62,20043.31,13,16,2,0,2
ACC012905,2,43451.76,21725.88,254,5,2,0,1
ACC012908,2,121197.27,60598.64,199,13,2,0,2
ACC012909,1,12997.35,12997.35,0,8,1,0,1
ACC012911,1,20087.79,20087.79,0,9,1,0,1
ACC012912,1,12505.66,12505.66,0,7,1,0,1
ACC012917,2,52988.27,26494.14,150,15,2,0,2
ACC012918,1,20473.08,20473.08,0,13,1,0,1
ACC012920,1,106143.17,106143.17,0,10,1,0,1
ACC012921,2,6646.07,3323.03,106,20,2,0,1
ACC012922,1,17739.42,17739.42,0,14,1,0,1
ACC012924,1,18602.68,18602.68,0,1,1,0,1
ACC012925,1,15410.7,15410.7,0,10,1,0,1
ACC012926,1,3564.44,3564.44,0,9,1,0,1
ACC012927,2,72315.94,36157.97,214,18,2,1,1
ACC012928,2,67673.88,33836.94,19,11,2,0,2
ACC012929,1,11372.57,11372.57,0,11,1,0,1
ACC012930,2,42031.39,21015.69,107,3,2,1,2
ACC012931,2,197301.06,98650.53,7,22,2,0,2
ACC012932,1,50487.69,50487.69,0,2,1,0,1
ACC012934,1,3298.53,3298.53,0,1,1,0,1
ACC012935,1,52240.79,52240.79,0,7,1,0,1
ACC012936,1,53649.99,53649.99,0,10,1,0,1
ACC012937,3,67029.24,22343.08,313,18,3,0,3
ACC012938,3,54133.64,18044.55,247,21,3,0,2
ACC012939,1,47112.13,47112.13,0,7,1,0,1
ACC012940,2,41024.86,20512.43,278,27,2,0,2
ACC012942,1,12715.51,12715.51,0,10,1,0,1
ACC012943,3,108811.04,36270.35,364,15,3,1,3
ACC012945,1,8324.5,8324.5,0,6,1,0,1
ACC012947,1,4620.92,4620.92,0,9,1,0,1
ACC012948,2,41173.81,20586.91,210,15,2,0,2
ACC012951,3,59602.3,19867.43,250,31,3,0,2
ACC012952,4,60131.33,15032.83,315,22,4,0,4
ACC012953,1,13171.34,13171.34,0,2,1,0,1
ACC012954,1,5884.94,5884.94,0,13,1,0,1
ACC012955,1,11429.86,11429.86,0,10,1,0,1
ACC012956,1,13461.07,13461.07,0,5,1,0,1
ACC012957,2,57504.25,28752.12,15,6,2,0,2
ACC012959,1,2140.12,2140.12,0,2,1,0,1
ACC012960,1,28668.78,28668.78,0,7,1,0,1
ACC012961,2,107394.6,53697.3,134,2,2,0,2
ACC012962,2,15862.31,7931.16,124,12,2,1,2
ACC012963,1,21701.74,21701.74,0,7,1,0,1
ACC012965,1,13396.53,13396.53,0,9,1,0,1
ACC012967,1,24901.42,24901.42,0,11,1,0,1
ACC012968,2,9240.35,4620.18,92,24,2,1,2
ACC012969,1,129953.25,129953.25,0,8,1,0,1
ACC012970,1,35438.76,35438.76,0,6,1,1,1
ACC012971,1,2024.63,2024.63,0,9,1,0,1
ACC012973,4,73389.26,18347.31,309,28,4,0,3
ACC012974,1,19548.02,19548.02,0,4,1,0,1
ACC012975,1,4933.3,4933.3,0,6,1,0,1
ACC012976,1,959.02,959.02,0,7,1,0,1
ACC012979,1,8752.23,8752.23,0,9,1,1,1
ACC012980,1,80384.88,80384.88,0,3,1,0,1
ACC012981,2,14726.52,7363.26,277,21,2,0,1
ACC012982,2,60382.69,30191.35,252,21,2,0,2
ACC012983,1,7275.4,7275.4,0,2,1,1,1
ACC012986,1,2389.44,2389.44,0,6,1,0,1
ACC012987,1,24067.62,24067.62,0,8,1,0,1
ACC012989,1,4895.67,4895.67,0,8,1,0,1
ACC012991,1,7482.39,7482.39,0,6,1,0,1
ACC012997,2,80384.45,40192.22,50,14,2,0,2
ACC012998,2,170630.64,85315.32,121,3,2,0,2
ACC013000,1,14993.83,14993.83,0,6,1,0,1
ACC013001,1,16509.83,16509.83,0,1,1,0,1
ACC013002,1,14052.0,14052.0,0,1,1,0,1
ACC013004,2,135925.56,67962.78,9,9,2,0,2
ACC013006,1,9680.17,9680.17,0,6,1,0,1
ACC013010,2,46402.28,23201.14,60,12,2,0,2
ACC013011,1,8610.93,8610.93,0,3,1,0,1
ACC013012,1,14174.31,14174.31,0,2,1,0,1
ACC013013,1,16022.28,16022.28,0,11,1,1,1
ACC013015,3,56548.15,18849.38,358,12,3,0,2
ACC013016,2,48947.89,24473.94,264,8,2,0,2
ACC013018,1,6891.03,6891.03,0,2,1,0,1
ACC013019,1,14153.38,14153.38,0,13,1,0,1
ACC013020,3,104234.03,34744.68,67,8,3,0,2
ACC013021,1,62063.6,62063.6,0,7,1,1,1
ACC013023,1,9155.75,9155.75,0,13,1,0,1
ACC013024,4,127741.95,31935.49,225,29,4,0,3
ACC013026,1,17824.25,17824.25,0,3,1,0,1
ACC013028,1,9263.82,9263.82,0,3,1,1,1
ACC013029,1,13663.02,13663.02,0,9,1,0,1
ACC013032,3,130566.03,43522.01,252,22,3,1,3
ACC013033,1,20700.7,20700.7,0,5,1,0,1
ACC013034,3,46628.15,15542.72,313,27,3,0,3
ACC013035,1,22160.44,22160.44,0,11,1,0,1
ACC013036,1,27547.16,27547.16,0,7,1,0,1
ACC013037,4,130012.79,32503.2,260,24,4,1,3
ACC013039,2,98840.42,49420.21,34,24,2,0,2
ACC013040,2,84367.04,42183.52,136,14,2,1,2
ACC013043,1,5781.86,5781.86,0,6,1,0,1
ACC013044,2,25583.18,12791.59,27,2,2,0,2
ACC013045,2,30502.66,15251.33,236,17,2,0,1
ACC013047,2,48801.32,24400.66,106,12,2,0,2
ACC013048,2,17295.48,8647.74,110,23,2,0,1
ACC013049,1,37686.37,37686.37,0,8,1,0,1
ACC013051,2,31430.76,15715.38,120,11,2,0,2
ACC013052,1,4390.61,4390.61,0,12,1,0,1
ACC013053,2,9912.61,4956.31,99,6,2,0,2
ACC013054,1,18728.62,18728.62,0,7,1,0,1
ACC013055,3,105451.61,35150.54,247,29,3,0,3
ACC013056,1,4534.16,4534.16,0,3,1,0,1
ACC013060,1,3772.04,3772.04,0,5,1,0,1
ACC013061,1,31906.48,31906.48,0,11,1,0,1
ACC013062,5,112548.1,22509.62,302,45,5,0,3
ACC013065,2,147375.3,73687.65,41,9,2,0,2
ACC013066,1,12274.86,12274.86,0,11,1,0,1
ACC013068,1,27107.87,27107.87,0,10,1,0,1
ACC013069,1,45024.65,45024.65,0,5,1,0,1
ACC013070,1,29177.75,29177.75,0,12,1,0,1
ACC013074,2,100617.19,50308.6,203,11,2,0,2
ACC013075,1,125874.59,125874.59,0,3,1,0,1
ACC013076,2,29771.25,14885.62,252,12,2,0,2
ACC013077,1,39870.44,39870.44,0,13,1,0,1
ACC013079,1,19528.64,19528.64,0,9,1,0,1
ACC013080,2,23635.84,11817.92,126,23,2,0,2
ACC013081,2,36898.84,18449.42,35,16,2,0,1
ACC013082,2,143403.8,71701.9,221,21,2,0,2
ACC013088,1,17054.55,17054.55,0,3,1,0,1
ACC013090,1,2663.22,2663.22,0,6,1,0,1
ACC013091,1,2421.41,2421.41,0,12,1,0,1
ACC013097,2,35696.18,17848.09,38,17,2,0,1
ACC013101,1,12993.64,12993.64,0,4,1,0,1
ACC013103,1,4575.49,4575.49,0,13,1,0,1
ACC013104,2,66796.21,33398.11,32,25,2,0,2
ACC013105,1,46941.46,46941.46,0,8,1,0,1
ACC013107,3,43048.82,14349.61,231,27,3,0,3
ACC013109,2,56504.95,28252.48,159,20,2,0,2
ACC013110,1,44874.22,44874.22,0,11,1,0,1
ACC013111,3,81187.96,27062.65,175,17,3,0,2
ACC013112,2,18070.72,9035.36,251,11,2,0,2
ACC013114,1,70308.49,70308.49,0,4,1,0,1
ACC013116,1,25945.54,25945.54,0,8,1,0,1
ACC013117,2,143705.74,71852.87,6,18,2,0,2
ACC013118,1,8151.38,8151.38,0,11,1,0,1
ACC013119,1,19448.05,19448.05,0,6,1,0,1
ACC013120,1,15663.45,15663.45,0,5,1,0,1
ACC013121,1,3124.19,3124.19,0,5,1,0,1
ACC013122,5,146270.37,29254.07,196,40,5,0,2
ACC013123,1,28675.3,28675.3,0,4,1,1,1
ACC013125,1,106055.85,106055.85,0,8,1,0,1
ACC013126,3,15653.85,5217.95,64,31,3,0,3
ACC013127,2,46740.46,23370.23,130,14,2,0,2
ACC013129,1,61427.57,61427.57,0,1,1,0,1
ACC013131,1,3315.45,3315.45,0,6,1,0,1
ACC013132,1,77148.41,77148.41,0,14,1,0,1
ACC013133,1,15387.87,15387.87,0,2,1,0,1
ACC013134,1,41315.2,41315.2,0,3,1,0,1
ACC013136,2,166614.69,83307.35,201,20,2,0,2
ACC013138,3,21034.71,7011.57,162,18,3,0,3
ACC013139,1,7242.05,7242.05,0,12,1,0,1
ACC013140,2,12596.17,6298.08,4,16,2,0,2
ACC013141,1,38467.78,38467.78,0,7,1,0,1
ACC013142,1,31984.13,31984.13,0,10,1,0,1
ACC013144,1,76972.55,76972.55,0,4,1,1,1
ACC013145,1,70619.53,70619.53,0,8,1,0,1
ACC013146,1,6273.98,6273.98,0,12,1,0,1
ACC013147,1,2442.13,2442.13,0,5,1,0,1
ACC013148,1,36642.45,36642.45,0,2,1,1,1
ACC013149,1,8860.69,8860.69,0,1,1,1,1
ACC013150,1,49888.14,49888.14,0,11,1,0,1
ACC013151,2,10170.21,5085.1,105,13,2,0,2
ACC013155,1,51676.73,51676.73,0,8,1,0,1
ACC013157,1,11462.43,11462.43,0,14,1,0,1
ACC013158,1,3935.48,3935.48,0,1,1,0,1
ACC013159,1,11102.32,11102.32,0,14,1,0,1
ACC013160,1,33789.86,33789.86,0,2,1,0,1
ACC013162,2,40362.94,20181.47,90,12,2,0,2
ACC013163,3,49116.33,16372.11,214,27,3,0,2
ACC013164,1,4042.3,4042.3,0,6,1,0,1
ACC013165,2,88362.37,44181.18,36,14,2,0,2
ACC013167,2,52473.04,26236.52,11,6,2,2,1
ACC013170,2,84192.73,42096.36,125,22,2,0,2
ACC013171,2,57109.82,28554.91,265,26,2,0,2
ACC013173,1,1796.43,1796.43,0,6,1,0,1
ACC013174,1,4122.03,4122.03,0,14,1,0,1
ACC013178,1,13739.63,13739.63,0,9,1,0,1
ACC013179,3,16495.95,5498.65,218,15,3,1,3
ACC013180,1,3127.23,3127.23,0,11,1,0,1
ACC013182,1,22294.24,22294.24,0,7,1,0,1
ACC013183,1,7165.7,7165.7,0,9,1,0,1
ACC013184,1,5356.93,5356.93,0,2,1,0,1
ACC013185,1,8286.21,8286.21,0,5,1,0,1
ACC013186,1,20236.21,20236.21,0,14,1,0,1
ACC013187,1,17644.98,17644.98,0,3,1,0,1
ACC013189,1,3337.14,3337.14,0,11,1,1,1
ACC013191,3,14797.96,4932.65,104,27,3,0,3
ACC013193,1,20271.96,20271.96,0,12,1,0,1
ACC013194,2,70666.92,35333.46,327,16,2,0,1
ACC013195,1,10312.52,10312.52,0,6,1,0,1
ACC013196,1,3124.72,3124.72,0,11,1,0,1
ACC013197,1,7502.07,7502.07,0,10,1,0,1
ACC013198,1,70335.41,70335.41,0,14,1,0,1
ACC013199,1,62736.11,62736.11,0,1,1,0,1
ACC013200,1,54200.81,54200.81,0,13,1,1,1
ACC013202,1,21757.16,21757.16,0,2,1,0,1
ACC013204,2,15863.19,7931.6,129,11,2,1,2
ACC013205,1,1803.11,1803.11,0,10,1,0,1
ACC013206,1,91457.65,91457.65,0,1,1,0,1
ACC013208,1,1660.98,1660.98,0,9,1,0,1
ACC013211,1,4251.43,4251.43,0,5,1,0,1
ACC013214,1,22532.78,22532.78,0,7,1,0,1
ACC013217,1,47955.4,47955.4,0,8,1,0,1
ACC013218,2,18796.86,9398.43,229,22,2,0,1
ACC013219,1,7751.15,7751.15,0,12,1,0,1
ACC013220,1,17532.21,17532.21,0,3,1,0,1
ACC013221,2,21756.75,10878.38,305,14,2,0,1
ACC013222,1,7395.28,7395.28,0,14,1,0,1
ACC013223,1,41898.35,41898.35,0,12,1,0,1
ACC013225,1,105705.31,105705.31,0,3,1,0,1
ACC013227,1,17956.1,17956.1,0,4,1,0,1
ACC013228,3,50394.91,16798.3,191,16,3,1,3
ACC013229,1,2695.61,2695.61,0,12,1,0,1
ACC013230,3,32590.53,10863.51,248,17,3,0,3
ACC013231,2,9879.69,4939.85,102,20,2,0,2
ACC013232,1,67320.62,67320.62,0,6,1,0,1
ACC013233,3,64687.91,21562.64,339,24,3,0,3
ACC013234,3,130195.57,43398.52,287,24,3,0,3
ACC013237,2,111208.63,55604.31,73,14,2,0,2
ACC013242,2,34101.44,17050.72,296,14,2,1,2
ACC013243,1,48540.56,48540.56,0,12,1,0,1
ACC013246,1,9042.81,9042.81,0,11,1,0,1
ACC013247,1,868.89,868.89,0,6,1,0,1
ACC013248,2,30601.15,15300.58,20,11,2,0,1
ACC013251,2,21515.04,10757.52,151,12,2,1,2
ACC013253,2,145462.69,72731.35,198,26,2,0,1
ACC013254,1,4135.36,4135.36,0,13,1,0,1
ACC013255,1,16489.28,16489.28,0,9,1,0,1
ACC013257,2,67932.43,33966.21,238,9,2,0,2
ACC013258,2,6790.45,3395.23,15,15,2,0,2
ACC013264,1,4077.53,4077.53,0,8,1,0,1
ACC013266,2,18539.89,9269.94,161,13,2,0,2
ACC013267,1,100552.84,100552.84,0,10,1,0,1
ACC013268,3,49727.95,16575.98,256,24,3,0,3
ACC013270,1,48937.15,48937.15,0,10,1,0,1
ACC013271,2,1844.84,922.42,59,12,2,0,2
ACC013275,2,23407.45,11703.73,19,17,2,0,2
ACC013276,2,83490.16,41745.08,270,19,2,0,2
ACC013277,1,17831.59,17831.59,0,12,1,0,1
ACC013280,2,70447.24,35223.62,238,19,2,0,2
ACC013283,3,49337.88,16445.96,71,23,3,0,2
ACC013284,2,36304.34,18152.17,18,24,2,0,2
ACC013290,2,27642.98,13821.49,259,13,2,0,2
ACC013291,1,41412.64,41412.64,0,5,1,0,1
ACC013294,1,1967.44,1967.44,0,5,1,0,1
ACC013295,2,153169.82,76584.91,378,19,2,0,2
ACC013297,3,22588.6,7529.53,264,17,3,1,3
ACC013298,1,33564.94,33564.94,0,2,1,0,1
ACC013299,1,23849.76,23849.76,0,8,1,0,1
ACC013300,1,33325.62,33325.62,0,12,1,0,1
ACC013301,1,1440.41,1440.41,0,6,1,0,1
ACC013302,1,13697.56,13697.56,0,10,1,0,1
ACC013304,1,9732.34,9732.34,0,1,1,0,1
ACC013307,2,18917.17,9458.58,87,14,2,0,2
ACC013308,1,13251.43,13251.43,0,7,1,0,1
ACC013309,2,10263.32,5131.66,176,10,2,0,2
ACC013311,2,103566.64,51783.32,172,10,2,0,2
ACC013312,1,1581.67,1581.67,0,1,1,0,1
ACC013313,2,22968.41,11484.2,10,27,2,0,2
ACC013314,1,53085.58,53085.58,0,8,1,0,1
ACC013316,2,32539.71,16269.86,99,6,2,0,2
ACC013317,1,17515.44,17515.44,0,7,1,0,1
ACC013318,2,66491.91,33245.96,178,26,2,0,2
ACC013319,1,63872.95,63872.95,0,6,1,0,1
ACC013320,2,34601.59,17300.79,57,14,2,0,2
ACC013321,2,50485.3,25242.65,174,18,2,1,2
ACC013322,1,39737.22,39737.22,0,5,1,0,1
ACC013324,1,40943.67,40943.67,0,3,1,0,1
ACC013326,1,24190.59,24190.59,0,9,1,0,1
ACC013327,1,9787.77,9787.77,0,10,1,0,1
ACC013328,4,96157.27,24039.32,228,28,4,0,3
ACC013329,1,108129.91,108129.91,0,10,1,0,1
ACC013332,1,32348.37,32348.37,0,2,1,0,1
ACC013333,2,12629.76,6314.88,272,6,2,0,2
ACC013336,2,21413.98,10706.99,357,15,2,0,2
ACC013337,1,3279.08,3279.08,0,5,1,0,1
ACC013338,2,125806.81,62903.4,150,8,2,0,1
ACC013339,1,18480.15,18480.15,0,7,1,1,1
ACC013340,1,8064.12,8064.12,0,14,1,0,1
ACC013341,3,51368.83,17122.94,224,30,3,0,3
ACC013342,1,17448.64,17448.64,0,2,1,0,1
ACC013343,3,32794.86,10931.62,327,26,3,0,2
ACC013345,2,34708.84,17354.42,94,16,2,0,2
ACC013348,1,53780.92,53780.92,0,7,1,0,1
ACC013350,2,72590.71,36295.35,232,10,2,0,2
ACC013351,1,7336.42,7336.42,0,14,1,0,1
ACC013353,1,5363.63,5363.63,0,6,1,0,1
ACC013354,1,13341.73,13341.73,0,7,1,0,1
ACC013356,2,36146.41,18073.21,118,6,2,0,2
ACC013357,2,21350.84,10675.42,252,7,2,0,1
ACC013358,2,26865.39,13432.69,228,13,2,0,2
ACC013359,1,7971.39,7971.39,0,1,1,0,1
ACC013360,1,45755.91,45755.91,0,9,1,0,1
ACC013361,1,5153.53,5153.53,0,10,1,0,1
ACC013362,1,17324.4,17324.4,0,14,1,0,1
ACC013363,1,16877.95,16877.95,0,2,1,0,1
ACC013364,2,64167.4,32083.7,87,20,2,0,1
ACC013365,3,67650.88,22550.29,211,23,3,0,2
ACC013367,2,52570.21,26285.11,157,12,2,0,1
ACC013368,1,17005.08,17005.08,0,2,1,0,1
ACC013369,1,10950.24,10950.24,0,8,1,0,1
ACC013371,2,214442.88,107221.44,379,26,2,1,2
ACC013372,1,10955.13,10955.13,0,11,1,1,1
ACC013373,1,153078.72,153078.72,0,10,1,1,1
ACC013374,2,69532.05,34766.03,40,20,2,0,2
ACC013375,1,9172.67,9172.67,0,10,1,0,1
ACC013377,1,53952.78,53952.78,0,4,1,0,1
ACC013378,3,35780.34,11926.78,405,15,3,0,2
ACC013380,1,20967.17,20967.17,0,4,1,0,1
ACC013381,1,7708.89,7708.89,0,9,1,0,1
ACC013383,1,28210.86,28210.86,0,8,1,0,1
ACC013384,1,113441.73,113441.73,0,8,1,0,1
ACC013387,2,45894.12,22947.06,114,19,2,0,2
ACC013388,1,2398.12,2398.12,0,11,1,0,1
ACC013389,2,45126.98,22563.49,134,24,2,0,2
ACC013390,1,19294.57,19294.57,0,7,1,0,1
ACC013392,1,18508.49,18508.49,0,7,1,0,1
ACC013393,1,120461.92,120461.92,0,8,1,0,1
ACC013395,1,25509.17,25509.17,0,4,1,0,1
ACC013397,1,35109.29,35109.29,0,14,1,0,1
ACC013402,1,13261.8,13261.8,0,1,1,0,1
ACC013403,4,67192.23,16798.06,273,19,4,0,3
ACC013406,2,20741.5,10370.75,53,11,2,0,2
ACC013408,1,55263.98,55263.98,0,3,1,0,1
ACC013409,2,178304.17,89152.08,29,12,2,0,1
ACC013412,1,7403.08,7403.08,0,9,1,0,1
ACC013413,1,18412.55,18412.55,0,4,1,0,1
ACC013415,2,16446.73,8223.36,88,16,2,0,2
ACC013416,1,17825.63,17825.63,0,10,1,0,1
ACC013419,1,11670.84,11670.84,0,6,1,0,1
ACC013422,2,72218.57,36109.29,39,22,2,0,2
ACC013425,4,90468.95,22617.24,118,26,4,0,3
ACC013426,2,49025.43,24512.72,58,16,2,0,2
ACC013427,1,12446.59,12446.59,0,7,1,0,1
ACC013429,2,130338.69,65169.35,44,15,2,0,2
ACC013431,2,30257.55,15128.78,83,15,2,0,2
ACC013432,2,49575.1,24787.55,339,19,2,0,2
ACC013434,3,148779.83,49593.28,335,24,3,0,3
ACC013435,1,72260.44,72260.44,0,13,1,0,1
ACC013439,2,93028.71,46514.36,43,6,2,0,2
ACC013440,1,33227.12,33227.12,0,3,1,0,1
ACC013441,1,14433.75,14433.75,0,6,1,0,1
ACC013442,1,8957.21,8957.21,0,13,1,0,1
ACC013444,1,3492.68,3492.68,0,3,1,0,1
ACC013445,1,14543.1,14543.1,0,3,1,0,1
ACC013446,3,57689.35,19229.78,306,15,3,0,2
ACC013447,1,4174.86,4174.86,0,13,1,0,1
ACC013448,2,84791.49,42395.75,7,28,2,0,2
ACC013449,1,43931.45,43931.45,0,13,1,0,1
ACC013450,1,15797.92,15797.92,0,8,1,0,1
ACC013451,1,15733.82,15733.82,0,4,1,0,1
ACC013454,1,19189.58,19189.58,0,4,1,0,1
ACC013456,1,10365.44,10365.44,0,13,1,0,1
ACC013457,2,44976.4,22488.2,107,24,2,0,2
ACC013458,2,30433.15,15216.57,315,15,2,1,1
ACC013459,1,12634.49,12634.49,0,4,1,0,1
ACC013460,3,82171.16,27390.39,312,23,3,1,3
ACC013462,1,17894.32,17894.32,0,6,1,0,1
ACC013465,3,78848.86,26282.95,318,32,3,0,3
ACC013466,2,155522.81,77761.4,11,10,2,2,2
ACC013468,1,11161.88,11161.88,0,12,1,0,1
ACC013469,1,21790.33,21790.33,0,13,1,0,1
ACC013472,3,99590.46,33196.82,179,15,3,0,3
ACC013474,1,23095.48,23095.48,0,12,1,1,1
ACC013475,1,18205.93,18205.93,0,1,1,0,1
ACC013476,1,4635.99,4635.99,0,8,1,0,1
ACC013480,1,27030.8,27030.8,0,6,1,0,1
ACC013481,3,22649.64,7549.88,229,25,3,0,2
ACC013483,2,32643.63,16321.81,56,15,2,1,2
ACC013484,1,9787.41,9787.41,0,14,1,0,1
ACC013486,1,83518.36,83518.36,0,14,1,0,1
ACC013487,1,47780.7,47780.7,0,2,1,0,1
ACC013488,1,6136.04,6136.04,0,6,1,0,1
ACC013489,2,21477.57,10738.78,231,11,2,0,1
ACC013490,2,18730.5,9365.25,52,15,2,0,1
ACC013491,1,22466.19,22466.19,0,12,1,0,1
ACC013495,1,5665.42,5665.42,0,5,1,0,1
ACC013497,3,49417.19,16472.4,137,20,3,0,2
ACC013498,1,44062.58,44062.58,0,4,1,0,1
ACC013499,2,105607.04,52803.52,97,21,2,0,2
ACC013500,3,136009.1,45336.37,243,14,3,0,3
ACC013501,2,36074.26,18037.13,146,17,2,1,2
ACC013502,1,2399.3,2399.3,0,4,1,0,1
ACC013503,1,24350.91,24350.91,0,14,1,0,1
ACC013507,1,17120.55,17120.55,0,4,1,0,1
ACC013509,1,82379.47,82379.47,0,13,1,0,1
ACC013510,2,36625.84,18312.92,136,15,2,0,2
ACC013513,1,9013.16,9013.16,0,6,1,0,1
ACC013514,1,13273.33,13273.33,0,6,1,0,1
ACC013515,2,29530.93,14765.47,206,4,2,0,1
ACC013516,2,36951.82,18475.91,68,11,2,0,2
ACC013520,1,13344.05,13344.05,0,3,1,0,1
ACC013521,1,7363.36,7363.36,0,10,1,0,1
ACC013522,1,118658.95,118658.95,0,14,1,0,1
ACC013523,1,59939.21,59939.21,0,6,1,0,1
ACC013526,1,35038.86,35038.86,0,14,1,0,1
ACC013527,3,108485.81,36161.94,321,23,3,0,2
ACC013531,3,57995.2,19331.73,163,14,3,1,3
ACC013534,4,159469.24,39867.31,180,36,4,0,2
ACC013536,2,32591.69,16295.85,128,9,2,0,2
ACC013537,1,51051.13,51051.13,0,14,1,0,1
ACC013540,3,105163.12,35054.37,94,12,3,0,2
ACC013541,1,20722.96,20722.96,0,12,1,0,1
ACC013542,1,49730.69,49730.69,0,10,1,0,1
ACC013544,1,13000.08,13000.08,0,10,1,0,1
ACC013545,2,70491.82,35245.91,206,10,2,0,1
ACC013547,1,2745.59,2745.59,0,5,1,0,1
ACC013548,3,80929.27,26976.42,316,23,3,0,2
ACC013549,1,41550.47,41550.47,0,12,1,0,1
ACC013551,1,36112.77,36112.77,0,9,1,0,1
ACC013552,1,3486.99,3486.99,0,9,1,0,1
ACC013555,2,18952.52,9476.26,308,16,2,0,2
ACC013558,1,35905.68,35905.68,0,12,1,0,1
ACC013560,4,120671.57,30167.89,193,36,4,0,3
ACC013561,1,8248.52,8248.52,0,13,1,0,1
ACC013566,1,17921.93,17921.93,0,5,1,0,1
ACC013567,2,38490.4,19245.2,309,17,2,0,2
ACC013568,1,16664.38,16664.38,0,2,1,0,1
ACC013570,1,61231.43,61231.43,0,10,1,0,1
ACC013572,2,35009.9,17504.95,95,19,2,0,2
ACC013573,3,70683.67,23561.22,256,19,3,0,3
ACC013574,1,11755.82,11755.82,0,2,1,0,1
ACC013576,1,1756.71,1756.71,0,1,1,0,1
ACC013577,1,23134.41,23134.41,0,3,1,0,1
ACC013579,1,28881.82,28881.82,0,3,1,0,1
ACC013581,2,94866.71,47433.35,41,17,2,0,2
ACC013583,1,31466.57,31466.57,0,1,1,0,1
ACC013587,1,9273.32,9273.32,0,9,1,0,1
ACC013588,1,23354.19,23354.19,0,1,1,0,1
ACC013589,2,19231.82,9615.91,186,23,2,0,2
ACC013590,1,7518.62,7518.62,0,12,1,0,1
ACC013591,1,9501.38,9501.38,0,2,1,0,1
ACC013592,1,13897.37,13897.37,0,2,1,0,1
ACC013594,2,36770.71,18385.35,221,16,2,0,2
ACC013595,1,13747.33,13747.33,0,4,1,0,1
ACC013596,1,16271.78,16271.78,0,6,1,1,1
ACC013597,1,10697.58,10697.58,0,7,1,0,1
ACC013600,2,59266.6,29633.3,168,6,2,0,2
ACC013601,3,52967.93,17655.98,229,14,3,0,2
ACC013602,1,42512.23,42512.23,0,5,1,0,1
ACC013603,1,49443.99,49443.99,0,5,1,0,1
ACC013604,1,16813.99,16813.99,0,13,1,0,1
ACC013610,1,14632.47,14632.47,0,4,1,0,1
ACC013611,1,61361.17,61361.17,0,13,1,0,1
ACC013613,3,84389.65,28129.88,284,24,3,0,3
ACC013616,1,12932.08,12932.08,0,14,1,0,1
ACC013617,3,60861.07,20287.02,191,25,3,1,3
ACC013620,1,9166.07,9166.07,0,8,1,0,1
ACC013621,1,4168.47,4168.47,0,4,1,0,1
ACC013623,3,57827.77,19275.92,190,19,3,0,3
ACC013624,1,4945.25,4945.25,0,1,1,0,1
ACC013631,1,26917.18,26917.18,0,11,1,0,1
ACC013632,2,119610.74,59805.37,60,16,2,0,2
ACC013635,1,623.46,623.46,0,7,1,0,1
ACC013636,2,44704.77,22352.39,11,16,2,0,2
ACC013637,1,13628.56,13628.56,0,2,1,1,1
ACC013639,2,41275.74,20637.87,287,16,2,0,1
ACC013640,2,49373.57,24686.78,232,15,2,0,2
ACC013641,1,7008.02,7008.02,0,3,1,0,1
ACC013644,1,1229.25,1229.25,0,8,1,0,1
ACC013645,1,96238.76,96238.76,0,9,1,0,1
ACC013646,1,28993.9,28993.9,0,14,1,0,1
ACC013647,2,43464.56,21732.28,215,8,2,0,1
ACC013648,1,8706.54,8706.54,0,1,1,0,1
ACC013649,1,36649.7,36649.7,0,4,1,0,1
ACC013650,1,47917.89,47917.89,0,7,1,0,1
ACC013651,1,11853.6,11853.6,0,14,1,0,1
ACC013653,1,20307.89,20307.89,0,2,1,0,1
ACC013654,1,76208.99,76208.99,0,11,1,0,1
ACC013655,1,923.03,923.03,0,13,1,0,1
ACC013657,1,980.94,980.94,0,10,1,0,1
ACC013660,3,83007.68,27669.23,112,21,3,0,3
ACC013661,2,126775.32,63387.66,213,14,2,0,1
ACC013662,1,55624.89,55624.89,0,7,1,0,1
ACC013664,1,15773.27,15773.27,0,12,1,0,1
ACC013665,3,94437.21,31479.07,190,39,3,0,2
ACC013668,2,100721.18,50360.59,307,22,2,1,2
ACC013671,2,44384.55,22192.28,154,25,2,0,2
ACC013672,1,5403.69,5403.69,0,13,1,0,1
ACC013673,1,54398.66,54398.66,0,8,1,0,1
ACC013674,1,1288.71,1288.71,0,14,1,0,1
ACC013675,2,45694.53,22847.26,191,6,2,0,2
ACC013676,1,16238.77,16238.77,0,7,1,0,1
ACC013677,4,50387.52,12596.88,128,41,4,0,4
ACC013679,1,11045.87,11045.87,0,4,1,0,1
ACC013680,2,14603.27,7301.64,194,16,2,0,2
ACC013682,2,9928.2,4964.1,178,8,2,0,2
ACC013683,1,13842.25,13842.25,0,3,1,0,1
ACC013684,1,2983.09,2983.09,0,9,1,0,1
ACC013686,2,74943.24,37471.62,89,19,2,0,2
ACC013687,1,129635.6,129635.6,0,7,1,1,1
ACC013688,1,21445.07,21445.07,0,11,1,0,1
ACC013689,2,16343.7,8171.85,69,20,2,0,2
ACC013690,1,1483.3,1483.3,0,11,1,0,1
ACC013692,1,41040.24,41040.24,0,1,1,0,1
ACC013696,2,66456.99,33228.49,356,19,2,1,1
ACC013697,2,7637.91,3818.95,245,6,2,0,1
ACC013698,4,222678.79,55669.7,300,25,4,0,3
ACC013699,2,14686.05,7343.02,12,11,2,0,2
ACC013700,2,36067.32,18033.66,169,12,2,0,2
ACC013703,1,29435.43,29435.43,0,6,1,0,1
ACC013704,1,40601.43,40601.43,0,3,1,0,1
ACC013705,1,59491.15,59491.15,0,14,1,0,1
ACC013706,2,39350.38,19675.19,231,7,2,0,1
ACC013707,1,44988.92,44988.92,0,6,1,1,1
ACC013709,1,50571.47,50571.47,0,2,1,0,1
ACC013710,1,42723.3,42723.3,0,5,1,0,1
ACC013712,1,21417.39,21417.39,0,1,1,0,1
ACC013713,5,128993.91,25798.78,238,41,5,0,4
ACC013715,1,16195.98,16195.98,0,1,1,0,1
ACC013716,2,89280.42,44640.21,150,17,2,0,2
ACC013717,1,28208.07,28208.07,0,11,1,0,1
ACC013718,1,34508.24,34508.24,0,5,1,0,1
ACC013719,4,80132.89,20033.22,195,33,4,1,3
ACC013720,1,12632.77,12632.77,0,10,1,0,1
ACC013722,1,15988.98,15988.98,0,6,1,0,1
ACC013723,1,7801.7,7801.7,0,13,1,1,1
ACC013724,1,28559.42,28559.42,0,6,1,0,1
ACC013726,1,20938.0,20938.0,0,14,1,0,1
ACC013728,2,24801.95,12400.98,65,14,2,0,2
ACC013730,2,48811.47,24405.74,215,25,2,0,2
ACC013731,3,23941.5,7980.5,136,37,3,0,2
ACC013734,1,37776.73,37776.73,0,8,1,0,1
ACC013735,2,30947.87,15473.93,61,10,2,0,2
ACC013736,1,37765.06,37765.06,0,8,1,0,1
ACC013738,3,146401.77,48800.59,66,25,3,1,3
ACC013740,1,24720.5,24720.5,0,4,1,0,1
ACC013742,1,6957.01,6957.01,0,6,1,0,1
ACC013743,1,53707.3,53707.3,0,11,1,0,1
ACC013744,2,75716.9,37858.45,227,10,2,0,2
ACC013751,1,77332.65,77332.65,0,5,1,0,1
ACC013752,1,2965.67,2965.67,0,13,1,0,1
ACC013754,1,37488.27,37488.27,0,7,1,0,1
ACC013755,3,93912.69,31304.23,293,26,3,0,3
ACC013756,1,4061.65,4061.65,0,12,1,0,1
ACC013758,1,6458.84,6458.84,0,4,1,0,1
ACC013759,2,25453.97,12726.99,269,16,2,0,1
ACC013760,1,54445.48,54445.48,0,3,1,0,1
ACC013761,1,57189.35,57189.35,0,4,1,0,1
ACC013766,2,95631.19,47815.6,105,11,2,0,2
ACC013767,1,61158.03,61158.03,0,12,1,0,1
ACC013769,2,60653.79,30326.89,23,14,2,0,2
ACC013770,1,9752.21,9752.21,0,4,1,0,1
ACC013771,2,55622.9,27811.45,159,16,2,0,2
ACC013772,2,53598.83,26799.41,15,10,2,0,2
ACC013773,3,56193.55,18731.18,233,31,3,0,3
ACC013774,1,80167.71,80167.71,0,11,1,0,1
ACC013775,2,66144.08,33072.04,96,9,2,0,2
ACC013777,2,87593.09,43796.54,135,18,2,0,1
ACC013780,1,8713.53,8713.53,0,1,1,0,1
ACC013782,4,132611.84,33152.96,270,22,4,1,3
ACC013783,4,83170.04,20792.51,317,31,4,0,3
ACC013784,1,10988.06,10988.06,0,4,1,0,1
ACC013785,3,61382.88,20460.96,306,30,3,0,2
ACC013786,1,29451.99,29451.99,0,2,1,0,1
ACC013787,1,45640.41,45640.41,0,10,1,0,1
ACC013788,1,1064.43,1064.43,0,1,1,0,1
ACC013789,3,100358.78,33452.93,161,32,3,0,2
ACC013790,2,24720.85,12360.42,289,10,2,0,2
ACC013791,2,78219.55,39109.78,168,13,2,0,2
ACC013793,1,18017.31,18017.31,0,14,1,0,1
ACC013794,1,16398.79,16398.79,0,4,1,0,1
ACC013795,1,8554.82,8554.82,0,11,1,0,1
ACC013796,2,45989.88,22994.94,38,18,2,0,2
ACC013803,2,43185.17,21592.58,222,5,2,0,2
ACC013805,2,27572.72,13786.36,13,7,2,0,2
ACC013807,2,53072.62,26536.31,33,22,2,0,2
ACC013808,1,41927.33,41927.33,0,7,1,0,1
ACC013811,2,5459.91,2729.95,345,19,2,0,2
ACC013813,1,3591.95,3591.95,0,5,1,0,1
ACC013815,1,58477.96,58477.96,0,5,1,0,1
ACC013817,2,59488.72,29744.36,54,22,2,0,2
ACC013818,3,40719.67,13573.22,285,36,3,0,3
ACC013819,4,125120.49,31280.12,265,17,4,0,2
ACC013820,1,4785.28,4785.28,0,12,1,0,1
ACC013821,2,21422.21,10711.1,76,16,2,0,2
ACC013824,1,14116.89,14116.89,0,3,1,0,1
ACC013825,1,11562.13,11562.13,0,14,1,0,1
ACC013826,1,11903.36,11903.36,0,12,1,0,1
ACC013827,2,14887.94,7443.97,59,13,2,0,2
ACC013828,2,97542.78,48771.39,84,27,2,0,2
ACC013829,1,40093.98,40093.98,0,6,1,0,1
ACC013830,1,13999.4,13999.4,0,9,1,0,1
ACC013834,1,1432.34,1432.34,0,11,1,0,1
ACC013836,2,103006.8,51503.4,429,18,2,1,2
ACC013837,2,24460.28,12230.14,191,11,2,0,2
ACC013838,1,2589.11,2589.11,0,8,1,0,1
ACC013843,4,169929.75,42482.44,114,20,4,0,4
ACC013844,2,13809.34,6904.67,178,13,2,0,2
ACC013846,2,101831.68,50915.84,424,21,2,1,1
ACC013847,1,22226.0,22226.0,0,11,1,0,1
ACC013849,2,30432.39,15216.19,231,5,2,0,2
ACC013850,2,118350.58,59175.29,236,14,2,0,2
ACC013857,1,22139.05,22139.05,0,1,1,0,1
ACC013859,1,12874.65,12874.65,0,3,1,0,1
ACC013861,2,38836.16,19418.08,46,9,2,0,2
ACC013862,1,64968.33,64968.33,0,12,1,0,1
ACC013864,2,43863.29,21931.65,187,25,2,0,2
ACC013865,4,96761.9,24190.47,407,31,4,1,4
ACC013869,1,42616.82,42616.82,0,5,1,0,1
ACC013871,1,52154.23,52154.23,0,9,1,0,1
ACC013874,2,106411.67,53205.83,52,14,2,0,2
ACC013876,1,6485.03,6485.03,0,5,1,0,1
ACC013877,1,80720.15,80720.15,0,13,1,0,1
ACC013879,1,13505.27,13505.27,0,7,1,0,1
ACC013880,1,9341.53,9341.53,0,8,1,0,1
ACC013881,1,31542.83,31542.83,0,8,1,0,1
ACC013883,1,2990.81,2990.81,0,5,1,0,1
ACC013885,2,63893.17,31946.58,339,21,2,1,2
ACC013886,2,93870.78,46935.39,174,19,2,0,2
ACC013887,1,38020.41,38020.41,0,4,1,0,1
ACC013888,1,15128.45,15128.45,0,3,1,1,1
ACC013890,3,120967.45,40322.48,116,30,3,0,3
ACC013891,1,14662.77,14662.77,0,11,1,0,1
ACC013892,1,34766.67,34766.67,0,7,1,0,1
ACC013894,2,61567.59,30783.8,111,9,2,0,2
ACC013895,1,18397.75,18397.75,0,3,1,0,1
ACC013898,1,8957.61,8957.61,0,2,1,0,1
ACC013899,4,239741.76,59935.44,275,24,4,0,3
ACC013900,1,30961.13,30961.13,0,6,1,0,1
ACC013908,1,18805.68,18805.68,0,4,1,0,1
ACC013909,4,66489.93,16622.48,237,41,4,2,3
ACC013910,2,37016.49,18508.25,386,12,2,0,2
ACC013911,2,45918.21,22959.1,149,23,2,0,2
ACC013912,2,89565.53,44782.76,107,14,2,0,2
ACC013914,2,9802.59,4901.3,88,19,2,0,2
ACC013916,2,71270.69,35635.35,263,23,2,0,2
ACC013917,3,47809.39,15936.46,72,23,3,0,2
ACC013920,1,63811.78,63811.78,0,13,1,0,1
ACC013922,1,3012.52,3012.52,0,2,1,0,1
ACC013923,4,74567.45,18641.86,284,31,4,0,3
ACC013925,1,17153.79,17153.79,0,11,1,0,1
ACC013926,1,15700.25,15700.25,0,14,1,0,1
ACC013927,2,5733.78,2866.89,309,5,2,1,1
ACC013929,1,19826.14,19826.14,0,12,1,0,1
ACC013930,2,30741.8,15370.9,40,27,2,0,1
ACC013931,1,8675.4,8675.4,0,4,1,1,1
ACC013932,1,22149.23,22149.23,0,5,1,0,1
ACC013933,1,33683.03,33683.03,0,9,1,0,1
ACC013934,1,11530.01,11530.01,0,10,1,0,1
ACC013938,1,36110.62,36110.62,0,11,1,0,1
ACC013939,1,4295.07,4295.07,0,3,1,0,1
ACC013940,1,38084.45,38084.45,0,13,1,0,1
ACC013941,2,18169.63,9084.82,331,25,2,0,1
ACC013942,1,2777.32,2777.32,0,2,1,0,1
ACC013944,3,112821.97,37607.32,133,29,3,2,3
ACC013945,2,58632.12,29316.06,93,17,2,0,2
ACC013947,1,3485.93,3485.93,0,9,1,0,1
ACC013948,1,1725.52,1725.52,0,9,1,0,1
ACC013949,2,31628.86,15814.43,316,15,2,0,1
ACC013950,1,7940.42,7940.42,0,6,1,0,1
ACC013951,1,26119.41,26119.41,0,6,1,0,1
ACC013952,1,35289.21,35289.21,0,12,1,0,1
ACC013953,1,5448.08,5448.08,0,2,1,1,1
ACC013954,1,11269.87,11269.87,0,13,1,0,1
ACC013955,3,27337.95,9112.65,269,27,3,0,3
ACC013957,2,27747.2,13873.6,20,14,2,0,2
ACC013959,2,119474.39,59737.19,254,23,2,0,2
ACC013960,2,71674.02,35837.01,190,13,2,0,2
ACC013961,1,1076.51,1076.51,0,9,1,0,1
ACC013962,1,49998.23,49998.23,0,5,1,0,1
ACC013963,1,16751.16,16751.16,0,10,1,0,1
ACC013964,1,35515.06,35515.06,0,4,1,0,1
ACC013965,3,80007.41,26669.14,276,30,3,0,2
ACC013966,3,52332.58,17444.19,161,23,3,0,3
ACC013967,1,39309.63,39309.63,0,1,1,0,1
ACC013968,1,36284.2,36284.2,0,7,1,0,1
ACC013970,1,4837.25,4837.25,0,12,1,0,1
ACC013971,1,21901.21,21901.21,0,12,1,0,1
ACC013972,1,2173.09,2173.09,0,13,1,0,1
ACC013973,1,76005.0,76005.0,0,6,1,1,1
ACC013975,2,79078.9,39539.45,3,5,2,0,2
ACC013976,1,11181.34,11181.34,0,12,1,0,1
ACC013977,1,9434.5,9434.5,0,9,1,0,1
ACC013978,3,13665.68,4555.23,248,20,3,0,2
ACC013979,1,19026.62,19026.62,0,13,1,0,1
ACC013980,2,12398.07,6199.03,436,24,2,1,1
ACC013981,1,57377.33,57377.33,0,11,1,0,1
ACC013982,1,21229.82,21229.82,0,9,1,1,1
ACC013983,1,60016.37,60016.37,0,14,1,0,1
ACC013986,2,48879.16,24439.58,420,10,2,1,1
ACC013987,1,15518.1,15518.1,0,14,1,0,1
ACC013990,3,57189.39,19063.13,114,28,3,0,3
ACC013991,2,28869.96,14434.98,53,26,2,0,1
ACC013994,1,5086.63,5086.63,0,8,1,0,1
ACC013995,1,41449.97,41449.97,0,10,1,0,1
ACC013997,3,42532.17,14177.39,220,36,3,0,3
ACC013998,1,4500.97,4500.97,0,3,1,0,1
ACC014001,1,8080.11,8080.11,0,1,1,0,1
ACC014003,4,204815.35,51203.84,204,35,4,0,2
ACC014004,1,14400.01,14400.01,0,6,1,0,1
ACC014006,3,46012.53,15337.51,314,13,3,0,3
ACC014007,1,17426.41,17426.41,0,12,1,1,1
ACC014008,2,18073.68,9036.84,114,24,2,0,2
ACC014009,1,818.46,818.46,0,12,1,0,1
ACC014010,2,123452.09,61726.04,396,27,2,0,2
ACC014014,2,58345.65,29172.82,6,16,2,0,2
ACC014015,1,7126.19,7126.19,0,4,1,0,1
ACC014023,1,20592.43,20592.43,0,8,1,0,1
ACC014026,1,3261.99,3261.99,0,5,1,0,1
ACC014027,1,11195.83,11195.83,0,6,1,0,1
ACC014028,2,42414.82,21207.41,20,15,2,0,2
ACC014029,1,4403.32,4403.32,0,11,1,0,1
ACC014030,2,104945.09,52472.54,272,21,2,0,2
ACC014034,2,90204.18,45102.09,8,21,2,0,2
ACC014036,1,41157.02,41157.02,0,3,1,0,1
ACC014044,1,8698.86,8698.86,0,2,1,0,1
ACC014045,2,53326.0,26663.0,180,23,2,0,2
ACC014046,1,17974.97,17974.97,0,3,1,0,1
ACC014047,3,49729.41,16576.47,236,25,3,2,2
ACC014048,3,118177.21,39392.4,171,34,3,1,3
ACC014050,1,20564.35,20564.35,0,6,1,0,1
ACC014051,2,58598.38,29299.19,210,25,2,0,2
ACC014052,2,46640.71,23320.35,319,12,2,0,2
ACC014054,4,65818.01,16454.5,234,29,4,0,3
ACC014055,1,6867.37,6867.37,0,3,1,0,1
ACC014056,2,140918.24,70459.12,162,15,2,0,2
ACC014057,3,68278.12,22759.37,130,25,3,0,3
ACC014060,1,20286.11,20286.11,0,10,1,0,1
ACC014061,1,38899.63,38899.63,0,12,1,0,1
ACC014064,1,8123.74,8123.74,0,5,1,0,1
ACC014066,3,25322.16,8440.72,78,30,3,0,3
ACC014069,1,1720.15,1720.15,0,7,1,0,1
ACC014070,1,3923.21,3923.21,0,11,1,0,1
ACC014072,2,57354.59,28677.3,15,15,2,0,2
ACC014074,2,61147.42,30573.71,356,27,2,0,1
ACC014075,2,205686.26,102843.13,131,11,2,0,2
ACC014076,1,52879.38,52879.38,0,13,1,0,1
ACC014077,1,21609.3,21609.3,0,5,1,0,1
ACC014078,2,30690.28,15345.14,13,14,2,0,1
ACC014082,3,46869.61,15623.2,427,23,3,1,3
ACC014084,2,60828.12,30414.06,103,18,2,0,1
ACC014085,1,15473.09,15473.09,0,7,1,0,1
ACC014086,2,61180.46,30590.23,406,15,2,1,2
ACC014087,4,179428.61,44857.15,201,16,4,0,2
ACC014089,3,81800.84,27266.95,213,9,3,0,3
ACC014090,1,43239.65,43239.65,0,12,1,0,1
ACC014091,2,20068.24,10034.12,230,15,2,0,1
ACC014092,3,69337.73,23112.58,99,28,3,0,2
ACC014093,1,13137.37,13137.37,0,2,1,0,1
ACC014095,1,60882.69,60882.69,0,2,1,0,1
ACC014096,2,65012.48,32506.24,223,19,2,0,2
ACC014097,2,28678.42,14339.21,67,12,2,0,2
ACC014100,2,56015.05,28007.53,290,16,2,0,2
ACC014101,2,62321.12,31160.56,69,22,2,0,2
ACC014102,3,42457.4,14152.47,253,27,3,0,3
ACC014103,2,27618.63,13809.31,304,25,2,0,2
ACC014104,1,107224.06,107224.06,0,14,1,0,1
ACC014106,1,3436.56,3436.56,0,2,1,1,1
ACC014107,2,62895.11,31447.56,289,18,2,0,2
ACC014110,3,118842.96,39614.32,178,31,3,0,3
ACC014111,3,58969.15,19656.38,260,21,3,0,3
ACC014112,1,14792.18,14792.18,0,8,1,0,1
ACC014113,2,17724.21,8862.1,108,16,2,1,2
ACC014114,2,136120.74,68060.37,23,21,2,0,1
ACC014115,1,52635.62,52635.62,0,12,1,0,1
ACC014116,1,14642.8,14642.8,0,2,1,0,1
ACC014117,1,2936.38,2936.38,0,11,1,0,1
ACC014120,2,106650.18,53325.09,232,14,2,0,2
ACC014121,1,31231.02,31231.02,0,7,1,0,1
ACC014122,1,12179.23,12179.23,0,14,1,0,1
ACC014123,1,43465.55,43465.55,0,8,1,0,1
ACC014124,2,30166.35,15083.17,175,25,2,0,2
ACC014126,1,9895.02,9895.02,0,14,1,0,1
ACC014130,2,18789.96,9394.98,65,19,2,0,2
ACC014132,3,137100.96,45700.32,90,37,3,0,2
ACC014133,1,39486.84,39486.84,0,14,1,0,1
ACC014134,1,6946.31,6946.31,0,4,1,0,1
ACC014136,3,17502.95,5834.32,134,19,3,2,3
ACC014137,1,17589.66,17589.66,0,10,1,0,1
ACC014139,3,72886.57,24295.52,257,20,3,1,2
ACC014140,1,34233.72,34233.72,0,14,1,0,1
ACC014141,1,22847.55,22847.55,0,10,1,0,1
ACC014143,3,90781.13,30260.38,206,24,3,0,2
ACC014145,2,21516.67,10758.33,38,16,2,0,2
ACC014148,1,1362.67,1362.67,0,12,1,0,1
ACC014150,2,75998.14,37999.07,82,26,2,0,2
ACC014151,1,24552.39,24552.39,0,8,1,0,1
ACC014152,1,19580.12,19580.12,0,14,1,0,1
ACC014153,1,52082.45,52082.45,0,7,1,0,1
ACC014154,2,112009.79,56004.9,257,7,2,0,1
ACC014157,1,10457.96,10457.96,0,13,1,0,1
ACC014158,1,80607.02,80607.02,0,12,1,0,1
ACC014160,1,29511.04,29511.04,0,2,1,0,1
ACC014161,2,33548.65,16774.33,54,6,2,0,2
ACC014164,1,32827.45,32827.45,0,13,1,0,1
ACC014165,1,24957.2,24957.2,0,10,1,0,1
ACC014167,1,8382.31,8382.31,0,7,1,0,1
ACC014170,1,9002.49,9002.49,0,3,1,0,1
ACC014171,2,15227.11,7613.56,5,22,2,0,2
ACC014174,1,18028.6,18028.6,0,9,1,0,1
ACC014175,2,49075.08,24537.54,46,20,2,0,2
ACC014176,1,13140.44,13140.44,0,11,1,0,1
ACC014178,3,119390.88,39796.96,268,33,3,0,3
ACC014181,1,14418.09,14418.09,0,2,1,0,1
ACC014183,2,12787.58,6393.79,278,16,2,0,1
ACC014184,2,46701.52,23350.76,151,8,2,1,2
ACC014188,2,126481.5,63240.75,100,12,2,0,2
ACC014190,1,40043.54,40043.54,0,5,1,0,1
ACC014192,3,54405.73,18135.24,187,28,3,0,2
ACC014193,2,17317.49,8658.74,21,11,2,0,2
ACC014197,1,12941.83,12941.83,0,5,1,0,1
ACC014198,1,14158.31,14158.31,0,11,1,0,1
ACC014199,1,30132.77,30132.77,0,1,1,0,1
ACC014200,1,10022.41,10022.41,0,1,1,0,1
ACC014202,1,59134.04,59134.04,0,4,1,0,1
ACC014204,1,36322.68,36322.68,0,1,1,0,1
ACC014205,1,47415.99,47415.99,0,8,1,0,1
ACC014207,2,19451.37,9725.68,17,18,2,0,2
ACC014208,4,51347.53,12836.88,336,14,4,1,3
ACC014209,3,72105.2,24035.07,78,24,3,0,3
ACC014211,2,40194.12,20097.06,175,14,2,0,2
ACC014213,3,22967.89,7655.96,231,29,3,0,3
ACC014214,1,13126.81,13126.81,0,7,1,1,1
ACC014216,1,6427.65,6427.65,0,12,1,0,1
ACC014217,1,14639.51,14639.51,0,14,1,0,1
ACC014220,1,29929.54,29929.54,0,6,1,1,1
ACC014223,1,6839.57,6839.57,0,6,1,0,1
ACC014224,1,10177.87,10177.87,0,11,1,0,1
ACC014225,1,11730.79,11730.79,0,10,1,0,1
ACC014227,3,66729.33,22243.11,189,20,3,1,2
ACC014228,1,20031.78,20031.78,0,8,1,1,1
ACC014229,1,3236.11,3236.11,0,9,1,0,1
ACC014230,5,130100.07,26020.01,420,39,5,1,4
ACC014232,1,46548.17,46548.17,0,14,1,0,1
ACC014233,1,39214.29,39214.29,0,13,1,0,1
ACC014234,2,28821.0,14410.5,167,15,2,0,2
ACC014235,4,112841.19,28210.3,123,44,4,0,2
ACC014236,1,43922.45,43922.45,0,6,1,0,1
ACC014239,1,20045.55,20045.55,0,12,1,0,1
ACC014241,1,40492.46,40492.46,0,2,1,0,1
ACC014242,1,1781.88,1781.88,0,6,1,0,1
ACC014243,1,28058.6,28058.6,0,3,1,0,1
ACC014244,3,15461.39,5153.8,146,13,3,1,3
ACC014245,2,81399.91,40699.96,281,4,2,0,2
ACC014246,2,32835.33,16417.67,122,18,2,0,2
ACC014247,2,104405.0,52202.5,153,16,2,0,2
ACC014249,1,16672.63,16672.63,0,7,1,0,1
ACC014250,1,27153.54,27153.54,0,6,1,0,1
ACC014251,1,27695.16,27695.16,0,1,1,0,1
ACC014252,1,34003.76,34003.76,0,1,1,0,1
ACC014253,1,13265.43,13265.43,0,2,1,1,1
ACC014254,1,7406.38,7406.38,0,2,1,0,1
ACC014255,1,27489.62,27489.62,0,1,1,0,1
ACC014257,1,13284.5,13284.5,0,11,1,0,1
ACC014260,1,11678.56,11678.56,0,3,1,0,1
ACC014261,1,26910.63,26910.63,0,4,1,0,1
ACC014262,1,17899.21,17899.21,0,7,1,0,1
ACC014263,2,114909.36,57454.68,228,25,2,0,1
ACC014264,1,3984.31,3984.31,0,2,1,0,1
ACC014265,1,23259.89,23259.89,0,10,1,0,1
ACC014266,3,28531.83,9510.61,118,31,3,0,3
ACC014267,1,15856.95,15856.95,0,14,1,0,1
ACC014268,1,7099.8,7099.8,0,13,1,0,1
ACC014270,2,27013.68,13506.84,195,10,2,1,2
ACC014271,1,15804.65,15804.65,0,5,1,0,1
ACC014276,1,18666.33,18666.33,0,5,1,0,1
ACC014279,1,61527.67,61527.67,0,7,1,0,1
ACC014280,3,108804.96,36268.32,215,16,3,1,2
ACC014282,2,27234.89,13617.44,23,10,2,0,2
ACC014283,1,14417.09,14417.09,0,4,1,0,1
ACC014284,1,37480.97,37480.97,0,8,1,0,1
ACC014285,1,50343.64,50343.64,0,1,1,0,1
ACC014286,1,15793.7,15793.7,0,9,1,0,1
ACC014287,3,40672.92,13557.64,115,13,3,0,3
ACC014289,1,6595.64,6595.64,0,3,1,0,1
ACC014290,2,16215.83,8107.92,30,5,2,0,1
ACC014293,2,19050.6,9525.3,107,20,2,0,1
ACC014294,2,37564.56,18782.28,121,5,2,0,2
ACC014295,1,29959.67,29959.67,0,4,1,0,1
ACC014296,1,26800.89,26800.89,0,9,1,0,1
ACC014297,2,50098.0,25049.0,116,15,2,0,1
ACC014299,1,35213.63,35213.63,0,12,1,0,1
ACC014300,1,67579.58,67579.58,0,4,1,0,1
ACC014301,1,23953.59,23953.59,0,3,1,0,1
ACC014305,3,75325.67,25108.56,368,26,3,0,3
ACC014306,1,3669.03,3669.03,0,2,1,0,1
ACC014307,3,54632.21,18210.74,144,9,3,0,3
ACC014308,3,50067.87,16689.29,444,33,3,1,3
ACC014309,2,60522.01,30261.01,5,20,2,0,2
ACC014313,2,10477.64,5238.82,269,27,2,0,2
ACC014314,1,32023.88,32023.88,0,10,1,0,1
ACC014315,2,14617.61,7308.81,7,5,2,0,2
ACC014316,1,80435.64,80435.64,0,3,1,0,1
ACC014317,1,52462.86,52462.86,0,8,1,0,1
ACC014319,1,38027.65,38027.65,0,3,1,0,1
ACC014321,1,36170.15,36170.15,0,12,1,0,1
ACC014322,4,92399.21,23099.8,14,28,4,0,3
ACC014323,1,8145.63,8145.63,0,13,1,0,1
ACC014324,5,83088.08,16617.62,337,32,5,0,4
ACC014325,2,31760.11,15880.06,38,11,2,0,2
ACC014326,2,61175.34,30587.67,233,10,2,0,1
ACC014328,2,9065.42,4532.71,151,25,2,0,1
ACC014329,1,610.68,610.68,0,2,1,0,1
ACC014330,2,71414.18,35707.09,196,16,2,0,2
ACC014331,2,47648.6,23824.3,15,16,2,0,1
ACC014332,3,166718.35,55572.78,266,16,3,0,2
ACC014333,1,42509.0,42509.0,0,14,1,0,1
ACC014334,1,18331.36,18331.36,0,14,1,0,1
ACC014336,2,11656.62,5828.31,125,21,2,0,2
ACC014338,1,20835.89,20835.89,0,4,1,0,1
ACC014340,1,20403.47,20403.47,0,1,1,1,1
ACC014342,2,28634.76,14317.38,347,19,2,0,2
ACC014344,1,12819.41,12819.41,0,7,1,0,1
ACC014346,2,71151.57,35575.78,144,13,2,0,2
ACC014349,2,12907.02,6453.51,204,17,2,0,1
ACC014350,1,21417.52,21417.52,0,3,1,0,1
ACC014351,1,45627.09,45627.09,0,5,1,0,1
ACC014352,2,11109.23,5554.61,146,17,2,0,2
ACC014356,1,50060.76,50060.76,0,12,1,0,1
ACC014358,3,67399.51,22466.5,133,27,3,0,3
ACC014360,1,23504.76,23504.76,0,3,1,0,1
ACC014361,1,50660.77,50660.77,0,9,1,0,1
ACC014364,2,22874.13,11437.06,27,17,2,0,1
ACC014365,1,13499.36,13499.36,0,10,1,0,1
ACC014366,2,15769.59,7884.8,108,18,2,0,2
ACC014367,2,69219.67,34609.83,118,3,2,0,2
ACC014368,1,12320.79,12320.79,0,1,1,0,1
ACC014369,2,98451.99,49225.99,194,15,2,0,2
ACC014371,1,6784.52,6784.52,0,10,1,0,1
ACC014373,1,3654.2,3654.2,0,7,1,0,1
ACC014374,1,25343.6,25343.6,0,12,1,0,1
ACC014378,1,82235.73,82235.73,0,2,1,0,1
ACC014379,2,76068.04,38034.02,102,18,2,0,2
ACC014380,1,47367.06,47367.06,0,9,1,0,1
ACC014381,2,74623.05,37311.53,123,9,2,0,1
ACC014382,1,62227.31,62227.31,0,14,1,0,1
ACC014388,2,87229.46,43614.73,39,14,2,1,2
ACC014391,1,34874.37,34874.37,0,1,1,0,1
ACC014392,1,49838.86,49838.86,0,10,1,0,1
ACC014393,1,28418.15,28418.15,0,12,1,0,1
ACC014395,1,3349.49,3349.49,0,3,1,0,1
ACC014396,5,149540.94,29908.19,354,39,5,1,4
ACC014397,1,25531.15,25531.15,0,4,1,0,1
ACC014398,1,13600.95,13600.95,0,13,1,0,1
ACC014399,2,82151.52,41075.76,222,7,2,0,2
ACC014400,1,53055.48,53055.48,0,4,1,0,1
ACC014403,1,7125.95,7125.95,0,8,1,0,1
ACC014404,3,113649.88,37883.29,365,17,3,0,3
ACC014405,1,26802.01,26802.01,0,14,1,0,1
ACC014407,3,104703.37,34901.12,161,8,3,0,3
ACC014408,1,12189.83,12189.83,0,10,1,0,1
ACC014409,1,33046.23,33046.23,0,3,1,0,1
ACC014413,2,105589.25,52794.62,213,16,2,0,2
ACC014414,1,4827.26,4827.26,0,13,1,0,1
ACC014415,1,3439.21,3439.21,0,10,1,0,1
ACC014420,2,18400.3,9200.15,276,9,2,1,1
ACC014421,4,49726.05,12431.51,304,33,4,0,3
ACC014422,2,65814.28,32907.14,57,12,2,0,2
ACC014423,2,39531.12,19765.56,46,17,2,0,2
ACC014425,3,55653.35,18551.12,385,15,3,0,2
ACC014428,6,217737.09,36289.51,387,50,6,0,4
ACC014429,5,79411.63,15882.33,283,17,5,0,4
ACC014431,2,45097.77,22548.89,158,6,2,0,2
ACC014432,2,11048.5,5524.25,164,11,2,0,2
ACC014434,2,72347.83,36173.92,31,16,2,0,2
ACC014437,1,31249.6,31249.6,0,2,1,0,1
ACC014438,2,58308.29,29154.15,225,26,2,0,2
ACC014439,1,23602.0,23602.0,0,2,1,0,1
ACC014440,2,12689.81,6344.9,40,27,2,0,1
ACC014441,3,32462.44,10820.81,318,12,3,0,3
ACC014442,4,174292.56,43573.14,312,26,4,0,2
ACC014444,1,126081.43,126081.43,0,4,1,0,1
ACC014446,2,51513.32,25756.66,38,24,2,0,2
ACC014447,4,110843.29,27710.82,430,18,4,1,4
ACC014448,1,2890.93,2890.93,0,5,1,0,1
ACC014449,2,77825.02,38912.51,130,9,2,0,2
ACC014451,1,66886.37,66886.37,0,4,1,0,1
ACC014453,2,67039.02,33519.51,83,17,2,0,2
ACC014454,1,7340.56,7340.56,0,6,1,0,1
ACC014455,1,48359.47,48359.47,0,12,1,0,1
ACC014456,1,21846.88,21846.88,0,1,1,0,1
ACC014457,2,66495.06,33247.53,37,13,2,0,2
ACC014461,2,14610.49,7305.25,390,15,2,1,2
ACC014462,1,47430.51,47430.51,0,10,1,0,1
ACC014463,2,8120.34,4060.17,271,17,2,1,1
ACC014465,2,74488.34,37244.17,7,10,2,2,2
ACC014467,1,60184.03,60184.03,0,2,1,0,1
ACC014469,1,18578.0,18578.0,0,11,1,0,1
ACC014470,1,3856.13,3856.13,0,6,1,0,1
ACC014472,1,3699.28,3699.28,0,6,1,0,1
ACC014474,2,15834.85,7917.43,240,18,2,0,2
ACC014475,1,31139.0,31139.0,0,1,1,0,1
ACC014478,1,24602.94,24602.94,0,2,1,0,1
ACC014479,1,63291.36,63291.36,0,7,1,1,1
ACC014480,1,22257.07,22257.07,0,13,1,0,1
ACC014481,1,43496.6,43496.6,0,12,1,0,1
ACC014483,1,1794.74,1794.74,0,2,1,0,1
ACC014484,1,14796.59,14796.59,0,5,1,0,1
ACC014485,2,32692.05,16346.03,104,3,2,0,2
ACC014487,1,31597.5,31597.5,0,10,1,0,1
ACC014491,2,38096.87,19048.43,387,23,2,1,2
ACC014492,2,21067.07,10533.53,305,16,2,0,2
ACC014494,1,2984.41,2984.41,0,11,1,0,1
ACC014495,1,1857.48,1857.48,0,5,1,0,1
ACC014497,4,182899.94,45724.99,194,32,4,0,3
ACC014499,1,135433.36,135433.36,0,1,1,0,1
ACC014500,2,26784.68,13392.34,129,14,2,0,2
ACC014501,2,23752.81,11876.41,296,14,2,0,2
ACC014502,1,32722.14,32722.14,0,12,1,0,1
ACC014503,1,9314.13,9314.13,0,11,1,1,1
ACC014507,1,14006.08,14006.08,0,10,1,0,1
ACC014508,2,30645.7,15322.85,223,19,2,0,2
ACC014509,2,21141.65,10570.82,339,19,2,0,2
ACC014510,3,20155.72,6718.57,221,26,3,0,3
ACC014511,2,78324.53,39162.26,312,10,2,0,2
ACC014512,1,34316.71,34316.71,0,4,1,0,1
ACC014513,1,6067.22,6067.22,0,9,1,0,1
ACC014514,2,55345.33,27672.67,142,11,2,0,2
ACC014516,1,15748.61,15748.61,0,4,1,0,1
ACC014517,1,8315.83,8315.83,0,12,1,0,1
ACC014518,3,138955.79,46318.6,310,35,3,0,2
ACC014519,2,62975.05,31487.53,57,20,2,0,2
ACC014524,1,49349.89,49349.89,0,13,1,0,1
ACC014527,4,52166.5,13041.62,205,32,4,1,3
ACC014529,3,17243.64,5747.88,77,14,3,0,3
ACC014532,2,62932.61,31466.31,64,19,2,0,2
ACC014533,1,36647.97,36647.97,0,6,1,0,1
ACC014535,4,97892.71,24473.18,380,20,4,0,4
ACC014536,1,15987.44,15987.44,0,5,1,0,1
ACC014537,2,6953.15,3476.58,214,17,2,0,2
ACC014539,1,20849.69,20849.69,0,11,1,0,1
ACC014540,1,15562.99,15562.99,0,9,1,0,1
ACC014541,1,35774.31,35774.31,0,8,1,0,1
ACC014543,1,55944.85,55944.85,0,11,1,0,1
ACC014544,1,4759.51,4759.51,0,12,1,1,1
ACC014545,1,20021.67,20021.67,0,5,1,0,1
ACC014547,1,39439.0,39439.0,0,12,1,0,1
ACC014548,2,40513.69,20256.85,177,20,2,0,2
ACC014549,1,15360.22,15360.22,0,9,1,0,1
ACC014550,1,13206.76,13206.76,0,7,1,0,1
ACC014551,1,64207.27,64207.27,0,9,1,0,1
ACC014553,1,44619.1,44619.1,0,10,1,1,1
ACC014557,5,178548.62,35709.72,256,45,5,0,4
ACC014559,1,4315.12,4315.12,0,2,1,0,1
ACC014561,1,5787.2,5787.2,0,12,1,0,1
ACC014562,1,13487.69,13487.69,0,10,1,0,1
ACC014563,2,38764.9,19382.45,201,6,2,0,2
ACC014564,1,5327.83,5327.83,0,12,1,0,1
ACC014565,1,3681.89,3681.89,0,6,1,0,1
ACC014567,2,9470.1,4735.05,104,15,2,0,1
ACC014569,1,29026.34,29026.34,0,14,1,0,1
ACC014570,1,29527.57,29527.57,0,9,1,0,1
ACC014571,1,1014.67,1014.67,0,4,1,0,1
ACC014572,1,19046.82,19046.82,0,11,1,0,1
ACC014573,1,26119.02,26119.02,0,8,1,0,1
ACC014574,2,13911.58,6955.79,127,22,2,0,2
ACC014575,2,21883.03,10941.51,1,7,2,0,2
ACC014577,1,57844.57,57844.57,0,1,1,0,1
ACC014578,1,17250.51,17250.51,0,6,1,0,1
ACC014579,1,2299.49,2299.49,0,13,1,0,1
ACC014580,4,36791.31,9197.83,325,24,4,0,3
ACC014582,2,27823.54,13911.77,118,18,2,0,2
ACC014583,1,40309.62,40309.62,0,6,1,0,1
ACC014585,1,9885.08,9885.08,0,1,1,0,1
ACC014586,1,38478.01,38478.01,0,12,1,0,1
ACC014588,1,23858.71,23858.71,0,10,1,0,1
ACC014589,1,72959.95,72959.95,0,8,1,0,1
ACC014590,1,57614.6,57614.6,0,5,1,0,1
ACC014591,3,41910.79,13970.26,416,27,3,1,3
ACC014592,1,14473.52,14473.52,0,7,1,0,1
ACC014594,2,35277.84,17638.92,21,26,2,0,2
ACC014595,1,18323.62,18323.62,0,12,1,0,1
ACC014598,2,49416.3,24708.15,90,13,2,0,2
ACC014602,1,2618.53,2618.53,0,12,1,0,1
ACC014603,1,56701.43,56701.43,0,1,1,0,1
ACC014605,1,15164.95,15164.95,0,11,1,0,1
ACC014606,1,67479.26,67479.26,0,13,1,0,1
ACC014607,1,32731.45,32731.45,0,2,1,0,1
ACC014608,3,18636.29,6212.1,229,30,3,0,3
ACC014609,1,56069.91,56069.91,0,13,1,0,1
ACC014613,1,2213.81,2213.81,0,3,1,0,1
ACC014614,2,26924.34,13462.17,159,5,2,0,2
ACC014619,2,47237.92,23618.96,217,13,2,0,2
ACC014620,1,4717.34,4717.34,0,11,1,0,1
ACC014622,1,6212.24,6212.24,0,11,1,0,1
ACC014623,2,159956.37,79978.18,20,6,2,2,2
ACC014624,1,20928.28,20928.28,0,6,1,0,1
ACC014625,1,30950.01,30950.01,0,13,1,0,1
ACC014626,1,34524.49,34524.49,0,11,1,0,1
ACC014627,1,46896.43,46896.43,0,10,1,0,1
ACC014628,3,26794.91,8931.64,372,27,3,1,3
ACC014629,3,149360.8,49786.93,214,18,3,0,2
ACC014633,2,36546.59,18273.29,207,12,2,0,2
ACC014634,2,22465.46,11232.73,332,11,2,0,2
ACC014635,2,16903.62,8451.81,358,16,2,0,2
ACC014638,1,14348.57,14348.57,0,7,1,0,1
ACC014639,1,3635.81,3635.81,0,8,1,0,1
ACC014640,2,87640.18,43820.09,276,14,2,0,2
ACC014641,1,56929.02,56929.02,0,1,1,0,1
ACC014642,3,95002.79,31667.6,340,35,3,0,3
ACC014645,3,60720.98,20240.33,175,25,3,0,3
ACC014648,1,19545.94,19545.94,0,2,1,0,1
ACC014649,1,5416.67,5416.67,0,14,1,0,1
ACC014650,1,11704.33,11704.33,0,10,1,0,1
ACC014651,1,40001.05,40001.05,0,13,1,0,1
ACC014653,2,32341.92,16170.96,246,23,2,0,1
ACC014655,1,52917.24,52917.24,0,1,1,0,1
ACC014657,2,23451.77,11725.89,190,20,2,1,2
ACC014659,1,179492.49,179492.49,0,10,1,1,1
ACC014661,1,32667.0,32667.0,0,7,1,0,1
ACC014663,2,6416.97,3208.48,251,24,2,0,1
ACC014664,3,71825.8,23941.93,297,13,3,0,3
ACC014666,2,27105.2,13552.6,164,18,2,0,2
ACC014667,4,88713.45,22178.36,165,26,4,0,4
ACC014668,1,1861.41,1861.41,0,12,1,0,1
ACC014669,3,105931.77,35310.59,396,18,3,0,2
ACC014671,4,127280.49,31820.12,360,35,4,0,2
ACC014672,1,955.54,955.54,0,12,1,0,1
ACC014676,1,42263.14,42263.14,0,5,1,0,1
ACC014677,1,1338.76,1338.76,0,6,1,0,1
ACC014678,1,12175.25,12175.25,0,1,1,0,1
ACC014680,1,10260.37,10260.37,0,11,1,0,1
ACC014682,1,30751.39,30751.39,0,6,1,0,1
ACC014683,1,6827.05,6827.05,0,11,1,1,1
ACC014684,1,15637.36,15637.36,0,13,1,0,1
ACC014687,2,14712.92,7356.46,133,11,2,0,1
ACC014688,1,15390.8,15390.8,0,4,1,0,1
ACC014689,2,36490.53,18245.26,222,11,2,0,2
ACC014690,1,37090.04,37090.04,0,4,1,0,1
ACC014691,2,57129.05,28564.53,126,19,2,0,2
ACC014692,3,28903.34,9634.45,315,29,3,0,3
ACC014693,3,103785.49,34595.16,176,24,3,0,2
ACC014696,2,88466.76,44233.38,165,15,2,0,2
ACC014697,1,1177.48,1177.48,0,4,1,0,1
ACC014700,1,37018.78,37018.78,0,8,1,0,1
ACC014701,2,106838.9,53419.45,164,21,2,0,2
ACC014706,1,220496.28,220496.28,0,12,1,0,1
ACC014707,1,26688.02,26688.02,0,4,1,0,1
ACC014709,1,6350.92,6350.92,0,4,1,0,1
ACC014711,1,13926.02,13926.02,0,4,1,0,1
ACC014712,1,30844.46,30844.46,0,11,1,0,1
ACC014713,1,132051.06,132051.06,0,8,1,0,1
ACC014714,1,17588.81,17588.81,0,5,1,0,1
ACC014717,1,37230.95,37230.95,0,14,1,0,1
ACC014718,2,32974.68,16487.34,8,19,2,0,1
ACC014720,2,93985.72,46992.86,20,15,2,2,2
ACC014721,1,57370.93,57370.93,0,12,1,0,1
ACC014722,2,61384.08,30692.04,58,24,2,0,2
ACC014725,1,50418.79,50418.79,0,4,1,0,1
ACC014726,1,8170.17,8170.17,0,12,1,0,1
ACC014727,3,51221.17,17073.72,324,35,3,0,3
ACC014728,1,49080.75,49080.75,0,6,1,0,1
ACC014729,3,66819.19,22273.06,308,10,3,1,3
ACC014730,2,59022.33,29511.17,4,17,2,1,2
ACC014733,1,11944.39,11944.39,0,12,1,0,1
ACC014734,2,111253.16,55626.58,140,6,2,0,2
ACC014735,3,51732.6,17244.2,258,23,3,1,3
ACC014736,2,41483.04,20741.52,377,19,2,1,1
ACC014738,2,42372.69,21186.35,205,10,2,0,2
ACC014739,1,10053.36,10053.36,0,5,1,0,1
ACC014740,2,82978.87,41489.43,305,14,2,0,2
ACC014741,1,2752.75,2752.75,0,9,1,0,1
ACC014742,1,2224.44,2224.44,0,9,1,0,1
ACC014743,2,45957.2,22978.6,92,13,2,0,2
ACC014744,1,10298.01,10298.01,0,10,1,0,1
ACC014747,3,116161.73,38720.58,101,36,3,0,2
ACC014751,1,11553.45,11553.45,0,3,1,0,1
ACC014753,2,12688.35,6344.18,24,8,2,0,2
ACC014754,1,10862.09,10862.09,0,1,1,0,1
ACC014755,2,80114.44,40057.22,0,13,2,0,2
ACC014756,2,78154.56,39077.28,77,18,2,0,2
ACC014757,1,20136.7,20136.7,0,1,1,0,1
ACC014759,1,21303.79,21303.79,0,10,1,0,1
ACC014761,1,6601.28,6601.28,0,13,1,0,1
ACC014763,3,5271.02,1757.01,100,20,3,0,3
ACC014764,1,6433.53,6433.53,0,11,1,0,1
ACC014766,1,49377.91,49377.91,0,12,1,0,1
ACC014767,1,109352.17,109352.17,0,9,1,0,1
ACC014768,1,1598.44,1598.44,0,7,1,0,1
ACC014769,2,20850.72,10425.36,25,21,2,0,2
ACC014770,2,64458.57,32229.29,76,22,2,0,2
ACC014771,1,51739.96,51739.96,0,14,1,0,1
ACC014772,1,11277.33,11277.33,0,13,1,0,1
ACC014775,1,25539.16,25539.16,0,7,1,0,1
ACC014776,1,87217.43,87217.43,0,13,1,0,1
ACC014777,2,32212.8,16106.4,57,9,2,0,2
ACC014778,2,84796.15,42398.08,194,19,2,0,2
ACC014780,2,69218.05,34609.03,19,14,2,0,2
ACC014781,2,25011.9,12505.95,83,22,2,0,2
ACC014782,1,51567.15,51567.15,0,14,1,0,1
ACC014783,3,54384.29,18128.1,96,26,3,0,3
ACC014785,1,18725.28,18725.28,0,7,1,0,1
ACC014786,3,98881.4,32960.47,97,18,3,0,3
ACC014788,1,19687.49,19687.49,0,3,1,0,1
ACC014792,2,100347.81,50173.9,77,16,2,0,2
ACC014793,1,73542.13,73542.13,0,1,1,0,1
ACC014794,1,2439.23,2439.23,0,10,1,0,1
ACC014795,2,18199.74,9099.87,55,20,2,0,2
ACC014796,1,3987.12,3987.12,0,2,1,0,1
ACC014797,1,14294.81,14294.81,0,8,1,0,1
ACC014798,2,25979.88,12989.94,104,14,2,0,2
ACC014799,1,127039.04,127039.04,0,7,1,0,1
ACC014801,1,25893.25,25893.25,0,8,1,0,1
ACC014802,1,2510.55,2510.55,0,3,1,0,1
ACC014804,3,67499.8,22499.93,360,26,3,0,3
ACC014805,4,29392.85,7348.21,240,23,4,0,4
ACC014807,2,8137.1,4068.55,23,21,2,0,2
ACC014810,3,108544.82,36181.61,211,28,3,0,2
ACC014812,1,13671.76,13671.76,0,12,1,0,1
ACC014814,1,51906.15,51906.15,0,7,1,0,1
ACC014815,1,36805.67,36805.67,0,11,1,0,1
ACC014816,2,83415.27,41707.64,44,7,2,0,2
ACC014817,3,110489.45,36829.82,217,30,3,0,3
ACC014818,4,175083.64,43770.91,393,36,4,0,3
ACC014822,1,33133.98,33133.98,0,8,1,0,1
ACC014823,2,37918.18,18959.09,57,23,2,0,2
ACC014824,1,16321.73,16321.73,0,2,1,0,1
ACC014825,3,73946.12,24648.71,341,18,3,0,2
ACC014827,1,45237.18,45237.18,0,9,1,0,1
ACC014828,1,30344.18,30344.18,0,4,1,0,1
ACC014830,3,61854.47,20618.16,212,18,3,0,2
ACC014834,2,114105.22,57052.61,193,23,2,0,2
ACC014836,1,73814.73,73814.73,0,10,1,1,1
ACC014840,1,9609.81,9609.81,0,4,1,0,1
ACC014841,2,59819.64,29909.82,256,21,2,1,2
ACC014842,3,81111.55,27037.18,316,22,3,0,2
ACC014844,1,3295.37,3295.37,0,6,1,0,1
ACC014846,1,78858.01,78858.01,0,4,1,0,1
ACC014847,2,98913.68,49456.84,181,15,2,0,2
ACC014848,3,243742.84,81247.61,289,28,3,0,2
ACC014849,1,3040.68,3040.68,0,14,1,0,1
ACC014851,1,41725.01,41725.01,0,9,1,0,1
ACC014852,2,10668.81,5334.41,341,13,2,1,2
ACC014854,2,25590.95,12795.48,27,16,2,0,2
ACC014859,1,44470.2,44470.2,0,4,1,1,1
ACC014860,1,20855.02,20855.02,0,2,1,1,1
ACC014862,1,55053.13,55053.13,0,3,1,0,1
ACC014863,1,9592.6,9592.6,0,9,1,0,1
ACC014864,1,19204.45,19204.45,0,5,1,0,1
ACC014866,3,142753.94,47584.65,97,33,3,0,3
ACC014867,2,50207.45,25103.72,238,19,2,1,2
ACC014870,1,41866.51,41866.51,0,6,1,0,1
ACC014871,1,580.59,580.59,0,13,1,0,1
ACC014872,1,15374.22,15374.22,0,1,1,0,1
ACC014875,1,5001.6,5001.6,0,9,1,0,1
ACC014879,1,20089.94,20089.94,0,3,1,0,1
ACC014880,3,45166.29,15055.43,103,23,3,0,3
ACC014881,1,38513.97,38513.97,0,9,1,0,1
ACC014882,1,28110.01,28110.01,0,11,1,0,1
ACC014884,1,67299.29,67299.29,0,8,1,0,1
ACC014886,1,6743.02,6743.02,0,13,1,0,1
ACC014888,2,23850.18,11925.09,185,7,2,0,1
ACC014889,1,29030.71,29030.71,0,8,1,0,1
ACC014891,2,25101.49,12550.74,211,8,2,0,2
ACC014892,1,47610.76,47610.76,0,14,1,0,1
ACC014893,2,6738.41,3369.2,223,25,2,0,2
ACC014895,3,154328.69,51442.9,284,23,3,0,3
ACC014897,1,4534.97,4534.97,0,12,1,0,1
ACC014898,1,12476.14,12476.14,0,11,1,0,1
ACC014899,1,11688.92,11688.92,0,3,1,0,1
ACC014900,1,2027.38,2027.38,0,14,1,0,1
ACC014901,1,1536.08,1536.08,0,1,1,0,1
ACC014903,3,76541.22,25513.74,21,25,3,0,3
ACC014906,1,6336.31,6336.31,0,14,1,1,1
ACC014910,1,27166.87,27166.87,0,6,1,0,1
ACC014911,1,10214.58,10214.58,0,4,1,0,1
ACC014913,1,15483.26,15483.26,0,14,1,0,1
ACC014915,4,184343.19,46085.8,220,25,4,0,3
ACC014916,1,61822.02,61822.02,0,1,1,0,1
ACC014918,2,108899.8,54449.9,225,25,2,0,2
ACC014919,1,19838.74,19838.74,0,1,1,0,1
ACC014920,2,17379.78,8689.89,249,12,2,0,2
ACC014922,1,11415.36,11415.36,0,1,1,0,1
ACC014923,4,49890.16,12472.54,288,38,4,0,3
ACC014925,1,7805.27,7805.27,0,3,1,0,1
ACC014930,3,25043.4,8347.8,219,26,3,0,2
ACC014932,1,12653.34,12653.34,0,13,1,0,1
ACC014934,3,61618.26,20539.42,285,21,3,0,3
ACC014935,3,89111.08,29703.69,208,28,3,0,2
ACC014936,2,46284.84,23142.42,214,15,2,0,2
ACC014938,3,106054.27,35351.42,58,24,3,0,3
ACC014939,1,14244.42,14244.42,0,13,1,1,1
ACC014941,3,53732.01,17910.67,134,33,3,1,3
ACC014943,1,49886.04,49886.04,0,9,1,1,1
ACC014944,2,50896.77,25448.39,4,14,2,0,1
ACC014947,1,27764.71,27764.71,0,9,1,0,1
ACC014948,2,57895.03,28947.51,159,16,2,0,2
ACC014950,2,24340.88,12170.44,215,8,2,0,2
ACC014951,1,55207.27,55207.27,0,14,1,0,1
ACC014952,1,34743.12,34743.12,0,3,1,0,1
ACC014954,2,37423.04,18711.52,22,11,2,0,2
ACC014955,1,52932.27,52932.27,0,10,1,0,1
ACC014957,1,19503.39,19503.39,0,13,1,0,1
ACC014958,1,43009.99,43009.99,0,13,1,0,1
ACC014959,2,94162.11,47081.06,266,20,2,0,2
ACC014960,1,6852.17,6852.17,0,10,1,0,1
ACC014964,1,2064.18,2064.18,0,12,1,0,1
ACC014965,1,5972.75,5972.75,0,10,1,0,1
ACC014966,3,93630.55,31210.18,224,11,3,0,3
ACC014968,1,7166.44,7166.44,0,13,1,0,1
ACC014969,1,44144.48,44144.48,0,8,1,0,1
ACC014970,2,50742.54,25371.27,219,7,2,0,2
ACC014971,2,28429.79,14214.9,435,10,2,1,2
ACC014974,1,16166.8,16166.8,0,6,1,0,1
ACC014976,1,13726.46,13726.46,0,2,1,0,1
ACC014979,1,38311.46,38311.46,0,7,1,0,1
ACC014980,1,2846.31,2846.31,0,4,1,0,1
ACC014981,1,3626.2,3626.2,0,10,1,0,1
ACC014982,2,22874.64,11437.32,42,13,2,0,2
ACC014983,2,33894.24,16947.12,242,13,2,0,2
ACC014985,2,33067.95,16533.97,70,13,2,0,2
ACC014988,1,48490.82,48490.82,0,8,1,0,1
ACC014989,3,64576.6,21525.53,319,28,3,0,3
ACC014990,2,9266.9,4633.45,105,13,2,0,2
ACC014991,1,42790.39,42790.39,0,8,1,0,1
ACC014992,2,91079.52,45539.76,199,19,2,0,1
ACC014993,2,78921.89,39460.94,137,7,2,0,2
ACC014998,1,16695.63,16695.63,0,5,1,0,1
ACC015000,1,1771.31,1771.31,0,8,1,0,1
ACC015002,1,7744.63,7744.63,0,1,1,0,1
ACC015004,1,47011.17,47011.17,0,14,1,0,1
ACC015005,2,23148.08,11574.04,199,15,2,0,2
ACC015006,1,20784.32,20784.32,0,8,1,0,1
ACC015007,1,4115.87,4115.87,0,6,1,0,1
ACC015008,1,9471.75,9471.75,0,13,1,0,1
ACC015009,1,22802.44,22802.44,0,8,1,0,1
ACC015010,1,5892.9,5892.9,0,9,1,0,1
ACC015011,1,6732.9,6732.9,0,5,1,0,1
ACC015012,1,41493.81,41493.81,0,12,1,0,1
ACC015014,1,56356.62,56356.62,0,2,1,0,1
ACC015016,1,25854.46,25854.46,0,8,1,0,1
ACC015017,4,89423.32,22355.83,221,28,4,0,3
ACC015018,2,98639.15,49319.57,116,26,2,0,2
ACC015019,1,65691.39,65691.39,0,5,1,0,1
ACC015021,1,17491.73,17491.73,0,6,1,0,1
ACC015022,2,167870.08,83935.04,121,20,2,0,2
ACC015023,1,21221.56,21221.56,0,9,1,0,1
ACC015024,1,4862.27,4862.27,0,1,1,0,1
ACC015026,1,54013.77,54013.77,0,11,1,0,1
ACC015027,1,37319.88,37319.88,0,1,1,0,1
ACC015028,1,4511.98,4511.98,0,5,1,1,1
ACC015031,2,47825.78,23912.89,64,13,2,0,2
ACC015032,1,8358.13,8358.13,0,13,1,0,1
ACC015033,3,115917.95,38639.32,231,27,3,0,3
ACC015035,1,26429.01,26429.01,0,4,1,0,1
ACC015036,1,36134.45,36134.45,0,3,1,0,1
ACC015037,1,7636.83,7636.83,0,4,1,0,1
ACC015041,1,1142.9,1142.9,0,3,1,0,1
ACC015042,1,30073.07,30073.07,0,4,1,0,1
ACC015043,2,24674.71,12337.35,224,26,2,0,1
ACC015045,1,25716.99,25716.99,0,9,1,0,1
ACC015049,1,33862.1,33862.1,0,10,1,0,1
ACC015051,1,35396.8,35396.8,0,11,1,0,1
ACC015052,2,53281.8,26640.9,16,19,2,0,2
ACC015055,1,20261.21,20261.21,0,14,1,0,1
ACC015056,1,8276.96,8276.96,0,7,1,0,1
ACC015057,2,134539.26,67269.63,298,15,2,0,2
ACC015058,1,5615.18,5615.18,0,5,1,0,1
ACC015059,1,40866.25,40866.25,0,9,1,0,1
ACC015060,1,5712.04,5712.04,0,10,1,0,1
ACC015061,1,9629.17,9629.17,0,10,1,1,1
ACC015062,2,10308.95,5154.48,96,13,2,0,2
ACC015063,3,64646.21,21548.74,316,16,3,0,2
ACC015066,2,27157.03,13578.51,269,14,2,0,2
ACC015069,3,62165.4,20721.8,223,27,3,0,3
ACC015070,2,71046.03,35523.01,276,15,2,0,1
ACC015071,1,1891.11,1891.11,0,11,1,0,1
ACC015072,1,19222.06,19222.06,0,5,1,0,1
ACC015073,2,83134.98,41567.49,186,13,2,0,2
ACC015074,2,14544.73,7272.36,71,19,2,0,2
ACC015075,3,100549.9,33516.63,189,20,3,0,3
ACC015076,3,74599.56,24866.52,299,19,3,0,3
ACC015078,2,48198.12,24099.06,218,22,2,0,1
ACC015082,1,6572.73,6572.73,0,11,1,0,1
ACC015083,1,5078.15,5078.15,0,11,1,0,1
ACC015084,1,11758.99,11758.99,0,8,1,0,1
ACC015085,2,76679.6,38339.8,213,9,2,0,2
ACC015088,2,28715.24,14357.62,226,25,2,0,2
ACC015089,1,92226.81,92226.81,0,12,1,0,1
ACC015090,1,32694.38,32694.38,0,10,1,0,1
ACC015091,3,120913.23,40304.41,85,16,3,0,2
ACC015092,1,1932.43,1932.43,0,2,1,0,1
ACC015094,1,8311.06,8311.06,0,14,1,0,1
ACC015095,1,1202.01,1202.01,0,7,1,0,1
ACC015096,2,54333.79,27166.9,163,14,2,0,2
ACC015097,1,21327.04,21327.04,0,3,1,0,1
ACC015098,2,8401.49,4200.74,117,15,2,0,2
ACC015102,1,64375.84,64375.84,0,6,1,0,1
ACC015103,1,19248.88,19248.88,0,8,1,0,1
ACC015104,1,3157.84,3157.84,0,1,1,0,1
ACC015106,1,19356.6,19356.6,0,4,1,0,1
ACC015107,3,65164.28,21721.43,329,30,3,1,1
ACC015109,3,105602.54,35200.85,107,9,3,1,3
ACC015111,1,83873.6,83873.6,0,13,1,0,1
ACC015112,1,41567.38,41567.38,0,10,1,0,1
ACC015113,1,9837.6,9837.6,0,14,1,0,1
ACC015115,2,30889.26,15444.63,216,16,2,1,1
ACC015116,2,58171.7,29085.85,9,25,2,0,2
ACC015117,2,60954.49,30477.25,215,5,2,0,2
ACC015119,3,105601.46,35200.49,216,24,3,0,3
ACC015120,2,78916.94,39458.47,214,14,2,0,2
ACC015122,1,22469.24,22469.24,0,5,1,0,1
ACC015123,2,26846.64,13423.32,87,15,2,0,2
ACC015124,1,20895.07,20895.07,0,9,1,0,1
ACC015128,1,54093.74,54093.74,0,14,1,0,1
ACC015131,3,81811.5,27270.5,147,27,3,0,2
ACC015132,4,88469.75,22117.44,127,24,4,0,3
ACC015133,1,10526.13,10526.13,0,12,1,1,1
ACC015136,1,40170.96,40170.96,0,13,1,0,1
ACC015137,2,14771.35,7385.68,176,14,2,0,2
ACC015138,2,77588.5,38794.25,17,6,2,0,1
ACC015139,4,109639.6,27409.9,220,17,4,0,3
ACC015140,2,22405.47,11202.74,172,23,2,1,2
ACC015143,2,67734.08,33867.04,55,11,2,0,1
ACC015146,2,61741.98,30870.99,309,8,2,1,1
ACC015147,1,26661.61,26661.61,0,3,1,0,1
ACC015149,1,10169.57,10169.57,0,11,1,0,1
ACC015151,1,4902.95,4902.95,0,10,1,0,1
ACC015154,2,140808.33,70404.16,111,11,2,0,2
ACC015156,1,36136.73,36136.73,0,13,1,0,1
ACC015157,3,215735.93,71911.98,99,18,3,0,3
ACC015160,1,14790.66,14790.66,0,2,1,0,1
ACC015161,2,54652.46,27326.23,77,16,2,0,2
ACC015162,2,73880.72,36940.36,5,22,2,0,2
ACC015163,1,13965.55,13965.55,0,5,1,0,1
ACC015166,2,34376.89,17188.44,221,17,2,0,2
ACC015169,3,62273.34,20757.78,132,23,3,1,3
ACC015170,1,59082.92,59082.92,0,11,1,0,1
ACC015171,2,20560.04,10280.02,158,19,2,0,2
ACC015172,2,54138.85,27069.43,360,28,2,0,2
ACC015173,1,57535.6,57535.6,0,14,1,0,1
ACC015176,2,95603.53,47801.76,63,8,2,0,2
ACC015179,1,9547.2,9547.2,0,13,1,0,1
ACC015181,3,154832.64,51610.88,266,28,3,0,3
ACC015185,2,182823.16,91411.58,106,23,2,0,1
ACC015186,1,9803.17,9803.17,0,5,1,0,1
ACC015188,2,19811.86,9905.93,125,17,2,0,1
ACC015189,1,5367.38,5367.38,0,14,1,0,1
ACC015190,3,62867.2,20955.73,331,16,3,0,2
ACC015191,1,15848.7,15848.7,0,11,1,0,1
ACC015192,2,31178.69,15589.34,17,18,2,0,2
ACC015193,2,87015.38,43507.69,132,3,2,0,2
ACC015197,1,14585.18,14585.18,0,13,1,0,1
ACC015198,1,21448.3,21448.3,0,5,1,0,1
ACC015199,1,31650.7,31650.7,0,5,1,0,1
ACC015200,1,11901.64,11901.64,0,9,1,0,1
ACC015201,1,16761.41,16761.41,0,5,1,0,1
ACC015202,3,79034.29,26344.76,46,16,3,0,2
ACC015203,1,9906.46,9906.46,0,14,1,0,1
ACC015204,4,83961.86,20990.47,271,34,4,0,3
ACC015205,1,3602.96,3602.96,0,10,1,1,1
ACC015207,1,13973.18,13973.18,0,1,1,0,1
ACC015210,1,7296.05,7296.05,0,10,1,0,1
ACC015211,1,3665.65,3665.65,0,11,1,0,1
ACC015212,1,56885.64,56885.64,0,6,1,1,1
ACC015213,3,114134.59,38044.86,309,18,3,0,2
ACC015217,1,24393.14,24393.14,0,10,1,0,1
ACC015219,2,57866.04,28933.02,150,2,2,1,2
ACC015220,2,85813.31,42906.65,193,23,2,1,1
ACC015223,2,8313.82,4156.91,160,12,2,0,2
ACC015225,1,44569.62,44569.62,0,9,1,0,1
ACC015226,1,9451.97,9451.97,0,8,1,0,1
ACC015227,2,23919.82,11959.91,37,9,2,0,2
ACC015229,2,10999.6,5499.8,272,8,2,0,2
ACC015230,1,85282.78,85282.78,0,13,1,0,1
ACC015231,2,119955.52,59977.76,257,17,2,0,1
ACC015232,1,5198.93,5198.93,0,3,1,0,1
ACC015233,2,47561.02,23780.51,181,7,2,0,2
ACC015234,2,85776.65,42888.32,185,13,2,0,2
ACC015235,2,37045.9,18522.95,28,22,2,0,1
ACC015236,1,10918.32,10918.32,0,8,1,0,1
ACC015237,2,17570.06,8785.03,192,22,2,0,2
ACC015238,2,59442.25,29721.12,353,16,2,1,2
ACC015239,1,32707.99,32707.99,0,2,1,0,1
ACC015240,2,10904.69,5452.35,378,10,2,1,2
ACC015241,1,574.14,574.14,0,1,1,0,1
ACC015242,2,23106.04,11553.02,362,16,2,1,2
ACC015244,1,12118.71,12118.71,0,2,1,0,1
ACC015245,3,66140.03,22046.68,336,28,3,0,2
ACC015246,1,9097.79,9097.79,0,6,1,0,1
ACC015248,1,13793.06,13793.06,0,9,1,0,1
ACC015250,2,10684.61,5342.31,101,4,2,0,2
ACC015251,1,79810.34,79810.34,0,13,1,0,1
ACC015252,1,40162.75,40162.75,0,2,1,0,1
ACC015255,1,3403.68,3403.68,0,10,1,1,1
ACC015256,1,21036.63,21036.63,0,2,1,0,1
ACC015260,1,39421.11,39421.11,0,3,1,0,1
ACC015261,1,17820.62,17820.62,0,11,1,0,1
ACC015264,1,18407.5,18407.5,0,11,1,0,1
ACC015265,1,24884.88,24884.88,0,9,1,0,1
ACC015266,2,49495.48,24747.74,123,19,2,0,1
ACC015267,1,16839.33,16839.33,0,12,1,0,1
ACC015269,2,55583.03,27791.51,214,17,2,0,2
ACC015270,2,15404.31,7702.16,156,16,2,0,2
ACC015272,1,8239.69,8239.69,0,1,1,0,1
ACC015273,1,18096.79,18096.79,0,4,1,0,1
ACC015274,2,18436.99,9218.49,409,12,2,1,2
ACC015275,1,14976.79,14976.79,0,2,1,0,1
ACC015276,2,20793.64,10396.82,207,14,2,0,2
ACC015277,3,115139.13,38379.71,370,22,3,1,3
ACC015280,2,239571.65,119785.83,12,17,2,0,1
ACC015281,3,65414.35,21804.78,183,21,3,0,2
ACC015283,1,9662.18,9662.18,0,12,1,0,1
ACC015285,1,30936.52,30936.52,0,12,1,0,1
ACC015288,2,144916.22,72458.11,34,8,2,0,1
ACC015289,1,31389.92,31389.92,0,9,1,0,1
ACC015292,1,8114.74,8114.74,0,3,1,0,1
ACC015295,1,31442.21,31442.21,0,11,1,0,1
ACC015297,1,13290.85,13290.85,0,11,1,0,1
ACC015298,1,27550.16,27550.16,0,2,1,0,1
ACC015300,2,39233.31,19616.65,42,21,2,0,1
ACC015301,3,48435.24,16145.08,327,21,3,0,3
ACC015302,1,11510.22,11510.22,0,13,1,0,1
ACC015303,1,2962.21,2962.21,0,12,1,0,1
ACC015304,1,29077.03,29077.03,0,1,1,0,1
ACC015306,1,56875.72,56875.72,0,5,1,0,1
ACC015307,1,76907.44,76907.44,0,6,1,0,1
ACC015308,1,62917.81,62917.81,0,9,1,0,1
ACC015309,1,6749.07,6749.07,0,2,1,0,1
ACC015310,2,49868.29,24934.15,96,11,2,0,2
ACC015311,1,585.02,585.02,0,1,1,0,1
ACC015312,1,3656.37,3656.37,0,12,1,0,1
ACC015313,3,44159.49,14719.83,167,22,3,0,2
ACC015314,2,12788.26,6394.13,102,12,2,0,2
ACC015315,1,17184.72,17184.72,0,1,1,0,1
ACC015316,1,55732.08,55732.08,0,4,1,0,1
ACC015318,1,11508.62,11508.62,0,10,1,0,1
ACC015322,1,72312.47,72312.47,0,12,1,1,1
ACC015324,1,46486.86,46486.86,0,13,1,0,1
ACC015325,2,123920.34,61960.17,205,9,2,0,2
ACC015326,1,10166.9,10166.9,0,5,1,0,1
ACC015327,2,111341.72,55670.86,6,17,2,0,2
ACC015328,2,7999.19,3999.6,314,18,2,0,2
ACC015330,1,56838.24,56838.24,0,9,1,0,1
ACC015331,2,62597.24,31298.62,38,8,2,0,2
ACC015332,1,26336.93,26336.93,0,8,1,0,1
ACC015333,2,123802.85,61901.42,128,14,2,0,2
ACC015336,1,72014.83,72014.83,0,9,1,0,1
ACC015337,3,73336.36,24445.45,172,29,3,0,2
ACC015338,2,27722.73,13861.36,9,26,2,0,2
ACC015339,1,14897.42,14897.42,0,9,1,0,1
ACC015340,2,41424.78,20712.39,212,16,2,0,2
ACC015341,2,82976.38,41488.19,155,10,2,0,2
ACC015343,1,7427.54,7427.54,0,10,1,0,1
ACC015344,1,8203.19,8203.19,0,3,1,0,1
ACC015345,1,12104.93,12104.93,0,6,1,0,1
ACC015346,3,74111.01,24703.67,42,30,3,0,1
ACC015348,1,8599.78,8599.78,0,11,1,0,1
ACC015349,2,34362.48,17181.24,183,21,2,0,2
ACC015350,1,8292.73,8292.73,0,12,1,0,1
ACC015352,1,26444.0,26444.0,0,10,1,0,1
ACC015353,2,27875.2,13937.6,23,16,2,0,2
ACC015355,2,54749.63,27374.81,247,6,2,0,2
ACC015356,1,19302.76,19302.76,0,10,1,0,1
ACC015357,1,21472.61,21472.61,0,10,1,1,1
ACC015358,3,60442.28,20147.43,156,31,3,0,2
ACC015359,1,29066.6,29066.6,0,2,1,0,1
ACC015360,1,7204.66,7204.66,0,14,1,0,1
ACC015362,1,22609.82,22609.82,0,10,1,0,1
ACC015363,4,87566.72,21891.68,282,42,4,0,3
ACC015366,1,43705.54,43705.54,0,3,1,0,1
ACC015367,1,8722.55,8722.55,0,1,1,1,1
ACC015369,2,68137.18,34068.59,56,10,2,0,2
ACC015371,1,18042.79,18042.79,0,13,1,1,1
ACC015373,2,21588.49,10794.24,212,9,2,0,2
ACC015374,1,14642.21,14642.21,0,7,1,0,1
ACC015375,3,128941.56,42980.52,329,32,3,0,3
ACC015378,1,20341.51,20341.51,0,10,1,0,1
ACC015381,2,14881.24,7440.62,180,12,2,0,2
ACC015382,2,71948.59,35974.29,213,16,2,0,2
ACC015383,3,76804.73,25601.58,235,16,3,1,3
ACC015384,2,63397.01,31698.51,135,22,2,0,2
ACC015386,1,79714.8,79714.8,0,6,1,0,1
ACC015387,1,1793.54,1793.54,0,14,1,0,1
ACC015388,1,2119.58,2119.58,0,9,1,1,1
ACC015390,2,23561.01,11780.5,148,9,2,0,2
ACC015391,1,15665.14,15665.14,0,10,1,1,1
ACC015395,2,79321.87,39660.93,273,16,2,0,2
ACC015396,2,79596.87,39798.43,44,26,2,0,2
ACC015397,2,43310.98,21655.49,111,20,2,0,2
ACC015399,1,28874.8,28874.8,0,14,1,1,1
ACC015400,1,30778.56,30778.56,0,2,1,0,1
ACC015403,2,39149.44,19574.72,34,17,2,1,2
ACC015404,1,31250.08,31250.08,0,8,1,0,1
ACC015406,1,58879.9,58879.9,0,8,1,0,1
ACC015407,3,66966.64,22322.21,301,12,3,0,2
ACC015411,2,78480.11,39240.06,18,12,2,0,2
ACC015413,1,34193.65,34193.65,0,7,1,1,1
ACC015414,2,36698.15,18349.08,108,14,2,0,1
ACC015415,1,9902.34,9902.34,0,2,1,0,1
ACC015416,2,32066.38,16033.19,16,8,2,0,2
ACC015420,1,16944.82,16944.82,0,6,1,0,1
ACC015422,1,2161.68,2161.68,0,7,1,0,1
ACC015424,2,44900.78,22450.39,69,13,2,1,1
ACC015425,1,101841.69,101841.69,0,13,1,0,1
ACC015428,1,37719.89,37719.89,0,14,1,0,1
ACC015429,1,36993.48,36993.48,0,11,1,0,1
ACC015430,1,8248.52,8248.52,0,4,1,0,1
ACC015432,1,48014.85,48014.85,0,2,1,0,1
ACC015433,1,28966.8,28966.8,0,12,1,0,1
ACC015434,1,36992.03,36992.03,0,9,1,0,1
ACC015435,2,41536.95,20768.48,135,20,2,0,1
ACC015436,2,30549.54,15274.77,159,24,2,1,2
ACC015438,1,26879.35,26879.35,0,10,1,0,1
ACC015440,2,79928.38,39964.19,293,14,2,0,2
ACC015442,1,3782.57,3782.57,0,14,1,0,1
ACC015446,2,12050.06,6025.03,239,11,2,0,2
ACC015448,1,19380.67,19380.67,0,10,1,0,1
ACC015450,3,107637.18,35879.06,372,23,3,0,2
ACC015453,2,59764.02,29882.01,118,10,2,0,2
ACC015456,1,8211.9,8211.9,0,7,1,0,1
ACC015457,1,106232.44,106232.44,0,3,1,1,1
ACC015458,1,1849.31,1849.31,0,8,1,0,1
ACC015463,2,69339.74,34669.87,11,21,2,0,1
ACC015467,1,61512.53,61512.53,0,7,1,0,1
ACC015468,3,41081.69,13693.9,240,25,3,0,2
ACC015470,2,22053.18,11026.59,267,17,2,0,2
ACC015471,2,10579.8,5289.9,304,6,2,0,2
ACC015472,1,1872.02,1872.02,0,5,1,0,1
ACC015473,1,12758.26,12758.26,0,4,1,0,1
ACC015475,1,6723.38,6723.38,0,14,1,0,1
ACC015477,2,50423.23,25211.62,95,19,2,0,2
ACC015479,1,13946.8,13946.8,0,7,1,0,1
ACC015481,2,35759.31,17879.65,61,19,2,0,2
ACC015482,2,101312.22,50656.11,120,23,2,0,1
ACC015484,2,62969.94,31484.97,31,20,2,0,2
ACC015485,2,61088.3,30544.15,216,13,2,0,2
ACC015486,2,61472.65,30736.33,424,18,2,1,2
ACC015487,1,25322.45,25322.45,0,12,1,0,1
ACC015490,2,35448.66,17724.33,104,19,2,0,2
ACC015491,1,145239.81,145239.81,0,1,1,0,1
ACC015492,1,46097.05,46097.05,0,7,1,0,1
ACC015494,1,54394.43,54394.43,0,14,1,0,1
ACC015495,1,8219.62,8219.62,0,12,1,0,1
ACC015496,1,18024.12,18024.12,0,12,1,0,1
ACC015500,1,2691.62,2691.62,0,4,1,0,1
ACC015502,1,29488.37,29488.37,0,10,1,0,1
ACC015503,2,53500.81,26750.4,325,9,2,1,2
ACC015504,1,5509.76,5509.76,0,10,1,0,1
ACC015505,3,61231.33,20410.44,184,27,3,0,3
ACC015506,1,20544.45,20544.45,0,14,1,0,1
ACC015507,1,7066.22,7066.22,0,13,1,0,1
ACC015510,2,59194.94,29597.47,13,21,2,0,2
ACC015514,1,6231.42,6231.42,0,4,1,0,1
ACC015515,1,38233.3,38233.3,0,2,1,0,1
ACC015518,1,16245.04,16245.04,0,2,1,0,1
ACC015519,2,69681.73,34840.86,213,15,2,0,1
ACC015520,2,91465.07,45732.54,197,13,2,0,2
ACC015521,1,49177.63,49177.63,0,1,1,0,1
ACC015522,1,22201.44,22201.44,0,6,1,0,1
ACC015527,2,46455.9,23227.95,80,10,2,0,2
ACC015528,1,46440.55,46440.55,0,7,1,1,1
ACC015529,1,51556.89,51556.89,0,4,1,0,1
ACC015530,1,75428.5,75428.5,0,10,1,0,1
ACC015532,1,18637.06,18637.06,0,14,1,0,1
ACC015533,1,5452.41,5452.41,0,12,1,0,1
ACC015534,4,81659.7,20414.92,408,35,4,1,4
ACC015536,1,6361.71,6361.71,0,1,1,0,1
ACC015538,1,28916.57,28916.57,0,1,1,0,1
ACC015542,1,13640.97,13640.97,0,11,1,0,1
ACC015543,1,10487.45,10487.45,0,13,1,0,1
ACC015544,2,74392.45,37196.22,50,18,2,0,2
ACC015545,1,32370.24,32370.24,0,11,1,0,1
ACC015546,3,21776.38,7258.79,215,17,3,0,2
ACC015549,1,9634.69,9634.69,0,12,1,0,1
ACC015550,1,66554.74,66554.74,0,2,1,0,1
ACC015552,4,54956.18,13739.05,209,28,4,1,3
ACC015553,2,35896.86,17948.43,89,12,2,0,2
ACC015555,3,176759.3,58919.77,226,7,3,0,3
ACC015557,2,159168.03,79584.01,348,14,2,1,2
ACC015558,1,4699.32,4699.32,0,10,1,0,1
ACC015560,2,29665.01,14832.51,200,6,2,1,2
ACC015561,2,35039.36,17519.68,162,7,2,1,2
ACC015562,2,97596.32,48798.16,146,24,2,0,1
ACC015565,2,12974.33,6487.17,243,9,2,0,2
ACC015566,2,58828.32,29414.16,268,14,2,0,2
ACC015567,3,39958.48,13319.49,236,14,3,0,2
ACC015568,1,14741.75,14741.75,0,9,1,0,1
ACC015569,1,14662.71,14662.71,0,11,1,0,1
ACC015570,3,151859.45,50619.82,358,12,3,1,3
ACC015571,2,21480.11,10740.06,119,21,2,0,1
ACC015572,2,15980.44,7990.22,160,10,2,0,2
ACC015573,1,68554.98,68554.98,0,4,1,0,1
ACC015574,2,25730.11,12865.06,99,15,2,0,2
ACC015575,1,6800.34,6800.34,0,7,1,0,1
ACC015576,1,52933.94,52933.94,0,1,1,0,1
ACC015577,2,17933.91,8966.95,302,17,2,0,2
ACC015578,1,25640.29,25640.29,0,13,1,0,1
ACC015581,1,11125.61,11125.61,0,13,1,0,1
ACC015582,1,105639.34,105639.34,0,5,1,0,1
ACC015583,1,22732.71,22732.71,0,8,1,0,1
ACC015584,2,32015.31,16007.66,204,19,2,1,2
ACC015585,1,39643.84,39643.84,0,1,1,0,1
ACC015590,2,22304.07,11152.03,10,9,2,0,2
ACC015591,1,3588.15,3588.15,0,14,1,0,1
ACC015592,2,21565.36,10782.68,322,9,2,1,2
ACC015594,2,76483.41,38241.71,19,19,2,0,2
ACC015597,1,40439.74,40439.74,0,6,1,0,1
ACC015599,1,1923.23,1923.23,0,8,1,0,1
ACC015601,3,74015.81,24671.94,67,29,3,0,1
ACC015602,1,2682.31,2682.31,0,9,1,0,1
ACC015604,2,6167.3,3083.65,2,8,2,0,2
ACC015606,1,18143.99,18143.99,0,7,1,0,1
ACC015607,3,57535.38,19178.46,206,19,3,0,3
ACC015608,2,43405.75,21702.88,219,14,2,0,2
ACC015609,1,26031.39,26031.39,0,7,1,0,1
ACC015611,1,7521.04,7521.04,0,6,1,0,1
ACC015612,1,22443.26,22443.26,0,2,1,0,1
ACC015614,1,6861.41,6861.41,0,1,1,0,1
ACC015615,1,74586.95,74586.95,0,9,1,0,1
ACC015618,1,10615.05,10615.05,0,3,1,0,1
ACC015621,1,13352.89,13352.89,0,7,1,0,1
ACC015622,2,46764.82,23382.41,357,17,2,0,1
ACC015623,1,27549.52,27549.52,0,11,1,0,1
ACC015624,2,25887.63,12943.82,217,19,2,0,2
ACC015625,1,22364.74,22364.74,0,6,1,0,1
ACC015626,1,17930.35,17930.35,0,7,1,0,1
ACC015628,1,47504.72,47504.72,0,2,1,0,1
ACC015629,2,23212.75,11606.38,33,21,2,1,1
ACC015631,2,48399.01,24199.5,329,13,2,0,2
ACC015632,1,53621.6,53621.6,0,1,1,0,1
ACC015635,1,553.88,553.88,0,8,1,0,1
ACC015636,1,11746.26,11746.26,0,4,1,1,1
ACC015637,1,7172.09,7172.09,0,3,1,0,1
ACC015639,2,132318.95,66159.48,315,21,2,0,1
ACC015640,2,56656.49,28328.24,311,5,2,0,2
ACC015641,2,15996.22,7998.11,133,8,2,0,2
ACC015643,1,17104.69,17104.69,0,10,1,0,1
ACC015644,1,10977.5,10977.5,0,1,1,0,1
ACC015645,1,956.89,956.89,0,10,1,0,1
ACC015646,3,52532.83,17510.94,278,9,3,0,3
ACC015647,3,39814.87,13271.62,292,24,3,0,3
ACC015648,1,2378.66,2378.66,0,10,1,0,1
ACC015649,1,10828.55,10828.55,0,7,1,0,1
ACC015650,5,159928.37,31985.67,394,31,5,1,4
ACC015653,2,34447.08,17223.54,240,14,2,0,2
ACC015655,1,52166.25,52166.25,0,9,1,0,1
ACC015656,1,1053.76,1053.76,0,1,1,0,1
ACC015657,3,38416.11,12805.37,324,18,3,0,3
ACC015658,1,31350.65,31350.65,0,12,1,0,1
ACC015659,2,66993.83,33496.92,25,14,2,2,2
ACC015661,2,24099.34,12049.67,263,16,2,0,2
ACC015662,3,19734.31,6578.1,160,22,3,0,3
ACC015663,1,784.73,784.73,0,6,1,0,1
ACC015664,2,63716.59,31858.3,381,15,2,1,2
ACC015665,2,122607.9,61303.95,30,14,2,0,2
ACC015667,1,11224.04,11224.04,0,8,1,0,1
ACC015668,1,8338.09,8338.09,0,2,1,0,1
ACC015671,1,526.21,526.21,0,13,1,0,1
ACC015672,1,115858.52,115858.52,0,7,1,0,1
ACC015673,2,48351.32,24175.66,41,15,2,0,1
ACC015677,1,27295.85,27295.85,0,10,1,0,1
ACC015678,2,57792.85,28896.42,170,18,2,0,2
ACC015679,2,7880.4,3940.2,41,9,2,0,1
ACC015683,1,12728.12,12728.12,0,12,1,0,1
ACC015684,3,96106.21,32035.4,75,16,3,0,3
ACC015685,1,24718.72,24718.72,0,11,1,0,1
ACC015687,2,13245.48,6622.74,416,18,2,1,2
ACC015689,1,32730.38,32730.38,0,9,1,0,1
ACC015690,2,40851.63,20425.82,151,14,2,0,2
ACC015691,1,66350.75,66350.75,0,3,1,0,1
ACC015693,1,8522.53,8522.53,0,11,1,0,1
ACC015694,2,89716.54,44858.27,160,16,2,0,1
ACC015696,1,3179.25,3179.25,0,14,1,0,1
ACC015698,1,5990.6,5990.6,0,1,1,0,1
ACC015699,1,42980.63,42980.63,0,2,1,0,1
ACC015703,1,64670.94,64670.94,0,13,1,0,1
ACC015704,1,635.46,635.46,0,2,1,0,1
ACC015705,2,99708.12,49854.06,184,19,2,0,1
ACC015706,2,23543.8,11771.9,163,15,2,1,2
ACC015709,1,41736.18,41736.18,0,14,1,0,1
ACC015710,1,40924.47,40924.47,0,10,1,0,1
ACC015711,1,26297.06,26297.06,0,9,1,0,1
ACC015713,1,11406.09,11406.09,0,1,1,0,1
ACC015714,2,35234.23,17617.11,117,21,2,0,2
ACC015715,1,25003.89,25003.89,0,4,1,0,1
ACC015716,2,65423.15,32711.57,131,23,2,0,2
ACC015717,2,59572.19,29786.1,16,23,2,1,2
ACC015719,1,25414.68,25414.68,0,6,1,0,1
ACC015723,1,34109.5,34109.5,0,12,1,0,1
ACC015724,1,35261.61,35261.61,0,11,1,0,1
ACC015725,1,52183.25,52183.25,0,11,1,0,1
ACC015726,2,69576.97,34788.49,143,15,2,0,2
ACC015727,1,9062.39,9062.39,0,2,1,0,1
ACC015729,2,15994.43,7997.22,280,18,2,0,2
ACC015730,1,25748.44,25748.44,0,13,1,0,1
ACC015731,1,7061.63,7061.63,0,4,1,0,1
ACC015732,1,23837.91,23837.91,0,14,1,0,1
ACC015737,3,22555.57,7518.52,103,21,3,0,2
ACC015741,2,19068.3,9534.15,24,20,2,0,2
ACC015742,1,42251.14,42251.14,0,12,1,0,1
ACC015743,4,103720.54,25930.14,255,20,4,0,4
ACC015745,3,39311.51,13103.84,384,19,3,1,2
ACC015746,3,40902.89,13634.3,424,27,3,1,2
ACC015747,1,15385.9,15385.9,0,11,1,0,1
ACC015748,1,23824.18,23824.18,0,13,1,0,1
ACC015749,1,15577.81,15577.81,0,11,1,0,1
ACC015750,1,9860.78,9860.78,0,5,1,0,1
ACC015751,1,5473.55,5473.55,0,12,1,0,1
ACC015752,2,16890.77,8445.39,106,17,2,1,1
ACC015753,1,11804.75,11804.75,0,12,1,0,1
ACC015757,1,11590.2,11590.2,0,10,1,0,1
ACC015759,1,823.52,823.52,0,13,1,0,1
ACC015760,2,73530.57,36765.29,139,18,2,1,2
ACC015762,1,20030.64,20030.64,0,10,1,0,1
ACC015763,2,31540.66,15770.33,49,9,2,1,2
ACC015764,2,69859.77,34929.89,63,10,2,0,2
ACC015765,1,14007.04,14007.04,0,6,1,0,1
ACC015767,1,13328.66,13328.66,0,6,1,0,1
ACC015768,1,6604.84,6604.84,0,6,1,0,1
ACC015769,1,24984.07,24984.07,0,5,1,0,1
ACC015772,3,106168.47,35389.49,215,23,3,0,2
ACC015773,2,83904.3,41952.15,5,15,2,0,2
ACC015774,1,22534.17,22534.17,0,14,1,0,1
ACC015775,2,77810.05,38905.03,175,7,2,0,1
ACC015776,1,7119.47,7119.47,0,2,1,0,1
ACC015777,1,11032.63,11032.63,0,8,1,0,1
ACC015778,2,53329.25,26664.62,217,18,2,0,1
ACC015779,4,143427.52,35856.88,143,31,4,0,3
ACC015780,1,8628.66,8628.66,0,4,1,0,1
ACC015781,1,15447.9,15447.9,0,6,1,0,1
ACC015783,3,54248.21,18082.74,168,17,3,0,2
ACC015786,2,16666.13,8333.07,68,9,2,0,2
ACC015787,1,13530.27,13530.27,0,1,1,0,1
ACC015790,1,7579.0,7579.0,0,7,1,0,1
ACC015792,1,29866.73,29866.73,0,8,1,0,1
ACC015794,1,2682.62,2682.62,0,6,1,0,1
ACC015795,1,8242.38,8242.38,0,6,1,0,1
ACC015797,1,49396.94,49396.94,0,1,1,0,1
ACC015799,1,27101.45,27101.45,0,8,1,0,1
ACC015801,1,10836.53,10836.53,0,2,1,0,1
ACC015804,2,132006.79,66003.4,76,9,2,0,2
ACC015805,3,160249.69,53416.56,164,29,3,0,3
ACC015806,2,29630.57,14815.28,153,7,2,0,2
ACC015807,1,19573.44,19573.44,0,5,1,0,1
ACC015808,1,4208.48,4208.48,0,3,1,0,1
ACC015809,1,37781.45,37781.45,0,14,1,0,1
ACC015810,1,9567.86,9567.86,0,11,1,0,1
ACC015812,1,14362.18,14362.18,0,6,1,0,1
ACC015813,1,63209.0,63209.0,0,12,1,0,1
ACC015814,2,81739.17,40869.58,231,19,2,1,2
ACC015815,1,29937.81,29937.81,0,12,1,0,1
ACC015816,2,135062.76,67531.38,246,21,2,1,2
ACC015817,1,6386.29,6386.29,0,3,1,0,1
ACC015818,1,61015.53,61015.53,0,6,1,0,1
ACC015819,1,33898.37,33898.37,0,2,1,0,1
ACC015820,2,50879.17,25439.58,64,17,2,1,2
ACC015823,3,39332.92,13110.97,337,21,3,0,3
ACC015824,1,48791.56,48791.56,0,7,1,0,1
ACC015825,1,43336.21,43336.21,0,1,1,0,1
ACC015826,3,31423.48,10474.49,118,25,3,0,3
ACC015827,3,19559.86,6519.95,372,24,3,0,3
ACC015828,2,143874.8,71937.4,71,23,2,0,1
ACC015829,1,18458.03,18458.03,0,5,1,0,1
ACC015830,2,76140.4,38070.2,46,17,2,0,2
ACC015833,2,68168.01,34084.0,79,14,2,0,2
ACC015834,1,12455.17,12455.17,0,4,1,1,1
ACC015835,1,27545.62,27545.62,0,14,1,0,1
ACC015837,1,65159.61,65159.61,0,7,1,0,1
ACC015841,1,43923.0,43923.0,0,4,1,0,1
ACC015842,2,80588.58,40294.29,313,9,2,0,2
ACC015843,3,136078.84,45359.61,212,27,3,0,2
ACC015844,1,51251.67,51251.67,0,12,1,0,1
ACC015845,1,2328.26,2328.26,0,9,1,0,1
ACC015846,2,10539.58,5269.79,29,20,2,0,1
ACC015847,3,128274.72,42758.24,191,23,3,0,3
ACC015848,1,10691.23,10691.23,0,1,1,0,1
ACC015849,3,94718.5,31572.83,249,22,3,0,3
ACC015852,1,5954.07,5954.07,0,2,1,0,1
ACC015854,1,26939.83,26939.83,0,14,1,0,1
ACC015855,1,9985.33,9985.33,0,1,1,0,1
ACC015858,2,46609.55,23304.78,257,5,2,1,2
ACC015859,1,8123.18,8123.18,0,8,1,0,1
ACC015860,1,32916.72,32916.72,0,2,1,0,1
ACC015861,1,32121.12,32121.12,0,13,1,0,1
ACC015863,2,36565.13,18282.56,300,18,2,0,2
ACC015865,1,59150.37,59150.37,0,8,1,1,1
ACC015866,1,34645.32,34645.32,0,13,1,0,1
ACC015867,3,23599.8,7866.6,285,6,3,0,3
ACC015869,1,29958.76,29958.76,0,6,1,1,1
ACC015870,3,61189.84,20396.61,170,24,3,0,3
ACC015873,1,15269.48,15269.48,0,14,1,0,1
ACC015875,1,10865.58,10865.58,0,12,1,0,1
ACC015876,2,44205.15,22102.57,258,10,2,0,2
ACC015877,1,3560.89,3560.89,0,4,1,0,1
ACC015878,3,83349.54,27783.18,188,31,3,0,3
ACC015879,1,5178.69,5178.69,0,5,1,0,1
ACC015881,1,24414.03,24414.03,0,10,1,0,1
ACC015883,1,5630.3,5630.3,0,13,1,0,1
ACC015884,1,23389.46,23389.46,0,13,1,0,1
ACC015886,1,22853.27,22853.27,0,12,1,0,1
ACC015888,1,22955.88,22955.88,0,13,1,0,1
ACC015889,1,30388.65,30388.65,0,5,1,0,1
ACC015890,1,12844.97,12844.97,0,2,1,0,1
ACC015891,2,43674.09,21837.04,295,23,2,0,2
ACC015892,1,14510.13,14510.13,0,12,1,0,1
ACC015896,1,19188.46,19188.46,0,10,1,0,1
ACC015897,2,93923.31,46961.65,306,21,2,1,1
ACC015898,3,50608.22,16869.41,60,38,3,0,3
ACC015899,1,14753.53,14753.53,0,6,1,0,1
ACC015901,2,32223.22,16111.61,227,25,2,0,1
ACC015903,1,11697.68,11697.68,0,3,1,0,1
ACC015904,3,47491.5,15830.5,190,15,3,0,2
ACC015905,2,53798.64,26899.32,275,19,2,0,2
ACC015906,1,38305.64,38305.64,0,11,1,0,1
ACC015907,2,27699.46,13849.73,156,16,2,0,2
ACC015908,1,17021.3,17021.3,0,2,1,0,1
ACC015910,1,4279.37,4279.37,0,11,1,0,1
ACC015912,1,32634.03,32634.03,0,13,1,0,1
ACC015913,3,101036.28,33678.76,411,15,3,0,3
ACC015914,1,9653.11,9653.11,0,4,1,0,1
ACC015915,3,84029.06,28009.69,113,20,3,0,3
ACC015916,1,48829.47,48829.47,0,11,1,0,1
ACC015918,2,46765.42,23382.71,316,24,2,1,2
ACC015921,2,43295.71,21647.86,294,2,2,0,2
ACC015922,3,131939.43,43979.81,245,21,3,0,3
ACC015924,4,112113.49,28028.37,326,38,4,1,4
ACC015926,3,182238.11,60746.04,183,18,3,0,2
ACC015928,1,22663.69,22663.69,0,12,1,0,1
ACC015929,1,46716.65,46716.65,0,11,1,0,1
ACC015930,2,54475.71,27237.85,64,28,2,0,2
ACC015931,1,10161.7,10161.7,0,9,1,0,1
ACC015932,2,50856.13,25428.06,13,7,2,0,2
ACC015935,2,29256.17,14628.08,167,10,2,0,2
ACC015936,2,22314.66,11157.33,18,8,2,0,2
ACC015938,3,36212.36,12070.79,196,22,3,0,3
ACC015939,1,2341.06,2341.06,0,8,1,0,1
ACC015942,1,27968.97,27968.97,0,12,1,0,1
ACC015943,1,9195.82,9195.82,0,11,1,0,1
ACC015944,1,46514.66,46514.66,0,4,1,0,1
ACC015945,4,58591.18,14647.8,388,30,4,0,3
ACC015947,2,60925.18,30462.59,250,12,2,0,2
ACC015951,1,31891.88,31891.88,0,8,1,1,1
ACC015952,1,20513.2,20513.2,0,1,1,0,1
ACC015953,1,3322.83,3322.83,0,11,1,0,1
ACC015954,2,140369.13,70184.57,278,26,2,0,2
ACC015955,1,3732.93,3732.93,0,3,1,0,1
ACC015956,1,34476.43,34476.43,0,7,1,0,1
ACC015961,3,106985.37,35661.79,105,25,3,0,3
ACC015962,2,59410.12,29705.06,56,20,2,0,2
ACC015963,2,75165.07,37582.54,298,8,2,0,2
ACC015964,2,72748.03,36374.01,370,23,2,0,2
ACC015965,2,17201.9,8600.95,148,11,2,0,2
ACC015966,3,86298.36,28766.12,189,18,3,0,2
ACC015967,2,57372.65,28686.32,191,6,2,0,2
ACC015968,2,17541.69,8770.84,53,14,2,0,2
ACC015970,1,28105.34,28105.34,0,1,1,0,1
ACC015971,1,25541.01,25541.01,0,6,1,0,1
ACC015973,1,12123.31,12123.31,0,14,1,0,1
ACC015975,3,77487.02,25829.01,389,21,3,1,3
ACC015976,3,113320.27,37773.42,174,15,3,0,3
ACC015977,1,5261.75,5261.75,0,4,1,0,1
ACC015979,2,31313.74,15656.87,11,13,2,0,1
ACC015980,3,87941.01,29313.67,132,19,3,0,3
ACC015982,1,3955.43,3955.43,0,14,1,0,1
ACC015983,1,13131.29,13131.29,0,13,1,0,1
ACC015985,1,3683.83,3683.83,0,12,1,0,1
ACC015987,2,89387.04,44693.52,294,19,2,1,2
ACC015990,2,22369.56,11184.78,125,10,2,0,2
ACC015992,1,1946.93,1946.93,0,1,1,0,1
ACC015994,2,48368.6,24184.3,81,5,2,0,2
ACC015996,2,40118.78,20059.39,62,11,2,0,1
ACC015997,1,56243.65,56243.65,0,5,1,0,1
ACC015998,3,63936.39,21312.13,299,26,3,0,2
ACC015999,1,75802.52,75802.52,0,1,1,0,1
ACC016002,2,9265.03,4632.52,184,23,2,0,2
ACC016006,1,26056.51,26056.51,0,6,1,0,1
ACC016007,1,28989.96,28989.96,0,14,1,0,1
ACC016011,4,136952.66,34238.17,258,15,4,0,4
ACC016013,2,28683.83,14341.91,76,18,2,0,2
ACC016015,1,19580.96,19580.96,0,8,1,0,1
ACC016016,2,20014.33,10007.16,155,6,2,0,2
ACC016018,1,32442.95,32442.95,0,12,1,0,1
ACC016021,1,1299.78,1299.78,0,5,1,0,1
ACC016025,3,32963.29,10987.76,156,31,3,0,3
ACC016026,2,16006.67,8003.33,391,12,2,0,2
ACC016027,2,19408.19,9704.1,108,11,2,0,2
ACC016028,2,20560.24,10280.12,21,23,2,1,2
ACC016030,3,40065.9,13355.3,288,15,3,0,3
ACC016031,2,41790.02,20895.01,251,14,2,0,2
ACC016033,2,67475.71,33737.86,21,10,2,0,2
ACC016035,2,75669.55,37834.78,163,16,2,0,1
ACC016036,1,3989.74,3989.74,0,1,1,0,1
ACC016038,2,79081.05,39540.53,218,16,2,0,2
ACC016039,4,136493.43,34123.36,337,32,4,0,4
ACC016040,2,93551.9,46775.95,237,17,2,0,2
ACC016042,2,37399.04,18699.52,122,21,2,0,2
ACC016043,2,13565.12,6782.56,45,8,2,0,2
ACC016044,1,34925.05,34925.05,0,9,1,0,1
ACC016045,3,78773.52,26257.84,268,26,3,0,2
ACC016046,1,33654.41,33654.41,0,10,1,0,1
ACC016048,3,55290.54,18430.18,151,33,3,0,3
ACC016051,2,21635.56,10817.78,124,13,2,0,1
ACC016052,1,3270.36,3270.36,0,13,1,0,1
ACC016053,1,3353.19,3353.19,0,1,1,0,1
ACC016055,3,47713.01,15904.34,113,11,3,0,3
ACC016057,2,55827.26,27913.63,208,17,2,0,1
ACC016058,2,54048.4,27024.2,78,7,2,1,2
ACC016059,1,9053.66,9053.66,0,14,1,0,1
ACC016060,1,25743.52,25743.52,0,1,1,0,1
ACC016061,2,13288.5,6644.25,203,21,2,0,2
ACC016062,1,28565.57,28565.57,0,11,1,0,1
ACC016064,1,8755.17,8755.17,0,9,1,0,1
ACC016065,1,17832.51,17832.51,0,2,1,0,1
ACC016066,1,12488.92,12488.92,0,13,1,0,1
ACC016067,3,45005.82,15001.94,335,15,3,1,3
ACC016068,1,15840.64,15840.64,0,11,1,0,1
ACC016073,2,34801.3,17400.65,56,19,2,0,2
ACC016075,1,16925.32,16925.32,0,2,1,0,1
ACC016076,1,40896.69,40896.69,0,2,1,0,1
ACC016077,1,10189.59,10189.59,0,7,1,0,1
ACC016078,2,28655.42,14327.71,70,12,2,0,2
ACC016080,1,1254.39,1254.39,0,3,1,0,1
ACC016081,2,15594.5,7797.25,119,3,2,1,2
ACC016083,1,66222.52,66222.52,0,9,1,0,1
ACC016084,2,19006.61,9503.31,160,14,2,0,2
ACC016085,1,1146.0,1146.0,0,6,1,0,1
ACC016089,3,138777.06,46259.02,334,15,3,0,3
ACC016090,2,49457.14,24728.57,144,13,2,0,2
ACC016091,3,81237.38,27079.13,237,20,3,0,2
ACC016092,2,21461.08,10730.54,88,24,2,0,1
ACC016093,1,4684.91,4684.91,0,4,1,0,1
ACC016094,1,8162.64,8162.64,0,9,1,0,1
ACC016096,1,21530.32,21530.32,0,3,1,0,1
ACC016099,2,73912.56,36956.28,87,6,2,0,2
ACC016100,1,60350.99,60350.99,0,7,1,0,1
ACC016101,3,81805.0,27268.33,397,18,3,0,3
ACC016102,3,96712.4,32237.47,160,12,3,0,3
ACC016103,1,17550.48,17550.48,0,14,1,0,1
ACC016104,1,59121.55,59121.55,0,12,1,0,1
ACC016106,2,25924.6,12962.3,12,15,2,1,2
ACC016107,2,79660.48,39830.24,68,12,2,0,2
ACC016109,1,25140.45,25140.45,0,12,1,0,1
ACC016111,1,29662.72,29662.72,0,9,1,0,1
ACC016112,2,79151.14,39575.57,59,17,2,0,1
ACC016114,2,32776.37,16388.19,122,25,2,0,1
ACC016116,2,53735.96,26867.98,20,3,2,0,2
ACC016117,1,5213.89,5213.89,0,11,1,0,1
ACC016118,1,54559.26,54559.26,0,3,1,0,1
ACC016120,2,30683.89,15341.94,34,15,2,0,2
ACC016122,3,85981.82,28660.61,237,32,3,0,3
ACC016126,1,8047.05,8047.05,0,9,1,1,1
ACC016127,1,10766.08,10766.08,0,4,1,0,1
ACC016128,2,29447.34,14723.67,261,6,2,0,2
ACC016129,1,1679.78,1679.78,0,5,1,0,1
ACC016130,3,165148.78,55049.59,230,23,3,0,2
ACC016132,1,7614.05,7614.05,0,4,1,0,1
ACC016135,1,99846.72,99846.72,0,4,1,1,1
ACC016136,1,3906.22,3906.22,0,3,1,0,1
ACC016137,1,26911.05,26911.05,0,10,1,0,1
ACC016138,1,10399.98,10399.98,0,5,1,0,1
ACC016139,1,26389.51,26389.51,0,9,1,0,1
ACC016141,1,14874.02,14874.02,0,4,1,0,1
ACC016146,2,62079.77,31039.89,126,11,2,0,2
ACC016147,1,35788.82,35788.82,0,1,1,0,1
ACC016148,3,58037.06,19345.69,333,23,3,1,3
ACC016150,2,13331.52,6665.76,120,20,2,0,2
ACC016152,1,17067.84,17067.84,0,11,1,0,1
ACC016153,1,12338.03,12338.03,0,9,1,0,1
ACC016154,1,7481.62,7481.62,0,11,1,0,1
ACC016155,2,75515.28,37757.64,61,27,2,0,2
ACC016156,1,2702.89,2702.89,0,10,1,0,1
ACC016157,2,207945.22,103972.61,88,9,2,0,2
ACC016162,1,10999.49,10999.49,0,14,1,1,1
ACC016163,1,9961.75,9961.75,0,10,1,0,1
ACC016164,3,117876.54,39292.18,145,25,3,0,2
ACC016166,3,183348.41,61116.14,223,20,3,1,2
ACC016167,1,12745.7,12745.7,0,8,1,0,1
ACC016172,2,80286.59,40143.29,84,20,2,0,2
ACC016173,2,90779.71,45389.86,109,18,2,0,2
ACC016174,2,66361.29,33180.65,28,14,2,0,2
ACC016175,2,23837.72,11918.86,62,19,2,0,2
ACC016177,2,43482.22,21741.11,115,9,2,0,2
ACC016179,2,27430.46,13715.23,103,10,2,0,2
ACC016180,3,47412.49,15804.16,305,22,3,0,3
ACC016181,2,25147.26,12573.63,170,7,2,0,1
ACC016182,2,129216.28,64608.14,119,17,2,0,2
ACC016185,1,72276.34,72276.34,0,2,1,0,1
ACC016186,1,68079.86,68079.86,0,6,1,0,1
ACC016187,1,10880.93,10880.93,0,7,1,0,1
ACC016190,1,28655.14,28655.14,0,9,1,0,1
ACC016191,2,22780.39,11390.19,60,17,2,0,2
ACC016194,1,3203.19,3203.19,0,4,1,0,1
ACC016196,2,29677.2,14838.6,98,20,2,0,1
ACC016197,2,25789.96,12894.98,50,22,2,0,2
ACC016198,1,36552.99,36552.99,0,8,1,0,1
ACC016199,1,14817.2,14817.2,0,6,1,0,1
ACC016200,1,50214.92,50214.92,0,7,1,0,1
ACC016201,1,19324.15,19324.15,0,8,1,1,1
ACC016202,1,27716.3,27716.3,0,9,1,1,1
ACC016203,3,117698.99,39233.0,199,19,3,0,3
ACC016206,3,57409.68,19136.56,297,39,3,0,2
ACC016207,2,27478.36,13739.18,145,3,2,0,2
ACC016208,1,11501.25,11501.25,0,4,1,0,1
ACC016210,4,40063.31,10015.83,274,28,4,0,4
ACC016211,2,71180.73,35590.36,78,17,2,0,1
ACC016212,1,85953.78,85953.78,0,3,1,0,1
ACC016213,1,74394.19,74394.19,0,8,1,0,1
ACC016218,2,88806.43,44403.21,46,8,2,0,2
ACC016221,1,2591.11,2591.11,0,6,1,0,1
ACC016222,2,91946.61,45973.31,169,14,2,0,1
ACC016224,1,85728.0,85728.0,0,2,1,0,1
ACC016225,1,87914.0,87914.0,0,13,1,0,1
ACC016227,2,9664.6,4832.3,104,23,2,0,2
ACC016228,3,48481.81,16160.6,121,29,3,1,3
ACC016229,1,9723.82,9723.82,0,4,1,0,1
ACC016230,3,125507.14,41835.71,138,38,3,0,3
ACC016231,2,11839.76,5919.88,128,16,2,0,2
ACC016234,1,7611.97,7611.97,0,13,1,0,1
ACC016235,2,20746.34,10373.17,166,11,2,0,2
ACC016236,1,25089.35,25089.35,0,8,1,0,1
ACC016239,2,31455.97,15727.99,321,17,2,0,1
ACC016240,1,9373.95,9373.95,0,2,1,0,1
ACC016242,1,34397.14,34397.14,0,7,1,0,1
ACC016243,1,3432.22,3432.22,0,4,1,0,1
ACC016245,1,7451.49,7451.49,0,10,1,0,1
ACC016246,1,667.52,667.52,0,3,1,0,1
ACC016247,1,40068.49,40068.49,0,10,1,0,1
ACC016249,1,27018.29,27018.29,0,10,1,0,1
ACC016253,1,1995.48,1995.48,0,7,1,0,1
ACC016254,2,85631.38,42815.69,38,13,2,0,1
ACC016257,2,15703.36,7851.68,194,9,2,0,2
ACC016259,1,20917.25,20917.25,0,10,1,0,1
ACC016260,2,46579.81,23289.9,27,17,2,0,2
ACC016261,1,12565.98,12565.98,0,14,1,0,1
ACC016262,1,2139.1,2139.1,0,10,1,0,1
ACC016263,1,16358.58,16358.58,0,8,1,0,1
ACC016266,1,10677.36,10677.36,0,8,1,0,1
ACC016267,2,54648.03,27324.01,299,25,2,0,2
ACC016268,1,17163.52,17163.52,0,6,1,0,1
ACC016270,2,86491.7,43245.85,355,21,2,0,2
ACC016272,1,26099.42,26099.42,0,8,1,0,1
ACC016274,4,31199.57,7799.89,128,15,4,0,3
ACC016275,1,28517.61,28517.61,0,4,1,0,1
ACC016277,1,32660.52,32660.52,0,3,1,0,1
ACC016279,2,12657.71,6328.85,363,21,2,1,2
ACC016281,1,4752.44,4752.44,0,5,1,0,1
ACC016282,2,6597.56,3298.78,229,22,2,0,2
ACC016284,1,8373.79,8373.79,0,14,1,0,1
ACC016286,1,22506.59,22506.59,0,8,1,1,1
ACC016287,1,4541.53,4541.53,0,4,1,0,1
ACC016288,1,10912.82,10912.82,0,10,1,0,1
ACC016290,1,36899.04,36899.04,0,12,1,0,1
ACC016293,3,101406.58,33802.19,76,31,3,0,3
ACC016294,1,21022.41,21022.41,0,3,1,0,1
ACC016299,3,131510.31,43836.77,139,30,3,0,3
ACC016300,1,3971.62,3971.62,0,6,1,0,1
ACC016301,1,15488.96,15488.96,0,3,1,0,1
ACC016302,1,19111.22,19111.22,0,8,1,0,1
ACC016303,1,23601.48,23601.48,0,10,1,0,1
ACC016305,1,5482.78,5482.78,0,1,1,0,1
ACC016306,1,19740.4,19740.4,0,14,1,0,1
ACC016307,1,38512.86,38512.86,0,13,1,0,1
ACC016309,1,15911.13,15911.13,0,9,1,0,1
ACC016310,1,21321.34,21321.34,0,4,1,0,1
ACC016311,1,29894.84,29894.84,0,2,1,0,1
ACC016312,1,25286.44,25286.44,0,12,1,0,1
ACC016314,1,9746.83,9746.83,0,11,1,1,1
ACC016317,1,22804.58,22804.58,0,13,1,0,1
ACC016320,1,15822.82,15822.82,0,13,1,0,1
ACC016323,2,51219.38,25609.69,208,16,2,0,1
ACC016325,2,150609.93,75304.96,72,23,2,0,2
ACC016326,2,69135.34,34567.67,237,12,2,0,2
ACC016328,1,9079.98,9079.98,0,12,1,0,1
ACC016329,1,11466.35,11466.35,0,6,1,0,1
ACC016330,2,23573.11,11786.55,132,16,2,0,2
ACC016331,1,26237.65,26237.65,0,14,1,1,1
ACC016334,4,100006.13,25001.53,294,37,4,0,2
ACC016337,3,29618.13,9872.71,74,21,3,0,2
ACC016339,1,800.25,800.25,0,6,1,0,1
ACC016342,1,6261.87,6261.87,0,14,1,0,1
ACC016344,2,35362.34,17681.17,18,19,2,0,2
ACC016346,1,5519.44,5519.44,0,13,1,0,1
ACC016348,1,73554.83,73554.83,0,6,1,0,1
ACC016349,1,524.26,524.26,0,8,1,0,1
ACC016350,2,134330.47,67165.24,0,20,2,0,2
ACC016351,2,119637.88,59818.94,152,15,2,0,2
ACC016354,2,16201.8,8100.9,388,20,2,1,1
ACC016356,1,39219.63,39219.63,0,3,1,0,1
ACC016359,1,6081.16,6081.16,0,9,1,0,1
ACC016362,4,67635.63,16908.91,290,22,4,0,3
ACC016363,3,71567.98,23855.99,76,27,3,0,3
ACC016365,1,20457.6,20457.6,0,8,1,0,1
ACC016366,1,31219.8,31219.8,0,3,1,0,1
ACC016367,2,17115.41,8557.7,105,20,2,0,2
ACC016371,1,12533.43,12533.43,0,3,1,1,1
ACC016373,2,29633.43,14816.72,85,11,2,0,1
ACC016375,2,142056.23,71028.12,281,14,2,0,1
ACC016376,1,24963.97,24963.97,0,4,1,0,1
ACC016377,1,12237.7,12237.7,0,11,1,1,1
ACC016381,1,28312.18,28312.18,0,5,1,0,1
ACC016382,2,67328.61,33664.31,105,14,2,0,2
ACC016383,1,46880.24,46880.24,0,5,1,0,1
ACC016384,1,13699.51,13699.51,0,14,1,0,1
ACC016385,1,43386.86,43386.86,0,14,1,0,1
ACC016387,2,67651.38,33825.69,117,9,2,0,1
ACC016389,2,74614.24,37307.12,101,11,2,0,2
ACC016390,1,30387.06,30387.06,0,2,1,0,1
ACC016391,1,4350.79,4350.79,0,11,1,0,1
ACC016394,1,11210.36,11210.36,0,5,1,0,1
ACC016395,4,55211.43,13802.86,378,36,4,1,3
ACC016396,1,46252.92,46252.92,0,4,1,0,1
ACC016398,1,62811.84,62811.84,0,3,1,0,1
ACC016399,1,31036.12,31036.12,0,2,1,0,1
ACC016400,2,67838.83,33919.42,133,13,2,0,2
ACC016401,2,40108.59,20054.29,26,14,2,0,1
ACC016402,1,20761.99,20761.99,0,4,1,0,1
ACC016403,1,37313.73,37313.73,0,3,1,0,1
ACC016404,1,19447.88,19447.88,0,5,1,0,1
ACC016405,1,14292.94,14292.94,0,1,1,0,1
ACC016407,2,52534.39,26267.19,181,6,2,0,2
ACC016409,1,60724.18,60724.18,0,3,1,0,1
ACC016410,2,51302.61,25651.31,317,14,2,0,2
ACC016411,1,34992.86,34992.86,0,9,1,0,1
ACC016412,2,13957.48,6978.74,130,18,2,0,1
ACC016416,1,66402.02,66402.02,0,3,1,0,1
ACC016417,1,45679.55,45679.55,0,2,1,0,1
ACC016419,1,36395.85,36395.85,0,3,1,0,1
ACC016421,3,41092.48,13697.49,115,29,3,0,2
ACC016424,1,1585.63,1585.63,0,4,1,0,1
ACC016425,1,32360.52,32360.52,0,8,1,0,1
ACC016426,1,30976.22,30976.22,0,1,1,1,1
ACC016428,2,71146.02,35573.01,321,19,2,1,2
ACC016429,1,1703.72,1703.72,0,10,1,0,1
ACC016430,1,69653.24,69653.24,0,9,1,0,1
ACC016431,1,13256.76,13256.76,0,11,1,0,1
ACC016432,1,21682.87,21682.87,0,9,1,0,1
ACC016434,2,9445.75,4722.88,71,14,2,1,2
ACC016436,1,5673.93,5673.93,0,13,1,0,1
ACC016438,1,25445.53,25445.53,0,6,1,0,1
ACC016439,2,62333.78,31166.89,218,17,2,1,2
ACC016440,2,110701.13,55350.57,138,21,2,0,2
ACC016442,1,38511.26,38511.26,0,12,1,1,1
ACC016446,1,31466.77,31466.77,0,9,1,0,1
ACC016447,2,27370.34,13685.17,150,15,2,0,2
ACC016448,1,31391.79,31391.79,0,4,1,0,1
ACC016449,1,18520.47,18520.47,0,12,1,0,1
ACC016450,4,51385.07,12846.27,296,21,4,0,3
ACC016451,1,30490.75,30490.75,0,3,1,0,1
ACC016453,1,11184.38,11184.38,0,6,1,0,1
ACC016454,1,2005.24,2005.24,0,11,1,0,1
ACC016455,2,22097.21,11048.6,238,13,2,0,2
ACC016456,2,56046.36,28023.18,37,12,2,0,1
ACC016459,1,8546.94,8546.94,0,3,1,0,1
ACC016461,2,41575.43,20787.72,11,14,2,0,2
ACC016463,1,26459.28,26459.28,0,12,1,0,1
ACC016464,3,93138.63,31046.21,216,22,3,0,3
ACC016466,3,176621.69,58873.9,125,13,3,0,3
ACC016469,2,70679.51,35339.76,233,21,2,0,2
ACC016471,1,47802.96,47802.96,0,14,1,0,1
ACC016474,2,35121.57,17560.78,358,23,2,1,2
ACC016479,2,63399.93,31699.97,59,14,2,0,2
ACC016482,3,112508.01,37502.67,386,24,3,0,2
ACC016483,1,10962.26,10962.26,0,7,1,0,1
ACC016485,2,51757.42,25878.71,287,16,2,1,2
ACC016486,1,29220.84,29220.84,0,3,1,0,1
ACC016488,1,18174.93,18174.93,0,3,1,0,1
ACC016489,2,78944.98,39472.49,169,21,2,0,2
ACC016490,1,16064.85,16064.85,0,14,1,0,1
ACC016491,2,25058.11,12529.06,178,23,2,0,2
ACC016492,1,14407.44,14407.44,0,1,1,0,1
ACC016493,1,17689.65,17689.65,0,2,1,0,1
ACC016494,3,107416.7,35805.57,101,21,3,0,2
ACC016495,1,32249.14,32249.14,0,9,1,1,1
ACC016496,1,7731.42,7731.42,0,4,1,0,1
ACC016497,1,44349.8,44349.8,0,7,1,0,1
ACC016498,3,69965.51,23321.84,344,23,3,0,3
ACC016499,1,5706.17,5706.17,0,6,1,0,1
ACC016501,1,15883.16,15883.16,0,2,1,0,1
ACC016502,1,33479.21,33479.21,0,3,1,1,1
ACC016505,1,39740.88,39740.88,0,13,1,0,1
ACC016509,3,118253.5,39417.83,267,24,3,0,3
ACC016510,1,2767.96,2767.96,0,14,1,0,1
ACC016511,1,46490.4,46490.4,0,8,1,0,1
ACC016514,3,140231.98,46743.99,179,22,3,0,2
ACC016515,1,15242.83,15242.83,0,9,1,0,1
ACC016516,1,50333.59,50333.59,0,8,1,0,1
ACC016517,1,10067.03,10067.03,0,5,1,0,1
ACC016519,2,28576.66,14288.33,124,19,2,0,2
ACC016520,1,12259.07,12259.07,0,13,1,0,1
ACC016522,1,21954.51,21954.51,0,5,1,0,1
ACC016523,3,50619.09,16873.03,364,20,3,1,3
ACC016524,2,73729.61,36864.81,241,25,2,0,2
ACC016525,2,25451.54,12725.77,180,12,2,0,2
ACC016528,2,52318.34,26159.17,53,20,2,0,1
ACC016532,1,53800.22,53800.22,0,11,1,0,1
ACC016534,1,1354.46,1354.46,0,12,1,0,1
ACC016535,1,29005.92,29005.92,0,6,1,0,1
ACC016536,2,30689.68,15344.84,82,11,2,0,2
ACC016537,1,7637.78,7637.78,0,2,1,0,1
ACC016538,2,25511.18,12755.59,46,4,2,0,2
ACC016539,2,59449.77,29724.89,67,25,2,1,2
ACC016540,1,10902.79,10902.79,0,4,1,0,1
ACC016541,4,66499.03,16624.76,57,36,4,0,3
ACC016542,2,13678.82,6839.41,84,11,2,0,2
ACC016544,3,47158.25,15719.42,275,19,3,0,3
ACC016546,3,41041.44,13680.48,251,28,3,0,2
ACC016547,1,20196.01,20196.01,0,11,1,0,1
ACC016548,2,46845.17,23422.59,181,14,2,0,2
ACC016551,1,9342.59,9342.59,0,6,1,0,1
ACC016552,1,14202.09,14202.09,0,10,1,0,1
ACC016555,1,7100.65,7100.65,0,1,1,0,1
ACC016557,2,81122.33,40561.17,277,9,2,0,2
ACC016559,1,14305.43,14305.43,0,10,1,0,1
ACC016562,1,2167.92,2167.92,0,7,1,0,1
ACC016564,1,8476.45,8476.45,0,13,1,0,1
ACC016566,1,33160.05,33160.05,0,13,1,0,1
ACC016567,1,44694.98,44694.98,0,1,1,0,1
ACC016568,1,778.13,778.13,0,3,1,0,1
ACC016569,1,25380.43,25380.43,0,6,1,0,1
ACC016570,3,67693.81,22564.6,355,17,3,0,3
ACC016571,1,53092.17,53092.17,0,11,1,0,1
ACC016572,3,62576.06,20858.69,224,18,3,0,3
ACC016574,2,51404.83,25702.42,17,15,2,0,1
ACC016576,1,7298.56,7298.56,0,12,1,0,1
ACC016578,5,173652.33,34730.47,379,35,5,0,5
ACC016579,4,68487.59,17121.9,142,22,4,1,4
ACC016580,2,56735.95,28367.97,140,22,2,0,2
ACC016582,1,22514.84,22514.84,0,5,1,0,1
ACC016584,2,13600.36,6800.18,66,27,2,0,2
ACC016585,1,64496.26,64496.26,0,1,1,0,1
ACC016586,3,52267.33,17422.44,78,16,3,0,2
ACC016587,1,21212.24,21212.24,0,3,1,0,1
ACC016588,2,33159.06,16579.53,186,12,2,0,2
ACC016589,2,18850.03,9425.01,54,12,2,0,2
ACC016592,2,34525.94,17262.97,181,4,2,0,2
ACC016595,1,53511.18,53511.18,0,10,1,0,1
ACC016596,3,72449.43,24149.81,211,15,3,1,3
ACC016598,1,2998.96,2998.96,0,10,1,0,1
ACC016600,1,31960.52,31960.52,0,5,1,0,1
ACC016601,1,12349.75,12349.75,0,5,1,0,1
ACC016602,1,6751.41,6751.41,0,14,1,0,1
ACC016603,2,42729.87,21364.94,2,4,2,0,2
ACC016604,1,1213.07,1213.07,0,9,1,0,1
ACC016605,1,34781.85,34781.85,0,7,1,0,1
ACC016606,2,19150.6,9575.3,196,11,2,1,2
ACC016607,2,86620.59,43310.29,4,14,2,0,2
ACC016608,2,9356.72,4678.36,253,19,2,0,2
ACC016609,3,34535.37,11511.79,153,27,3,0,3
ACC016610,1,61702.46,61702.46,0,1,1,0,1
ACC016611,1,5657.16,5657.16,0,8,1,0,1
ACC016612,1,5058.7,5058.7,0,6,1,0,1
ACC016613,1,6059.73,6059.73,0,12,1,0,1
ACC016615,1,22527.74,22527.74,0,3,1,0,1
ACC016616,2,40496.91,20248.46,92,20,2,1,2
ACC016617,2,60607.02,30303.51,123,6,2,0,2
ACC016619,3,110937.83,36979.28,135,14,3,0,3
ACC016620,1,33201.1,33201.1,0,13,1,0,1
ACC016621,1,5122.2,5122.2,0,3,1,0,1
ACC016623,1,8982.66,8982.66,0,14,1,0,1
ACC016626,1,2856.67,2856.67,0,6,1,0,1
ACC016627,2,70559.69,35279.85,30,15,2,0,2
ACC016629,1,18441.79,18441.79,0,9,1,0,1
ACC016630,4,50673.08,12668.27,330,33,4,0,3
ACC016632,1,10273.15,10273.15,0,11,1,0,1
ACC016633,1,101464.67,101464.67,0,13,1,0,1
ACC016635,2,5010.96,2505.48,30,15,2,0,2
ACC016636,1,564.8,564.8,0,2,1,0,1
ACC016640,2,50272.11,25136.06,10,11,2,0,2
ACC016641,2,40467.34,20233.67,179,26,2,0,2
ACC016643,1,45335.02,45335.02,0,4,1,1,1
ACC016646,1,2995.06,2995.06,0,12,1,0,1
ACC016647,3,70538.66,23512.89,38,13,3,1,3
ACC016648,2,36899.39,18449.69,0,19,2,2,2
ACC016650,1,48822.05,48822.05,0,6,1,0,1
ACC016651,3,93239.8,31079.93,273,32,3,1,2
ACC016652,1,1204.52,1204.52,0,6,1,0,1
ACC016653,1,63780.18,63780.18,0,2,1,0,1
ACC016654,2,68700.21,34350.1,98,15,2,0,2
ACC016658,1,32899.09,32899.09,0,13,1,0,1
ACC016659,3,16714.68,5571.56,286,33,3,0,3
ACC016660,1,1673.71,1673.71,0,12,1,0,1
ACC016661,1,4995.14,4995.14,0,1,1,0,1
ACC016662,1,500.29,500.29,0,5,1,0,1
ACC016663,2,35202.68,17601.34,165,23,2,0,2
ACC016664,2,40501.05,20250.53,293,17,2,0,2
ACC016665,2,143277.0,71638.5,66,23,2,0,2
ACC016666,2,10431.44,5215.72,33,16,2,0,2
ACC016668,2,44002.23,22001.12,71,27,2,0,2
ACC016672,1,4515.31,4515.31,0,3,1,0,1
ACC016673,2,51670.05,25835.03,77,18,2,0,2
ACC016675,1,32272.06,32272.06,0,12,1,0,1
ACC016676,3,84973.17,28324.39,296,15,3,1,2
ACC016678,1,22425.28,22425.28,0,8,1,0,1
ACC016683,1,14212.95,14212.95,0,3,1,1,1
ACC016686,3,39478.81,13159.6,236,24,3,0,2
ACC016687,1,11424.99,11424.99,0,12,1,0,1
ACC016689,1,4305.64,4305.64,0,11,1,0,1
ACC016691,1,9356.08,9356.08,0,9,1,0,1
ACC016692,3,79152.01,26384.0,243,27,3,1,2
ACC016695,1,28343.37,28343.37,0,14,1,0,1
ACC016696,2,54644.67,27322.34,313,13,2,0,2
ACC016697,2,84206.62,42103.31,44,23,2,0,2
ACC016699,1,13905.08,13905.08,0,1,1,1,1
ACC016700,2,33806.76,16903.38,45,6,2,0,2
ACC016702,1,26022.06,26022.06,0,1,1,0,1
ACC016703,1,20601.65,20601.65,0,5,1,0,1
ACC016706,2,128957.62,64478.81,185,19,2,0,2
ACC016708,2,37539.43,18769.72,69,10,2,0,1
ACC016710,1,22504.92,22504.92,0,1,1,0,1
ACC016713,1,23871.32,23871.32,0,1,1,1,1
ACC016715,1,15537.94,15537.94,0,10,1,0,1
ACC016716,1,56706.34,56706.34,0,6,1,0,1
ACC016717,1,13864.14,13864.14,0,8,1,0,1
ACC016719,2,30409.42,15204.71,95,24,2,0,2
ACC016720,1,29636.98,29636.98,0,1,1,0,1
ACC016723,1,44224.45,44224.45,0,5,1,0,1
ACC016724,2,60942.98,30471.49,20,17,2,0,2
ACC016725,1,69837.78,69837.78,0,3,1,0,1
ACC016728,3,95258.9,31752.97,216,27,3,0,2
ACC016730,1,2281.43,2281.43,0,1,1,0,1
ACC016731,2,44864.29,22432.15,249,13,2,0,2
ACC016732,1,21584.72,21584.72,0,12,1,0,1
ACC016734,3,21208.45,7069.48,361,31,3,1,2
ACC016735,1,17876.46,17876.46,0,5,1,0,1
ACC016736,4,130325.16,32581.29,281,34,4,0,3
ACC016739,1,17252.91,17252.91,0,9,1,0,1
ACC016741,1,4052.24,4052.24,0,14,1,0,1
ACC016742,1,17455.68,17455.68,0,9,1,0,1
ACC016743,1,8511.69,8511.69,0,6,1,0,1
ACC016744,2,18374.41,9187.2,14,6,2,0,1
ACC016745,1,100004.06,100004.06,0,10,1,0,1
ACC016746,1,3342.6,3342.6,0,5,1,0,1
ACC016747,2,39638.71,19819.35,105,18,2,0,1
ACC016749,1,10805.83,10805.83,0,14,1,0,1
ACC016750,1,11849.16,11849.16,0,8,1,0,1
ACC016751,1,14744.62,14744.62,0,4,1,0,1
ACC016752,1,83842.19,83842.19,0,11,1,0,1
ACC016753,1,76152.42,76152.42,0,3,1,0,1
ACC016754,1,40561.95,40561.95,0,14,1,0,1
ACC016755,1,1427.24,1427.24,0,14,1,0,1
ACC016760,3,88273.74,29424.58,148,19,3,0,3
ACC016761,4,57664.64,14416.16,130,33,4,0,3
ACC016762,2,38762.59,19381.29,118,15,2,1,2
ACC016763,2,4869.0,2434.5,18,12,2,0,2
ACC016765,2,63568.61,31784.31,364,24,2,0,2
ACC016766,1,31590.25,31590.25,0,10,1,0,1
ACC016767,2,62322.85,31161.42,166,10,2,0,1
ACC016768,1,73483.75,73483.75,0,10,1,0,1
ACC016769,1,66612.91,66612.91,0,5,1,0,1
ACC016770,1,30560.54,30560.54,0,5,1,0,1
ACC016771,1,61815.13,61815.13,0,11,1,0,1
ACC016773,4,115845.47,28961.37,158,29,4,0,4
ACC016774,1,4284.68,4284.68,0,2,1,0,1
ACC016775,1,21345.64,21345.64,0,9,1,0,1
ACC016778,2,42117.14,21058.57,11,18,2,0,2
ACC016779,1,41456.82,41456.82,0,14,1,0,1
ACC016780,1,22327.68,22327.68,0,12,1,0,1
ACC016781,1,19961.59,19961.59,0,2,1,0,1
ACC016782,1,61136.27,61136.27,0,13,1,0,1
ACC016783,1,10735.33,10735.33,0,3,1,0,1
ACC016786,1,20603.83,20603.83,0,12,1,0,1
ACC016791,3,64288.5,21429.5,88,30,3,0,3
ACC016793,1,4426.97,4426.97,0,3,1,0,1
ACC016794,1,2872.3,2872.3,0,13,1,0,1
ACC016797,1,4346.43,4346.43,0,14,1,1,1
ACC016799,2,16699.57,8349.78,223,10,2,0,2
ACC016803,1,17293.45,17293.45,0,6,1,0,1
ACC016805,2,93517.55,46758.78,94,9,2,0,2
ACC016806,2,32746.11,16373.06,293,14,2,1,2
ACC016807,4,84737.14,21184.28,296,12,4,0,3
ACC016809,1,54397.09,54397.09,0,3,1,0,1
ACC016810,2,46577.25,23288.62,234,8,2,0,2
ACC016811,1,4500.68,4500.68,0,9,1,0,1
ACC016812,2,47050.22,23525.11,135,14,2,0,2
ACC016813,1,60395.45,60395.45,0,11,1,0,1
ACC016814,1,52355.93,52355.93,0,6,1,0,1
ACC016817,1,107189.93,107189.93,0,9,1,0,1
ACC016822,1,58264.75,58264.75,0,4,1,0,1
ACC016823,1,9994.14,9994.14,0,6,1,0,1
ACC016824,2,38485.2,19242.6,301,10,2,1,2
ACC016825,1,4554.03,4554.03,0,9,1,0,1
ACC016829,3,229911.01,76637.0,69,15,3,0,3
ACC016830,1,18290.54,18290.54,0,9,1,0,1
ACC016832,1,51237.74,51237.74,0,1,1,0,1
ACC016835,1,63083.39,63083.39,0,11,1,0,1
ACC016836,1,15347.89,15347.89,0,10,1,0,1
ACC016838,1,4742.86,4742.86,0,6,1,0,1
ACC016842,2,39191.34,19595.67,92,15,2,0,2
ACC016843,1,31293.72,31293.72,0,12,1,0,1
ACC016844,1,27715.88,27715.88,0,9,1,0,1
ACC016845,3,40249.94,13416.65,201,21,3,0,2
ACC016848,1,7631.0,7631.0,0,10,1,0,1
ACC016851,1,64404.06,64404.06,0,13,1,0,1
ACC016852,1,31956.37,31956.37,0,3,1,0,1
ACC016853,1,7785.43,7785.43,0,10,1,0,1
ACC016854,1,31408.66,31408.66,0,6,1,0,1
ACC016855,1,18622.6,18622.6,0,3,1,0,1
ACC016861,1,19488.29,19488.29,0,6,1,1,1
ACC016866,2,58968.52,29484.26,146,11,2,0,2
ACC016868,1,1449.68,1449.68,0,3,1,0,1
ACC016869,2,3987.54,1993.77,96,19,2,0,1
ACC016872,1,20067.24,20067.24,0,4,1,0,1
ACC016873,1,4867.7,4867.7,0,13,1,0,1
ACC016874,1,6757.77,6757.77,0,5,1,0,1
ACC016877,1,10425.26,10425.26,0,3,1,0,1
ACC016878,1,4985.15,4985.15,0,6,1,0,1
ACC016879,2,33620.63,16810.32,307,9,2,0,1
ACC016880,1,5407.49,5407.49,0,10,1,0,1
ACC016881,3,45597.68,15199.23,119,27,3,0,2
ACC016882,1,4182.31,4182.31,0,11,1,0,1
ACC016883,1,9461.97,9461.97,0,1,1,0,1
ACC016884,1,17179.07,17179.07,0,6,1,0,1
ACC016888,1,36248.82,36248.82,0,11,1,0,1
ACC016889,1,67103.88,67103.88,0,6,1,0,1
ACC016890,1,78917.87,78917.87,0,5,1,0,1
ACC016893,1,52454.46,52454.46,0,9,1,1,1
ACC016895,2,129888.98,64944.49,291,8,2,0,2
ACC016896,1,9606.19,9606.19,0,11,1,0,1
ACC016897,1,133576.82,133576.82,0,3,1,0,1
ACC016898,3,26024.48,8674.83,224,9,3,0,2
ACC016899,1,3723.46,3723.46,0,1,1,0,1
ACC016903,1,25053.83,25053.83,0,10,1,0,1
ACC016904,1,52095.75,52095.75,0,11,1,0,1
ACC016905,2,13510.24,6755.12,178,23,2,0,2
ACC016906,1,21429.82,21429.82,0,8,1,0,1
ACC016907,1,17100.12,17100.12,0,7,1,0,1
ACC016910,3,29549.09,9849.7,172,22,3,0,2
ACC016911,1,20422.09,20422.09,0,8,1,0,1
ACC016913,3,58304.45,19434.82,197,17,3,0,3
ACC016918,1,11634.55,11634.55,0,5,1,0,1
ACC016919,1,22602.17,22602.17,0,14,1,0,1
ACC016921,1,11900.02,11900.02,0,14,1,0,1
ACC016922,2,52316.13,26158.07,171,17,2,0,2
ACC016924,1,19913.58,19913.58,0,12,1,0,1
ACC016925,2,72811.82,36405.91,334,14,2,1,2
ACC016927,2,149232.33,74616.17,439,13,2,1,2
ACC016929,1,9516.18,9516.18,0,9,1,0,1
ACC016930,1,1176.25,1176.25,0,2,1,0,1
ACC016931,2,114648.04,57324.02,42,15,2,0,2
ACC016933,1,31585.84,31585.84,0,11,1,0,1
ACC016934,1,5324.58,5324.58,0,3,1,0,1
ACC016936,1,20729.94,20729.94,0,2,1,0,1
ACC016937,1,25370.52,25370.52,0,9,1,1,1
ACC016938,5,109992.04,21998.41,306,33,5,1,4
ACC016941,3,99956.66,33318.89,236,22,3,0,3
ACC016944,2,44878.72,22439.36,71,19,2,0,2
ACC016946,1,19380.28,19380.28,0,12,1,0,1
ACC016947,2,89686.21,44843.1,165,13,2,0,1
ACC016948,1,10253.46,10253.46,0,9,1,0,1
ACC016950,2,14238.04,7119.02,364,8,2,1,2
ACC016951,3,59582.67,19860.89,420,15,3,1,2
ACC016953,2,70204.22,35102.11,213,27,2,0,2
ACC016954,2,103657.56,51828.78,303,11,2,0,2
ACC016957,2,46631.9,23315.95,326,13,2,0,2
ACC016958,1,7335.51,7335.51,0,1,1,0,1
ACC016959,2,113417.87,56708.93,340,14,2,0,2
ACC016961,2,33646.89,16823.44,32,8,2,0,1
ACC016963,1,4640.85,4640.85,0,8,1,0,1
ACC016964,1,14536.45,14536.45,0,10,1,0,1
ACC016965,1,8925.73,8925.73,0,14,1,0,1
ACC016966,1,5324.21,5324.21,0,7,1,0,1
ACC016968,3,55248.8,18416.27,113,5,3,1,2
ACC016969,1,22839.22,22839.22,0,4,1,0,1
ACC016970,1,54936.23,54936.23,0,13,1,0,1
ACC016971,2,83881.87,41940.94,177,15,2,0,2
ACC016972,1,36226.67,36226.67,0,1,1,0,1
ACC016973,2,14760.38,7380.19,18,13,2,0,2
ACC016975,3,24513.44,8171.15,193,24,3,0,3
ACC016977,1,8291.46,8291.46,0,14,1,0,1
ACC016978,3,70013.19,23337.73,389,22,3,1,2
ACC016979,2,45364.57,22682.28,296,8,2,0,1
ACC016980,2,156612.35,78306.17,217,13,2,0,1
ACC016981,1,2578.51,2578.51,0,13,1,0,1
ACC016982,1,50746.41,50746.41,0,14,1,0,1
ACC016983,2,26904.16,13452.08,57,7,2,0,2
ACC016984,2,76462.34,38231.17,136,20,2,1,2
ACC016987,1,15283.86,15283.86,0,10,1,0,1
ACC016988,1,1309.63,1309.63,0,2,1,0,1
ACC016989,1,12068.94,12068.94,0,11,1,0,1
ACC016990,2,84730.17,42365.08,3,12,2,0,2
ACC016992,2,52622.66,26311.33,292,23,2,1,2
ACC016993,1,5473.25,5473.25,0,11,1,0,1
ACC016994,2,139958.68,69979.34,379,22,2,0,2
ACC016995,2,56707.25,28353.62,271,22,2,0,2
ACC016996,1,46552.85,46552.85,0,6,1,0,1
ACC016998,1,114883.61,114883.61,0,2,1,0,1
ACC016999,2,88984.45,44492.23,137,21,2,0,2
ACC017001,1,9149.86,9149.86,0,10,1,0,1
ACC017003,1,665.35,665.35,0,12,1,0,1
ACC017005,2,20810.09,10405.05,51,14,2,0,2
ACC017007,5,206421.03,41284.21,235,32,5,0,4
ACC017008,1,36335.43,36335.43,0,6,1,0,1
ACC017009,1,6620.97,6620.97,0,4,1,0,1
ACC017016,1,6499.88,6499.88,0,12,1,0,1
ACC017017,1,13572.67,13572.67,0,13,1,0,1
ACC017018,1,24229.66,24229.66,0,11,1,0,1
ACC017019,1,966.73,966.73,0,2,1,0,1
ACC017020,1,701.5,701.5,0,7,1,0,1
ACC017022,2,22290.36,11145.18,147,9,2,0,2
ACC017023,1,9466.16,9466.16,0,13,1,0,1
ACC017024,1,52693.67,52693.67,0,5,1,0,1
ACC017025,1,97362.27,97362.27,0,3,1,0,1
ACC017026,3,27891.4,9297.13,162,20,3,0,3
ACC017028,1,39577.87,39577.87,0,4,1,0,1
ACC017029,2,62810.55,31405.28,182,12,2,0,2
ACC017031,1,36399.09,36399.09,0,7,1,0,1
ACC017033,1,2499.11,2499.11,0,10,1,0,1
ACC017034,1,20291.56,20291.56,0,8,1,0,1
ACC017035,5,160806.76,32161.35,302,37,5,1,4
ACC017040,2,48172.0,24086.0,327,21,2,0,2
ACC017042,2,24078.45,12039.22,168,26,2,0,1
ACC017045,1,17624.03,17624.03,0,3,1,0,1
ACC017049,2,27756.11,13878.06,167,21,2,1,2
ACC017051,1,4605.72,4605.72,0,6,1,0,1
ACC017052,1,1718.99,1718.99,0,5,1,0,1
ACC017054,3,60738.2,20246.07,176,19,3,0,3
ACC017055,3,24485.14,8161.71,193,25,3,0,1
ACC017058,3,95491.22,31830.41,319,25,3,0,3
ACC017059,4,108945.37,27236.34,255,31,4,0,3
ACC017060,1,74206.75,74206.75,0,13,1,0,1
ACC017061,1,50479.32,50479.32,0,2,1,0,1
ACC017063,1,14150.34,14150.34,0,8,1,0,1
ACC017064,1,7571.83,7571.83,0,5,1,0,1
ACC017065,2,49217.95,24608.98,190,10,2,0,2
ACC017066,2,73354.92,36677.46,106,17,2,0,1
ACC017067,2,21211.18,10605.59,98,22,2,0,2
ACC017068,1,11658.85,11658.85,0,9,1,0,1
ACC017071,1,86360.49,86360.49,0,5,1,0,1
ACC017072,1,42402.27,42402.27,0,3,1,0,1
ACC017073,3,70936.14,23645.38,268,26,3,0,3
ACC017074,1,15313.14,15313.14,0,12,1,0,1
ACC017076,3,160216.83,53405.61,284,14,3,0,2
ACC017077,4,58074.13,14518.53,123,31,4,0,3
ACC017079,2,56423.01,28211.51,91,13,2,0,2
ACC017080,1,46328.47,46328.47,0,5,1,0,1
ACC017082,1,6015.67,6015.67,0,14,1,0,1
ACC017086,1,8917.38,8917.38,0,4,1,0,1
ACC017089,3,56707.87,18902.62,170,20,3,0,2
ACC017090,4,149410.24,37352.56,253,23,4,0,4
ACC017093,2,37217.85,18608.92,138,20,2,0,2
ACC017097,2,32106.74,16053.37,67,19,2,0,2
ACC017099,2,48526.28,24263.14,367,10,2,1,2
ACC017100,1,66669.47,66669.47,0,3,1,0,1
ACC017103,1,3748.09,3748.09,0,4,1,0,1
ACC017106,1,11511.86,11511.86,0,4,1,0,1
ACC017107,1,21558.07,21558.07,0,2,1,0,1
ACC017108,2,95821.08,47910.54,79,20,2,0,2
ACC017110,1,7597.5,7597.5,0,12,1,0,1
ACC017111,1,14439.49,14439.49,0,12,1,0,1
ACC017112,2,68837.09,34418.54,240,13,2,0,2
ACC017113,1,44266.31,44266.31,0,10,1,0,1
ACC017115,1,12452.39,12452.39,0,1,1,0,1
ACC017118,2,36389.43,18194.72,294,21,2,0,2
ACC017119,1,73157.87,73157.87,0,14,1,0,1
ACC017120,3,80476.72,26825.57,228,25,3,0,3
ACC017122,1,43613.63,43613.63,0,11,1,1,1
ACC017124,2,13433.04,6716.52,353,9,2,0,2
ACC017125,1,27447.28,27447.28,0,10,1,0,1
ACC017126,1,17216.33,17216.33,0,10,1,0,1
ACC017128,1,7016.74,7016.74,0,1,1,0,1
ACC017131,2,93026.17,46513.09,112,12,2,0,2
ACC017132,1,996.05,996.05,0,14,1,0,1
ACC017133,2,40920.67,20460.33,191,18,2,0,2
ACC017136,2,30210.65,15105.33,16,14,2,0,1
ACC017137,1,42760.25,42760.25,0,6,1,0,1
ACC017139,1,24902.19,24902.19,0,7,1,0,1
ACC017140,1,41263.63,41263.63,0,3,1,0,1
ACC017143,1,587.98,587.98,0,8,1,0,1
ACC017145,1,166112.47,166112.47,0,1,1,0,1
ACC017146,3,95470.02,31823.34,309,23,3,1,3
ACC017147,3,129258.0,43086.0,172,35,3,0,2
ACC017149,2,82930.84,41465.42,412,22,2,1,2
ACC017151,2,63384.85,31692.42,44,15,2,0,2
ACC017155,1,52926.4,52926.4,0,7,1,0,1
ACC017159,1,18766.45,18766.45,0,11,1,0,1
ACC017160,2,114166.47,57083.24,101,11,2,0,2
ACC017161,3,71753.67,23917.89,122,29,3,0,2
ACC017162,1,44567.22,44567.22,0,3,1,0,1
ACC017163,2,24545.22,12272.61,102,20,2,0,2
ACC017164,1,99900.84,99900.84,0,9,1,0,1
ACC017165,2,4194.03,2097.02,155,14,2,0,1
ACC017166,1,81510.12,81510.12,0,2,1,0,1
ACC017168,1,24227.9,24227.9,0,13,1,0,1
ACC017170,2,52041.81,26020.9,122,12,2,0,2
ACC017171,3,124493.95,41497.98,199,26,3,1,3
ACC017173,1,846.79,846.79,0,9,1,0,1
ACC017174,2,77541.01,38770.51,15,19,2,0,2
ACC017176,1,10780.63,10780.63,0,14,1,0,1
ACC017178,1,40419.11,40419.11,0,6,1,0,1
ACC017181,2,46405.63,23202.81,20,18,2,1,2
ACC017185,3,74182.72,24727.57,124,14,3,1,1
ACC017186,1,41908.99,41908.99,0,11,1,0,1
ACC017187,1,30371.12,30371.12,0,9,1,0,1
ACC017188,1,14864.8,14864.8,0,9,1,0,1
ACC017189,1,80995.57,80995.57,0,5,1,0,1
ACC017191,1,6858.09,6858.09,0,8,1,0,1
ACC017192,1,36650.71,36650.71,0,2,1,0,1
ACC017195,1,6266.61,6266.61,0,11,1,0,1
ACC017196,1,35312.14,35312.14,0,3,1,0,1
ACC017197,1,1607.46,1607.46,0,9,1,0,1
ACC017198,1,54724.72,54724.72,0,3,1,0,1
ACC017199,1,42171.72,42171.72,0,1,1,0,1
ACC017201,1,10282.32,10282.32,0,10,1,0,1
ACC017204,1,25895.96,25895.96,0,4,1,0,1
ACC017205,1,1133.0,1133.0,0,14,1,0,1
ACC017207,1,3546.94,3546.94,0,7,1,0,1
ACC017208,2,2858.73,1429.37,11,28,2,0,2
ACC017210,2,27777.64,13888.82,146,14,2,1,2
ACC017212,2,32135.73,16067.86,240,14,2,0,1
ACC017213,1,67865.97,67865.97,0,9,1,1,1
ACC017216,2,59287.22,29643.61,95,15,2,0,2
ACC017219,1,14015.65,14015.65,0,13,1,1,1
ACC017220,2,5459.11,2729.56,39,9,2,0,2
ACC017221,1,12590.12,12590.12,0,11,1,0,1
ACC017224,2,53371.59,26685.79,104,12,2,0,2
ACC017225,1,4324.59,4324.59,0,10,1,0,1
ACC017226,1,14925.16,14925.16,0,2,1,0,1
ACC017228,3,155722.87,51907.62,373,30,3,0,3
ACC017229,1,19977.87,19977.87,0,10,1,0,1
ACC017230,2,114826.98,57413.49,248,20,2,0,2
ACC017231,4,199469.08,49867.27,322,26,4,1,2
ACC017232,2,94027.59,47013.79,121,15,2,0,2
ACC017233,1,36082.53,36082.53,0,10,1,0,1
ACC017234,1,3434.23,3434.23,0,10,1,0,1
ACC017237,1,61578.31,61578.31,0,13,1,0,1
ACC017239,1,7720.18,7720.18,0,3,1,0,1
ACC017240,1,1997.5,1997.5,0,13,1,0,1
ACC017241,2,31009.17,15504.58,204,17,2,0,2
ACC017242,1,845.16,845.16,0,5,1,0,1
ACC017244,1,12748.92,12748.92,0,7,1,0,1
ACC017246,3,64278.2,21426.07,424,22,3,1,2
ACC017247,1,69594.02,69594.02,0,2,1,0,1
ACC017249,1,120905.15,120905.15,0,3,1,0,1
ACC017250,1,5019.35,5019.35,0,3,1,0,1
ACC017251,2,18919.15,9459.58,43,8,2,0,1
ACC017252,1,42385.57,42385.57,0,5,1,0,1
ACC017253,3,31901.24,10633.75,105,27,3,0,3
ACC017256,1,67379.39,67379.39,0,3,1,0,1
ACC017257,1,22645.57,22645.57,0,2,1,0,1
ACC017258,1,38247.55,38247.55,0,13,1,0,1
ACC017260,4,108024.2,27006.05,237,21,4,0,4
ACC017261,2,8210.02,4105.01,187,13,2,0,1
ACC017263,1,44731.57,44731.57,0,4,1,0,1
ACC017264,3,92605.53,30868.51,195,31,3,0,3
ACC017265,2,74082.39,37041.19,17,17,2,0,2
ACC017266,2,183904.21,91952.11,111,24,2,0,2
ACC017267,2,35273.57,17636.78,180,22,2,0,2
ACC017268,2,13838.75,6919.38,25,12,2,0,1
ACC017269,1,34323.16,34323.16,0,9,1,0,1
ACC017271,1,8800.36,8800.36,0,4,1,0,1
ACC017272,1,761.09,761.09,0,2,1,0,1
ACC017273,1,51171.48,51171.48,0,11,1,0,1
ACC017274,1,6303.09,6303.09,0,12,1,0,1
ACC017275,1,8812.5,8812.5,0,13,1,0,1
ACC017276,1,23928.77,23928.77,0,4,1,0,1
ACC017278,1,89194.13,89194.13,0,12,1,0,1
ACC017279,1,4099.26,4099.26,0,2,1,0,1
ACC017280,2,36832.27,18416.14,104,4,2,0,2
ACC017283,3,162038.87,54012.96,257,25,3,0,2
ACC017284,1,17047.6,17047.6,0,10,1,0,1
ACC017285,1,24946.94,24946.94,0,13,1,0,1
ACC017286,1,17941.62,17941.62,0,9,1,0,1
ACC017288,1,32205.84,32205.84,0,10,1,0,1
ACC017289,1,17214.84,17214.84,0,11,1,0,1
ACC017291,1,12437.14,12437.14,0,11,1,0,1
ACC017292,2,1863.51,931.75,40,10,2,0,2
ACC017293,2,31844.78,15922.39,103,23,2,0,2
ACC017294,3,43133.9,14377.97,200,25,3,0,2
ACC017296,1,9641.58,9641.58,0,13,1,0,1
ACC017297,2,69791.79,34895.89,159,25,2,0,2
ACC017298,2,55773.78,27886.89,282,7,2,0,2
ACC017299,1,7107.93,7107.93,0,11,1,0,1
ACC017300,2,36438.74,18219.37,127,19,2,0,2
ACC017301,1,1924.57,1924.57,0,12,1,0,1
ACC017302,2,25096.63,12548.32,317,10,2,1,1
ACC017303,2,30106.63,15053.32,277,8,2,0,2
ACC017304,1,23432.07,23432.07,0,7,1,0,1
ACC017305,2,72757.5,36378.75,122,16,2,0,2
ACC017306,1,32795.81,32795.81,0,10,1,0,1
ACC017308,1,11825.28,11825.28,0,8,1,0,1
ACC017309,1,17318.95,17318.95,0,1,1,0,1
ACC017310,3,50364.69,16788.23,334,27,3,0,2
ACC017313,1,52922.1,52922.1,0,1,1,0,1
ACC017314,1,5246.14,5246.14,0,9,1,0,1
ACC017316,1,6237.8,6237.8,0,6,1,0,1
ACC017317,2,92345.7,46172.85,187,16,2,0,2
ACC017318,1,49346.06,49346.06,0,14,1,0,1
ACC017319,2,12999.54,6499.77,73,17,2,0,2
ACC017325,1,43071.92,43071.92,0,7,1,0,1
ACC017326,2,81923.15,40961.58,78,8,2,0,2
ACC017327,2,25506.19,12753.09,115,20,2,0,2
ACC017328,1,33689.62,33689.62,0,1,1,0,1
ACC017329,1,1414.19,1414.19,0,8,1,0,1
ACC017330,1,18203.8,18203.8,0,8,1,0,1
ACC017331,2,4434.13,2217.07,91,22,2,0,1
ACC017332,3,103458.02,34486.01,237,7,3,0,2
ACC017333,1,17462.13,17462.13,0,2,1,1,1
ACC017334,1,36435.34,36435.34,0,4,1,0,1
ACC017335,2,16383.44,8191.72,2,10,2,0,1
ACC017336,1,20687.29,20687.29,0,9,1,0,1
ACC017338,1,32631.39,32631.39,0,2,1,0,1
ACC017339,2,60375.56,30187.78,104,12,2,0,2
ACC017340,1,2094.07,2094.07,0,12,1,0,1
ACC017342,1,31644.07,31644.07,0,11,1,0,1
ACC017343,1,24470.19,24470.19,0,9,1,0,1
ACC017344,2,25995.46,12997.73,34,18,2,0,2
ACC017345,2,20934.92,10467.46,14,15,2,0,2
ACC017348,1,130129.98,130129.98,0,10,1,0,1
ACC017349,1,34767.34,34767.34,0,6,1,0,1
ACC017351,1,3137.7,3137.7,0,3,1,0,1
ACC017353,3,47728.22,15909.41,179,14,3,0,2
ACC017355,1,47156.65,47156.65,0,2,1,0,1
ACC017359,1,33930.57,33930.57,0,7,1,0,1
ACC017361,1,33822.79,33822.79,0,8,1,0,1
ACC017365,2,56587.62,28293.81,181,21,2,0,2
ACC017366,2,54075.57,27037.78,43,13,2,0,1
ACC017367,1,36671.97,36671.97,0,3,1,0,1
ACC017369,3,73976.48,24658.83,299,7,3,0,3
ACC017371,2,37644.95,18822.48,91,10,2,0,2
ACC017372,1,6716.06,6716.06,0,3,1,1,1
ACC017373,1,3724.97,3724.97,0,2,1,0,1
ACC017375,1,76781.95,76781.95,0,3,1,1,1
ACC017376,2,92867.66,46433.83,195,25,2,1,2
ACC017377,1,5834.03,5834.03,0,5,1,0,1
ACC017379,1,15822.51,15822.51,0,5,1,0,1
ACC017380,3,33239.39,11079.8,354,24,3,1,3
ACC017381,1,198232.49,198232.49,0,9,1,0,1
ACC017382,2,24497.99,12249.0,127,22,2,0,2
ACC017384,2,13374.05,6687.03,155,8,2,0,2
ACC017385,4,162378.28,40594.57,411,28,4,1,3
ACC017386,1,37177.81,37177.81,0,1,1,1,1
ACC017395,1,33515.4,33515.4,0,13,1,0,1
ACC017396,1,36083.3,36083.3,0,12,1,0,1
ACC017399,1,27227.27,27227.27,0,1,1,0,1
ACC017400,3,77358.77,25786.26,289,16,3,0,2
ACC017401,1,7904.28,7904.28,0,12,1,0,1
ACC017402,1,36514.44,36514.44,0,1,1,0,1
ACC017404,1,17499.27,17499.27,0,4,1,0,1
ACC017407,3,84781.65,28260.55,268,16,3,0,2
ACC017408,2,9652.46,4826.23,365,21,2,0,2
ACC017409,2,56077.41,28038.71,289,15,2,0,1
ACC017410,1,18380.23,18380.23,0,9,1,0,1
ACC017411,2,118426.14,59213.07,160,14,2,0,2
ACC017416,1,5505.21,5505.21,0,2,1,0,1
ACC017418,1,20233.95,20233.95,0,8,1,0,1
ACC017420,2,61913.15,30956.58,207,5,2,0,2
ACC017421,3,58798.96,19599.65,157,20,3,0,3
ACC017422,2,41866.09,20933.04,75,23,2,0,2
ACC017424,4,125790.98,31447.75,317,27,4,0,4
ACC017425,1,9797.25,9797.25,0,14,1,0,1
ACC017429,1,97576.38,97576.38,0,3,1,0,1
ACC017431,1,8689.58,8689.58,0,1,1,0,1
ACC017432,1,12502.41,12502.41,0,8,1,0,1
ACC017433,2,49978.52,24989.26,65,9,2,0,2
ACC017436,1,75825.31,75825.31,0,2,1,0,1
ACC017441,2,21109.28,10554.64,27,16,2,0,2
ACC017442,2,52224.5,26112.25,105,19,2,0,2
ACC017443,2,123355.56,61677.78,18,14,2,0,2
ACC017444,2,88707.8,44353.9,195,7,2,0,2
ACC017445,1,3411.77,3411.77,0,12,1,0,1
ACC017446,1,46227.62,46227.62,0,2,1,0,1
ACC017447,1,9962.44,9962.44,0,11,1,0,1
ACC017448,1,3456.07,3456.07,0,4,1,0,1
ACC017449,2,37798.35,18899.17,161,17,2,0,2
ACC017452,1,18265.71,18265.71,0,8,1,0,1
ACC017454,1,64919.2,64919.2,0,1,1,0,1
ACC017455,4,70804.58,17701.15,349,31,4,0,3
ACC017457,2,16207.27,8103.64,119,12,2,0,2
ACC017458,1,44576.01,44576.01,0,3,1,0,1
ACC017460,1,3146.71,3146.71,0,5,1,1,1
ACC017461,1,21344.86,21344.86,0,7,1,0,1
ACC017463,1,2047.1,2047.1,0,10,1,0,1
ACC017464,2,14204.09,7102.05,242,21,2,0,2
ACC017466,1,42178.45,42178.45,0,9,1,1,1
ACC017467,1,1375.07,1375.07,0,11,1,0,1
ACC017468,1,20262.39,20262.39,0,14,1,0,1
ACC017470,1,5221.35,5221.35,0,5,1,0,1
ACC017471,1,89567.22,89567.22,0,14,1,0,1
ACC017474,1,4158.39,4158.39,0,10,1,0,1
ACC017475,4,21306.51,5326.63,347,29,4,0,3
ACC017476,1,872.83,872.83,0,12,1,0,1
ACC017477,1,11833.05,11833.05,0,11,1,0,1
ACC017478,1,71848.64,71848.64,0,8,1,0,1
ACC017480,2,14265.45,7132.73,216,13,2,0,2
ACC017481,1,2339.33,2339.33,0,10,1,0,1
ACC017482,2,39463.07,19731.53,127,7,2,0,2
ACC017483,1,6359.24,6359.24,0,9,1,1,1
ACC017484,2,69572.16,34786.08,17,7,2,0,2
ACC017488,2,119372.39,59686.19,169,18,2,1,2
ACC017490,1,9164.84,9164.84,0,7,1,0,1
ACC017491,3,55429.72,18476.57,339,28,3,1,3
ACC017492,1,10691.9,10691.9,0,13,1,0,1
ACC017493,1,37312.55,37312.55,0,8,1,0,1
ACC017494,1,12708.28,12708.28,0,6,1,0,1
ACC017495,4,77852.61,19463.15,179,23,4,0,3
ACC017496,1,35108.63,35108.63,0,14,1,0,1
ACC017497,1,27352.3,27352.3,0,10,1,0,1
ACC017499,1,539.09,539.09,0,4,1,0,1
ACC017500,1,43254.39,43254.39,0,10,1,0,1
ACC017502,2,63767.26,31883.63,35,6,2,0,2
ACC017503,2,61104.21,30552.11,115,10,2,0,2
ACC017504,3,219362.05,73120.68,312,15,3,1,3
ACC017506,3,117806.24,39268.75,53,22,3,0,3
ACC017510,2,19722.62,9861.31,61,8,2,0,2
ACC017513,6,172360.77,28726.79,406,44,6,1,5
ACC017515,2,15200.82,7600.41,148,7,2,0,2
ACC017516,1,64174.63,64174.63,0,11,1,0,1
ACC017517,1,12024.45,12024.45,0,6,1,0,1
ACC017518,1,39666.33,39666.33,0,7,1,0,1
ACC017519,2,23986.42,11993.21,214,22,2,0,2
ACC017522,2,22412.08,11206.04,46,12,2,0,2
ACC017524,1,7039.61,7039.61,0,1,1,0,1
ACC017526,1,2189.35,2189.35,0,6,1,0,1
ACC017527,4,142913.65,35728.41,277,33,4,0,3
ACC017528,1,46676.88,46676.88,0,14,1,0,1
ACC017530,2,52878.24,26439.12,317,24,2,0,2
ACC017531,1,7588.81,7588.81,0,3,1,0,1
ACC017532,1,43733.78,43733.78,0,7,1,0,1
ACC017533,1,40919.65,40919.65,0,7,1,0,1
ACC017534,1,7880.51,7880.51,0,4,1,0,1
ACC017538,1,20859.89,20859.89,0,1,1,0,1
ACC017540,1,15799.05,15799.05,0,4,1,1,1
ACC017542,1,18144.49,18144.49,0,2,1,0,1
ACC017543,2,20489.97,10244.99,218,9,2,0,2
ACC017544,1,27359.49,27359.49,0,6,1,0,1
ACC017545,1,38865.04,38865.04,0,3,1,0,1
ACC017546,2,47881.23,23940.62,141,15,2,0,2
ACC017547,1,77043.86,77043.86,0,3,1,0,1
ACC017548,1,4782.52,4782.52,0,3,1,0,1
ACC017551,2,45345.61,22672.81,202,14,2,0,1
ACC017552,1,4747.42,4747.42,0,6,1,0,1
ACC017553,1,50980.29,50980.29,0,13,1,0,1
ACC017554,3,94653.7,31551.23,154,22,3,0,2
ACC017555,2,85446.03,42723.01,204,12,2,0,2
ACC017556,1,37061.43,37061.43,0,13,1,0,1
ACC017557,1,52606.75,52606.75,0,9,1,0,1
ACC017558,2,68618.93,34309.46,338,19,2,1,2
ACC017560,1,29152.26,29152.26,0,1,1,1,1
ACC017561,1,55317.19,55317.19,0,6,1,0,1
ACC017562,1,79323.44,79323.44,0,4,1,0,1
ACC017563,1,21652.03,21652.03,0,4,1,0,1
ACC017564,2,44377.6,22188.8,26,14,2,0,2
ACC017565,1,10912.27,10912.27,0,9,1,0,1
ACC017566,2,15471.1,7735.55,162,22,2,0,1
ACC017567,3,68487.4,22829.13,182,27,3,0,3
ACC017572,1,26504.65,26504.65,0,9,1,1,1
ACC017573,2,65606.15,32803.07,158,25,2,0,1
ACC017577,1,11411.48,11411.48,0,8,1,0,1
ACC017580,2,52529.99,26265.0,19,17,2,0,2
ACC017583,2,27038.62,13519.31,211,12,2,1,2
ACC017585,2,3358.42,1679.21,322,22,2,1,2
ACC017586,2,45235.93,22617.96,67,14,2,0,1
ACC017587,3,121415.6,40471.87,354,21,3,1,3
ACC017589,2,30989.76,15494.88,95,17,2,0,2
ACC017591,2,42197.2,21098.6,83,21,2,0,2
ACC017592,2,26423.23,13211.61,34,14,2,0,2
ACC017594,1,16008.01,16008.01,0,9,1,0,1
ACC017595,1,4338.54,4338.54,0,3,1,0,1
ACC017597,2,30703.61,15351.81,144,20,2,0,2
ACC017598,1,22230.32,22230.32,0,6,1,0,1
ACC017601,1,22779.86,22779.86,0,10,1,0,1
ACC017603,1,36260.21,36260.21,0,10,1,0,1
ACC017604,2,48531.64,24265.82,145,5,2,0,2
ACC017606,2,93556.67,46778.33,2,6,2,0,2
ACC017607,2,45777.28,22888.64,294,19,2,1,2
ACC017611,2,88197.4,44098.7,291,11,2,0,2
ACC017612,1,31544.55,31544.55,0,7,1,0,1
ACC017613,1,4232.05,4232.05,0,3,1,0,1
ACC017615,1,5507.97,5507.97,0,10,1,0,1
ACC017617,2,19660.7,9830.35,233,15,2,1,2
ACC017618,2,55068.82,27534.41,96,19,2,0,1
ACC017620,1,164407.05,164407.05,0,8,1,0,1
ACC017621,2,28407.69,14203.84,233,17,2,0,2
ACC017625,1,3415.97,3415.97,0,1,1,0,1
ACC017626,2,64077.26,32038.63,61,18,2,0,2
ACC017627,2,18124.54,9062.27,55,14,2,0,2
ACC017628,1,15136.87,15136.87,0,10,1,0,1
ACC017629,3,70102.06,23367.35,326,16,3,0,2
ACC017630,2,50286.2,25143.1,154,11,2,0,2
ACC017631,1,12530.02,12530.02,0,11,1,0,1
ACC017632,1,32620.47,32620.47,0,12,1,0,1
ACC017635,1,17941.64,17941.64,0,3,1,0,1
ACC017636,1,7132.64,7132.64,0,7,1,0,1
ACC017637,1,8785.78,8785.78,0,3,1,0,1
ACC017639,3,51963.68,17321.23,301,23,3,0,3
ACC017643,2,51756.21,25878.11,237,23,2,0,2
ACC017645,2,8221.58,4110.79,30,11,2,0,2
ACC017646,1,14308.5,14308.5,0,3,1,0,1
ACC017647,1,7907.01,7907.01,0,4,1,0,1
ACC017648,1,21194.81,21194.81,0,11,1,0,1
ACC017649,2,59893.71,29946.85,108,16,2,0,2
ACC017651,1,10578.58,10578.58,0,8,1,0,1
ACC017652,2,58696.26,29348.13,40,19,2,0,2
ACC017653,1,20848.92,20848.92,0,13,1,0,1
ACC017654,2,29654.1,14827.05,169,13,2,0,2
ACC017655,2,20446.77,10223.39,280,12,2,0,2
ACC017656,1,17522.2,17522.2,0,9,1,0,1
ACC017657,1,7095.17,7095.17,0,6,1,0,1
ACC017658,3,34848.7,11616.23,142,32,3,0,2
ACC017659,1,2270.97,2270.97,0,1,1,0,1
ACC017660,1,36797.13,36797.13,0,9,1,0,1
ACC017661,1,16959.0,16959.0,0,12,1,1,1
ACC017662,1,22949.62,22949.62,0,7,1,0,1
ACC017663,1,13284.19,13284.19,0,1,1,0,1
ACC017664,2,54572.91,27286.46,194,6,2,0,2
ACC017665,2,66705.5,33352.75,94,21,2,0,2
ACC017666,1,2580.09,2580.09,0,13,1,0,1
ACC017668,2,32346.65,16173.33,283,14,2,0,2
ACC017669,1,8491.64,8491.64,0,3,1,0,1
ACC017670,1,3324.47,3324.47,0,2,1,0,1
ACC017671,1,8778.49,8778.49,0,5,1,0,1
ACC017674,2,80021.8,40010.9,33,15,2,0,2
ACC017675,1,3554.18,3554.18,0,2,1,0,1
ACC017676,1,32213.47,32213.47,0,1,1,1,1
ACC017677,3,37922.98,12640.99,75,27,3,0,3
ACC017680,4,59773.54,14943.39,196,24,4,0,3
ACC017681,3,56830.99,18943.66,301,25,3,1,2
ACC017683,2,58616.12,29308.06,140,22,2,0,2
ACC017687,2,154774.84,77387.42,87,11,2,0,2
ACC017688,2,36886.13,18443.07,191,18,2,0,2
ACC017689,1,29657.06,29657.06,0,9,1,0,1
ACC017690,1,12948.8,12948.8,0,14,1,0,1
ACC017691,1,25845.61,25845.61,0,2,1,0,1
ACC017692,1,6190.86,6190.86,0,12,1,0,1
ACC017693,1,7383.12,7383.12,0,14,1,0,1
ACC017694,1,14104.09,14104.09,0,4,1,0,1
ACC017695,2,36226.41,18113.2,33,17,2,0,2
ACC017696,2,45139.01,22569.51,225,17,2,0,2
ACC017697,2,79611.56,39805.78,24,24,2,0,2
ACC017698,1,38570.54,38570.54,0,9,1,0,1
ACC017699,1,693.07,693.07,0,12,1,0,1
ACC017700,3,90832.9,30277.63,375,31,3,0,2
ACC017701,1,11232.72,11232.72,0,3,1,0,1
ACC017704,1,51831.88,51831.88,0,1,1,0,1
ACC017706,2,45941.48,22970.74,73,21,2,1,2
ACC017707,2,72726.37,36363.18,94,15,2,0,2
ACC017710,1,45280.9,45280.9,0,7,1,0,1
ACC017712,2,15235.88,7617.94,322,16,2,1,1
ACC017715,1,6909.33,6909.33,0,10,1,0,1
ACC017716,1,8543.33,8543.33,0,8,1,1,1
ACC017718,1,18309.4,18309.4,0,11,1,0,1
ACC017719,1,2207.65,2207.65,0,2,1,0,1
ACC017720,2,84886.34,42443.17,160,13,2,0,2
ACC017721,2,110777.52,55388.76,177,8,2,0,2
ACC017722,2,40902.23,20451.11,72,16,2,0,2
ACC017724,1,47458.71,47458.71,0,1,1,0,1
ACC017725,1,8315.59,8315.59,0,10,1,1,1
ACC017726,1,15513.2,15513.2,0,14,1,0,1
ACC017728,1,18437.41,18437.41,0,7,1,0,1
ACC017729,1,3200.84,3200.84,0,9,1,0,1
ACC017732,2,43923.89,21961.94,71,8,2,0,2
ACC017735,1,39354.26,39354.26,0,9,1,0,1
ACC017737,1,19715.71,19715.71,0,12,1,0,1
ACC017738,1,5887.6,5887.6,0,13,1,0,1
ACC017740,1,2784.46,2784.46,0,10,1,0,1
ACC017745,3,138067.63,46022.54,304,27,3,0,3
ACC017746,1,7197.25,7197.25,0,5,1,0,1
ACC017748,2,22560.32,11280.16,52,18,2,0,2
ACC017751,1,27626.87,27626.87,0,1,1,0,1
ACC017753,2,136145.15,68072.58,268,3,2,0,2
ACC017754,1,6415.68,6415.68,0,13,1,0,1
ACC017756,1,23811.77,23811.77,0,4,1,0,1
ACC017759,2,45279.42,22639.71,392,28,2,1,2
ACC017760,1,1559.53,1559.53,0,8,1,0,1
ACC017761,3,73533.12,24511.04,321,32,3,1,3
ACC017765,2,42884.97,21442.49,376,24,2,0,2
ACC017766,1,2735.79,2735.79,0,12,1,0,1
ACC017768,5,253829.76,50765.95,360,40,5,2,3
ACC017769,1,6757.48,6757.48,0,12,1,0,1
ACC017770,1,10526.55,10526.55,0,3,1,0,1
ACC017771,2,144535.87,72267.93,86,17,2,0,2
ACC017772,2,31502.57,15751.28,90,13,2,0,2
ACC017773,1,30184.6,30184.6,0,9,1,0,1
ACC017774,1,12582.84,12582.84,0,10,1,0,1
ACC017775,2,44720.01,22360.0,269,10,2,0,1
ACC017777,1,7083.4,7083.4,0,6,1,1,1
ACC017779,1,6631.27,6631.27,0,1,1,0,1
ACC017780,1,1451.3,1451.3,0,11,1,0,1
ACC017781,1,28655.25,28655.25,0,9,1,0,1
ACC017784,1,1046.13,1046.13,0,2,1,0,1
ACC017785,1,4938.8,4938.8,0,11,1,0,1
ACC017786,2,47492.26,23746.13,6,9,2,0,1
ACC017787,1,31573.21,31573.21,0,12,1,1,1
ACC017788,2,45418.2,22709.1,198,13,2,0,2
ACC017790,1,533.04,533.04,0,10,1,0,1
ACC017792,3,53468.84,17822.95,102,26,3,0,3
ACC017793,3,91948.75,30649.58,218,19,3,0,2
ACC017794,1,22195.13,22195.13,0,12,1,0,1
ACC017795,1,23809.92,23809.92,0,12,1,0,1
ACC017797,1,9431.7,9431.7,0,7,1,0,1
ACC017799,1,85960.53,85960.53,0,11,1,0,1
ACC017800,1,15690.94,15690.94,0,14,1,0,1
ACC017801,1,23563.45,23563.45,0,1,1,0,1
ACC017802,1,48592.88,48592.88,0,5,1,0,1
ACC017805,1,82452.88,82452.88,0,11,1,0,1
ACC017806,2,54437.45,27218.72,296,19,2,0,1
ACC017807,3,161320.87,53773.62,124,26,3,0,3
ACC017808,1,38302.38,38302.38,0,10,1,0,1
ACC017809,1,42148.44,42148.44,0,7,1,0,1
ACC017812,1,23550.24,23550.24,0,12,1,0,1
ACC017816,2,26030.46,13015.23,328,23,2,1,1
ACC017818,1,27431.86,27431.86,0,6,1,0,1
ACC017820,1,16454.22,16454.22,0,3,1,0,1
ACC017821,2,21799.25,10899.62,46,15,2,0,1
ACC017824,1,17438.38,17438.38,0,13,1,0,1
ACC017825,2,53065.7,26532.85,238,8,2,0,2
ACC017828,4,60742.47,15185.62,257,32,4,0,4
ACC017829,1,70764.72,70764.72,0,2,1,0,1
ACC017830,1,14550.15,14550.15,0,7,1,0,1
ACC017831,2,105537.82,52768.91,232,9,2,0,1
ACC017833,2,58081.1,29040.55,121,9,2,0,2
ACC017834,1,2088.67,2088.67,0,7,1,0,1
ACC017835,5,78434.58,15686.92,336,22,5,0,3
ACC017837,1,5627.76,5627.76,0,11,1,0,1
ACC017838,2,45450.38,22725.19,131,2,2,1,1
ACC017840,2,5244.88,2622.44,269,10,2,0,2
ACC017843,1,14743.57,14743.57,0,2,1,0,1
ACC017844,1,2936.63,2936.63,0,4,1,0,1
ACC017848,1,8829.34,8829.34,0,14,1,0,1
ACC017849,2,86631.49,43315.75,111,25,2,0,2
ACC017851,1,21508.04,21508.04,0,8,1,0,1
ACC017852,1,115128.11,115128.11,0,4,1,0,1
ACC017853,2,88734.24,44367.12,81,17,2,0,2
ACC017854,1,24159.34,24159.34,0,6,1,0,1
ACC017855,3,134903.67,44967.89,239,10,3,0,3
ACC017856,1,22330.51,22330.51,0,1,1,0,1
ACC017858,1,1174.81,1174.81,0,3,1,0,1
ACC017860,1,17156.54,17156.54,0,13,1,1,1
ACC017861,1,15564.27,15564.27,0,10,1,0,1
ACC017864,1,6561.3,6561.3,0,4,1,0,1
ACC017867,1,11304.02,11304.02,0,6,1,0,1
ACC017868,2,45024.51,22512.26,313,15,2,0,2
ACC017869,3,75460.72,25153.57,147,27,3,0,2
ACC017871,4,81803.42,20450.85,342,38,4,1,4
ACC017872,4,124995.35,31248.84,252,32,4,1,4
ACC017874,3,17957.03,5985.68,143,23,3,0,3
ACC017875,1,22899.29,22899.29,0,3,1,0,1
ACC017876,1,45077.68,45077.68,0,2,1,0,1
ACC017878,1,17884.38,17884.38,0,13,1,0,1
ACC017879,1,9070.63,9070.63,0,3,1,0,1
ACC017881,1,41175.13,41175.13,0,1,1,0,1
ACC017884,1,11627.68,11627.68,0,5,1,0,1
ACC017885,1,24307.08,24307.08,0,13,1,1,1
ACC017886,1,21841.9,21841.9,0,8,1,0,1
ACC017888,1,12747.92,12747.92,0,3,1,0,1
ACC017889,2,143000.19,71500.1,81,6,2,0,2
ACC017890,3,30983.95,10327.98,240,26,3,1,3
ACC017892,2,34860.75,17430.38,180,19,2,0,2
ACC017893,3,144486.35,48162.12,294,17,3,1,3
ACC017895,2,118567.26,59283.63,21,17,2,0,2
ACC017896,1,3071.73,3071.73,0,11,1,0,1
ACC017897,1,32500.84,32500.84,0,12,1,0,1
ACC017902,2,4582.23,2291.11,230,21,2,0,2
ACC017903,1,47651.94,47651.94,0,7,1,0,1
ACC017905,1,29088.66,29088.66,0,1,1,0,1
ACC017906,1,32254.46,32254.46,0,1,1,0,1
ACC017907,2,33910.71,16955.35,86,15,2,0,1
ACC017909,1,20567.89,20567.89,0,4,1,0,1
ACC017910,1,6217.99,6217.99,0,9,1,0,1
ACC017912,3,140590.2,46863.4,278,27,3,0,3
ACC017913,1,7942.35,7942.35,0,7,1,0,1
ACC017915,1,27220.75,27220.75,0,12,1,0,1
ACC017916,3,97491.05,32497.02,247,18,3,0,3
ACC017917,1,74665.92,74665.92,0,14,1,0,1
ACC017918,2,54090.19,27045.1,207,9,2,0,1
ACC017919,2,129101.51,64550.75,204,22,2,1,2
ACC017920,1,16885.99,16885.99,0,2,1,0,1
ACC017922,2,75162.16,37581.08,91,22,2,0,1
ACC017923,2,161115.27,80557.64,203,24,2,0,1
ACC017924,1,156566.04,156566.04,0,11,1,1,1
ACC017926,1,17751.62,17751.62,0,3,1,0,1
ACC017927,1,8279.02,8279.02,0,6,1,0,1
ACC017931,1,47606.47,47606.47,0,4,1,0,1
ACC017932,2,35224.95,17612.47,258,15,2,0,2
ACC017933,3,127739.55,42579.85,88,21,3,0,2
ACC017935,4,334436.21,83609.05,320,34,4,0,3
ACC017937,3,117309.6,39103.2,297,20,3,0,3
ACC017938,1,16249.61,16249.61,0,14,1,0,1
ACC017939,5,97868.83,19573.77,201,42,5,0,4
ACC017940,1,1182.56,1182.56,0,1,1,0,1
ACC017941,2,80591.99,40296.0,248,17,2,0,2
ACC017942,1,5300.97,5300.97,0,7,1,0,1
ACC017943,2,98483.47,49241.74,10,13,2,0,2
ACC017944,1,29848.06,29848.06,0,7,1,1,1
ACC017945,2,36565.52,18282.76,91,14,2,0,1
ACC017946,2,45539.34,22769.67,9,12,2,0,2
ACC017948,1,3039.38,3039.38,0,1,1,0,1
ACC017949,3,85785.34,28595.11,117,22,3,0,2
ACC017950,3,66478.11,22159.37,88,20,3,0,3
ACC017952,1,13124.44,13124.44,0,4,1,0,1
ACC017953,1,56784.97,56784.97,0,4,1,0,1
ACC017954,1,43116.31,43116.31,0,1,1,0,1
ACC017955,1,1948.71,1948.71,0,7,1,0,1
ACC017956,1,8009.81,8009.81,0,14,1,1,1
ACC017959,2,37860.68,18930.34,81,19,2,0,2
ACC017961,1,27354.85,27354.85,0,5,1,0,1
ACC017962,2,40093.81,20046.9,266,13,2,0,2
ACC017965,1,56915.82,56915.82,0,6,1,0,1
ACC017966,2,23102.91,11551.45,48,22,2,0,2
ACC017967,2,12398.78,6199.39,102,25,2,0,2
ACC017968,1,26615.58,26615.58,0,12,1,0,1
ACC017969,3,120841.14,40280.38,99,27,3,0,2
ACC017970,4,38211.74,9552.94,205,49,4,0,3
ACC017971,1,14341.94,14341.94,0,11,1,0,1
ACC017972,2,127291.16,63645.58,263,8,2,0,2
ACC017974,3,205478.62,68492.87,84,22,3,0,3
ACC017975,1,1454.29,1454.29,0,3,1,0,1
ACC017976,1,7663.52,7663.52,0,6,1,0,1
ACC017977,1,11255.86,11255.86,0,11,1,0,1
ACC017979,3,18918.03,6306.01,243,19,3,0,2
ACC017980,4,18732.69,4683.17,290,28,4,0,4
ACC017981,1,1714.67,1714.67,0,14,1,0,1
ACC017982,2,39346.17,19673.08,82,12,2,0,2
ACC017985,3,102388.56,34129.52,287,26,3,0,2
ACC017987,1,37584.92,37584.92,0,2,1,0,1
ACC017988,2,72794.39,36397.19,188,9,2,0,2
ACC017989,1,39855.48,39855.48,0,2,1,0,1
ACC017990,2,32157.26,16078.63,132,20,2,0,2
ACC017992,2,106912.21,53456.1,97,7,2,0,2
ACC017995,1,54736.45,54736.45,0,3,1,0,1
ACC017996,2,36945.71,18472.85,94,17,2,0,2
ACC017998,1,37524.57,37524.57,0,4,1,0,1
ACC018000,2,171602.31,85801.15,288,21,2,1,2
ACC018001,2,41434.74,20717.37,169,20,2,0,2
ACC018005,2,19508.33,9754.17,46,21,2,0,1
ACC018006,1,25705.99,25705.99,0,13,1,0,1
ACC018007,1,24148.47,24148.47,0,7,1,0,1
ACC018008,1,57806.7,57806.7,0,7,1,0,1
ACC018009,3,129919.57,43306.52,182,34,3,0,3
ACC018010,1,44758.34,44758.34,0,5,1,0,1
ACC018011,2,18415.76,9207.88,206,27,2,0,2
ACC018013,1,8723.36,8723.36,0,6,1,0,1
ACC018014,1,49809.93,49809.93,0,4,1,0,1
ACC018016,1,20310.21,20310.21,0,10,1,0,1
ACC018017,1,59336.34,59336.34,0,12,1,0,1
ACC018018,1,1987.55,1987.55,0,1,1,0,1
ACC018021,1,62852.95,62852.95,0,12,1,0,1
ACC018023,3,10038.69,3346.23,316,22,3,0,1
ACC018024,2,40504.16,20252.08,110,21,2,0,2
ACC018025,2,37657.04,18828.52,28,21,2,0,2
ACC018028,1,15272.5,15272.5,0,1,1,0,1
ACC018031,2,40002.95,20001.47,33,9,2,0,1
ACC018033,1,25926.96,25926.96,0,11,1,0,1
ACC018034,3,82958.47,27652.82,19,26,3,0,2
ACC018035,1,40311.94,40311.94,0,13,1,0,1
ACC018038,3,69377.75,23125.92,164,25,3,0,3
ACC018040,1,18156.78,18156.78,0,9,1,0,1
ACC018043,3,68744.15,22914.72,176,18,3,0,2
ACC018045,3,44732.34,14910.78,139,30,3,0,3
ACC018046,1,14021.89,14021.89,0,13,1,0,1
ACC018047,1,13920.48,13920.48,0,7,1,0,1
ACC018049,1,16577.01,16577.01,0,11,1,0,1
ACC018053,1,8667.52,8667.52,0,13,1,0,1
ACC018056,1,33824.26,33824.26,0,11,1,0,1
ACC018057,1,43012.55,43012.55,0,6,1,0,1
ACC018059,2,30545.45,15272.73,182,12,2,0,2
ACC018060,2,91239.64,45619.82,275,11,2,1,2
ACC018061,1,27575.26,27575.26,0,7,1,0,1
ACC018065,1,4965.43,4965.43,0,1,1,0,1
ACC018066,1,49681.1,49681.1,0,14,1,0,1
ACC018069,1,31816.38,31816.38,0,6,1,0,1
ACC018071,1,48237.56,48237.56,0,8,1,0,1
ACC018072,2,49137.03,24568.51,295,9,2,0,2
ACC018073,2,144253.83,72126.92,78,12,2,1,2
ACC018074,1,16345.47,16345.47,0,6,1,1,1
ACC018076,2,18981.73,9490.86,96,4,2,0,2
ACC018078,2,68145.75,34072.88,71,13,2,0,2
ACC018079,2,39226.42,19613.21,52,9,2,1,2
ACC018080,1,33936.44,33936.44,0,10,1,0,1
ACC018081,1,29747.47,29747.47,0,5,1,0,1
ACC018082,1,15437.89,15437.89,0,10,1,0,1
ACC018083,3,120563.51,40187.84,272,10,3,0,2
ACC018088,1,28996.86,28996.86,0,7,1,1,1
ACC018089,1,13086.78,13086.78,0,14,1,0,1
ACC018090,1,17662.42,17662.42,0,5,1,0,1
ACC018091,2,53483.98,26741.99,143,12,2,0,2
ACC018093,1,61277.06,61277.06,0,4,1,0,1
ACC018094,3,51494.4,17164.8,34,14,3,0,2
ACC018096,1,3958.37,3958.37,0,5,1,0,1
ACC018097,1,23400.99,23400.99,0,1,1,0,1
ACC018098,3,125582.14,41860.71,106,16,3,0,3
ACC018099,3,111789.52,37263.17,286,18,3,1,2
ACC018100,2,70794.79,35397.4,200,23,2,0,2
ACC018101,1,9476.01,9476.01,0,3,1,0,1
ACC018102,2,8922.94,4461.47,118,11,2,0,2
ACC018104,2,14292.31,7146.15,49,25,2,0,1
ACC018106,1,12424.78,12424.78,0,5,1,0,1
ACC018109,1,74318.71,74318.71,0,8,1,1,1
ACC018110,3,80653.31,26884.44,300,29,3,0,3
ACC018113,1,16826.24,16826.24,0,10,1,0,1
ACC018114,2,43391.05,21695.53,65,13,2,0,1
ACC018115,2,2050.26,1025.13,35,27,2,1,1
ACC018116,2,90856.02,45428.01,184,26,2,0,1
ACC018117,1,79759.55,79759.55,0,2,1,0,1
ACC018118,1,36436.03,36436.03,0,2,1,0,1
ACC018120,1,75919.94,75919.94,0,5,1,0,1
ACC018122,1,38249.28,38249.28,0,13,1,0,1
ACC018123,1,81005.47,81005.47,0,3,1,0,1
ACC018124,1,1618.96,1618.96,0,3,1,0,1
ACC018125,5,226448.87,45289.77,336,22,5,0,4
ACC018126,2,41610.02,20805.01,403,14,2,0,2
ACC018127,2,26475.54,13237.77,32,26,2,0,2
ACC018128,2,121192.74,60596.37,150,15,2,0,2
ACC018129,1,18476.23,18476.23,0,12,1,0,1
ACC018130,2,9617.69,4808.85,80,20,2,0,1
ACC018131,1,30788.03,30788.03,0,1,1,0,1
ACC018132,2,40552.85,20276.42,113,13,2,0,2
ACC018133,1,10517.59,10517.59,0,7,1,0,1
ACC018134,3,127285.73,42428.58,294,24,3,1,3
ACC018137,1,2774.58,2774.58,0,13,1,0,1
ACC018138,1,26912.03,26912.03,0,1,1,0,1
ACC018139,2,22976.4,11488.2,168,14,2,0,2
ACC018140,1,8819.65,8819.65,0,13,1,0,1
ACC018141,1,51517.3,51517.3,0,1,1,0,1
ACC018142,3,93264.6,31088.2,263,25,3,0,3
ACC018143,1,24236.67,24236.67,0,6,1,0,1
ACC018144,1,12547.58,12547.58,0,9,1,0,1
ACC018145,2,8600.11,4300.06,164,18,2,0,2
ACC018146,1,72841.11,72841.11,0,4,1,0,1
ACC018149,3,59608.98,19869.66,104,33,3,0,2
ACC018151,3,36776.05,12258.68,60,15,3,0,3
ACC018152,1,21964.77,21964.77,0,7,1,0,1
ACC018153,1,6101.56,6101.56,0,7,1,0,1
ACC018155,1,10750.78,10750.78,0,4,1,0,1
ACC018157,2,27640.65,13820.32,315,15,2,0,2
ACC018158,1,1622.02,1622.02,0,2,1,0,1
ACC018159,1,8234.93,8234.93,0,9,1,0,1
ACC018160,2,35594.68,17797.34,100,11,2,0,2
ACC018161,2,34995.97,17497.99,302,26,2,0,2
ACC018163,2,134240.77,67120.38,48,16,2,0,2
ACC018164,1,21314.39,21314.39,0,3,1,0,1
ACC018165,2,43507.09,21753.55,13,10,2,0,2
ACC018166,1,1960.63,1960.63,0,14,1,0,1
ACC018169,1,3160.46,3160.46,0,9,1,1,1
ACC018170,2,40417.96,20208.98,3,8,2,0,2
ACC018173,1,56133.99,56133.99,0,9,1,0,1
ACC018175,1,73773.48,73773.48,0,10,1,0,1
ACC018176,1,4742.44,4742.44,0,10,1,0,1
ACC018177,1,3010.0,3010.0,0,12,1,0,1
ACC018178,1,15445.75,15445.75,0,4,1,0,1
ACC018179,1,31287.65,31287.65,0,9,1,0,1
ACC018180,1,7017.56,7017.56,0,1,1,0,1
ACC018183,1,35181.52,35181.52,0,14,1,0,1
ACC018184,2,54825.31,27412.65,328,16,2,1,2
ACC018186,2,42931.76,21465.88,350,17,2,1,2
ACC018187,2,41133.88,20566.94,156,26,2,0,2
ACC018189,1,77567.52,77567.52,0,9,1,0,1
ACC018191,1,87178.32,87178.32,0,11,1,0,1
ACC018192,2,107565.52,53782.76,21,11,2,0,2
ACC018193,2,57555.32,28777.66,1,16,2,0,2
ACC018194,1,16669.62,16669.62,0,13,1,0,1
ACC018196,1,19044.65,19044.65,0,14,1,0,1
ACC018200,1,31932.25,31932.25,0,6,1,0,1
ACC018201,4,34625.05,8656.26,382,51,4,0,3
ACC018202,2,16005.5,8002.75,22,22,2,0,2
ACC018204,2,58652.99,29326.49,182,11,2,0,2
ACC018208,1,20493.23,20493.23,0,9,1,0,1
ACC018210,2,51195.01,25597.5,27,14,2,0,2
ACC018211,1,24753.12,24753.12,0,5,1,0,1
ACC018212,1,38720.0,38720.0,0,14,1,1,1
ACC018213,1,12215.15,12215.15,0,13,1,0,1
ACC018214,1,5150.97,5150.97,0,7,1,0,1
ACC018215,2,41964.92,20982.46,149,20,2,0,2
ACC018217,1,17026.57,17026.57,0,6,1,0,1
ACC018218,1,40746.71,40746.71,0,1,1,0,1
ACC018220,1,50755.17,50755.17,0,5,1,0,1
ACC018221,1,40149.02,40149.02,0,4,1,1,1
ACC018222,1,15473.74,15473.74,0,8,1,0,1
ACC018223,3,88718.85,29572.95,218,32,3,1,3
ACC018224,1,66983.9,66983.9,0,8,1,0,1
ACC018226,2,24862.19,12431.09,189,17,2,0,2
ACC018227,3,169437.4,56479.13,299,16,3,0,3
ACC018228,4,85433.42,21358.35,236,27,4,0,3
ACC018229,1,15753.49,15753.49,0,4,1,0,1
ACC018230,1,14192.63,14192.63,0,12,1,0,1
ACC018232,2,33877.25,16938.62,316,25,2,0,1
ACC018234,2,53095.63,26547.82,30,10,2,0,2
ACC018235,5,137649.44,27529.89,309,48,5,0,3
ACC018237,1,21789.11,21789.11,0,5,1,0,1
ACC018239,1,87806.96,87806.96,0,8,1,0,1
ACC018241,1,8178.26,8178.26,0,3,1,0,1
ACC018242,1,4156.11,4156.11,0,11,1,0,1
ACC018243,1,8460.02,8460.02,0,14,1,0,1
ACC018244,1,6520.63,6520.63,0,9,1,0,1
ACC018245,1,4923.7,4923.7,0,13,1,0,1
ACC018247,1,37402.38,37402.38,0,12,1,1,1
ACC018250,1,31968.48,31968.48,0,1,1,0,1
ACC018251,1,2511.88,2511.88,0,12,1,0,1
ACC018252,3,141406.51,47135.5,403,13,3,1,3
ACC018254,1,29062.67,29062.67,0,8,1,0,1
ACC018255,2,93630.04,46815.02,168,13,2,1,2
ACC018257,1,19671.39,19671.39,0,4,1,1,1
ACC018259,2,35431.44,17715.72,296,18,2,0,2
ACC018261,2,114071.32,57035.66,46,18,2,0,2
ACC018262,1,16916.98,16916.98,0,10,1,0,1
ACC018264,1,163571.05,163571.05,0,11,1,0,1
ACC018266,3,54547.3,18182.43,240,13,3,0,3
ACC018267,3,81997.69,27332.56,105,29,3,0,3
ACC018269,2,9877.41,4938.7,394,11,2,1,2
ACC018270,1,73649.29,73649.29,0,11,1,0,1
ACC018273,1,21450.54,21450.54,0,6,1,1,1
ACC018274,2,89350.11,44675.06,66,18,2,0,2
ACC018275,1,33287.6,33287.6,0,12,1,0,1
ACC018276,2,44166.43,22083.22,178,8,2,1,2
ACC018277,1,50482.04,50482.04,0,1,1,0,1
ACC018278,1,12052.29,12052.29,0,1,1,0,1
ACC018280,3,56094.92,18698.31,113,17,3,1,3
ACC018281,2,29906.47,14953.24,9,5,2,0,2
ACC018282,2,74828.14,37414.07,323,14,2,1,1
ACC018283,1,9825.31,9825.31,0,6,1,0,1
ACC018285,3,63324.75,21108.25,263,12,3,0,2
ACC018286,1,12715.97,12715.97,0,14,1,0,1
ACC018288,3,22138.59,7379.53,282,27,3,0,2
ACC018289,2,11572.23,5786.11,188,2,2,0,2
ACC018291,2,27748.52,13874.26,130,22,2,1,2
ACC018292,1,29047.41,29047.41,0,10,1,0,1
ACC018293,2,116973.85,58486.93,321,14,2,0,2
ACC018294,2,82596.86,41298.43,355,11,2,1,2
ACC018295,5,155371.23,31074.25,280,41,5,0,4
ACC018297,4,88601.05,22150.26,330,35,4,0,4
ACC018298,3,83932.91,27977.64,211,40,3,0,2
ACC018299,2,16100.63,8050.31,101,21,2,0,2
ACC018300,2,86683.03,43341.51,158,22,2,0,2
ACC018301,1,41249.76,41249.76,0,14,1,0,1
ACC018303,2,116546.03,58273.01,36,20,2,1,2
ACC018308,1,45687.65,45687.65,0,7,1,1,1
ACC018309,1,23080.06,23080.06,0,3,1,0,1
ACC018311,1,18790.1,18790.1,0,6,1,0,1
ACC018313,2,46873.88,23436.94,105,13,2,0,2
ACC018316,2,75587.87,37793.93,136,9,2,0,1
ACC018317,2,24769.73,12384.86,8,17,2,0,2
ACC018318,4,100018.19,25004.55,282,30,4,1,4
ACC018320,1,11932.69,11932.69,0,14,1,0,1
ACC018321,1,38721.14,38721.14,0,3,1,0,1
ACC018323,1,1727.55,1727.55,0,8,1,0,1
ACC018324,4,33136.94,8284.24,231,31,4,0,2
ACC018325,1,75918.87,75918.87,0,9,1,0,1
ACC018326,1,40354.35,40354.35,0,5,1,0,1
ACC018327,1,14941.87,14941.87,0,3,1,0,1
ACC018328,3,40851.48,13617.16,243,23,3,0,3
ACC018329,2,56169.54,28084.77,188,8,2,0,1
ACC018330,1,4046.1,4046.1,0,13,1,0,1
ACC018331,1,3274.52,3274.52,0,6,1,0,1
ACC018333,1,11389.17,11389.17,0,13,1,0,1
ACC018334,1,33860.01,33860.01,0,11,1,0,1
ACC018336,1,4941.62,4941.62,0,1,1,0,1
ACC018337,1,29001.19,29001.19,0,10,1,0,1
ACC018340,1,20290.72,20290.72,0,1,1,0,1
ACC018341,1,5914.1,5914.1,0,7,1,0,1
ACC018342,1,7558.37,7558.37,0,13,1,0,1
ACC018343,1,4809.61,4809.61,0,12,1,0,1
ACC018344,1,25070.7,25070.7,0,8,1,0,1
ACC018347,1,27235.69,27235.69,0,13,1,0,1
ACC018348,1,22606.06,22606.06,0,8,1,0,1
ACC018350,4,202283.75,50570.94,382,21,4,1,3
ACC018352,2,189252.18,94626.09,45,21,2,0,1
ACC018353,2,29212.33,14606.17,138,12,2,1,2
ACC018354,1,18042.15,18042.15,0,10,1,0,1
ACC018355,2,69512.15,34756.07,19,16,2,0,2
ACC018360,1,49277.25,49277.25,0,7,1,1,1
ACC018361,2,100466.62,50233.31,145,16,2,0,2
ACC018363,2,45234.01,22617.0,39,14,2,0,2
ACC018364,2,75032.01,37516.0,94,14,2,1,2
ACC018366,1,48939.58,48939.58,0,5,1,1,1
ACC018367,1,57689.96,57689.96,0,13,1,0,1
ACC018369,2,12012.32,6006.16,102,10,2,0,2
ACC018371,3,38414.41,12804.8,72,23,3,0,2
ACC018373,2,102775.99,51387.99,129,3,2,0,2
ACC018374,2,89352.98,44676.49,187,25,2,0,1
ACC018375,3,83656.98,27885.66,315,29,3,0,3
ACC018377,1,14724.93,14724.93,0,1,1,0,1
ACC018378,2,30505.27,15252.64,74,8,2,0,2
ACC018379,2,109032.06,54516.03,351,17,2,0,2
ACC018380,1,33957.74,33957.74,0,13,1,0,1
ACC018381,2,25359.8,12679.9,386,11,2,1,2
ACC018385,2,103912.19,51956.1,279,21,2,1,2
ACC018386,2,120368.52,60184.26,151,11,2,0,2
ACC018388,1,94016.26,94016.26,0,9,1,0,1
ACC018389,1,20319.48,20319.48,0,5,1,0,1
ACC018390,1,1498.47,1498.47,0,6,1,1,1
ACC018391,2,26415.53,13207.76,26,10,2,0,2
ACC018392,1,6719.14,6719.14,0,10,1,0,1
ACC018393,1,18230.85,18230.85,0,11,1,0,1
ACC018394,1,102383.1,102383.1,0,9,1,0,1
ACC018396,2,34168.73,17084.36,119,12,2,0,2
ACC018397,2,80664.95,40332.47,65,22,2,0,2
ACC018399,2,8009.13,4004.57,49,22,2,0,2
ACC018400,1,13052.2,13052.2,0,8,1,0,1
ACC018401,1,25314.96,25314.96,0,10,1,1,1
ACC018402,2,42077.35,21038.67,277,24,2,0,2
ACC018404,2,28545.55,14272.77,173,23,2,0,2
ACC018406,1,25914.52,25914.52,0,6,1,0,1
ACC018407,1,3041.18,3041.18,0,13,1,1,1
ACC018408,4,183664.82,45916.21,369,43,4,0,3
ACC018410,1,10422.85,10422.85,0,6,1,0,1
ACC018412,1,53049.71,53049.71,0,5,1,0,1
ACC018413,1,22357.38,22357.38,0,13,1,0,1
ACC018415,1,17100.08,17100.08,0,5,1,0,1
ACC018417,2,117083.57,58541.78,152,4,2,0,2
ACC018418,1,11772.08,11772.08,0,3,1,0,1
ACC018421,2,68877.2,34438.6,186,11,2,0,2
ACC018423,1,4163.16,4163.16,0,11,1,0,1
ACC018425,1,3067.41,3067.41,0,4,1,0,1
ACC018428,2,91464.68,45732.34,204,14,2,0,2
ACC018430,1,4709.02,4709.02,0,7,1,0,1
ACC018431,1,20676.16,20676.16,0,10,1,0,1
ACC018432,1,9789.93,9789.93,0,9,1,0,1
ACC018436,1,11117.36,11117.36,0,6,1,0,1
ACC018437,2,43562.85,21781.42,19,12,2,0,2
ACC018440,3,68745.14,22915.05,221,17,3,0,3
ACC018441,1,13643.38,13643.38,0,12,1,0,1
ACC018442,2,17984.29,8992.15,149,13,2,0,2
ACC018443,2,29119.29,14559.65,107,9,2,0,2
ACC018445,2,101024.19,50512.1,179,13,2,1,2
ACC018446,2,42477.24,21238.62,68,19,2,0,2
ACC018447,1,86744.72,86744.72,0,14,1,0,1
ACC018449,1,19096.78,19096.78,0,10,1,0,1
ACC018450,2,13257.39,6628.69,377,7,2,0,1
ACC018452,3,34664.36,11554.79,86,25,3,0,3
ACC018453,1,8790.36,8790.36,0,14,1,0,1
ACC018454,1,8909.48,8909.48,0,13,1,1,1
ACC018457,2,31223.12,15611.56,26,19,2,0,2
ACC018459,2,61720.59,30860.29,356,26,2,0,2
ACC018460,1,708.41,708.41,0,10,1,0,1
ACC018461,3,115731.75,38577.25,185,26,3,0,3
ACC018463,2,52360.13,26180.07,308,15,2,0,2
ACC018467,1,37228.29,37228.29,0,3,1,0,1
ACC018468,4,290455.12,72613.78,239,41,4,0,3
ACC018469,1,50077.17,50077.17,0,9,1,0,1
ACC018470,3,13406.12,4468.71,217,20,3,0,3
ACC018471,1,37632.6,37632.6,0,8,1,0,1
ACC018472,1,27789.81,27789.81,0,14,1,0,1
ACC018474,1,14747.3,14747.3,0,5,1,0,1
ACC018475,3,48059.85,16019.95,33,20,3,0,2
ACC018476,2,19006.79,9503.4,156,5,2,0,2
ACC018477,2,110023.14,55011.57,64,12,2,0,2
ACC018481,3,36802.81,12267.6,374,20,3,1,3
ACC018483,2,50083.87,25041.94,351,5,2,1,2
ACC018484,2,40554.67,20277.33,234,7,2,0,2
ACC018485,3,42679.9,14226.63,50,23,3,0,3
ACC018487,1,4819.15,4819.15,0,2,1,0,1
ACC018493,1,38393.08,38393.08,0,3,1,0,1
ACC018494,1,4963.47,4963.47,0,8,1,0,1
ACC018495,1,17254.75,17254.75,0,1,1,1,1
ACC018499,2,70088.32,35044.16,328,18,2,0,2
ACC018501,1,25614.37,25614.37,0,1,1,0,1
ACC018502,1,6275.74,6275.74,0,9,1,0,1
ACC018506,2,84450.35,42225.17,124,11,2,0,2
ACC018507,1,55842.68,55842.68,0,8,1,1,1
ACC018509,1,34486.24,34486.24,0,6,1,0,1
ACC018511,1,6953.95,6953.95,0,2,1,0,1
ACC018512,3,30841.64,10280.55,228,25,3,0,2
ACC018513,2,28077.66,14038.83,126,14,2,0,2
ACC018514,2,30674.45,15337.22,402,7,2,1,2
ACC018516,1,46867.87,46867.87,0,7,1,0,1
ACC018519,3,107299.34,35766.45,376,24,3,0,3
ACC018520,2,79515.72,39757.86,178,20,2,1,2
ACC018523,3,154887.28,51629.09,190,24,3,0,3
ACC018524,1,9014.35,9014.35,0,8,1,0,1
ACC018525,1,21582.83,21582.83,0,12,1,0,1
ACC018526,1,14263.02,14263.02,0,12,1,0,1
ACC018527,2,10976.45,5488.23,219,24,2,0,1
ACC018528,1,84927.19,84927.19,0,9,1,0,1
ACC018529,2,60738.63,30369.32,91,17,2,0,2
ACC018531,2,34859.65,17429.83,27,5,2,0,2
ACC018532,1,108554.54,108554.54,0,5,1,0,1
ACC018533,1,68479.64,68479.64,0,2,1,0,1
ACC018534,1,17817.97,17817.97,0,8,1,0,1
ACC018536,2,68755.15,34377.57,209,19,2,0,2
ACC018537,1,1105.43,1105.43,0,5,1,0,1
ACC018539,1,24656.13,24656.13,0,3,1,0,1
ACC018542,1,4912.4,4912.4,0,12,1,0,1
ACC018543,1,51887.81,51887.81,0,5,1,0,1
ACC018544,1,53354.69,53354.69,0,8,1,0,1
ACC018545,1,41148.74,41148.74,0,10,1,0,1
ACC018546,1,18650.37,18650.37,0,7,1,0,1
ACC018552,1,44091.88,44091.88,0,2,1,0,1
ACC018553,2,73208.87,36604.43,7,11,2,0,2
ACC018554,1,17533.76,17533.76,0,5,1,0,1
ACC018555,2,65359.68,32679.84,114,21,2,0,2
ACC018556,3,50951.16,16983.72,198,33,3,0,3
ACC018558,1,17530.62,17530.62,0,5,1,0,1
ACC018560,1,10670.83,10670.83,0,3,1,0,1
ACC018561,1,40694.42,40694.42,0,7,1,0,1
ACC018562,1,76345.39,76345.39,0,10,1,0,1
ACC018563,2,30473.26,15236.63,195,19,2,0,2
ACC018564,1,19816.72,19816.72,0,13,1,0,1
ACC018566,1,21682.38,21682.38,0,6,1,0,1
ACC018570,1,16655.5,16655.5,0,4,1,0,1
ACC018572,2,46668.0,23334.0,378,22,2,0,2
ACC018573,2,56745.14,28372.57,247,22,2,0,2
ACC018574,1,5035.1,5035.1,0,9,1,0,1
ACC018576,3,86445.4,28815.13,12,23,3,0,3
ACC018577,2,55916.62,27958.31,137,24,2,0,2
ACC018579,1,95401.48,95401.48,0,11,1,0,1
ACC018581,1,30232.7,30232.7,0,8,1,0,1
ACC018582,2,31864.31,15932.15,10,12,2,0,2
ACC018583,3,24337.28,8112.43,202,23,3,0,3
ACC018585,1,10914.9,10914.9,0,7,1,0,1
ACC018586,4,95480.52,23870.13,329,46,4,0,4
ACC018587,2,9008.3,4504.15,153,7,2,1,2
ACC018588,3,88962.0,29654.0,265,28,3,0,3
ACC018590,2,74112.52,37056.26,36,15,2,0,1
ACC018593,1,25231.59,25231.59,0,14,1,0,1
ACC018595,3,17199.4,5733.13,56,19,3,1,3
ACC018596,1,27555.38,27555.38,0,10,1,0,1
ACC018598,1,32789.06,32789.06,0,14,1,0,1
ACC018600,1,15303.51,15303.51,0,10,1,0,1
ACC018602,2,29048.31,14524.16,67,20,2,0,2
ACC018604,1,11953.81,11953.81,0,1,1,0,1
ACC018605,1,895.18,895.18,0,13,1,0,1
ACC018607,1,24130.95,24130.95,0,11,1,0,1
ACC018608,3,85662.74,28554.25,332,20,3,1,3
ACC018609,4,193749.16,48437.29,405,31,4,1,4
ACC018611,2,88790.2,44395.1,4,22,2,0,2
ACC018612,3,61105.8,20368.6,286,21,3,0,2
ACC018613,2,50975.91,25487.96,81,16,2,0,2
ACC018614,2,38968.41,19484.21,14,16,2,0,2
ACC018616,1,30123.21,30123.21,0,4,1,0,1
ACC018617,2,17137.0,8568.5,29,16,2,0,1
ACC018619,4,116474.31,29118.58,292,40,4,0,2
ACC018621,1,1965.94,1965.94,0,6,1,1,1
ACC018622,1,8302.71,8302.71,0,11,1,0,1
ACC018623,2,39563.61,19781.81,180,3,2,0,2
ACC018625,1,20835.36,20835.36,0,1,1,0,1
ACC018626,4,48063.14,12015.78,169,30,4,0,3
ACC018628,1,13019.59,13019.59,0,12,1,0,1
ACC018629,1,1770.43,1770.43,0,14,1,0,1
ACC018631,1,5504.63,5504.63,0,5,1,0,1
ACC018635,1,63336.86,63336.86,0,11,1,0,1
ACC018637,3,38496.32,12832.11,238,15,3,1,2
ACC018638,1,144826.69,144826.69,0,11,1,0,1
ACC018641,1,46730.21,46730.21,0,8,1,0,1
ACC018642,2,58881.76,29440.88,10,19,2,0,2
ACC018644,2,27184.4,13592.2,174,14,2,0,2
ACC018648,2,115290.07,57645.04,149,11,2,0,2
ACC018649,1,125175.88,125175.88,0,9,1,0,1
ACC018650,1,7613.31,7613.31,0,4,1,0,1
ACC018652,1,66748.82,66748.82,0,6,1,0,1
ACC018653,2,63409.97,31704.99,39,13,2,1,2
ACC018654,2,73954.88,36977.44,193,22,2,1,2
ACC018657,1,18514.61,18514.61,0,13,1,0,1
ACC018659,1,28215.29,28215.29,0,8,1,0,1
ACC018660,1,3675.51,3675.51,0,6,1,1,1
ACC018661,2,19876.04,9938.02,99,9,2,0,1
ACC018662,1,26769.82,26769.82,0,10,1,0,1
ACC018664,4,107287.47,26821.87,14,18,4,0,3
ACC018666,1,19724.53,19724.53,0,10,1,0,1
ACC018667,1,37398.84,37398.84,0,2,1,0,1
ACC018668,1,15737.9,15737.9,0,4,1,0,1
ACC018673,2,27598.16,13799.08,33,16,2,0,2
ACC018674,1,1940.13,1940.13,0,3,1,0,1
ACC018675,1,22822.13,22822.13,0,11,1,0,1
ACC018676,1,506.02,506.02,0,14,1,0,1
ACC018677,4,86982.65,21745.66,163,24,4,0,4
ACC018678,1,23427.63,23427.63,0,2,1,0,1
ACC018680,2,52658.29,26329.14,31,5,2,0,2
ACC018681,1,29645.77,29645.77,0,14,1,0,1
ACC018683,1,16181.89,16181.89,0,8,1,0,1
ACC018685,2,13897.87,6948.94,171,18,2,0,2
ACC018686,2,128260.0,64130.0,178,28,2,0,2
ACC018687,1,18510.67,18510.67,0,6,1,0,1
ACC018689,1,7446.19,7446.19,0,9,1,0,1
ACC018690,1,9290.08,9290.08,0,7,1,0,1
ACC018691,1,20098.7,20098.7,0,14,1,0,1
ACC018693,1,14650.16,14650.16,0,13,1,0,1
ACC018694,1,16889.12,16889.12,0,2,1,0,1
ACC018696,1,2544.32,2544.32,0,9,1,0,1
ACC018697,1,5014.58,5014.58,0,8,1,0,1
ACC018698,5,146768.96,29353.79,94,33,5,1,4
ACC018699,2,51615.85,25807.92,43,10,2,0,2
ACC018700,2,32593.63,16296.81,84,26,2,0,2
ACC018702,3,53669.61,17889.87,31,31,3,1,3
ACC018705,1,3195.56,3195.56,0,11,1,0,1
ACC018706,2,44445.87,22222.94,182,18,2,0,2
ACC018709,4,83575.4,20893.85,348,37,4,0,3
ACC018710,3,36036.41,12012.14,210,19,3,1,3
ACC018711,2,99952.76,49976.38,299,23,2,0,2
ACC018713,1,27743.07,27743.07,0,2,1,0,1
ACC018714,1,4164.64,4164.64,0,8,1,0,1
ACC018716,1,12354.7,12354.7,0,3,1,0,1
ACC018717,1,35061.93,35061.93,0,8,1,0,1
ACC018718,1,20770.27,20770.27,0,13,1,0,1
ACC018721,1,4540.64,4540.64,0,4,1,0,1
ACC018724,2,53206.54,26603.27,306,14,2,0,2
ACC018726,1,53540.37,53540.37,0,1,1,0,1
ACC018727,1,41952.19,41952.19,0,5,1,0,1
ACC018728,1,101671.06,101671.06,0,9,1,0,1
ACC018729,1,8993.54,8993.54,0,2,1,0,1
ACC018730,1,15175.42,15175.42,0,11,1,0,1
ACC018731,2,46442.51,23221.25,385,15,2,1,2
ACC018732,3,39713.82,13237.94,136,28,3,0,2
ACC018733,3,48206.61,16068.87,280,24,3,0,3
ACC018735,2,44014.32,22007.16,36,19,2,0,2
ACC018738,1,4538.39,4538.39,0,13,1,1,1
ACC018740,1,2460.63,2460.63,0,5,1,0,1
ACC018741,1,14285.75,14285.75,0,12,1,0,1
ACC018742,1,10521.54,10521.54,0,8,1,0,1
ACC018743,1,4193.79,4193.79,0,7,1,0,1
ACC018744,1,7150.59,7150.59,0,7,1,0,1
ACC018745,5,52142.18,10428.44,268,26,5,0,5
ACC018746,1,33265.65,33265.65,0,4,1,0,1
ACC018747,2,30214.83,15107.41,85,7,2,0,2
ACC018749,1,48879.63,48879.63,0,2,1,0,1
ACC018750,1,4464.54,4464.54,0,1,1,0,1
ACC018751,1,58145.79,58145.79,0,2,1,0,1
ACC018752,2,9661.53,4830.76,76,14,2,0,2
ACC018756,1,7147.8,7147.8,0,12,1,0,1
ACC018757,2,32207.18,16103.59,81,24,2,0,2
ACC018760,3,49463.93,16487.98,154,9,3,0,2
ACC018762,1,128833.8,128833.8,0,4,1,0,1
ACC018763,3,38459.52,12819.84,276,28,3,0,3
ACC018766,1,19877.82,19877.82,0,5,1,0,1
ACC018767,2,9912.29,4956.15,146,19,2,0,2
ACC018768,2,61035.54,30517.77,126,14,2,0,2
ACC018769,1,6210.67,6210.67,0,8,1,0,1
ACC018770,1,845.4,845.4,0,6,1,0,1
ACC018773,2,22388.23,11194.11,29,18,2,1,1
ACC018775,1,15068.95,15068.95,0,4,1,0,1
ACC018777,1,19779.25,19779.25,0,1,1,1,1
ACC018779,2,15425.13,7712.56,19,19,2,0,2
ACC018781,3,84938.71,28312.9,59,12,3,0,3
ACC018782,1,31745.78,31745.78,0,5,1,0,1
ACC018783,1,2019.88,2019.88,0,11,1,0,1
ACC018784,1,17314.39,17314.39,0,4,1,0,1
ACC018787,1,26617.15,26617.15,0,9,1,0,1
ACC018789,2,93067.92,46533.96,175,5,2,0,2
ACC018791,1,147214.61,147214.61,0,13,1,0,1
ACC018792,2,88098.5,44049.25,311,11,2,0,2
ACC018795,1,29980.47,29980.47,0,12,1,0,1
ACC018798,1,19353.34,19353.34,0,9,1,0,1
ACC018799,1,25255.31,25255.31,0,6,1,0,1
ACC018800,2,55427.45,27713.72,101,16,2,0,2
ACC018801,1,11910.91,11910.91,0,2,1,0,1
ACC018803,3,107139.17,35713.06,328,15,3,0,2
ACC018804,2,52332.26,26166.13,268,14,2,0,2
ACC018805,1,53685.36,53685.36,0,12,1,0,1
ACC018806,2,9682.15,4841.07,119,15,2,1,2
ACC018807,3,80548.83,26849.61,395,18,3,0,3
ACC018808,1,8531.34,8531.34,0,8,1,1,1
ACC018809,1,21006.87,21006.87,0,5,1,0,1
ACC018810,3,75692.1,25230.7,168,23,3,0,3
ACC018812,1,17098.27,17098.27,0,2,1,0,1
ACC018815,1,15041.45,15041.45,0,8,1,0,1
ACC018817,1,8372.43,8372.43,0,8,1,0,1
ACC018819,1,61163.58,61163.58,0,11,1,0,1
ACC018821,1,5365.24,5365.24,0,5,1,0,1
ACC018822,3,54467.54,18155.85,291,21,3,0,2
ACC018823,1,554.26,554.26,0,8,1,0,1
ACC018824,3,103039.43,34346.48,145,18,3,0,2
ACC018826,2,36193.88,18096.94,197,17,2,0,2
ACC018827,1,851.07,851.07,0,10,1,0,1
ACC018829,1,5550.27,5550.27,0,7,1,0,1
ACC018830,3,30838.0,10279.33,288,23,3,1,3
ACC018832,1,19486.74,19486.74,0,12,1,0,1
ACC018833,1,8202.59,8202.59,0,11,1,0,1
ACC018834,4,47757.86,11939.47,239,37,4,0,3
ACC018835,1,89068.3,89068.3,0,10,1,0,1
ACC018836,1,54428.86,54428.86,0,14,1,0,1
ACC018837,1,18427.77,18427.77,0,3,1,0,1
ACC018842,1,13832.93,13832.93,0,14,1,0,1
ACC018843,1,2007.32,2007.32,0,1,1,0,1
ACC018844,1,62245.32,62245.32,0,11,1,0,1
ACC018845,1,13650.79,13650.79,0,8,1,0,1
ACC018846,1,27127.78,27127.78,0,14,1,0,1
ACC018847,1,4895.34,4895.34,0,7,1,0,1
ACC018848,1,18398.18,18398.18,0,12,1,0,1
ACC018851,1,44960.49,44960.49,0,10,1,0,1
ACC018853,1,9033.19,9033.19,0,2,1,0,1
ACC018854,1,7403.0,7403.0,0,11,1,0,1
ACC018855,3,145693.28,48564.43,321,24,3,0,3
ACC018856,1,11725.34,11725.34,0,4,1,0,1
ACC018859,1,769.52,769.52,0,3,1,0,1
ACC018860,1,23704.51,23704.51,0,4,1,0,1
ACC018862,1,1877.35,1877.35,0,3,1,0,1
ACC018863,2,40273.29,20136.65,168,22,2,0,2
ACC018864,3,23614.57,7871.52,41,32,3,0,2
ACC018865,2,51508.69,25754.35,8,13,2,0,2
ACC018866,1,45320.46,45320.46,0,14,1,1,1
ACC018867,1,17211.48,17211.48,0,1,1,0,1
ACC018868,2,32522.43,16261.22,375,16,2,0,2
ACC018873,2,31312.5,15656.25,190,9,2,0,2
ACC018874,2,12281.57,6140.78,76,3,2,0,1
ACC018877,2,28869.93,14434.97,132,18,2,0,2
ACC018878,1,36722.29,36722.29,0,14,1,0,1
ACC018880,1,30129.63,30129.63,0,11,1,0,1
ACC018881,1,42609.44,42609.44,0,2,1,0,1
ACC018882,1,45308.44,45308.44,0,2,1,0,1
ACC018884,1,45198.32,45198.32,0,14,1,0,1
ACC018885,1,9622.39,9622.39,0,1,1,0,1
ACC018886,1,10910.1,10910.1,0,10,1,0,1
ACC018887,2,121866.52,60933.26,149,11,2,0,2
ACC018888,2,14211.21,7105.6,107,11,2,0,2
ACC018889,1,2270.12,2270.12,0,12,1,0,1
ACC018891,1,92682.01,92682.01,0,12,1,1,1
ACC018892,1,6631.26,6631.26,0,1,1,0,1
ACC018893,2,69226.76,34613.38,304,10,2,0,1
ACC018895,1,3996.54,3996.54,0,9,1,0,1
ACC018896,2,17593.66,8796.83,84,28,2,0,2
ACC018897,1,67352.76,67352.76,0,12,1,0,1
ACC018898,2,9721.49,4860.74,34,11,2,0,2
ACC018899,2,169708.89,84854.45,124,14,2,0,2
ACC018900,1,3245.39,3245.39,0,4,1,0,1
ACC018901,2,36125.6,18062.8,22,17,2,0,2
ACC018902,1,52524.34,52524.34,0,12,1,0,1
ACC018904,2,15011.67,7505.84,63,19,2,0,2
ACC018907,1,84954.58,84954.58,0,12,1,0,1
ACC018912,1,2183.58,2183.58,0,2,1,0,1
ACC018913,1,16433.31,16433.31,0,11,1,0,1
ACC018914,2,88995.01,44497.51,166,9,2,0,2
ACC018916,1,7294.55,7294.55,0,9,1,0,1
ACC018917,1,5718.54,5718.54,0,13,1,0,1
ACC018918,1,41373.12,41373.12,0,4,1,0,1
ACC018922,1,39920.01,39920.01,0,3,1,1,1
ACC018923,1,13861.31,13861.31,0,10,1,0,1
ACC018925,1,75239.39,75239.39,0,13,1,0,1
ACC018926,2,49705.41,24852.7,87,14,2,0,2
ACC018927,2,62993.87,31496.94,123,17,2,0,2
ACC018929,2,42901.12,21450.56,24,8,2,0,2
ACC018930,1,9876.26,9876.26,0,4,1,0,1
ACC018931,2,106100.29,53050.14,182,4,2,0,2
ACC018932,2,142642.34,71321.17,131,26,2,0,2
ACC018934,1,38816.51,38816.51,0,10,1,0,1
ACC018935,3,34786.76,11595.59,233,27,3,0,3
ACC018936,2,61009.33,30504.67,106,6,2,0,2
ACC018939,2,13843.2,6921.6,25,19,2,0,1
ACC018940,1,24178.4,24178.4,0,5,1,0,1
ACC018941,1,14003.86,14003.86,0,11,1,0,1
ACC018942,1,16762.68,16762.68,0,2,1,0,1
ACC018943,1,17738.72,17738.72,0,3,1,0,1
ACC018944,1,18332.55,18332.55,0,9,1,0,1
ACC018946,1,1183.47,1183.47,0,6,1,0,1
ACC018947,4,104793.67,26198.42,429,26,4,1,4
ACC018948,2,77846.78,38923.39,229,12,2,0,2
ACC018949,2,31453.23,15726.62,11,9,2,0,2
ACC018950,1,34782.18,34782.18,0,11,1,0,1
ACC018951,3,81561.32,27187.11,343,23,3,1,3
ACC018952,1,7177.49,7177.49,0,12,1,0,1
ACC018954,1,24711.39,24711.39,0,14,1,0,1
ACC018956,3,86615.15,28871.72,125,19,3,1,3
ACC018958,1,4872.89,4872.89,0,7,1,0,1
ACC018960,1,1887.63,1887.63,0,11,1,0,1
ACC018961,2,123480.51,61740.26,199,8,2,0,2
ACC018962,1,44382.64,44382.64,0,3,1,0,1
ACC018963,2,40244.85,20122.42,169,5,2,0,2
ACC018965,1,5802.25,5802.25,0,6,1,0,1
ACC018966,1,8416.92,8416.92,0,2,1,1,1
ACC018968,1,28781.45,28781.45,0,9,1,0,1
ACC018969,3,30154.7,10051.57,170,13,3,0,2
ACC018970,3,72496.69,24165.56,129,16,3,0,3
ACC018971,3,123424.57,41141.52,426,35,3,1,2
ACC018974,1,29612.4,29612.4,0,9,1,0,1
ACC018976,3,54258.02,18086.01,126,25,3,0,1
ACC018977,1,31706.49,31706.49,0,4,1,0,1
ACC018979,2,21912.29,10956.15,13,22,2,0,1
ACC018981,1,71569.02,71569.02,0,2,1,0,1
ACC018982,2,16926.32,8463.16,9,22,2,0,2
ACC018983,2,20326.8,10163.4,179,13,2,0,2
ACC018984,2,24829.7,12414.85,171,24,2,0,1
ACC018985,1,29149.3,29149.3,0,14,1,0,1
ACC018986,2,31530.15,15765.08,88,13,2,0,2
ACC018987,1,28637.54,28637.54,0,12,1,0,1
ACC018989,3,151460.92,50486.97,267,35,3,0,3
ACC018993,2,62677.12,31338.56,61,18,2,0,2
ACC018994,1,7054.25,7054.25,0,11,1,0,1
ACC018995,1,48749.87,48749.87,0,5,1,0,1
ACC018996,1,1276.48,1276.48,0,8,1,0,1
ACC018997,1,24658.07,24658.07,0,11,1,0,1
ACC019001,1,21253.29,21253.29,0,2,1,0,1
ACC019002,2,40896.42,20448.21,119,18,2,0,2
ACC019004,1,4398.9,4398.9,0,7,1,0,1
ACC019009,3,61878.46,20626.15,235,16,3,0,3
ACC019010,1,8548.49,8548.49,0,4,1,0,1
ACC019012,1,43199.51,43199.51,0,5,1,0,1
ACC019013,3,24347.99,8116.0,343,32,3,0,3
ACC019014,4,188292.42,47073.11,242,25,4,0,2
ACC019015,5,146794.55,29358.91,331,42,5,0,3
ACC019016,1,26545.25,26545.25,0,1,1,0,1
ACC019019,1,21860.68,21860.68,0,5,1,0,1
ACC019020,1,27461.43,27461.43,0,11,1,0,1
ACC019023,1,32989.38,32989.38,0,3,1,0,1
ACC019024,1,39598.58,39598.58,0,13,1,0,1
ACC019025,1,14913.63,14913.63,0,7,1,0,1
ACC019026,1,58422.16,58422.16,0,10,1,0,1
ACC019027,1,16414.38,16414.38,0,3,1,0,1
ACC019029,1,25434.64,25434.64,0,14,1,1,1
ACC019030,1,22012.05,22012.05,0,7,1,0,1
ACC019032,1,16038.77,16038.77,0,12,1,0,1
ACC019036,1,17550.14,17550.14,0,4,1,0,1
ACC019037,1,7364.42,7364.42,0,10,1,0,1
ACC019038,1,2946.34,2946.34,0,8,1,0,1
ACC019039,1,33570.96,33570.96,0,2,1,0,1
ACC019040,1,10169.84,10169.84,0,6,1,0,1
ACC019041,2,13316.49,6658.25,20,15,2,0,1
ACC019045,2,58446.57,29223.28,360,25,2,1,2
ACC019046,1,37390.39,37390.39,0,14,1,0,1
ACC019047,1,13867.42,13867.42,0,8,1,0,1
ACC019048,1,22975.55,22975.55,0,11,1,0,1
ACC019050,1,8682.75,8682.75,0,10,1,0,1
ACC019051,2,148785.0,74392.5,42,7,2,1,2
ACC019053,1,50196.01,50196.01,0,4,1,0,1
ACC019054,1,16062.31,16062.31,0,3,1,0,1
ACC019055,1,45644.76,45644.76,0,5,1,0,1
ACC019058,2,70342.6,35171.3,25,9,2,0,2
ACC019067,1,14654.54,14654.54,0,14,1,0,1
ACC019068,2,60611.12,30305.56,346,17,2,0,2
ACC019071,2,7548.5,3774.25,31,13,2,0,2
ACC019072,1,46413.63,46413.63,0,9,1,0,1
ACC019073,1,17884.22,17884.22,0,10,1,0,1
ACC019074,2,20571.41,10285.7,95,14,2,0,2
ACC019075,1,15064.5,15064.5,0,4,1,0,1
ACC019077,2,65227.48,32613.74,108,11,2,0,2
ACC019081,2,86778.27,43389.13,228,27,2,0,2
ACC019082,2,65043.85,32521.92,368,26,2,1,2
ACC019083,1,23775.38,23775.38,0,1,1,0,1
ACC019084,1,12631.16,12631.16,0,1,1,0,1
ACC019085,2,43289.64,21644.82,114,6,2,0,2
ACC019086,1,16416.16,16416.16,0,13,1,0,1
ACC019087,1,27850.62,27850.62,0,9,1,0,1
ACC019091,1,89918.24,89918.24,0,4,1,0,1
ACC019094,1,26231.08,26231.08,0,2,1,0,1
ACC019096,1,1014.02,1014.02,0,7,1,1,1
ACC019097,2,13343.49,6671.75,2,18,2,0,1
ACC019098,1,96338.21,96338.21,0,4,1,0,1
ACC019099,1,17204.84,17204.84,0,7,1,0,1
ACC019100,1,53245.31,53245.31,0,11,1,0,1
ACC019103,1,82173.66,82173.66,0,12,1,0,1
ACC019104,1,3857.15,3857.15,0,7,1,1,1
ACC019105,2,73922.61,36961.31,292,21,2,0,1
ACC019106,1,34485.21,34485.21,0,12,1,0,1
ACC019107,3,195205.62,65068.54,277,17,3,0,3
ACC019110,3,101111.71,33703.9,261,11,3,0,3
ACC019111,1,7551.23,7551.23,0,13,1,0,1
ACC019112,2,58616.61,29308.31,28,13,2,0,2
ACC019114,1,1845.76,1845.76,0,9,1,0,1
ACC019117,1,21647.77,21647.77,0,8,1,0,1
ACC019118,1,16219.73,16219.73,0,2,1,0,1
ACC019120,1,3647.91,3647.91,0,1,1,0,1
ACC019121,1,17311.99,17311.99,0,5,1,0,1
ACC019122,1,42586.92,42586.92,0,5,1,0,1
ACC019123,1,15896.69,15896.69,0,13,1,0,1
ACC019124,1,20572.61,20572.61,0,9,1,0,1
ACC019125,2,47764.91,23882.46,82,20,2,0,2
ACC019126,1,25055.27,25055.27,0,1,1,0,1
ACC019128,2,15043.72,7521.86,199,8,2,0,2
ACC019130,3,12238.45,4079.48,36,28,3,0,3
ACC019132,1,84923.76,84923.76,0,4,1,0,1
ACC019135,1,27398.77,27398.77,0,6,1,0,1
ACC019136,2,6610.91,3305.45,53,18,2,0,2
ACC019137,1,17730.41,17730.41,0,10,1,0,1
ACC019138,1,29190.36,29190.36,0,6,1,0,1
ACC019139,2,57157.06,28578.53,23,16,2,0,2
ACC019140,1,24427.56,24427.56,0,12,1,0,1
ACC019141,2,17541.11,8770.56,83,23,2,0,2
ACC019142,1,2149.63,2149.63,0,5,1,0,1
ACC019143,2,27592.9,13796.45,162,25,2,0,2
ACC019144,2,100137.11,50068.56,366,22,2,0,2
ACC019145,4,35653.84,8913.46,326,28,4,0,3
ACC019146,1,51905.45,51905.45,0,5,1,0,1
ACC019147,1,5659.16,5659.16,0,9,1,0,1
ACC019153,1,1146.0,1146.0,0,5,1,0,1
ACC019154,2,129961.93,64980.96,222,9,2,0,2
ACC019155,1,10034.53,10034.53,0,5,1,0,1
ACC019156,2,44242.33,22121.17,201,18,2,0,2
ACC019157,3,90821.5,30273.83,342,27,3,0,2
ACC019158,2,24098.14,12049.07,272,9,2,0,2
ACC019160,2,56138.39,28069.19,176,14,2,0,2
ACC019163,2,36252.17,18126.08,70,24,2,0,2
ACC019164,1,43063.22,43063.22,0,11,1,0,1
ACC019165,1,5847.55,5847.55,0,2,1,0,1
ACC019166,1,45149.66,45149.66,0,7,1,0,1
ACC019167,1,22893.77,22893.77,0,3,1,0,1
ACC019168,1,38176.2,38176.2,0,8,1,0,1
ACC019169,2,106961.29,53480.65,68,7,2,0,2
ACC019170,1,20924.2,20924.2,0,4,1,0,1
ACC019171,1,25663.52,25663.52,0,13,1,0,1
ACC019173,1,19692.18,19692.18,0,12,1,0,1
ACC019174,1,5823.42,5823.42,0,13,1,0,1
ACC019175,1,5731.63,5731.63,0,3,1,0,1
ACC019176,2,42569.04,21284.52,210,8,2,0,1
ACC019177,1,15387.84,15387.84,0,2,1,0,1
ACC019179,1,57280.1,57280.1,0,5,1,0,1
ACC019183,1,21225.84,21225.84,0,5,1,0,1
ACC019188,2,39196.45,19598.22,224,9,2,0,1
ACC019190,1,9382.01,9382.01,0,10,1,0,1
ACC019191,1,31784.6,31784.6,0,7,1,0,1
ACC019192,1,8006.44,8006.44,0,10,1,0,1
ACC019193,1,1029.81,1029.81,0,7,1,0,1
ACC019196,1,138337.46,138337.46,0,4,1,0,1
ACC019197,1,36326.0,36326.0,0,13,1,0,1
ACC019198,1,8629.02,8629.02,0,13,1,0,1
ACC019199,1,27269.57,27269.57,0,12,1,0,1
ACC019200,1,39823.39,39823.39,0,6,1,0,1
ACC019201,2,50366.98,25183.49,162,13,2,0,2
ACC019203,2,92119.07,46059.54,239,13,2,0,2
ACC019204,1,20217.72,20217.72,0,4,1,0,1
ACC019205,1,4400.99,4400.99,0,9,1,0,1
ACC019206,1,14380.09,14380.09,0,10,1,0,1
ACC019207,3,15079.22,5026.41,393,23,3,1,3
ACC019208,3,36636.62,12212.21,152,22,3,0,2
ACC019209,2,76495.03,38247.51,151,9,2,0,1
ACC019210,1,651.43,651.43,0,10,1,0,1
ACC019211,2,78438.87,39219.44,203,17,2,0,2
ACC019212,2,20227.97,10113.99,324,9,2,0,2
ACC019213,1,33437.29,33437.29,0,5,1,0,1
ACC019214,1,2650.4,2650.4,0,9,1,0,1
ACC019217,1,10308.22,10308.22,0,5,1,0,1
ACC019218,1,9632.62,9632.62,0,11,1,0,1
ACC019219,1,18494.2,18494.2,0,13,1,0,1
ACC019220,2,58952.6,29476.3,17,13,2,0,1
ACC019221,3,25016.08,8338.69,165,28,3,0,3
ACC019222,2,68741.26,34370.63,92,16,2,0,2
ACC019225,4,148007.13,37001.78,298,24,4,0,2
ACC019226,1,22441.14,22441.14,0,7,1,0,1
ACC019227,2,15180.34,7590.17,357,14,2,0,2
ACC019228,1,115763.55,115763.55,0,11,1,0,1
ACC019229,1,1781.5,1781.5,0,4,1,0,1
ACC019231,1,3158.62,3158.62,0,8,1,0,1
ACC019233,1,9190.47,9190.47,0,13,1,0,1
ACC019235,2,60236.96,30118.48,18,18,2,0,1
ACC019236,1,5491.97,5491.97,0,9,1,0,1
ACC019238,1,18028.16,18028.16,0,5,1,0,1
ACC019242,2,103685.36,51842.68,135,11,2,1,1
ACC019248,1,8716.33,8716.33,0,7,1,0,1
ACC019250,1,4871.27,4871.27,0,2,1,0,1
ACC019251,1,48523.86,48523.86,0,3,1,0,1
ACC019252,1,10848.9,10848.9,0,7,1,0,1
ACC019253,2,51976.09,25988.04,159,16,2,0,2
ACC019254,2,22562.66,11281.33,1,26,2,0,2
ACC019255,1,9609.36,9609.36,0,6,1,0,1
ACC019256,1,8351.99,8351.99,0,2,1,0,1
ACC019257,1,46501.37,46501.37,0,8,1,0,1
ACC019261,2,39378.08,19689.04,112,23,2,0,2
ACC019262,1,25127.91,25127.91,0,12,1,0,1
ACC019263,1,13745.78,13745.78,0,10,1,0,1
ACC019264,2,73430.07,36715.04,69,12,2,0,2
ACC019266,1,30420.9,30420.9,0,10,1,0,1
ACC019268,2,15501.51,7750.76,281,17,2,0,2
ACC019270,2,5219.19,2609.6,61,9,2,0,2
ACC019271,1,1849.38,1849.38,0,5,1,0,1
ACC019272,1,3788.58,3788.58,0,1,1,0,1
ACC019274,1,70319.65,70319.65,0,12,1,0,1
ACC019275,1,12702.64,12702.64,0,12,1,1,1
ACC019276,2,124966.0,62483.0,117,11,2,0,2
ACC019277,1,33292.04,33292.04,0,8,1,0,1
ACC019278,1,2780.21,2780.21,0,14,1,0,1
ACC019279,2,74817.49,37408.74,33,22,2,0,2
ACC019280,1,10059.89,10059.89,0,12,1,0,1
ACC019281,1,3833.47,3833.47,0,14,1,0,1
ACC019282,1,10002.12,10002.12,0,6,1,1,1
ACC019283,2,15987.79,7993.89,71,20,2,0,2
ACC019289,1,1487.05,1487.05,0,5,1,0,1
ACC019290,1,16545.42,16545.42,0,10,1,0,1
ACC019292,1,39986.55,39986.55,0,8,1,0,1
ACC019294,1,78213.39,78213.39,0,2,1,1,1
ACC019295,1,29148.17,29148.17,0,1,1,0,1
ACC019296,3,35063.05,11687.68,224,37,3,0,2
ACC019297,2,6979.15,3489.57,341,10,2,0,2
ACC019298,1,76391.91,76391.91,0,7,1,0,1
ACC019300,1,1616.86,1616.86,0,12,1,0,1
ACC019301,3,45676.44,15225.48,147,32,3,0,3
ACC019302,1,6091.27,6091.27,0,13,1,0,1
ACC019303,1,14967.45,14967.45,0,14,1,0,1
ACC019304,1,51753.21,51753.21,0,9,1,0,1
ACC019305,3,71002.54,23667.51,105,30,3,0,3
ACC019306,1,24048.22,24048.22,0,11,1,0,1
ACC019308,1,2367.7,2367.7,0,14,1,0,1
ACC019309,3,67034.21,22344.74,85,12,3,0,2
ACC019311,3,101777.5,33925.83,14,30,3,0,3
ACC019312,1,16236.44,16236.44,0,1,1,0,1
ACC019314,1,11972.74,11972.74,0,14,1,0,1
ACC019317,3,21101.84,7033.95,244,20,3,0,3
ACC019318,2,81398.28,40699.14,66,6,2,0,2
ACC019319,1,41957.64,41957.64,0,5,1,1,1
ACC019320,1,39159.46,39159.46,0,1,1,0,1
ACC019321,1,27651.26,27651.26,0,4,1,1,1
ACC019323,2,22590.12,11295.06,342,10,2,0,2
ACC019325,1,12197.29,12197.29,0,6,1,1,1
ACC019326,2,35660.1,17830.05,42,10,2,0,2
ACC019327,4,139158.74,34789.69,240,36,4,0,3
ACC019328,2,39629.29,19814.65,80,7,2,0,1
ACC019329,1,5363.59,5363.59,0,5,1,0,1
ACC019331,1,10630.65,10630.65,0,1,1,0,1
ACC019332,1,44031.76,44031.76,0,1,1,0,1
ACC019333,1,27236.42,27236.42,0,10,1,0,1
ACC019334,2,71482.58,35741.29,121,19,2,0,2
ACC019337,3,59432.4,19810.8,61,27,3,0,3
ACC019341,2,35801.39,17900.69,85,13,2,0,2
ACC019342,2,71285.46,35642.73,126,17,2,0,1
ACC019345,1,902.32,902.32,0,5,1,0,1
ACC019348,1,10573.67,10573.67,0,8,1,0,1
ACC019349,1,5246.52,5246.52,0,5,1,0,1
ACC019350,2,88592.78,44296.39,49,11,2,0,2
ACC019352,2,84285.94,42142.97,164,12,2,0,2
ACC019353,1,23779.19,23779.19,0,3,1,0,1
ACC019354,1,57120.35,57120.35,0,6,1,0,1
ACC019355,1,9516.13,9516.13,0,13,1,1,1
ACC019357,1,17540.95,17540.95,0,3,1,0,1
ACC019358,2,32629.69,16314.84,39,7,2,0,1
ACC019359,1,51438.15,51438.15,0,12,1,0,1
ACC019361,2,87170.78,43585.39,227,26,2,0,2
ACC019362,1,16993.44,16993.44,0,3,1,0,1
ACC019363,1,4685.88,4685.88,0,11,1,0,1
ACC019364,2,30289.3,15144.65,281,14,2,0,2
ACC019365,1,16758.32,16758.32,0,11,1,0,1
ACC019366,1,31105.11,31105.11,0,1,1,1,1
ACC019369,1,50974.11,50974.11,0,9,1,0,1
ACC019371,3,36769.34,12256.45,71,16,3,0,3
ACC019372,1,25008.54,25008.54,0,3,1,0,1
ACC019374,2,6089.72,3044.86,145,7,2,0,2
ACC019376,1,15686.67,15686.67,0,3,1,0,1
ACC019378,1,2280.16,2280.16,0,11,1,0,1
ACC019379,1,5187.95,5187.95,0,6,1,0,1
ACC019380,2,181933.89,90966.95,185,19,2,0,2
ACC019381,2,141063.17,70531.58,92,21,2,0,2
ACC019382,1,19456.01,19456.01,0,4,1,0,1
ACC019383,2,14596.41,7298.2,5,27,2,0,2
ACC019384,1,24573.97,24573.97,0,2,1,0,1
ACC019385,2,34907.46,17453.73,70,13,2,0,2
ACC019386,1,12099.57,12099.57,0,2,1,0,1
ACC019389,1,27548.66,27548.66,0,3,1,0,1
ACC019390,2,16919.9,8459.95,259,19,2,0,2
ACC019391,3,25967.98,8655.99,112,24,3,0,2
ACC019392,2,29785.12,14892.56,262,8,2,0,2
ACC019393,1,23555.66,23555.66,0,11,1,0,1
ACC019397,1,9409.23,9409.23,0,10,1,0,1
ACC019398,2,16346.15,8173.08,208,22,2,1,2
ACC019400,2,112644.64,56322.32,201,16,2,0,2
ACC019403,1,6844.69,6844.69,0,3,1,0,1
ACC019405,1,40000.65,40000.65,0,9,1,0,1
ACC019406,1,2292.7,2292.7,0,6,1,0,1
ACC019407,2,125997.98,62998.99,3,23,2,0,1
ACC019408,2,47268.02,23634.01,241,22,2,1,1
ACC019409,2,108422.05,54211.03,222,19,2,0,2
ACC019411,1,8160.53,8160.53,0,14,1,0,1
ACC019413,2,62012.61,31006.31,280,19,2,0,2
ACC019414,4,54973.0,13743.25,272,23,4,0,3
ACC019415,1,25156.7,25156.7,0,8,1,0,1
ACC019417,2,33360.07,16680.03,254,14,2,0,2
ACC019423,2,36399.94,18199.97,151,16,2,0,2
ACC019424,1,2883.51,2883.51,0,3,1,0,1
ACC019425,2,52775.3,26387.65,318,10,2,0,2
ACC019427,1,8109.47,8109.47,0,1,1,0,1
ACC019431,1,8223.51,8223.51,0,11,1,0,1
ACC019433,1,19401.22,19401.22,0,14,1,0,1
ACC019434,1,20209.97,20209.97,0,11,1,0,1
ACC019436,4,59273.62,14818.4,174,40,4,0,2
ACC019440,1,19516.81,19516.81,0,13,1,0,1
ACC019442,2,23495.62,11747.81,88,13,2,1,2
ACC019445,2,86098.88,43049.44,412,14,2,1,2
ACC019446,2,31024.61,15512.31,297,22,2,1,2
ACC019447,1,41154.76,41154.76,0,12,1,0,1
ACC019448,1,72619.84,72619.84,0,9,1,0,1
ACC019453,1,78517.34,78517.34,0,14,1,0,1
ACC019455,2,147165.17,73582.58,20,17,2,0,1
ACC019457,1,47781.75,47781.75,0,14,1,0,1
ACC019459,2,15399.05,7699.52,318,17,2,0,2
ACC019462,1,6793.43,6793.43,0,9,1,0,1
ACC019464,1,2494.19,2494.19,0,13,1,0,1
ACC019465,1,9941.79,9941.79,0,3,1,0,1
ACC019466,1,50676.91,50676.91,0,3,1,0,1
ACC019467,2,104426.92,52213.46,73,23,2,0,1
ACC019468,1,3011.01,3011.01,0,13,1,0,1
ACC019469,1,4359.08,4359.08,0,14,1,0,1
ACC019471,1,1605.72,1605.72,0,8,1,0,1
ACC019472,1,7547.24,7547.24,0,10,1,0,1
ACC019473,3,32004.15,10668.05,304,23,3,0,3
ACC019474,1,24722.35,24722.35,0,1,1,0,1
ACC019475,1,42278.83,42278.83,0,1,1,0,1
ACC019477,3,83626.84,27875.61,343,29,3,0,3
ACC019483,2,48061.92,24030.96,8,15,2,0,2
ACC019484,1,8379.42,8379.42,0,12,1,1,1
ACC019485,2,79245.71,39622.86,67,5,2,1,2
ACC019486,1,22434.58,22434.58,0,1,1,0,1
ACC019488,2,39511.62,19755.81,130,18,2,0,2
ACC019490,1,5769.82,5769.82,0,7,1,0,1
ACC019491,3,68913.5,22971.17,319,24,3,0,2
ACC019495,1,9457.09,9457.09,0,5,1,0,1
ACC019496,1,7681.61,7681.61,0,12,1,0,1
ACC019497,1,1805.54,1805.54,0,4,1,0,1
ACC019498,2,15077.18,7538.59,4,8,2,0,1
ACC019499,1,16625.1,16625.1,0,8,1,0,1
ACC019500,1,52172.58,52172.58,0,4,1,0,1
ACC019501,2,45460.98,22730.49,274,12,2,0,2
ACC019502,2,38434.83,19217.42,135,8,2,0,2
ACC019503,1,38702.57,38702.57,0,6,1,0,1
ACC019504,1,44122.7,44122.7,0,2,1,0,1
ACC019506,2,86313.13,43156.57,124,15,2,0,2
ACC019508,3,45776.28,15258.76,153,21,3,0,3
ACC019510,2,71041.01,35520.51,142,17,2,0,2
ACC019511,1,6871.67,6871.67,0,9,1,0,1
ACC019513,2,29029.25,14514.62,30,14,2,0,2
ACC019514,1,28110.86,28110.86,0,12,1,1,1
ACC019522,1,27909.53,27909.53,0,3,1,0,1
ACC019524,2,30524.91,15262.45,275,6,2,1,2
ACC019525,2,10496.17,5248.09,109,19,2,0,2
ACC019528,2,32763.07,16381.53,393,14,2,0,2
ACC019529,1,46136.77,46136.77,0,14,1,0,1
ACC019530,1,2528.65,2528.65,0,13,1,0,1
ACC019531,1,20574.7,20574.7,0,6,1,0,1
ACC019534,1,5391.84,5391.84,0,9,1,0,1
ACC019536,1,44720.85,44720.85,0,13,1,0,1
ACC019537,1,28611.25,28611.25,0,13,1,0,1
ACC019538,1,61598.63,61598.63,0,13,1,0,1
ACC019539,1,93087.44,93087.44,0,2,1,0,1
ACC019541,1,3415.29,3415.29,0,9,1,1,1
ACC019542,1,35447.97,35447.97,0,13,1,0,1
ACC019543,3,80042.42,26680.81,155,31,3,1,3
ACC019545,1,83907.32,83907.32,0,9,1,0,1
ACC019549,2,4330.96,2165.48,207,14,2,0,2
ACC019550,1,10098.76,10098.76,0,8,1,0,1
ACC019551,1,46013.98,46013.98,0,14,1,0,1
ACC019552,1,30915.71,30915.71,0,7,1,0,1
ACC019553,2,95548.34,47774.17,102,4,2,1,2
ACC019554,2,73869.9,36934.95,246,9,2,1,2
ACC019555,3,20363.8,6787.93,102,28,3,0,1
ACC019557,1,23228.7,23228.7,0,14,1,0,1
ACC019558,1,25508.68,25508.68,0,6,1,0,1
ACC019559,1,85742.57,85742.57,0,10,1,0,1
ACC019564,1,1884.66,1884.66,0,11,1,0,1
ACC019565,2,33797.36,16898.68,153,17,2,0,2
ACC019566,1,16954.73,16954.73,0,11,1,0,1
ACC019567,4,59042.55,14760.64,412,33,4,1,4
ACC019568,1,2482.93,2482.93,0,7,1,0,1
ACC019569,1,13396.62,13396.62,0,11,1,0,1
ACC019570,1,27242.07,27242.07,0,12,1,0,1
ACC019571,2,19594.25,9797.12,6,5,2,0,2
ACC019572,4,163847.08,40961.77,130,23,4,0,3
ACC019573,1,10670.26,10670.26,0,5,1,0,1
ACC019577,2,86584.32,43292.16,222,24,2,0,1
ACC019578,1,32900.22,32900.22,0,7,1,0,1
ACC019579,2,51008.02,25504.01,403,16,2,0,2
ACC019580,2,102679.2,51339.6,16,6,2,0,2
ACC019583,1,1261.11,1261.11,0,8,1,0,1
ACC019584,3,50575.01,16858.34,323,25,3,0,3
ACC019587,1,7802.91,7802.91,0,14,1,0,1
ACC019588,1,13704.2,13704.2,0,14,1,0,1
ACC019589,1,8423.89,8423.89,0,8,1,0,1
ACC019592,1,49375.8,49375.8,0,10,1,0,1
ACC019594,1,39537.54,39537.54,0,10,1,0,1
ACC019595,1,1007.25,1007.25,0,8,1,0,1
ACC019596,1,13460.15,13460.15,0,8,1,0,1
ACC019597,1,31078.09,31078.09,0,7,1,0,1
ACC019598,1,5610.11,5610.11,0,13,1,0,1
ACC019600,1,16149.52,16149.52,0,8,1,0,1
ACC019604,1,52677.92,52677.92,0,5,1,0,1
ACC019607,2,26706.19,13353.1,14,13,2,1,2
ACC019608,1,2905.54,2905.54,0,5,1,0,1
ACC019609,1,23846.81,23846.81,0,14,1,0,1
ACC019611,1,2796.99,2796.99,0,9,1,0,1
ACC019613,3,62145.07,20715.02,105,34,3,0,3
ACC019614,4,119777.57,29944.39,261,19,4,0,4
ACC019615,2,21607.13,10803.56,3,23,2,0,2
ACC019617,4,67333.06,16833.27,283,41,4,0,3
ACC019619,3,104806.1,34935.37,124,28,3,0,2
ACC019621,1,23154.07,23154.07,0,13,1,0,1
ACC019622,3,71599.79,23866.6,363,24,3,0,2
ACC019623,1,5566.17,5566.17,0,8,1,0,1
ACC019625,4,124069.51,31017.38,304,44,4,0,3
ACC019627,1,17195.06,17195.06,0,2,1,0,1
ACC019628,4,116202.28,29050.57,201,29,4,0,4
ACC019629,2,64711.0,32355.5,84,9,2,0,2
ACC019630,1,18411.41,18411.41,0,7,1,0,1
ACC019631,2,71609.29,35804.65,110,23,2,0,2
ACC019632,3,101720.73,33906.91,337,25,3,1,3
ACC019633,3,20272.76,6757.59,332,28,3,0,2
ACC019634,2,51183.61,25591.81,97,21,2,0,2
ACC019636,1,4763.64,4763.64,0,10,1,0,1
ACC019638,3,34308.93,11436.31,270,29,3,0,3
ACC019641,1,59020.65,59020.65,0,13,1,0,1
ACC019643,2,64165.91,32082.96,246,27,2,0,2
ACC019646,3,101782.2,33927.4,275,21,3,0,3
ACC019650,1,2092.76,2092.76,0,4,1,0,1
ACC019652,4,78494.36,19623.59,220,37,4,0,4
ACC019655,1,81022.5,81022.5,0,9,1,0,1
ACC019656,1,15393.77,15393.77,0,3,1,0,1
ACC019657,1,15533.59,15533.59,0,1,1,0,1
ACC019658,1,5381.5,5381.5,0,11,1,0,1
ACC019660,3,136066.13,45355.38,224,25,3,0,2
ACC019661,2,44315.03,22157.51,17,15,2,0,2
ACC019663,1,11130.97,11130.97,0,5,1,0,1
ACC019664,1,36868.92,36868.92,0,9,1,0,1
ACC019668,1,13114.64,13114.64,0,10,1,0,1
ACC019671,2,69255.45,34627.73,84,25,2,0,2
ACC019672,1,43441.73,43441.73,0,1,1,0,1
ACC019673,1,8893.21,8893.21,0,8,1,0,1
ACC019678,2,16678.11,8339.06,192,15,2,0,2
ACC019680,1,4369.26,4369.26,0,4,1,0,1
ACC019681,2,76391.65,38195.82,35,18,2,0,2
ACC019683,1,3263.98,3263.98,0,2,1,0,1
ACC019684,2,21353.66,10676.83,0,13,2,0,2
ACC019685,1,23942.28,23942.28,0,2,1,0,1
ACC019688,5,41687.78,8337.56,366,43,5,0,5
ACC019689,1,35133.92,35133.92,0,1,1,0,1
ACC019690,1,2864.03,2864.03,0,6,1,0,1
ACC019691,1,36656.31,36656.31,0,13,1,0,1
ACC019692,2,26945.56,13472.78,266,22,2,0,2
ACC019693,1,1842.15,1842.15,0,3,1,0,1
ACC019694,3,24019.12,8006.37,216,31,3,0,2
ACC019695,2,124719.55,62359.78,147,25,2,0,2
ACC019697,1,76432.99,76432.99,0,2,1,0,1
ACC019698,2,44753.87,22376.93,87,24,2,0,2
ACC019701,2,29783.36,14891.68,308,11,2,0,2
ACC019703,1,16227.59,16227.59,0,12,1,0,1
ACC019707,1,26207.81,26207.81,0,14,1,0,1
ACC019708,1,12539.7,12539.7,0,3,1,0,1
ACC019709,1,7580.05,7580.05,0,11,1,0,1
ACC019710,2,54426.23,27213.12,216,18,2,0,2
ACC019712,2,35275.08,17637.54,265,8,2,0,2
ACC019714,1,11579.21,11579.21,0,10,1,0,1
ACC019715,1,25256.73,25256.73,0,7,1,0,1
ACC019716,1,1998.23,1998.23,0,7,1,0,1
ACC019717,2,66323.34,33161.67,187,7,2,1,2
ACC019718,1,27392.96,27392.96,0,14,1,0,1
ACC019719,2,63810.88,31905.44,202,26,2,0,2
ACC019720,2,75144.07,37572.03,163,17,2,0,2
ACC019721,1,30658.34,30658.34,0,9,1,0,1
ACC019722,1,20319.25,20319.25,0,2,1,0,1
ACC019723,2,18134.36,9067.18,177,15,2,0,2
ACC019724,1,47032.44,47032.44,0,6,1,0,1
ACC019725,1,13011.61,13011.61,0,7,1,0,1
ACC019726,2,65531.17,32765.58,49,8,2,0,2
ACC019727,2,25166.29,12583.15,243,10,2,0,2
ACC019729,1,54791.38,54791.38,0,1,1,0,1
ACC019731,1,61047.13,61047.13,0,6,1,0,1
ACC019733,2,63784.51,31892.26,243,16,2,0,2
ACC019734,1,1291.46,1291.46,0,9,1,0,1
ACC019736,1,45645.47,45645.47,0,3,1,0,1
ACC019738,3,15236.74,5078.91,403,26,3,1,2
ACC019739,3,104162.91,34720.97,238,14,3,0,2
ACC019740,3,168300.99,56100.33,344,30,3,0,3
ACC019741,1,18353.89,18353.89,0,4,1,0,1
ACC019742,1,25285.14,25285.14,0,13,1,0,1
ACC019743,3,83332.27,27777.42,215,27,3,0,3
ACC019744,3,31618.93,10539.64,90,37,3,0,2
ACC019749,2,72932.11,36466.05,237,24,2,0,2
ACC019750,1,1655.49,1655.49,0,8,1,0,1
ACC019751,2,39293.98,19646.99,147,12,2,0,2
ACC019752,1,7689.51,7689.51,0,5,1,0,1
ACC019753,1,26734.83,26734.83,0,10,1,0,1
ACC019755,1,33705.08,33705.08,0,13,1,0,1
ACC019757,2,18806.45,9403.22,68,3,2,0,1
ACC019758,1,14816.87,14816.87,0,4,1,0,1
ACC019762,3,42464.46,14154.82,328,22,3,0,3
ACC019763,2,45834.93,22917.47,5,14,2,0,1
ACC019764,1,104248.37,104248.37,0,8,1,1,1
ACC019765,1,7051.5,7051.5,0,1,1,0,1
ACC019767,1,34308.13,34308.13,0,2,1,0,1
ACC019768,1,2663.25,2663.25,0,4,1,0,1
ACC019769,1,28240.35,28240.35,0,4,1,0,1
ACC019770,2,100651.55,50325.78,177,13,2,0,2
ACC019771,1,11469.69,11469.69,0,10,1,0,1
ACC019772,1,56716.88,56716.88,0,6,1,0,1
ACC019773,1,15101.25,15101.25,0,12,1,0,1
ACC019774,3,103786.5,34595.5,289,21,3,0,3
ACC019776,1,32189.52,32189.52,0,9,1,0,1
ACC019778,1,6215.23,6215.23,0,3,1,0,1
ACC019779,3,4389.47,1463.16,426,18,3,1,2
ACC019783,2,29128.99,14564.49,417,13,2,1,2
ACC019784,1,4351.87,4351.87,0,11,1,0,1
ACC019785,1,12546.09,12546.09,0,5,1,0,1
ACC019787,1,7937.45,7937.45,0,11,1,0,1
ACC019788,1,30705.15,30705.15,0,11,1,1,1
ACC019790,1,34604.67,34604.67,0,5,1,0,1
ACC019791,1,32919.97,32919.97,0,10,1,1,1
ACC019792,1,31736.58,31736.58,0,2,1,0,1
ACC019793,1,92808.75,92808.75,0,5,1,0,1
ACC019794,1,2491.86,2491.86,0,13,1,0,1
ACC019795,2,88098.14,44049.07,221,5,2,0,2
ACC019796,2,95740.76,47870.38,69,9,2,0,2
ACC019797,3,148665.89,49555.3,292,26,3,0,2
ACC019798,1,43903.15,43903.15,0,13,1,0,1
ACC019800,1,67546.35,67546.35,0,6,1,0,1
ACC019801,2,23011.37,11505.69,343,14,2,0,2
ACC019802,2,56271.33,28135.67,84,8,2,0,1
ACC019803,1,8342.6,8342.6,0,8,1,0,1
ACC019804,2,53907.24,26953.62,32,20,2,1,2
ACC019805,1,10608.84,10608.84,0,11,1,0,1
ACC019806,1,23360.62,23360.62,0,9,1,0,1
ACC019807,4,96310.48,24077.62,205,28,4,0,2
ACC019809,2,27576.31,13788.15,50,14,2,0,2
ACC019810,1,12006.21,12006.21,0,7,1,0,1
ACC019812,2,10068.62,5034.31,107,4,2,0,2
ACC019813,2,12510.04,6255.02,231,20,2,0,2
ACC019814,1,7978.8,7978.8,0,7,1,0,1
ACC019815,1,15798.22,15798.22,0,9,1,0,1
ACC019823,1,10875.72,10875.72,0,3,1,0,1
ACC019824,2,119862.0,59931.0,51,11,2,0,2
ACC019825,2,31164.77,15582.39,20,22,2,0,2
ACC019826,1,6592.35,6592.35,0,4,1,0,1
ACC019827,3,170013.64,56671.21,195,27,3,0,2
ACC019828,3,141586.91,47195.64,77,24,3,0,2
ACC019829,2,40314.3,20157.15,114,15,2,0,2
ACC019830,2,33364.74,16682.37,116,13,2,1,2
ACC019831,1,4397.35,4397.35,0,11,1,0,1
ACC019833,3,110870.57,36956.86,348,14,3,0,2
ACC019834,1,34983.61,34983.61,0,1,1,0,1
ACC019835,1,24990.27,24990.27,0,8,1,0,1
ACC019837,1,1406.2,1406.2,0,7,1,0,1
ACC019838,2,33693.84,16846.92,183,20,2,0,1
ACC019840,1,5802.39,5802.39,0,3,1,0,1
ACC019842,1,12788.45,12788.45,0,14,1,0,1
ACC019843,3,98243.45,32747.82,71,22,3,0,3
ACC019844,1,17275.48,17275.48,0,5,1,0,1
ACC019845,1,9859.95,9859.95,0,4,1,0,1
ACC019850,1,12172.38,12172.38,0,2,1,0,1
ACC019851,1,13591.16,13591.16,0,3,1,0,1
ACC019853,3,85460.45,28486.82,344,17,3,0,2
ACC019854,2,99993.44,49996.72,267,15,2,0,2
ACC019856,1,13842.67,13842.67,0,10,1,0,1
ACC019857,1,44003.25,44003.25,0,10,1,0,1
ACC019863,1,3576.86,3576.86,0,11,1,0,1
ACC019864,1,37782.79,37782.79,0,5,1,1,1
ACC019865,1,7815.5,7815.5,0,4,1,0,1
ACC019866,2,105096.73,52548.37,50,17,2,0,1
ACC019867,2,35547.18,17773.59,375,21,2,0,2
ACC019868,1,7289.26,7289.26,0,11,1,0,1
ACC019871,1,41356.93,41356.93,0,2,1,0,1
ACC019873,1,57623.79,57623.79,0,12,1,0,1
ACC019874,2,23895.43,11947.72,203,15,2,0,2
ACC019876,2,62678.4,31339.2,416,10,2,1,2
ACC019877,2,48609.1,24304.55,277,21,2,0,2
ACC019879,3,54064.44,18021.48,71,22,3,0,2
ACC019880,2,18691.2,9345.6,393,19,2,1,2
ACC019881,1,38364.87,38364.87,0,8,1,0,1
ACC019883,1,29921.15,29921.15,0,7,1,0,1
ACC019884,1,5626.35,5626.35,0,7,1,0,1
ACC019885,1,38377.46,38377.46,0,2,1,0,1
ACC019886,2,23877.87,11938.94,307,12,2,1,2
ACC019887,2,48877.29,24438.65,19,6,2,0,2
ACC019888,2,43917.83,21958.92,167,10,2,0,1
ACC019889,1,35389.86,35389.86,0,9,1,0,1
ACC019893,1,2433.75,2433.75,0,6,1,0,1
ACC019894,1,2797.77,2797.77,0,11,1,1,1
ACC019895,2,102815.13,51407.57,413,14,2,1,2
ACC019896,1,20660.0,20660.0,0,1,1,0,1
ACC019899,2,20610.24,10305.12,174,8,2,1,2
ACC019900,1,35234.94,35234.94,0,11,1,0,1
ACC019901,1,13076.54,13076.54,0,12,1,1,1
ACC019902,4,112147.11,28036.78,302,29,4,0,4
ACC019903,2,78605.4,39302.7,168,21,2,0,2
ACC019904,2,102659.98,51329.99,141,19,2,0,2
ACC019905,1,2479.43,2479.43,0,14,1,0,1
ACC019908,3,58361.25,19453.75,305,26,3,1,2
ACC019909,1,18769.2,18769.2,0,8,1,0,1
ACC019911,1,4976.24,4976.24,0,2,1,0,1
ACC019913,1,19413.65,19413.65,0,2,1,0,1
ACC019914,1,5809.3,5809.3,0,7,1,0,1
ACC019915,2,69670.94,34835.47,70,8,2,0,2
ACC019917,1,50740.71,50740.71,0,4,1,0,1
ACC019919,1,13326.83,13326.83,0,8,1,0,1
ACC019920,1,14222.21,14222.21,0,5,1,0,1
ACC019924,1,28600.5,28600.5,0,3,1,0,1
ACC019925,1,10727.34,10727.34,0,13,1,0,1
ACC019927,1,39369.91,39369.91,0,12,1,0,1
ACC019928,1,16759.72,16759.72,0,5,1,0,1
ACC019929,1,36033.13,36033.13,0,13,1,0,1
ACC019930,1,33416.73,33416.73,0,11,1,0,1
ACC019931,1,9867.82,9867.82,0,3,1,0,1
ACC019932,2,12264.86,6132.43,72,15,2,0,2
ACC019933,3,52781.11,17593.7,73,26,3,0,3
ACC019934,1,1551.12,1551.12,0,7,1,0,1
ACC019935,1,32945.67,32945.67,0,12,1,0,1
ACC019936,1,15690.91,15690.91,0,14,1,0,1
ACC019937,2,49085.34,24542.67,31,17,2,0,2
ACC019941,1,20986.72,20986.72,0,11,1,0,1
ACC019942,1,1695.64,1695.64,0,6,1,0,1
ACC019943,1,68001.33,68001.33,0,14,1,0,1
ACC019944,1,183200.72,183200.72,0,2,1,0,1
ACC019945,2,11264.64,5632.32,136,17,2,0,2
ACC019948,1,47198.05,47198.05,0,14,1,0,1
ACC019950,1,21743.23,21743.23,0,12,1,0,1
ACC019952,5,57662.05,11532.41,333,20,5,2,4
ACC019953,1,47321.32,47321.32,0,9,1,0,1
ACC019954,1,33348.93,33348.93,0,4,1,0,1
ACC019956,2,69625.78,34812.89,60,23,2,1,2
ACC019959,1,33107.2,33107.2,0,9,1,0,1
ACC019960,1,31124.44,31124.44,0,7,1,0,1
ACC019961,1,8181.71,8181.71,0,4,1,0,1
ACC019962,2,36372.25,18186.12,30,14,2,0,1
ACC019963,1,537.93,537.93,0,2,1,0,1
ACC019965,1,65653.13,65653.13,0,3,1,0,1
ACC019966,2,37687.3,18843.65,246,4,2,0,2
ACC019969,2,18374.17,9187.08,8,4,2,0,2
ACC019970,1,86269.19,86269.19,0,10,1,1,1
ACC019971,2,58959.24,29479.62,44,13,2,0,2
ACC019972,2,42421.59,21210.79,376,15,2,1,2
ACC019973,1,5570.21,5570.21,0,5,1,0,1
ACC019974,1,49471.0,49471.0,0,9,1,0,1
ACC019975,2,12499.39,6249.69,168,9,2,0,2
ACC019976,2,20240.6,10120.3,111,19,2,1,1
ACC019977,1,23004.68,23004.68,0,12,1,0,1
ACC019979,1,9918.57,9918.57,0,9,1,0,1
ACC019980,1,14585.2,14585.2,0,2,1,0,1
ACC019985,2,94198.55,47099.27,8,15,2,0,2
ACC019986,1,8880.76,8880.76,0,13,1,0,1
ACC019987,1,17687.97,17687.97,0,13,1,0,1
ACC019988,3,61330.88,20443.63,170,7,3,0,3
ACC019989,1,15667.89,15667.89,0,6,1,0,1
ACC019990,1,20073.36,20073.36,0,2,1,0,1
ACC019991,2,18438.89,9219.44,107,19,2,0,2
ACC019992,1,45143.25,45143.25,0,8,1,0,1
ACC019993,1,19439.28,19439.28,0,2,1,0,1
ACC019994,1,2458.99,2458.99,0,14,1,0,1
ACC019996,2,84875.69,42437.85,312,18,2,0,2
ACC019997,1,5790.03,5790.03,0,9,1,1,1
ACC019998,1,12585.59,12585.59,0,7,1,0,1
ACC019999,1,15013.79,15013.79,0,2,1,0,1
ACC020001,1,3184.18,3184.18,0,11,1,0,1
ACC020003,1,23124.08,23124.08,0,5,1,0,1
ACC020005,1,29276.16,29276.16,0,5,1,0,1
ACC020006,2,9686.87,4843.44,32,20,2,0,2
ACC020008,1,2679.27,2679.27,0,4,1,0,1
ACC020010,1,16731.93,16731.93,0,8,1,0,1
ACC020011,1,18769.33,18769.33,0,1,1,0,1
ACC020014,2,48458.94,24229.47,311,16,2,0,2
ACC020015,2,153274.68,76637.34,344,16,2,0,2
ACC020017,1,3046.58,3046.58,0,8,1,1,1
ACC020022,1,4235.11,4235.11,0,6,1,0,1
ACC020023,1,17382.03,17382.03,0,8,1,0,1
ACC020024,1,98885.47,98885.47,0,9,1,0,1
ACC020025,1,3471.36,3471.36,0,13,1,0,1
ACC020027,2,38049.1,19024.55,134,21,2,0,2
ACC020028,1,18421.88,18421.88,0,8,1,0,1
ACC020029,2,24500.09,12250.05,311,26,2,0,1
ACC020030,1,8515.7,8515.7,0,13,1,0,1
ACC020031,3,46209.58,15403.19,196,15,3,0,3
ACC020032,1,53011.19,53011.19,0,6,1,0,1
ACC020033,2,38337.17,19168.58,113,18,2,1,2
ACC020035,1,33993.01,33993.01,0,10,1,0,1
ACC020037,2,32430.46,16215.23,167,14,2,0,1
ACC020038,2,55654.03,27827.01,81,10,2,0,2
ACC020043,2,20332.57,10166.28,70,25,2,0,2
ACC020045,2,16619.64,8309.82,392,22,2,1,2
ACC020046,3,75615.57,25205.19,348,26,3,1,3
ACC020047,2,11905.42,5952.71,34,13,2,0,2
ACC020048,1,27430.04,27430.04,0,14,1,0,1
ACC020049,2,29083.73,14541.87,16,22,2,0,2
ACC020051,1,4285.24,4285.24,0,1,1,0,1
ACC020052,2,53456.11,26728.06,55,8,2,0,1
ACC020054,2,63732.26,31866.13,62,26,2,0,2
ACC020055,1,12939.81,12939.81,0,5,1,0,1
ACC020059,1,15416.22,15416.22,0,9,1,0,1
ACC020060,2,14010.74,7005.37,244,23,2,0,2
ACC020063,1,9295.42,9295.42,0,10,1,0,1
ACC020064,1,9596.59,9596.59,0,1,1,0,1
ACC020068,2,83005.62,41502.81,410,25,2,1,1
ACC020070,2,14696.27,7348.14,425,18,2,1,2
ACC020071,2,28283.18,14141.59,64,19,2,0,2
ACC020072,1,9442.75,9442.75,0,6,1,0,1
ACC020074,2,55018.33,27509.17,375,10,2,1,2
ACC020075,1,14478.63,14478.63,0,9,1,0,1
ACC020076,3,48606.76,16202.25,286,14,3,0,3
ACC020077,1,34891.36,34891.36,0,10,1,0,1
ACC020078,1,44105.12,44105.12,0,8,1,0,1
ACC020079,1,7322.36,7322.36,0,13,1,0,1
ACC020080,2,29765.07,14882.53,281,6,2,0,2
ACC020083,2,108958.36,54479.18,165,6,2,0,2
ACC020084,1,10131.04,10131.04,0,4,1,0,1
ACC020085,1,26932.96,26932.96,0,11,1,0,1
ACC020086,1,68991.75,68991.75,0,4,1,0,1
ACC020088,1,77485.21,77485.21,0,5,1,0,1
ACC020090,2,151070.28,75535.14,104,7,2,0,2
ACC020092,2,122687.35,61343.68,152,16,2,1,1
ACC020095,3,160055.48,53351.83,136,35,3,0,3
ACC020096,1,19707.27,19707.27,0,10,1,0,1
ACC020099,1,33362.92,33362.92,0,7,1,0,1
ACC020102,3,30363.32,10121.11,413,16,3,0,2
ACC020103,2,104407.34,52203.67,58,17,2,0,1
ACC020104,2,45816.35,22908.17,85,19,2,0,2
ACC020105,1,37570.35,37570.35,0,6,1,0,1
ACC020106,1,19297.4,19297.4,0,7,1,0,1
ACC020107,2,74174.39,37087.19,216,15,2,0,2
ACC020108,2,83034.12,41517.06,92,11,2,0,1
ACC020110,2,169345.41,84672.71,244,16,1,0,2
ACC020113,1,33308.7,33308.7,0,1,1,0,1
ACC020115,1,65943.95,65943.95,0,2,1,0,1
ACC020116,2,36784.93,18392.47,225,13,2,0,2
ACC020117,1,7777.1,7777.1,0,10,1,0,1
ACC020119,1,53305.97,53305.97,0,4,1,0,1
ACC020121,2,66217.22,33108.61,80,18,2,0,2
ACC020122,2,81408.54,40704.27,169,22,2,0,2
ACC020123,1,32444.93,32444.93,0,11,1,0,1
ACC020124,2,41210.27,20605.14,320,25,2,1,2
ACC020127,1,68692.0,68692.0,0,13,1,0,1
ACC020128,3,76727.37,25575.79,102,19,3,0,3
ACC020129,3,102718.83,34239.61,445,23,3,1,3
ACC020130,2,42634.72,21317.36,66,12,2,0,2
ACC020131,3,75817.37,25272.46,131,22,3,0,2
ACC020132,2,65304.59,32652.3,260,15,2,1,2
ACC020134,1,11795.78,11795.78,0,9,1,0,1
ACC020136,1,16147.03,16147.03,0,5,1,1,1
ACC020137,3,66015.63,22005.21,328,16,3,0,2
ACC020139,1,14935.64,14935.64,0,13,1,0,1
ACC020140,1,58023.08,58023.08,0,13,1,0,1
ACC020141,1,21852.3,21852.3,0,4,1,0,1
ACC020144,1,3799.45,3799.45,0,3,1,0,1
ACC020147,3,27068.49,9022.83,220,31,3,0,3
ACC020150,2,23503.06,11751.53,68,3,2,0,2
ACC020153,2,66130.14,33065.07,197,6,2,0,2
ACC020154,1,11810.51,11810.51,0,8,1,0,1
ACC020156,2,12933.77,6466.89,227,14,2,1,1
ACC020157,1,88280.59,88280.59,0,13,1,0,1
ACC020158,1,19124.3,19124.3,0,3,1,0,1
ACC020163,1,23992.19,23992.19,0,3,1,0,1
ACC020164,2,31182.45,15591.23,183,15,2,0,2
ACC020166,2,13514.02,6757.01,39,10,2,0,2
ACC020167,1,31282.59,31282.59,0,12,1,0,1
ACC020168,3,28867.58,9622.53,216,23,3,0,3
ACC020169,1,83450.27,83450.27,0,8,1,0,1
ACC020170,2,23927.87,11963.93,213,9,2,0,2
ACC020172,1,16711.63,16711.63,0,11,1,0,1
ACC020173,3,59393.39,19797.8,169,30,3,0,1
ACC020175,1,17519.79,17519.79,0,9,1,0,1
ACC020177,3,30628.73,10209.58,394,20,3,1,3
ACC020178,1,41184.6,41184.6,0,13,1,0,1
ACC020179,2,22649.44,11324.72,218,6,2,0,1
ACC020180,1,13353.94,13353.94,0,7,1,0,1
ACC020181,3,85297.55,28432.52,185,26,3,0,3
ACC020182,1,13606.29,13606.29,0,12,1,0,1
ACC020186,3,43687.92,14562.64,209,22,3,0,2
ACC020192,1,3577.17,3577.17,0,11,1,0,1
ACC020194,2,73346.78,36673.39,158,20,2,0,1
ACC020195,2,32345.19,16172.6,222,19,2,0,2
ACC020196,1,603.45,603.45,0,8,1,0,1
ACC020197,2,24588.9,12294.45,309,15,2,1,2
ACC020199,2,35687.27,17843.63,278,5,2,1,2
ACC020202,1,26540.89,26540.89,0,13,1,0,1
ACC020204,3,58680.97,19560.32,318,18,3,0,3
ACC020206,1,13534.9,13534.9,0,10,1,0,1
ACC020208,2,9129.45,4564.73,243,17,2,0,2
ACC020209,2,9905.55,4952.77,269,13,2,0,2
ACC020210,1,60907.44,60907.44,0,1,1,0,1
ACC020211,1,28387.83,28387.83,0,4,1,0,1
ACC020212,2,147381.72,73690.86,176,18,2,0,2
ACC020214,2,31752.69,15876.34,13,15,2,0,2
ACC020218,1,4744.88,4744.88,0,7,1,0,1
ACC020220,1,2383.28,2383.28,0,7,1,0,1
ACC020221,2,26313.6,13156.8,223,18,2,0,2
ACC020223,2,1618.5,809.25,119,9,2,0,2
ACC020226,1,559.74,559.74,0,7,1,0,1
ACC020227,1,40214.26,40214.26,0,4,1,0,1
ACC020228,3,106968.48,35656.16,253,20,3,0,3
ACC020232,1,61837.12,61837.12,0,2,1,0,1
ACC020233,1,60359.9,60359.9,0,14,1,0,1
ACC020234,2,81244.99,40622.5,130,16,2,0,2
ACC020235,1,27775.25,27775.25,0,5,1,0,1
ACC020236,3,137104.96,45701.65,100,29,3,0,3
ACC020237,1,17625.0,17625.0,0,10,1,0,1
ACC020238,2,36303.33,18151.67,7,14,2,0,2
ACC020241,2,26768.45,13384.23,212,20,2,0,2
ACC020243,2,80745.28,40372.64,98,16,2,0,2
ACC020246,2,4838.0,2419.0,101,10,2,0,1
ACC020249,1,90391.98,90391.98,0,3,1,0,1
ACC020250,2,59160.55,29580.28,278,14,2,1,2
ACC020251,1,34251.86,34251.86,0,7,1,0,1
ACC020252,2,49467.57,24733.78,106,20,2,0,2
ACC020253,4,99042.96,24760.74,347,37,4,0,4
ACC020254,1,3497.62,3497.62,0,7,1,0,1
ACC020255,1,26028.76,26028.76,0,5,1,0,1
ACC020256,1,4894.06,4894.06,0,3,1,0,1
ACC020257,2,75191.39,37595.69,105,22,2,0,2
ACC020260,1,12067.41,12067.41,0,11,1,0,1
ACC020261,1,15744.54,15744.54,0,1,1,0,1
ACC020263,1,2455.21,2455.21,0,9,1,0,1
ACC020267,2,120488.05,60244.02,248,6,2,1,2
ACC020271,1,24411.73,24411.73,0,9,1,0,1
ACC020272,2,92576.77,46288.39,316,7,2,0,2
ACC020273,3,68948.44,22982.81,170,18,3,0,2
ACC020274,1,8039.13,8039.13,0,14,1,0,1
ACC020276,1,47108.79,47108.79,0,14,1,0,1
ACC020278,2,51378.12,25689.06,274,11,2,0,2
ACC020279,1,33719.5,33719.5,0,14,1,0,1
ACC020281,1,802.34,802.34,0,6,1,0,1
ACC020282,1,15260.88,15260.88,0,4,1,0,1
ACC020283,2,29323.86,14661.93,294,15,2,0,2
ACC020285,2,75956.88,37978.44,67,12,2,0,2
ACC020286,1,26523.34,26523.34,0,10,1,0,1
ACC020288,3,130792.68,43597.56,307,19,3,0,3
ACC020289,1,4927.02,4927.02,0,11,1,0,1
ACC020290,2,47286.66,23643.33,17,20,2,0,2
ACC020291,1,41914.99,41914.99,0,6,1,0,1
ACC020293,1,1867.57,1867.57,0,4,1,0,1
ACC020296,1,4992.6,4992.6,0,7,1,1,1
ACC020297,1,14193.65,14193.65,0,6,1,0,1
ACC020298,1,2922.98,2922.98,0,12,1,0,1
ACC020299,2,52250.92,26125.46,308,16,2,1,2
ACC020300,2,32795.63,16397.81,145,13,2,0,2
ACC020303,2,34897.13,17448.57,41,21,2,0,1
ACC020304,2,21766.87,10883.44,261,16,2,1,2
ACC020305,2,30618.46,15309.23,220,19,2,1,2
ACC020307,1,26163.22,26163.22,0,10,1,0,1
ACC020308,3,58205.19,19401.73,97,27,3,0,3
ACC020313,1,75524.7,75524.7,0,14,1,0,1
ACC020315,1,6473.36,6473.36,0,1,1,0,1
ACC020316,1,82966.0,82966.0,0,5,1,0,1
ACC020318,1,55505.89,55505.89,0,8,1,0,1
ACC020319,3,86528.76,28842.92,349,31,3,0,3
ACC020321,2,58249.29,29124.65,266,10,2,0,2
ACC020323,3,65789.16,21929.72,181,25,3,0,2
ACC020326,2,59366.62,29683.31,282,12,2,1,2
ACC020328,1,13485.61,13485.61,0,14,1,1,1
ACC020329,2,21228.24,10614.12,405,11,2,1,2
ACC020331,2,12241.58,6120.79,16,25,2,0,2
ACC020332,2,36365.67,18182.83,371,15,2,1,2
ACC020333,1,27302.45,27302.45,0,8,1,0,1
ACC020335,1,2974.36,2974.36,0,5,1,0,1
ACC020336,1,18499.46,18499.46,0,6,1,0,1
ACC020337,2,66755.9,33377.95,19,12,2,0,2
ACC020338,2,27063.89,13531.94,144,12,2,1,2
ACC020339,2,4802.02,2401.01,60,17,2,1,2
ACC020340,2,104720.43,52360.22,350,16,2,0,1
ACC020343,1,12252.53,12252.53,0,13,1,1,1
ACC020344,1,85564.09,85564.09,0,1,1,0,1
ACC020345,1,37507.96,37507.96,0,14,1,0,1
ACC020347,1,7754.2,7754.2,0,5,1,0,1
ACC020348,2,35480.26,17740.13,31,19,2,0,2
ACC020350,2,60030.13,30015.06,98,21,2,1,2
ACC020355,3,47449.59,15816.53,58,21,3,0,2
ACC020357,2,58269.12,29134.56,22,17,2,0,2
ACC020358,1,38294.97,38294.97,0,14,1,0,1
ACC020359,1,12392.83,12392.83,0,12,1,0,1
ACC020361,4,104194.36,26048.59,140,21,4,0,4
ACC020363,2,51193.86,25596.93,228,25,2,0,2
ACC020364,2,41783.4,20891.7,145,20,2,0,2
ACC020365,2,24124.06,12062.03,126,18,2,0,2
ACC020370,1,54839.98,54839.98,0,11,1,1,1
ACC020371,1,53396.6,53396.6,0,14,1,0,1
ACC020374,1,51184.05,51184.05,0,8,1,0,1
ACC020375,2,54765.14,27382.57,11,13,2,0,2
ACC020376,1,29185.12,29185.12,0,12,1,0,1
ACC020377,2,64868.16,32434.08,96,25,2,0,1
ACC020379,3,69713.5,23237.83,97,17,3,0,2
ACC020380,3,41086.93,13695.64,254,28,3,0,2
ACC020383,1,1320.6,1320.6,0,5,1,0,1
ACC020384,1,22699.96,22699.96,0,3,1,0,1
ACC020385,1,139675.05,139675.05,0,6,1,0,1
ACC020387,1,16835.5,16835.5,0,9,1,0,1
ACC020389,1,23580.53,23580.53,0,1,1,1,1
ACC020391,2,68886.87,34443.44,146,13,2,0,2
ACC020392,2,62210.77,31105.38,254,16,2,0,1
ACC020393,1,8906.39,8906.39,0,9,1,0,1
ACC020394,1,10181.59,10181.59,0,11,1,0,1
ACC020395,2,73838.59,36919.29,34,9,2,0,2
ACC020396,1,151483.16,151483.16,0,14,1,0,1
ACC020397,1,50863.36,50863.36,0,8,1,0,1
ACC020399,3,169625.28,56541.76,61,18,3,0,3
ACC020400,4,100082.93,25020.73,92,24,4,0,3
ACC020402,3,103816.77,34605.59,297,26,3,1,2
ACC020404,1,141956.55,141956.55,0,3,1,1,1
ACC020406,1,3973.26,3973.26,0,8,1,0,1
ACC020407,3,25228.33,8409.44,250,16,3,1,3
ACC020408,1,12359.12,12359.12,0,9,1,0,1
ACC020409,1,61258.1,61258.1,0,14,1,1,1
ACC020411,1,64294.66,64294.66,0,9,1,0,1
ACC020412,1,11777.6,11777.6,0,2,1,0,1
ACC020413,2,44361.49,22180.74,180,11,2,0,2
ACC020414,1,2964.16,2964.16,0,7,1,0,1
ACC020415,1,10791.31,10791.31,0,10,1,0,1
ACC020417,1,29441.26,29441.26,0,1,1,0,1
ACC020419,3,42127.22,14042.41,162,15,3,0,3
ACC020420,1,6279.19,6279.19,0,12,1,0,1
ACC020421,1,25209.85,25209.85,0,2,1,0,1
ACC020423,1,39042.82,39042.82,0,11,1,0,1
ACC020424,1,12346.37,12346.37,0,3,1,0,1
ACC020425,1,5386.88,5386.88,0,7,1,0,1
ACC020426,1,22805.85,22805.85,0,1,1,0,1
ACC020430,1,10748.47,10748.47,0,14,1,0,1
ACC020431,2,85850.63,42925.32,169,17,2,0,2
ACC020433,2,29031.88,14515.94,249,16,2,0,1
ACC020434,1,10592.31,10592.31,0,9,1,0,1
ACC020435,3,77225.25,25741.75,33,19,3,0,3
ACC020437,1,16932.48,16932.48,0,3,1,1,1
ACC020439,1,4216.87,4216.87,0,9,1,0,1
ACC020440,1,6799.84,6799.84,0,1,1,1,1
ACC020441,1,13428.71,13428.71,0,10,1,1,1
ACC020442,1,49072.65,49072.65,0,10,1,0,1
ACC020444,1,2996.82,2996.82,0,5,1,0,1
ACC020445,2,53752.08,26876.04,214,26,2,1,2
ACC020448,1,23363.16,23363.16,0,3,1,0,1
ACC020452,1,12540.46,12540.46,0,14,1,0,1
ACC020453,2,38134.44,19067.22,307,15,2,0,2
ACC020456,1,13109.21,13109.21,0,7,1,0,1
ACC020459,2,64418.6,32209.3,120,18,2,0,2
ACC020460,1,109096.73,109096.73,0,2,1,0,1
ACC020461,1,146349.23,146349.23,0,13,1,0,1
ACC020462,1,9437.04,9437.04,0,5,1,0,1
ACC020464,1,4206.54,4206.54,0,13,1,0,1
ACC020467,1,14194.44,14194.44,0,6,1,0,1
ACC020470,2,42931.38,21465.69,211,19,2,1,2
ACC020475,2,23149.14,11574.57,134,12,2,0,2
ACC020476,1,1762.26,1762.26,0,10,1,0,1
ACC020478,1,78852.84,78852.84,0,7,1,0,1
ACC020481,1,46341.73,46341.73,0,13,1,0,1
ACC020482,1,7341.31,7341.31,0,9,1,0,1
ACC020483,2,95243.03,47621.51,379,18,2,0,2
ACC020485,1,6993.7,6993.7,0,8,1,0,1
ACC020486,2,42484.9,21242.45,17,15,2,0,2
ACC020487,2,33704.18,16852.09,122,8,2,0,1
ACC020488,2,10723.42,5361.71,16,16,2,0,2
ACC020489,2,27449.63,13724.82,24,22,2,0,2
ACC020490,2,31032.02,15516.01,2,20,2,0,1
ACC020494,1,10958.3,10958.3,0,14,1,0,1
ACC020495,1,36056.28,36056.28,0,2,1,0,1
ACC020496,1,15308.94,15308.94,0,4,1,0,1
ACC020498,1,76974.49,76974.49,0,10,1,0,1
ACC020499,2,63383.26,31691.63,23,14,2,0,2
ACC020500,1,25619.14,25619.14,0,11,1,0,1
ACC020502,1,6956.73,6956.73,0,9,1,0,1
ACC020503,1,32934.12,32934.12,0,13,1,0,1
ACC020505,1,39986.38,39986.38,0,6,1,1,1
ACC020506,3,193412.65,64470.88,260,30,3,0,3
ACC020507,1,21433.4,21433.4,0,9,1,0,1
ACC020509,1,1002.51,1002.51,0,10,1,0,1
ACC020510,1,69531.28,69531.28,0,4,1,0,1
ACC020513,3,27265.57,9088.52,321,24,3,1,3
ACC020514,2,33397.86,16698.93,403,9,2,0,2
ACC020516,2,30371.3,15185.65,313,22,2,0,2
ACC020521,2,54045.48,27022.74,68,9,2,0,2
ACC020524,2,27787.95,13893.97,183,11,2,0,2
ACC020525,3,72836.19,24278.73,341,16,3,0,2
ACC020527,4,49198.25,12299.56,373,34,4,0,2
ACC020528,1,14520.96,14520.96,0,10,1,0,1
ACC020529,4,126665.18,31666.29,407,41,4,1,4
ACC020530,2,49467.94,24733.97,372,2,2,0,2
ACC020532,1,10583.08,10583.08,0,5,1,0,1
ACC020533,2,20249.44,10124.72,146,11,2,0,2
ACC020534,1,9492.15,9492.15,0,1,1,0,1
ACC020535,1,2270.7,2270.7,0,2,1,0,1
ACC020537,1,9680.96,9680.96,0,9,1,0,1
ACC020538,1,78517.59,78517.59,0,11,1,1,1
ACC020539,2,14803.81,7401.91,110,8,2,1,1
ACC020540,1,8987.68,8987.68,0,9,1,0,1
ACC020543,1,22272.38,22272.38,0,9,1,0,1
ACC020544,1,36914.79,36914.79,0,8,1,1,1
ACC020547,2,29121.52,14560.76,173,11,2,0,2
ACC020548,2,66093.32,33046.66,90,10,2,0,2
ACC020550,1,82707.84,82707.84,0,3,1,0,1
ACC020553,3,51439.7,17146.57,228,17,3,0,3
ACC020554,2,26484.52,13242.26,124,11,2,0,2
ACC020555,1,9053.49,9053.49,0,5,1,0,1
ACC020556,1,40644.4,40644.4,0,7,1,0,1
ACC020557,1,87407.18,87407.18,0,6,1,0,1
ACC020558,1,19481.57,19481.57,0,9,1,0,1
ACC020560,1,9119.73,9119.73,0,10,1,0,1
ACC020561,1,18481.81,18481.81,0,10,1,0,1
ACC020562,2,58054.62,29027.31,158,9,2,0,2
ACC020565,1,20584.46,20584.46,0,11,1,0,1
ACC020568,1,56345.92,56345.92,0,14,1,0,1
ACC020569,1,2729.97,2729.97,0,3,1,0,1
ACC020574,1,69389.63,69389.63,0,7,1,0,1
ACC020575,2,38608.05,19304.03,117,13,2,1,2
ACC020576,1,20396.46,20396.46,0,8,1,0,1
ACC020578,1,32377.38,32377.38,0,7,1,0,1
ACC020579,1,25255.89,25255.89,0,1,1,0,1
ACC020580,2,109117.11,54558.56,288,5,2,1,2
ACC020581,1,15347.2,15347.2,0,10,1,1,1
ACC020582,1,73112.9,73112.9,0,3,1,0,1
ACC020583,1,2708.78,2708.78,0,10,1,0,1
ACC020584,1,16808.08,16808.08,0,11,1,0,1
ACC020585,1,19745.3,19745.3,0,5,1,0,1
ACC020586,1,4415.1,4415.1,0,8,1,0,1
ACC020587,1,8651.47,8651.47,0,3,1,0,1
ACC020588,1,2394.56,2394.56,0,6,1,0,1
ACC020589,1,80769.68,80769.68,0,2,1,0,1
ACC020590,1,86703.09,86703.09,0,7,1,1,1
ACC020591,3,54562.44,18187.48,327,14,3,0,3
ACC020592,1,7064.67,7064.67,0,11,1,0,1
ACC020593,3,43316.42,14438.81,87,9,3,0,1
ACC020595,2,102188.48,51094.24,69,10,2,0,2
ACC020596,3,68913.83,22971.28,296,23,3,1,2
ACC020598,2,68694.49,34347.25,47,20,2,0,1
ACC020599,3,71966.48,23988.83,139,23,3,0,2
ACC020600,2,36892.97,18446.49,82,8,2,0,2
ACC020602,1,3492.15,3492.15,0,14,1,0,1
ACC020603,1,5888.23,5888.23,0,8,1,0,1
ACC020604,3,40518.33,13506.11,318,22,3,0,3
ACC020605,1,1738.74,1738.74,0,8,1,0,1
ACC020607,1,26672.6,26672.6,0,6,1,0,1
ACC020608,1,30684.55,30684.55,0,5,1,0,1
ACC020610,1,66223.11,66223.11,0,10,1,0,1
ACC020614,2,68435.25,34217.62,172,21,2,0,1
ACC020615,3,88001.08,29333.69,143,29,3,1,3
ACC020616,1,16381.14,16381.14,0,5,1,0,1
ACC020617,2,54348.1,27174.05,1,18,2,0,2
ACC020618,1,42059.95,42059.95,0,8,1,0,1
ACC020621,3,82993.15,27664.38,202,14,3,1,3
ACC020623,2,30481.73,15240.86,18,6,2,0,1
ACC020627,1,6133.3,6133.3,0,2,1,0,1
ACC020628,2,20917.56,10458.78,7,11,2,0,2
ACC020630,1,12506.42,12506.42,0,11,1,0,1
ACC020631,1,44873.38,44873.38,0,2,1,0,1
ACC020632,2,24072.26,12036.13,37,18,2,0,2
ACC020633,1,7789.77,7789.77,0,11,1,0,1
ACC020634,2,32360.62,16180.31,122,13,2,0,2
ACC020636,1,13091.64,13091.64,0,9,1,0,1
ACC020637,3,81818.49,27272.83,342,25,3,0,3
ACC020639,1,32610.17,32610.17,0,12,1,0,1
ACC020641,1,23615.98,23615.98,0,14,1,0,1
ACC020643,1,10703.24,10703.24,0,1,1,0,1
ACC020646,2,15678.97,7839.49,5,13,2,0,2
ACC020648,1,3097.59,3097.59,0,3,1,1,1
ACC020649,2,43054.03,21527.01,214,16,2,1,2
ACC020650,1,2691.08,2691.08,0,12,1,1,1
ACC020653,2,30882.65,15441.33,364,11,2,0,2
ACC020654,3,68026.81,22675.6,107,12,3,0,2
ACC020655,2,56068.28,28034.14,268,25,2,0,1
ACC020656,1,31179.02,31179.02,0,7,1,0,1
ACC020657,1,10067.48,10067.48,0,1,1,0,1
ACC020660,1,30413.02,30413.02,0,6,1,0,1
ACC020662,1,16898.0,16898.0,0,11,1,0,1
ACC020665,1,10437.67,10437.67,0,14,1,0,1
ACC020667,1,89532.49,89532.49,0,11,1,0,1
ACC020668,1,48101.59,48101.59,0,2,1,0,1
ACC020669,2,46130.1,23065.05,166,11,2,1,2
ACC020671,1,43454.88,43454.88,0,12,1,0,1
ACC020672,1,25528.24,25528.24,0,3,1,0,1
ACC020676,1,8542.95,8542.95,0,6,1,0,1
ACC020677,3,183848.25,61282.75,136,39,3,0,3
ACC020681,2,42020.47,21010.24,41,15,2,0,2
ACC020682,1,18803.73,18803.73,0,12,1,0,1
ACC020684,3,41211.14,13737.05,140,24,3,0,3
ACC020686,1,19910.22,19910.22,0,12,1,0,1
ACC020687,1,28248.35,28248.35,0,2,1,0,1
ACC020691,1,3098.82,3098.82,0,12,1,0,1
ACC020692,2,34056.0,17028.0,114,28,2,0,2
ACC020694,1,32224.16,32224.16,0,6,1,0,1
ACC020695,2,33520.63,16760.31,0,9,2,2,2
ACC020697,1,10283.32,10283.32,0,2,1,0,1
ACC020698,2,105906.64,52953.32,76,11,2,0,2
ACC020703,2,118754.96,59377.48,258,13,2,0,2
ACC020704,2,57971.51,28985.76,79,11,2,0,2
ACC020705,2,42683.3,21341.65,147,10,2,0,2
ACC020706,2,58588.96,29294.48,282,5,2,0,2
ACC020707,1,95323.46,95323.46,0,2,1,0,1
ACC020708,3,91436.4,30478.8,273,28,3,0,3
ACC020709,2,42306.03,21153.01,287,24,2,0,2
ACC020710,1,604.98,604.98,0,11,1,0,1
ACC020711,4,73828.49,18457.12,235,46,4,0,3
ACC020717,2,84289.28,42144.64,311,22,2,1,1
ACC020718,1,39691.71,39691.71,0,14,1,0,1
ACC020719,2,37314.7,18657.35,203,10,2,0,2
ACC020721,1,35223.17,35223.17,0,5,1,0,1
ACC020722,2,19145.44,9572.72,28,21,2,0,2
ACC020724,2,37790.5,18895.25,149,19,2,0,1
ACC020726,2,44102.86,22051.43,129,25,2,0,2
ACC020727,1,903.93,903.93,0,3,1,0,1
ACC020730,1,21545.25,21545.25,0,2,1,0,1
ACC020733,2,59904.06,29952.03,47,14,2,0,2
ACC020736,1,7464.03,7464.03,0,12,1,0,1
ACC020743,1,1639.25,1639.25,0,6,1,0,1
ACC020744,2,28263.5,14131.75,208,7,2,0,2
ACC020745,2,33182.65,16591.33,90,6,2,0,2
ACC020747,2,157562.06,78781.03,132,12,2,0,2
ACC020748,2,60863.95,30431.97,220,19,2,0,2
ACC020752,1,8520.9,8520.9,0,3,1,0,1
ACC020753,1,39440.32,39440.32,0,7,1,1,1
ACC020754,2,40488.86,20244.43,26,18,2,0,2
ACC020755,1,1005.62,1005.62,0,9,1,0,1
ACC020757,2,18479.81,9239.91,13,12,2,0,2
ACC020761,2,8416.19,4208.1,73,5,2,0,1
ACC020762,1,26482.35,26482.35,0,2,1,0,1
ACC020763,1,5160.78,5160.78,0,4,1,0,1
ACC020764,1,2980.13,2980.13,0,3,1,0,1
ACC020770,1,7900.82,7900.82,0,11,1,0,1
ACC020771,1,17587.36,17587.36,0,8,1,0,1
ACC020772,1,4557.49,4557.49,0,8,1,0,1
ACC020773,1,6840.98,6840.98,0,5,1,0,1
ACC020777,1,20728.72,20728.72,0,4,1,0,1
ACC020779,1,48349.38,48349.38,0,14,1,0,1
ACC020780,1,821.78,821.78,0,2,1,0,1
ACC020781,2,111549.72,55774.86,325,12,2,1,2
ACC020784,2,20203.72,10101.86,197,14,2,0,2
ACC020786,2,103759.94,51879.97,259,5,2,0,2
ACC020787,1,30988.95,30988.95,0,7,1,0,1
ACC020788,2,28816.89,14408.44,343,9,2,0,2
ACC020789,1,6613.66,6613.66,0,9,1,0,1
ACC020790,2,10352.31,5176.16,75,20,2,0,2
ACC020791,1,11548.61,11548.61,0,12,1,0,1
ACC020792,1,2840.88,2840.88,0,6,1,0,1
ACC020794,1,12684.02,12684.02,0,8,1,0,1
ACC020797,1,18649.05,18649.05,0,5,1,0,1
ACC020798,2,110183.1,55091.55,308,15,2,0,2
ACC020801,1,8978.51,8978.51,0,13,1,0,1
ACC020805,1,27981.73,27981.73,0,6,1,0,1
ACC020806,1,18491.46,18491.46,0,8,1,0,1
ACC020808,1,7491.01,7491.01,0,6,1,0,1
ACC020810,2,44273.09,22136.54,2,20,2,0,1
ACC020811,1,78512.22,78512.22,0,7,1,0,1
ACC020812,3,73635.36,24545.12,16,26,3,0,3
ACC020813,2,18523.28,9261.64,28,14,2,0,2
ACC020815,5,182608.84,36521.77,162,41,5,0,4
ACC020816,2,19631.39,9815.69,128,10,2,0,2
ACC020817,2,54416.11,27208.06,286,18,2,0,2
ACC020818,1,13948.05,13948.05,0,12,1,0,1
ACC020819,1,37238.93,37238.93,0,8,1,0,1
ACC020820,1,10427.52,10427.52,0,4,1,0,1
ACC020822,1,3831.36,3831.36,0,11,1,0,1
ACC020824,1,55168.17,55168.17,0,9,1,0,1
ACC020826,1,5117.23,5117.23,0,10,1,0,1
ACC020827,3,77990.01,25996.67,252,20,3,0,3
ACC020828,1,11391.73,11391.73,0,9,1,0,1
ACC020829,1,50941.45,50941.45,0,5,1,0,1
ACC020830,1,5675.36,5675.36,0,12,1,0,1
ACC020832,1,9417.26,9417.26,0,12,1,0,1
ACC020833,3,23583.12,7861.04,259,11,3,1,3
ACC020834,3,84681.42,28227.14,315,30,3,0,3
ACC020835,2,66513.93,33256.96,29,15,2,0,2
ACC020836,2,89174.02,44587.01,213,22,2,0,1
ACC020838,2,84524.0,42262.0,131,18,2,0,2
ACC020839,1,15369.59,15369.59,0,7,1,0,1
ACC020840,2,62851.59,31425.79,328,13,2,0,2
ACC020841,1,38587.98,38587.98,0,7,1,0,1
ACC020842,1,15669.66,15669.66,0,11,1,1,1
ACC020845,1,12373.18,12373.18,0,12,1,0,1
ACC020846,1,94416.06,94416.06,0,5,1,0,1
ACC020850,2,27836.69,13918.34,32,16,2,1,1
ACC020851,1,22485.6,22485.6,0,7,1,0,1
ACC020857,2,141828.44,70914.22,73,19,2,0,2
ACC020859,1,47105.18,47105.18,0,14,1,0,1
ACC020861,2,14960.6,7480.3,281,14,2,0,2
ACC020862,3,98532.34,32844.11,240,25,3,0,1
ACC020863,2,39990.3,19995.15,221,15,2,0,2
ACC020864,2,73643.44,36821.72,103,16,2,1,2
ACC020865,2,51024.59,25512.29,314,12,2,0,2
ACC020866,2,34924.59,17462.3,36,7,2,0,2
ACC020867,2,98879.52,49439.76,85,12,2,0,2
ACC020868,1,31080.19,31080.19,0,3,1,0,1
ACC020869,1,5040.8,5040.8,0,11,1,0,1
ACC020870,2,40176.49,20088.25,145,15,2,0,2
ACC020874,3,68060.62,22686.87,237,34,3,0,2
ACC020876,2,44157.8,22078.9,94,13,2,0,2
ACC020878,1,1514.9,1514.9,0,9,1,0,1
ACC020880,1,11032.67,11032.67,0,6,1,0,1
ACC020883,2,28593.03,14296.51,34,24,2,0,2
ACC020885,1,55137.6,55137.6,0,1,1,0,1
ACC020889,1,6030.07,6030.07,0,10,1,0,1
ACC020890,1,7489.71,7489.71,0,9,1,0,1
ACC020891,2,76924.29,38462.15,47,21,2,0,2
ACC020893,1,1677.42,1677.42,0,10,1,0,1
ACC020895,2,66377.76,33188.88,44,9,2,0,2
ACC020896,3,53272.27,17757.42,214,25,3,0,2
ACC020897,1,790.82,790.82,0,4,1,0,1
ACC020901,1,51940.53,51940.53,0,12,1,0,1
ACC020902,1,10058.27,10058.27,0,5,1,0,1
ACC020904,2,62674.69,31337.35,284,18,2,0,1
ACC020905,3,11067.16,3689.05,60,25,3,0,3
ACC020906,1,4128.7,4128.7,0,4,1,0,1
ACC020907,1,36024.84,36024.84,0,2,1,1,1
ACC020909,2,32568.12,16284.06,94,8,2,0,2
ACC020912,2,5631.54,2815.77,95,21,2,0,2
ACC020913,2,83329.5,41664.75,162,11,2,0,2
ACC020914,2,68806.27,34403.13,17,25,2,0,2
ACC020915,1,30945.7,30945.7,0,6,1,0,1
ACC020916,2,69376.73,34688.36,83,27,2,0,2
ACC020917,1,55692.2,55692.2,0,5,1,0,1
ACC020919,1,73434.42,73434.42,0,3,1,0,1
ACC020921,1,57534.48,57534.48,0,14,1,0,1
ACC020922,1,5865.63,5865.63,0,4,1,0,1
ACC020923,1,21654.02,21654.02,0,11,1,0,1
ACC020924,1,13204.99,13204.99,0,1,1,0,1
ACC020925,2,11744.94,5872.47,313,25,2,0,2
ACC020926,1,17298.11,17298.11,0,14,1,0,1
ACC020927,2,26138.7,13069.35,60,23,2,0,2
ACC020928,2,50767.0,25383.5,173,11,2,0,2
ACC020930,1,1709.71,1709.71,0,14,1,0,1
ACC020932,2,17929.65,8964.83,377,25,2,1,2
ACC020934,2,42340.7,21170.35,68,23,2,1,2
ACC020936,2,125658.88,62829.44,38,20,2,0,2
ACC020937,1,1238.1,1238.1,0,2,1,0,1
ACC020938,1,18226.55,18226.55,0,4,1,0,1
ACC020939,1,2094.07,2094.07,0,1,1,0,1
ACC020940,1,8922.88,8922.88,0,14,1,0,1
ACC020942,1,16308.94,16308.94,0,8,1,0,1
ACC020944,1,16284.4,16284.4,0,6,1,0,1
ACC020945,1,8426.4,8426.4,0,2,1,0,1
ACC020946,2,50349.69,25174.85,163,3,2,0,2
ACC020948,3,39757.45,13252.48,378,25,3,0,2
ACC020949,1,7187.78,7187.78,0,12,1,0,1
ACC020951,1,22776.0,22776.0,0,1,1,0,1
ACC020953,1,28679.33,28679.33,0,6,1,1,1
ACC020954,1,33436.31,33436.31,0,3,1,0,1
ACC020956,1,32029.19,32029.19,0,7,1,0,1
ACC020958,1,4516.95,4516.95,0,5,1,0,1
ACC020959,3,52750.05,17583.35,332,21,3,1,3
ACC020960,2,34133.83,17066.92,53,16,2,0,2
ACC020961,1,33132.72,33132.72,0,11,1,0,1
ACC020962,1,11824.43,11824.43,0,8,1,0,1
ACC020963,2,29640.52,14820.26,84,7,2,0,2
ACC020964,1,8782.79,8782.79,0,1,1,0,1
ACC020965,1,23311.0,23311.0,0,10,1,0,1
ACC020967,2,67481.01,33740.5,81,10,2,0,2
ACC020969,2,19576.95,9788.48,217,22,2,0,2
ACC020974,1,85928.87,85928.87,0,12,1,0,1
ACC020975,1,10513.98,10513.98,0,10,1,0,1
ACC020979,2,28748.68,14374.34,279,14,2,1,2
ACC020982,2,15280.53,7640.27,257,13,2,0,2
ACC020983,2,30190.37,15095.18,5,13,2,0,2
ACC020984,3,88039.61,29346.54,353,37,3,0,2
ACC020985,1,1742.44,1742.44,0,4,1,0,1
ACC020988,1,7293.53,7293.53,0,5,1,0,1
ACC020989,1,1926.51,1926.51,0,6,1,0,1
ACC020990,2,70207.96,35103.98,59,15,2,0,2
ACC020991,4,145891.91,36472.98,185,33,4,0,3
ACC020992,1,48403.02,48403.02,0,5,1,1,1
ACC020993,3,34659.59,11553.2,101,22,3,0,2
ACC020994,1,22188.95,22188.95,0,12,1,0,1
ACC020996,2,111088.68,55544.34,249,22,2,0,2
ACC020997,1,44939.93,44939.93,0,12,1,0,1
ACC020998,2,38562.13,19281.07,44,15,2,0,1
ACC021001,1,58842.94,58842.94,0,6,1,0,1
ACC021002,2,53490.72,26745.36,16,11,2,0,2
ACC021005,1,47436.73,47436.73,0,7,1,0,1
ACC021006,1,14605.64,14605.64,0,12,1,0,1
ACC021007,2,21163.98,10581.99,100,4,2,0,2
ACC021009,2,39626.28,19813.14,269,5,2,1,2
ACC021012,3,65625.94,21875.31,135,19,3,0,2
ACC021013,2,78806.35,39403.17,402,6,2,0,2
ACC021014,2,22853.15,11426.58,182,17,2,0,2
ACC021015,3,28328.33,9442.78,192,16,3,0,3
ACC021016,2,37357.5,18678.75,230,21,2,0,2
ACC021017,2,39033.93,19516.97,125,6,2,0,2
ACC021019,1,19583.24,19583.24,0,14,1,0,1
ACC021020,1,22642.22,22642.22,0,3,1,0,1
ACC021021,2,61118.8,30559.4,239,4,2,0,2
ACC021023,1,40541.49,40541.49,0,13,1,0,1
ACC021024,1,16853.86,16853.86,0,5,1,0,1
ACC021027,2,25341.01,12670.5,153,16,2,0,2
ACC021029,2,14698.7,7349.35,176,15,2,0,2
ACC021031,2,29046.37,14523.19,32,13,2,0,2
ACC021032,1,23567.66,23567.66,0,12,1,1,1
ACC021034,1,78515.41,78515.41,0,7,1,0,1
ACC021035,2,45059.23,22529.61,114,4,2,0,2
ACC021036,5,91287.97,18257.59,344,44,5,0,3
ACC021037,3,100165.6,33388.53,164,17,3,1,2
ACC021040,2,9469.69,4734.85,100,10,2,1,2
ACC021041,1,9193.52,9193.52,0,4,1,0,1
ACC021048,1,15569.29,15569.29,0,2,1,0,1
ACC021049,1,3921.52,3921.52,0,6,1,0,1
ACC021052,1,18561.39,18561.39,0,2,1,0,1
ACC021058,2,9071.2,4535.6,45,16,2,0,2
ACC021061,1,2791.96,2791.96,0,1,1,0,1
ACC021062,3,61073.14,20357.71,274,8,3,0,3
ACC021063,2,12256.52,6128.26,91,9,2,0,1
ACC021064,2,75105.05,37552.53,229,14,2,0,2
ACC021065,2,49918.75,24959.38,164,12,2,0,2
ACC021066,1,8373.33,8373.33,0,8,1,0,1
ACC021069,1,9793.73,9793.73,0,6,1,1,1
ACC021072,1,17251.05,17251.05,0,13,1,0,1
ACC021074,1,9660.07,9660.07,0,8,1,0,1
ACC021075,2,37315.58,18657.79,186,19,2,0,1
ACC021077,1,15575.77,15575.77,0,1,1,0,1
ACC021078,4,141014.08,35253.52,82,34,4,0,2
ACC021079,2,59969.38,29984.69,156,12,2,0,2
ACC021080,2,21600.89,10800.44,158,18,2,0,2
ACC021083,1,16679.66,16679.66,0,3,1,0,1
ACC021085,2,55847.35,27923.67,368,13,2,0,2
ACC021086,1,12707.94,12707.94,0,13,1,0,1
ACC021087,1,60300.96,60300.96,0,1,1,0,1
ACC021089,3,28805.85,9601.95,435,24,3,2,2
ACC021090,2,6115.94,3057.97,130,16,2,0,2
ACC021091,1,21704.42,21704.42,0,14,1,0,1
ACC021093,2,51827.52,25913.76,66,14,2,0,2
ACC021095,2,25863.91,12931.95,285,16,2,0,2
ACC021099,2,92584.21,46292.11,102,21,2,0,2
ACC021100,2,105137.36,52568.68,260,13,2,0,2
ACC021101,2,18115.31,9057.65,268,18,2,0,2
ACC021102,2,30246.7,15123.35,217,15,2,0,2
ACC021104,1,671.22,671.22,0,14,1,0,1
ACC021105,1,1059.02,1059.02,0,10,1,0,1
ACC021106,1,9155.76,9155.76,0,5,1,0,1
ACC021107,4,192066.36,48016.59,309,24,4,1,3
ACC021109,2,28470.29,14235.15,112,5,2,0,2
ACC021110,2,66866.26,33433.13,309,20,2,0,2
ACC021111,1,19635.22,19635.22,0,4,1,0,1
ACC021112,2,10646.96,5323.48,94,16,2,0,2
ACC021114,1,27742.5,27742.5,0,5,1,1,1
ACC021116,2,55612.49,27806.24,143,16,2,0,2
ACC021117,1,18508.6,18508.6,0,2,1,0,1
ACC021120,1,14517.28,14517.28,0,12,1,0,1
ACC021121,3,56592.45,18864.15,283,23,3,0,3
ACC021123,1,11831.12,11831.12,0,4,1,0,1
ACC021124,2,34783.52,17391.76,123,18,2,0,2
ACC021125,1,5027.16,5027.16,0,9,1,0,1
ACC021126,1,8954.38,8954.38,0,13,1,0,1
ACC021127,1,10654.0,10654.0,0,6,1,0,1
ACC021128,1,25373.02,25373.02,0,12,1,0,1
ACC021129,2,25937.28,12968.64,64,17,2,0,2
ACC021132,2,22959.55,11479.77,24,24,2,2,2
ACC021133,3,54357.98,18119.33,115,14,3,0,2
ACC021134,1,31953.08,31953.08,0,13,1,0,1
ACC021135,2,24341.84,12170.92,94,13,2,0,2
ACC021137,1,8547.27,8547.27,0,8,1,0,1
ACC021140,1,57112.11,57112.11,0,7,1,0,1
ACC021141,2,35328.66,17664.33,78,4,2,0,2
ACC021142,1,6034.43,6034.43,0,3,1,0,1
ACC021144,1,51889.76,51889.76,0,4,1,1,1
ACC021145,4,68588.89,17147.22,433,24,4,1,2
ACC021148,1,20822.77,20822.77,0,12,1,0,1
ACC021149,1,1711.13,1711.13,0,3,1,0,1
ACC021152,1,75230.61,75230.61,0,9,1,0,1
ACC021153,2,44569.04,22284.52,19,14,2,0,2
ACC021154,2,23929.93,11964.97,194,9,2,0,2
ACC021157,1,25000.95,25000.95,0,7,1,1,1
ACC021158,1,55765.91,55765.91,0,12,1,0,1
ACC021159,1,5873.4,5873.4,0,8,1,0,1
ACC021160,1,3600.51,3600.51,0,12,1,0,1
ACC021161,1,7989.02,7989.02,0,11,1,1,1
ACC021163,1,504.87,504.87,0,14,1,0,1
ACC021164,2,40840.88,20420.44,96,19,2,0,2
ACC021165,1,71326.0,71326.0,0,5,1,0,1
ACC021166,2,13603.69,6801.84,328,5,2,0,2
ACC021167,2,18841.89,9420.94,111,15,2,0,2
ACC021169,2,77802.62,38901.31,330,21,2,0,2
ACC021170,1,14576.3,14576.3,0,6,1,0,1
ACC021171,1,18954.91,18954.91,0,2,1,0,1
ACC021173,2,68187.81,34093.9,406,10,2,1,1
ACC021174,2,16157.44,8078.72,208,12,2,0,2
ACC021175,1,11731.6,11731.6,0,1,1,0,1
ACC021177,1,73871.84,73871.84,0,3,1,0,1
ACC021182,2,23877.73,11938.86,182,15,2,0,2
ACC021183,1,1019.36,1019.36,0,11,1,1,1
ACC021185,3,43950.29,14650.1,205,23,3,0,3
ACC021186,1,22332.2,22332.2,0,13,1,0,1
ACC021187,1,7254.51,7254.51,0,1,1,0,1
ACC021189,2,41605.79,20802.9,54,14,2,0,2
ACC021193,2,65103.59,32551.8,12,6,2,0,2
ACC021196,2,74106.52,37053.26,305,16,2,0,2
ACC021197,3,16038.34,5346.11,402,21,3,0,2
ACC021198,1,16971.71,16971.71,0,1,1,0,1
ACC021199,1,33415.3,33415.3,0,2,1,0,1
ACC021200,2,47952.17,23976.08,90,20,2,1,2
ACC021203,1,30856.88,30856.88,0,1,1,0,1
ACC021208,3,87000.1,29000.03,223,17,3,0,3
ACC021209,3,95212.15,31737.38,292,25,3,0,2
ACC021211,1,10315.54,10315.54,0,5,1,0,1
ACC021212,1,30763.08,30763.08,0,4,1,0,1
ACC021214,2,48860.39,24430.19,145,19,2,0,2
ACC021219,1,30634.9,30634.9,0,11,1,0,1
ACC021221,2,18428.81,9214.41,239,12,2,0,2
ACC021222,2,45736.98,22868.49,50,17,2,0,2
ACC021223,3,151882.85,50627.62,346,24,3,0,3
ACC021224,1,17025.9,17025.9,0,8,1,0,1
ACC021226,1,32925.95,32925.95,0,2,1,0,1
ACC021229,1,10204.85,10204.85,0,13,1,0,1
ACC021230,2,11791.04,5895.52,165,12,2,0,2
ACC021231,1,14096.1,14096.1,0,3,1,0,1
ACC021234,2,3472.18,1736.09,127,12,2,0,2
ACC021236,1,14094.76,14094.76,0,5,1,0,1
ACC021238,3,97346.15,32448.72,308,8,3,2,2
ACC021239,1,142246.01,142246.01,0,12,1,0,1
ACC021240,1,50635.14,50635.14,0,5,1,0,1
ACC021241,2,19397.8,9698.9,320,21,2,0,2
ACC021243,2,82095.25,41047.62,187,7,2,1,2
ACC021244,3,74943.58,24981.19,229,24,3,2,3
ACC021245,1,2535.78,2535.78,0,10,1,0,1
ACC021246,2,99041.71,49520.85,160,9,2,0,1
ACC021248,2,51140.07,25570.04,242,16,2,0,1
ACC021250,1,39691.98,39691.98,0,3,1,0,1
ACC021252,2,47765.98,23882.99,259,9,2,0,2
ACC021254,2,41059.73,20529.87,216,10,2,0,1
ACC021256,3,94896.0,31632.0,253,10,3,0,2
ACC021257,1,11022.84,11022.84,0,2,1,1,1
ACC021259,2,34510.99,17255.49,7,5,2,0,2
ACC021261,1,1284.19,1284.19,0,12,1,0,1
ACC021263,1,90313.09,90313.09,0,3,1,0,1
ACC021264,3,73730.2,24576.73,129,29,3,0,3
ACC021265,1,75104.08,75104.08,0,6,1,0,1
ACC021267,1,21837.62,21837.62,0,4,1,0,1
ACC021274,3,81307.54,27102.51,271,33,3,1,3
ACC021275,2,40480.46,20240.23,20,8,2,0,2
ACC021276,2,20799.48,10399.74,120,19,2,0,2
ACC021278,1,7716.46,7716.46,0,13,1,0,1
ACC021279,1,11874.23,11874.23,0,2,1,0,1
ACC021280,1,12302.44,12302.44,0,10,1,0,1
ACC021282,1,61612.81,61612.81,0,5,1,0,1
ACC021283,1,14214.45,14214.45,0,6,1,0,1
ACC021285,3,62320.95,20773.65,120,28,3,0,3
ACC021287,3,59057.9,19685.97,382,21,3,0,3
ACC021288,1,34823.93,34823.93,0,9,1,1,1
ACC021289,1,8510.65,8510.65,0,9,1,1,1
ACC021290,1,9458.53,9458.53,0,1,1,0,1
ACC021291,1,14621.94,14621.94,0,7,1,0,1
ACC021293,1,56385.55,56385.55,0,9,1,1,1
ACC021296,2,34991.6,17495.8,214,24,2,0,2
ACC021297,1,3236.58,3236.58,0,3,1,0,1
ACC021298,3,37188.33,12396.11,197,19,3,0,3
ACC021300,2,28839.91,14419.96,317,21,2,0,1
ACC021301,1,9823.06,9823.06,0,3,1,0,1
ACC021302,2,33675.23,16837.62,296,17,2,0,2
ACC021304,3,14859.02,4953.01,115,8,3,0,2
ACC021305,1,46566.97,46566.97,0,9,1,0,1
ACC021306,4,185522.9,46380.73,306,23,4,0,4
ACC021308,2,24323.26,12161.63,91,13,2,0,2
ACC021309,1,4379.13,4379.13,0,4,1,0,1
ACC021310,1,36382.15,36382.15,0,11,1,0,1
ACC021311,3,134142.52,44714.17,142,15,3,0,3
ACC021312,2,29536.6,14768.3,203,27,2,0,2
ACC021313,1,111651.29,111651.29,0,11,1,0,1
ACC021314,1,8030.65,8030.65,0,10,1,0,1
ACC021315,2,63385.47,31692.74,91,10,2,1,2
ACC021317,1,1319.48,1319.48,0,3,1,0,1
ACC021318,1,13922.13,13922.13,0,9,1,1,1
ACC021319,1,2144.82,2144.82,0,12,1,0,1
ACC021320,1,87832.34,87832.34,0,12,1,0,1
ACC021321,1,15181.24,15181.24,0,12,1,0,1
ACC021322,1,24653.36,24653.36,0,6,1,0,1
ACC021323,1,44213.72,44213.72,0,9,1,0,1
ACC021324,2,38770.85,19385.42,6,17,2,0,2
ACC021325,1,33277.95,33277.95,0,8,1,0,1
ACC021327,1,7071.63,7071.63,0,9,1,0,1
ACC021328,1,60672.97,60672.97,0,4,1,0,1
ACC021329,3,52126.85,17375.62,224,20,3,0,2
ACC021330,1,22339.37,22339.37,0,13,1,0,1
ACC021335,1,29016.46,29016.46,0,7,1,0,1
ACC021336,1,7255.94,7255.94,0,13,1,0,1
ACC021337,1,22258.73,22258.73,0,6,1,0,1
ACC021338,1,13748.05,13748.05,0,13,1,1,1
ACC021339,3,91474.36,30491.45,379,18,3,0,3
ACC021340,1,35058.17,35058.17,0,9,1,1,1
ACC021341,3,32232.84,10744.28,277,27,3,0,2
ACC021344,2,40321.04,20160.52,52,16,2,1,2
ACC021347,1,2563.56,2563.56,0,1,1,0,1
ACC021350,1,22031.01,22031.01,0,12,1,0,1
ACC021351,1,4865.48,4865.48,0,1,1,0,1
ACC021352,3,40648.01,13549.34,256,28,3,0,2
ACC021354,2,26538.12,13269.06,35,8,2,0,2
ACC021355,1,20337.23,20337.23,0,9,1,0,1
ACC021356,1,1597.84,1597.84,0,10,1,1,1
ACC021358,1,6948.22,6948.22,0,14,1,0,1
ACC021359,1,11504.03,11504.03,0,2,1,0,1
ACC021360,2,58640.83,29320.42,28,4,2,0,1
ACC021362,1,19950.56,19950.56,0,12,1,0,1
ACC021363,2,50061.18,25030.59,13,23,2,0,2
ACC021364,2,48637.32,24318.66,119,13,2,0,2
ACC021368,2,90880.09,45440.04,173,18,2,0,1
ACC021372,3,92847.55,30949.18,213,34,3,0,2
ACC021374,1,39813.06,39813.06,0,8,1,0,1
ACC021375,1,11985.81,11985.81,0,10,1,1,1
ACC021377,2,34067.08,17033.54,188,15,2,0,1
ACC021378,3,136886.28,45628.76,77,23,3,0,2
ACC021379,3,59508.83,19836.28,75,16,3,0,3
ACC021380,1,61429.22,61429.22,0,5,1,0,1
ACC021381,2,47587.97,23793.99,272,15,2,0,1
ACC021384,2,47925.22,23962.61,329,16,2,0,2
ACC021386,3,65435.1,21811.7,396,35,3,0,2
ACC021387,1,87046.61,87046.61,0,5,1,0,1
ACC021388,1,142899.03,142899.03,0,14,1,1,1
ACC021389,2,60454.19,30227.09,145,22,2,0,2
ACC021390,2,32874.57,16437.28,15,10,2,0,2
ACC021391,1,1163.39,1163.39,0,6,1,0,1
ACC021392,1,734.35,734.35,0,4,1,0,1
ACC021394,2,44902.66,22451.33,87,7,2,0,2
ACC021395,1,15950.79,15950.79,0,3,1,0,1
ACC021396,1,34280.26,34280.26,0,2,1,0,1
ACC021397,2,26060.4,13030.2,74,19,2,0,2
ACC021398,1,6856.01,6856.01,0,5,1,0,1
ACC021399,2,13228.2,6614.1,135,24,2,0,2
ACC021400,1,8774.16,8774.16,0,5,1,0,1
ACC021401,1,10138.79,10138.79,0,10,1,0,1
ACC021402,1,48803.26,48803.26,0,3,1,1,1
ACC021403,2,30864.78,15432.39,228,12,2,0,2
ACC021404,1,67786.3,67786.3,0,3,1,0,1
ACC021405,1,2595.57,2595.57,0,7,1,0,1
ACC021407,2,53659.82,26829.91,43,17,2,0,1
ACC021408,1,2717.74,2717.74,0,8,1,0,1
ACC021409,2,73376.33,36688.17,102,13,2,0,2
ACC021410,1,32477.26,32477.26,0,3,1,0,1
ACC021412,1,12300.69,12300.69,0,3,1,0,1
ACC021413,2,24207.79,12103.9,305,20,2,0,2
ACC021416,1,5717.26,5717.26,0,8,1,0,1
ACC021417,1,19832.31,19832.31,0,4,1,0,1
ACC021418,1,2249.39,2249.39,0,14,1,0,1
ACC021421,1,17044.68,17044.68,0,11,1,0,1
ACC021422,1,5678.82,5678.82,0,13,1,0,1
ACC021423,2,22007.89,11003.94,277,12,2,0,2
ACC021424,2,35007.62,17503.81,124,19,2,0,2
ACC021425,1,23568.98,23568.98,0,8,1,0,1
ACC021426,3,25713.0,8571.0,173,25,3,0,2
ACC021427,1,5406.75,5406.75,0,2,1,0,1
ACC021429,2,9410.9,4705.45,37,15,2,0,2
ACC021431,2,89988.0,44994.0,368,9,2,1,2
ACC021432,2,20883.49,10441.75,89,9,2,0,2
ACC021433,1,24627.7,24627.7,0,8,1,0,1
ACC021435,2,67206.28,33603.14,385,10,2,1,1
ACC021436,1,9752.25,9752.25,0,7,1,0,1
ACC021437,2,59223.33,29611.67,165,14,2,1,2
ACC021442,2,104961.19,52480.6,83,10,2,0,1
ACC021444,1,5549.82,5549.82,0,2,1,0,1
ACC021446,1,12455.04,12455.04,0,13,1,0,1
ACC021447,1,7864.38,7864.38,0,4,1,0,1
ACC021453,2,79733.23,39866.61,151,14,2,1,2
ACC021454,3,32960.24,10986.75,331,23,3,0,2
ACC021457,1,13891.11,13891.11,0,12,1,0,1
ACC021458,1,1966.06,1966.06,0,13,1,0,1
ACC021459,2,2711.33,1355.66,135,5,2,0,2
ACC021460,1,9333.51,9333.51,0,5,1,0,1
ACC021461,1,11999.67,11999.67,0,11,1,1,1
ACC021462,1,29270.87,29270.87,0,11,1,0,1
ACC021467,2,32550.72,16275.36,229,13,2,0,2
ACC021468,1,8808.66,8808.66,0,9,1,0,1
ACC021469,1,36717.54,36717.54,0,3,1,0,1
ACC021470,2,30611.54,15305.77,31,19,2,0,2
ACC021471,1,7359.7,7359.7,0,10,1,0,1
ACC021472,3,47537.75,15845.92,89,21,3,0,3
ACC021473,1,13413.84,13413.84,0,2,1,0,1
ACC021475,1,22714.3,22714.3,0,4,1,0,1
ACC021476,1,35953.57,35953.57,0,2,1,0,1
ACC021478,3,87977.43,29325.81,266,36,3,0,3
ACC021479,1,39683.34,39683.34,0,1,1,0,1
ACC021480,1,39322.41,39322.41,0,6,1,0,1
ACC021483,3,94652.49,31550.83,359,17,3,1,3
ACC021484,2,152108.24,76054.12,212,7,2,0,2
ACC021485,1,1696.3,1696.3,0,10,1,1,1
ACC021486,1,1322.6,1322.6,0,7,1,0,1
ACC021487,1,2672.4,2672.4,0,14,1,0,1
ACC021488,1,19883.93,19883.93,0,12,1,0,1
ACC021493,1,32304.34,32304.34,0,9,1,0,1
ACC021495,3,119696.66,39898.89,301,28,3,0,2
ACC021496,1,50370.21,50370.21,0,14,1,0,1
ACC021503,1,10875.86,10875.86,0,10,1,0,1
ACC021505,1,24172.33,24172.33,0,7,1,0,1
ACC021507,3,70820.68,23606.89,269,36,3,0,3
ACC021509,1,17670.0,17670.0,0,5,1,0,1
ACC021511,2,43896.66,21948.33,52,21,2,0,2
ACC021512,2,43295.14,21647.57,166,7,2,0,2
ACC021513,2,26480.83,13240.42,260,3,2,0,2
ACC021514,1,2706.79,2706.79,0,13,1,0,1
ACC021516,2,23150.38,11575.19,361,15,2,1,2
ACC021517,1,3146.97,3146.97,0,7,1,0,1
ACC021518,2,6435.57,3217.79,196,23,2,0,2
ACC021519,1,11337.88,11337.88,0,12,1,1,1
ACC021521,2,144732.23,72366.11,290,16,2,0,2
ACC021522,2,29276.5,14638.25,145,19,2,0,2
ACC021525,4,87011.62,21752.9,158,30,4,0,3
ACC021529,1,61765.93,61765.93,0,8,1,0,1
ACC021530,2,5661.75,2830.88,91,11,2,0,2
ACC021533,1,24129.34,24129.34,0,6,1,0,1
ACC021534,1,10893.9,10893.9,0,4,1,0,1
ACC021535,1,33708.1,33708.1,0,8,1,0,1
ACC021538,1,31494.82,31494.82,0,13,1,0,1
ACC021542,1,7176.07,7176.07,0,14,1,0,1
ACC021543,2,123768.51,61884.25,31,21,2,0,2
ACC021544,4,83370.62,20842.65,130,18,4,0,3
ACC021546,1,57612.07,57612.07,0,13,1,0,1
ACC021547,1,28835.74,28835.74,0,13,1,0,1
ACC021548,1,3758.8,3758.8,0,13,1,0,1
ACC021549,2,63809.38,31904.69,67,14,2,0,2
ACC021550,1,10640.05,10640.05,0,11,1,0,1
ACC021551,3,165091.34,55030.45,218,39,3,0,3
ACC021552,1,2072.28,2072.28,0,14,1,1,1
ACC021557,1,8785.5,8785.5,0,2,1,0,1
ACC021560,4,81373.73,20343.43,77,26,4,0,3
ACC021561,1,938.85,938.85,0,1,1,0,1
ACC021562,1,30775.86,30775.86,0,7,1,0,1
ACC021563,2,99449.11,49724.56,68,19,2,0,2
ACC021564,2,20401.52,10200.76,380,18,2,1,2
ACC021566,1,2834.1,2834.1,0,10,1,0,1
ACC021567,1,19351.92,19351.92,0,5,1,1,1
ACC021569,1,36024.55,36024.55,0,10,1,0,1
ACC021572,1,4606.58,4606.58,0,6,1,0,1
ACC021573,2,48282.25,24141.12,385,11,2,1,2
ACC021574,1,8693.87,8693.87,0,1,1,0,1
ACC021575,2,106997.15,53498.57,0,15,2,0,2
ACC021577,2,57112.46,28556.23,170,16,2,0,2
ACC021578,1,27541.09,27541.09,0,11,1,0,1
ACC021579,1,59251.65,59251.65,0,2,1,0,1
ACC021580,1,40560.64,40560.64,0,1,1,0,1
ACC021582,1,8521.22,8521.22,0,3,1,1,1
ACC021583,1,72450.75,72450.75,0,13,1,0,1
ACC021584,2,47584.44,23792.22,45,5,2,0,1
ACC021585,2,29554.67,14777.33,215,15,2,0,2
ACC021586,2,21504.11,10752.06,60,7,2,0,2
ACC021587,3,61574.41,20524.8,212,21,3,0,2
ACC021588,1,14136.07,14136.07,0,13,1,0,1
ACC021589,1,7077.29,7077.29,0,12,1,0,1
ACC021590,1,9839.85,9839.85,0,5,1,0,1
ACC021592,1,35284.3,35284.3,0,5,1,0,1
ACC021593,1,85523.01,85523.01,0,10,1,0,1
ACC021596,2,25224.07,12612.03,63,12,2,0,2
ACC021598,2,69857.3,34928.65,327,21,2,0,2
ACC021600,2,18741.92,9370.96,23,19,2,0,2
ACC021601,1,44316.62,44316.62,0,11,1,0,1
ACC021602,2,80368.95,40184.47,30,6,2,0,2
ACC021603,1,5920.41,5920.41,0,1,1,0,1
ACC021604,2,25350.92,12675.46,113,21,2,0,2
ACC021605,1,15639.01,15639.01,0,5,1,0,1
ACC021606,2,19308.38,9654.19,318,8,2,1,2
ACC021607,1,4939.66,4939.66,0,2,1,0,1
ACC021608,2,105955.03,52977.51,31,7,2,0,2
ACC021611,2,92181.85,46090.93,63,5,2,0,2
ACC021612,3,127458.09,42486.03,259,28,3,0,3
ACC021613,2,41171.14,20585.57,240,18,2,0,2
ACC021615,1,22110.84,22110.84,0,7,1,1,1
ACC021617,1,54910.04,54910.04,0,4,1,0,1
ACC021618,2,10675.19,5337.59,326,5,2,0,2
ACC021619,1,13698.56,13698.56,0,14,1,0,1
ACC021621,2,73930.27,36965.14,103,9,2,0,2
ACC021622,2,12445.94,6222.97,298,27,2,0,2
ACC021623,1,36177.61,36177.61,0,4,1,0,1
ACC021624,1,61849.64,61849.64,0,9,1,0,1
ACC021625,1,19006.82,19006.82,0,10,1,0,1
ACC021626,1,11953.48,11953.48,0,6,1,1,1
ACC021627,3,127066.8,42355.6,373,26,3,1,2
ACC021628,3,31220.14,10406.71,273,10,3,0,3
ACC021630,1,23814.79,23814.79,0,5,1,0,1
ACC021631,3,71670.09,23890.03,123,14,3,0,3
ACC021633,1,28431.04,28431.04,0,10,1,0,1
ACC021634,2,9647.58,4823.79,228,3,2,0,2
ACC021637,1,50104.73,50104.73,0,8,1,0,1
ACC021638,1,4605.66,4605.66,0,10,1,0,1
ACC021639,4,245441.59,61360.4,32,35,4,0,4
ACC021640,1,40781.91,40781.91,0,3,1,0,1
ACC021642,4,128955.58,32238.9,131,23,4,0,3
ACC021643,1,3192.6,3192.6,0,6,1,0,1
ACC021645,1,50835.19,50835.19,0,13,1,0,1
ACC021647,1,18785.55,18785.55,0,11,1,0,1
ACC021648,2,43794.24,21897.12,66,20,2,0,2
ACC021649,3,47364.42,15788.14,132,17,3,0,2
ACC021650,1,1199.4,1199.4,0,2,1,0,1
ACC021651,1,95729.53,95729.53,0,5,1,0,1
ACC021653,1,19175.8,19175.8,0,2,1,0,1
ACC021654,2,28498.28,14249.14,263,21,2,0,2
ACC021656,1,22633.22,22633.22,0,4,1,0,1
ACC021658,1,17137.16,17137.16,0,7,1,0,1
ACC021660,2,65241.44,32620.72,302,11,2,1,1
ACC021661,2,29632.43,14816.22,235,24,2,0,2
ACC021662,2,197368.68,98684.34,7,16,2,0,2
ACC021663,1,9946.44,9946.44,0,12,1,0,1
ACC021664,1,6491.66,6491.66,0,10,1,0,1
ACC021665,1,8841.87,8841.87,0,11,1,0,1
ACC021666,1,149822.15,149822.15,0,7,1,0,1
ACC021670,1,65019.92,65019.92,0,1,1,0,1
ACC021671,1,59279.02,59279.02,0,3,1,0,1
ACC021674,2,91504.41,45752.21,352,24,2,1,2
ACC021676,1,18190.61,18190.61,0,12,1,1,1
ACC021677,1,83837.95,83837.95,0,13,1,0,1
ACC021679,2,32793.32,16396.66,288,17,2,0,2
ACC021684,1,3897.1,3897.1,0,3,1,0,1
ACC021685,1,36094.06,36094.06,0,4,1,0,1
ACC021686,3,55029.58,18343.19,271,22,3,0,3
ACC021687,1,17010.22,17010.22,0,1,1,1,1
ACC021690,4,28999.5,7249.88,290,37,4,0,1
ACC021691,1,7992.21,7992.21,0,7,1,0,1
ACC021692,1,4382.44,4382.44,0,12,1,0,1
ACC021694,2,20972.21,10486.1,96,13,2,0,2
ACC021697,3,53332.68,17777.56,118,21,3,0,3
ACC021699,3,48448.2,16149.4,185,25,3,0,2
ACC021700,1,64650.82,64650.82,0,7,1,0,1
ACC021701,1,14397.46,14397.46,0,14,1,0,1
ACC021703,2,64165.53,32082.76,69,15,2,1,2
ACC021704,1,11521.04,11521.04,0,1,1,0,1
ACC021705,2,13842.58,6921.29,176,12,2,0,1
ACC021707,3,113342.13,37780.71,357,31,3,1,2
ACC021708,2,35323.36,17661.68,189,22,2,0,2
ACC021710,3,86272.96,28757.65,267,21,3,0,3
ACC021713,1,8530.61,8530.61,0,6,1,0,1
ACC021714,1,48061.71,48061.71,0,9,1,0,1
ACC021717,1,14642.55,14642.55,0,2,1,1,1
ACC021718,1,14764.2,14764.2,0,4,1,0,1
ACC021720,1,8428.89,8428.89,0,10,1,0,1
ACC021721,1,4831.44,4831.44,0,4,1,0,1
ACC021722,2,20067.1,10033.55,5,15,2,2,1
ACC021724,1,97607.69,97607.69,0,13,1,0,1
ACC021725,1,9441.1,9441.1,0,3,1,0,1
ACC021726,2,18541.34,9270.67,54,11,2,1,2
ACC021727,1,26445.27,26445.27,0,12,1,0,1
ACC021730,2,56938.36,28469.18,180,5,2,0,2
ACC021731,2,60658.25,30329.12,115,14,2,0,2
ACC021732,2,52525.63,26262.82,19,12,2,0,2
ACC021733,1,14709.38,14709.38,0,10,1,1,1
ACC021734,2,27868.92,13934.46,55,12,2,0,2
ACC021735,2,63475.59,31737.79,173,18,2,0,2
ACC021736,1,11944.86,11944.86,0,12,1,0,1
ACC021737,1,26362.19,26362.19,0,2,1,0,1
ACC021738,1,9700.7,9700.7,0,1,1,0,1
ACC021743,1,13806.89,13806.89,0,14,1,0,1
ACC021745,2,104262.34,52131.17,17,27,2,0,2
ACC021746,1,54804.98,54804.98,0,5,1,0,1
ACC021747,1,3389.84,3389.84,0,2,1,0,1
ACC021753,2,34219.0,17109.5,268,20,2,0,2
ACC021754,1,71587.43,71587.43,0,13,1,0,1
ACC021757,1,21384.83,21384.83,0,11,1,0,1
ACC021758,3,43245.11,14415.04,177,33,3,0,2
ACC021762,1,66311.64,66311.64,0,8,1,0,1
ACC021763,1,14594.88,14594.88,0,12,1,0,1
ACC021765,2,97828.81,48914.4,190,16,2,0,1
ACC021766,3,52488.58,17496.19,79,21,3,0,2
ACC021767,2,42814.38,21407.19,205,14,2,0,2
ACC021768,2,66712.58,33356.29,314,19,2,0,2
ACC021769,2,23755.59,11877.8,198,13,2,0,2
ACC021771,1,45483.68,45483.68,0,11,1,0,1
ACC021772,1,10921.11,10921.11,0,3,1,0,1
ACC021773,1,40839.48,40839.48,0,12,1,0,1
ACC021775,1,17375.24,17375.24,0,4,1,1,1
ACC021778,1,5885.09,5885.09,0,1,1,0,1
ACC021779,1,18276.27,18276.27,0,14,1,0,1
ACC021780,2,54625.7,27312.85,163,11,2,0,2
ACC021781,1,30743.12,30743.12,0,5,1,0,1
ACC021783,2,22212.03,11106.01,48,4,2,1,2
ACC021785,5,68216.9,13643.38,298,35,5,0,4
ACC021787,1,66755.43,66755.43,0,1,1,0,1
ACC021790,2,49777.93,24888.97,18,7,2,0,2
ACC021791,2,42292.89,21146.44,309,20,2,1,1
ACC021792,1,4433.64,4433.64,0,6,1,0,1
ACC021794,1,49758.74,49758.74,0,5,1,0,1
ACC021795,1,28094.6,28094.6,0,8,1,0,1
ACC021797,2,69569.41,34784.71,159,10,2,0,1
ACC021798,1,16481.62,16481.62,0,6,1,0,1
ACC021801,1,10355.84,10355.84,0,4,1,0,1
ACC021803,2,42454.47,21227.24,180,3,2,0,2
ACC021804,2,27254.73,13627.36,251,14,2,1,2
ACC021805,1,1758.6,1758.6,0,7,1,0,1
ACC021807,2,48449.09,24224.54,27,9,2,0,2
ACC021812,1,16678.39,16678.39,0,3,1,1,1
ACC021813,1,12044.98,12044.98,0,8,1,0,1
ACC021816,3,147476.07,49158.69,317,18,3,0,3
ACC021818,2,45277.39,22638.69,258,4,2,0,2
ACC021820,1,26072.35,26072.35,0,13,1,0,1
ACC021823,2,45912.9,22956.45,150,16,2,0,1
ACC021825,2,85620.72,42810.36,282,9,2,0,1
ACC021828,1,35886.99,35886.99,0,4,1,0,1
ACC021829,1,6260.59,6260.59,0,7,1,0,1
ACC021833,2,64163.17,32081.58,338,3,2,0,2
ACC021834,2,58790.18,29395.09,80,15,2,0,2
ACC021835,2,90290.25,45145.12,3,14,2,0,2
ACC021837,1,33807.49,33807.49,0,10,1,0,1
ACC021838,1,5462.58,5462.58,0,12,1,0,1
ACC021840,1,18208.53,18208.53,0,5,1,0,1
ACC021841,1,29681.17,29681.17,0,14,1,0,1
ACC021842,2,68786.93,34393.46,278,16,2,1,2
ACC021843,1,71821.43,71821.43,0,8,1,0,1
ACC021844,2,85775.85,42887.93,185,16,2,0,2
ACC021845,1,2248.94,2248.94,0,7,1,0,1
ACC021846,1,21435.45,21435.45,0,6,1,0,1
ACC021847,1,82014.35,82014.35,0,14,1,0,1
ACC021849,1,16424.85,16424.85,0,1,1,0,1
ACC021852,1,4301.95,4301.95,0,6,1,0,1
ACC021860,2,36273.45,18136.72,39,17,2,0,2
ACC021861,2,43225.07,21612.53,80,14,2,0,2
ACC021862,1,12251.48,12251.48,0,14,1,0,1
ACC021863,1,5874.72,5874.72,0,12,1,0,1
ACC021864,1,16111.89,16111.89,0,4,1,0,1
ACC021866,1,13819.86,13819.86,0,4,1,0,1
ACC021867,1,74288.74,74288.74,0,1,1,0,1
ACC021868,1,9098.56,9098.56,0,13,1,0,1
ACC021869,1,45662.72,45662.72,0,5,1,0,1
ACC021872,2,33252.45,16626.22,67,9,2,0,2
ACC021873,1,30482.74,30482.74,0,2,1,0,1
ACC021874,1,16001.36,16001.36,0,7,1,0,1
ACC021875,2,88985.94,44492.97,392,15,2,0,2
ACC021877,2,36133.17,18066.58,284,19,2,0,2
ACC021878,2,61408.74,30704.37,305,18,2,1,2
ACC021879,3,67661.32,22553.77,241,29,3,0,3
ACC021880,3,30394.83,10131.61,126,31,3,1,3
ACC021881,2,19724.84,9862.42,252,21,2,0,2
ACC021882,1,33796.02,33796.02,0,12,1,0,1
ACC021884,1,57731.41,57731.41,0,11,1,0,1
ACC021885,1,782.64,782.64,0,7,1,0,1
ACC021887,1,9422.1,9422.1,0,12,1,0,1
ACC021888,2,45486.67,22743.33,385,19,2,1,2
ACC021890,1,61005.1,61005.1,0,9,1,1,1
ACC021893,2,68343.68,34171.84,0,19,2,0,1
ACC021894,2,73035.42,36517.71,395,11,2,0,2
ACC021895,2,24695.23,12347.61,36,19,2,0,1
ACC021896,3,101451.76,33817.25,251,19,3,0,3
ACC021897,1,4239.02,4239.02,0,7,1,0,1
ACC021899,1,4578.06,4578.06,0,2,1,0,1
ACC021901,1,13789.49,13789.49,0,13,1,0,1
ACC021902,1,10098.06,10098.06,0,12,1,0,1
ACC021904,3,103344.23,34448.08,79,28,3,0,2
ACC021905,2,18666.5,9333.25,354,3,2,0,2
ACC021906,1,57784.47,57784.47,0,13,1,1,1
ACC021908,2,10982.0,5491.0,250,18,2,0,2
ACC021909,1,16508.99,16508.99,0,12,1,0,1
ACC021910,1,43144.15,43144.15,0,6,1,0,1
ACC021911,3,139252.68,46417.56,363,22,3,0,2
ACC021914,2,21738.63,10869.32,306,11,2,0,2
ACC021916,2,44144.59,22072.3,220,25,2,0,2
ACC021917,1,60484.85,60484.85,0,4,1,0,1
ACC021918,1,45804.24,45804.24,0,9,1,1,1
ACC021921,1,63505.74,63505.74,0,5,1,0,1
ACC021922,2,47923.24,23961.62,20,14,2,0,2
ACC021923,1,37829.03,37829.03,0,4,1,0,1
ACC021925,3,107933.87,35977.96,186,15,3,0,3
ACC021926,3,38369.4,12789.8,373,26,3,1,3
ACC021927,1,12443.33,12443.33,0,1,1,0,1
ACC021928,1,46412.08,46412.08,0,14,1,0,1
ACC021929,1,960.3,960.3,0,13,1,0,1
ACC021931,2,82305.04,41152.52,311,15,2,0,2
ACC021932,1,6309.17,6309.17,0,2,1,0,1
ACC021934,2,16785.83,8392.92,42,17,2,0,2
ACC021938,3,45085.98,15028.66,338,29,3,0,3
ACC021940,2,14014.69,7007.34,174,15,2,0,2
ACC021941,3,123646.94,41215.65,195,18,3,0,3
ACC021942,1,15622.39,15622.39,0,12,1,0,1
ACC021943,2,76349.88,38174.94,53,9,2,0,2
ACC021944,2,44175.88,22087.94,32,21,2,0,2
ACC021946,1,1565.51,1565.51,0,1,1,0,1
ACC021947,2,31475.03,15737.51,218,16,2,0,2
ACC021948,1,35587.68,35587.68,0,6,1,0,1
ACC021949,1,45939.88,45939.88,0,6,1,0,1
ACC021950,1,6809.4,6809.4,0,7,1,0,1
ACC021951,1,4797.22,4797.22,0,1,1,0,1
ACC021952,1,8394.01,8394.01,0,14,1,0,1
ACC021953,1,2135.8,2135.8,0,8,1,0,1
ACC021954,1,33923.78,33923.78,0,14,1,0,1
ACC021955,1,18421.45,18421.45,0,2,1,0,1
ACC021956,1,27146.87,27146.87,0,8,1,1,1
ACC021958,1,37503.94,37503.94,0,14,1,0,1
ACC021960,3,51424.55,17141.52,320,18,3,0,3
ACC021962,1,2131.92,2131.92,0,10,1,0,1
ACC021963,3,99166.39,33055.46,302,28,3,0,2
ACC021965,2,3950.32,1975.16,21,10,2,1,2
ACC021970,1,38538.47,38538.47,0,13,1,0,1
ACC021972,1,14313.87,14313.87,0,5,1,0,1
ACC021974,1,35833.02,35833.02,0,2,1,0,1
ACC021975,1,7225.19,7225.19,0,13,1,0,1
ACC021976,1,26993.16,26993.16,0,3,1,0,1
ACC021980,2,84675.19,42337.6,122,21,2,0,2
ACC021981,1,1181.12,1181.12,0,7,1,0,1
ACC021982,1,11860.03,11860.03,0,12,1,0,1
ACC021984,1,3860.34,3860.34,0,10,1,0,1
ACC021986,1,631.7,631.7,0,12,1,0,1
ACC021988,2,28173.06,14086.53,66,10,2,0,2
ACC021989,1,54282.41,54282.41,0,8,1,0,1
ACC021990,1,2151.97,2151.97,0,8,1,1,1
ACC021991,1,26404.08,26404.08,0,6,1,0,1
ACC021993,1,69093.26,69093.26,0,14,1,0,1
ACC021994,2,35798.78,17899.39,311,15,2,0,1
ACC021995,1,25284.12,25284.12,0,8,1,0,1
ACC021997,2,54586.8,27293.4,164,14,2,0,2
ACC021998,2,69208.21,34604.1,83,25,2,0,2
ACC022000,1,2130.89,2130.89,0,2,1,0,1
ACC022003,1,6063.66,6063.66,0,10,1,0,1
ACC022005,1,5159.97,5159.97,0,1,1,0,1
ACC022006,1,7750.47,7750.47,0,12,1,0,1
ACC022007,1,10384.11,10384.11,0,9,1,0,1
ACC022008,2,16974.95,8487.48,161,7,2,0,2
ACC022010,2,29344.81,14672.4,50,11,2,0,2
ACC022012,1,20333.48,20333.48,0,12,1,0,1
ACC022013,3,133582.08,44527.36,164,33,3,0,2
ACC022014,2,39147.93,19573.97,57,20,2,0,2
ACC022015,3,70893.86,23631.29,78,22,3,0,2
ACC022016,1,676.71,676.71,0,11,1,0,1
ACC022017,1,15569.87,15569.87,0,10,1,0,1
ACC022018,1,3706.85,3706.85,0,7,1,0,1
ACC022019,4,74212.17,18553.04,291,31,4,0,3
ACC022020,1,3002.72,3002.72,0,7,1,0,1
ACC022021,1,18790.21,18790.21,0,7,1,0,1
ACC022024,5,129098.96,25819.79,301,28,5,0,3
ACC022025,2,9778.23,4889.11,301,18,2,0,2
ACC022026,1,5571.22,5571.22,0,10,1,1,1
ACC022028,1,46701.42,46701.42,0,9,1,0,1
ACC022029,1,8391.4,8391.4,0,2,1,0,1
ACC022031,1,105111.16,105111.16,0,8,1,0,1
ACC022032,1,10909.55,10909.55,0,5,1,0,1
ACC022035,3,121797.22,40599.07,43,23,3,0,3
ACC022037,2,55582.17,27791.08,78,19,2,0,2
ACC022038,1,56724.26,56724.26,0,7,1,0,1
ACC022040,2,38026.01,19013.0,212,13,2,1,2
ACC022041,1,38351.23,38351.23,0,5,1,0,1
ACC022043,1,4515.99,4515.99,0,9,1,0,1
ACC022045,2,8521.57,4260.78,57,9,2,0,2
ACC022046,1,63902.0,63902.0,0,12,1,0,1
ACC022048,1,17907.62,17907.62,0,10,1,0,1
ACC022049,1,29722.46,29722.46,0,6,1,0,1
ACC022050,1,38233.74,38233.74,0,5,1,0,1
ACC022051,2,31733.14,15866.57,244,15,2,0,2
ACC022053,1,3659.09,3659.09,0,9,1,0,1
ACC022054,1,1591.91,1591.91,0,6,1,0,1
ACC022055,1,10497.21,10497.21,0,10,1,0,1
ACC022056,2,35483.78,17741.89,96,9,2,0,2
ACC022057,1,8661.09,8661.09,0,5,1,0,1
ACC022060,3,184216.17,61405.39,305,33,3,0,3
ACC022061,1,7693.76,7693.76,0,14,1,0,1
ACC022062,1,34758.91,34758.91,0,12,1,1,1
ACC022064,2,37891.0,18945.5,8,19,2,0,2
ACC022066,2,68262.11,34131.06,208,8,2,0,1
ACC022067,1,5021.82,5021.82,0,14,1,1,1
ACC022068,1,22486.57,22486.57,0,3,1,0,1
ACC022070,2,117956.91,58978.46,72,13,2,0,2
ACC022071,2,51283.49,25641.74,142,13,2,0,2
ACC022073,1,8052.3,8052.3,0,11,1,0,1
ACC022074,1,102658.88,102658.88,0,10,1,0,1
ACC022075,2,83519.86,41759.93,66,15,2,0,2
ACC022076,1,11980.31,11980.31,0,11,1,0,1
ACC022077,4,38729.46,9682.36,178,28,4,0,4
ACC022079,2,86687.47,43343.74,73,19,2,0,2
ACC022080,5,249983.17,49996.63,436,48,5,1,4
ACC022081,1,58684.65,58684.65,0,13,1,0,1
ACC022082,1,19574.51,19574.51,0,2,1,0,1
ACC022083,1,24802.65,24802.65,0,7,1,0,1
ACC022084,2,43971.17,21985.59,58,24,2,0,2
ACC022085,1,26122.47,26122.47,0,11,1,1,1
ACC022086,2,25803.33,12901.67,110,14,2,0,2
ACC022087,1,21417.58,21417.58,0,2,1,0,1
ACC022088,1,16999.99,16999.99,0,13,1,0,1
ACC022090,2,25474.8,12737.4,270,12,2,1,2
ACC022091,2,34693.74,17346.87,33,13,2,0,2
ACC022093,3,71678.95,23892.98,91,21,3,0,3
ACC022098,1,13260.22,13260.22,0,3,1,0,1
ACC022099,1,3983.11,3983.11,0,5,1,0,1
ACC022101,2,68870.97,34435.49,14,20,2,1,2
ACC022102,1,13725.0,13725.0,0,5,1,0,1
ACC022104,1,96221.32,96221.32,0,14,1,0,1
ACC022106,3,82565.22,27521.74,213,11,3,0,2
ACC022108,2,35869.79,17934.9,234,12,2,0,2
ACC022109,2,37305.1,18652.55,7,20,2,0,2
ACC022110,3,147454.03,49151.34,188,8,3,1,2
ACC022113,1,31862.26,31862.26,0,3,1,0,1
ACC022114,1,621.25,621.25,0,4,1,0,1
ACC022117,1,3964.13,3964.13,0,6,1,0,1
ACC022118,1,12259.5,12259.5,0,8,1,0,1
ACC022119,1,80354.85,80354.85,0,1,1,0,1
ACC022120,3,94393.65,31464.55,364,25,3,0,3
ACC022122,1,16833.56,16833.56,0,8,1,0,1
ACC022123,2,9836.03,4918.02,366,18,2,1,2
ACC022124,1,20264.65,20264.65,0,4,1,0,1
ACC022125,1,8506.69,8506.69,0,14,1,0,1
ACC022126,1,14231.7,14231.7,0,4,1,0,1
ACC022127,2,43368.46,21684.23,23,13,2,0,2
ACC022128,1,38445.29,38445.29,0,8,1,0,1
ACC022129,2,14855.82,7427.91,158,15,2,0,2
ACC022130,2,94413.56,47206.78,29,25,2,1,1
ACC022133,1,27339.54,27339.54,0,8,1,0,1
ACC022135,1,7330.09,7330.09,0,4,1,0,1
ACC022136,1,34397.27,34397.27,0,5,1,0,1
ACC022140,2,25194.35,12597.17,126,19,2,0,1
ACC022141,2,42243.14,21121.57,221,14,2,0,2
ACC022142,1,3606.97,3606.97,0,14,1,0,1
ACC022143,1,19246.31,19246.31,0,13,1,0,1
ACC022144,2,134060.45,67030.23,276,14,2,1,2
ACC022145,1,16125.4,16125.4,0,9,1,1,1
ACC022146,2,90233.73,45116.87,37,15,2,0,2
ACC022147,1,1241.88,1241.88,0,7,1,0,1
ACC022149,5,187107.62,37421.52,275,37,5,0,3
ACC022151,1,6717.81,6717.81,0,13,1,0,1
ACC022152,2,68215.93,34107.96,57,11,2,1,1
ACC022154,1,65410.43,65410.43,0,4,1,0,1
ACC022155,2,65753.04,32876.52,49,16,2,0,2
ACC022157,2,86287.7,43143.85,10,13,2,0,2
ACC022158,2,25217.4,12608.7,242,26,2,0,2
ACC022159,3,31393.47,10464.49,278,19,3,0,3
ACC022160,3,103889.15,34629.72,234,27,3,0,3
ACC022161,4,143010.68,35752.67,343,20,4,2,2
ACC022163,3,52686.11,17562.04,195,16,3,0,2
ACC022164,3,26686.81,8895.6,292,27,3,0,3
ACC022165,2,26282.14,13141.07,208,14,2,1,2
ACC022166,1,6476.95,6476.95,0,8,1,0,1
ACC022167,3,65092.42,21697.47,165,32,3,0,2
ACC022168,1,17203.35,17203.35,0,9,1,0,1
ACC022170,2,68602.32,34301.16,169,15,2,0,2
ACC022172,1,60661.63,60661.63,0,13,1,0,1
ACC022174,3,74065.65,24688.55,217,24,3,0,3
ACC022175,1,15873.28,15873.28,0,3,1,0,1
ACC022176,1,39759.22,39759.22,0,14,1,1,1
ACC022178,2,42897.67,21448.83,302,7,2,1,2
ACC022180,2,53392.04,26696.02,131,9,2,1,2
ACC022183,2,51984.58,25992.29,219,13,2,0,2
ACC022184,1,31755.1,31755.1,0,13,1,0,1
ACC022185,3,166047.76,55349.25,160,16,3,0,2
ACC022188,3,66882.6,22294.2,328,22,3,1,3
ACC022189,2,9450.25,4725.12,331,9,2,0,2
ACC022190,1,9443.1,9443.1,0,6,1,0,1
ACC022193,1,54764.4,54764.4,0,13,1,0,1
ACC022194,1,55899.23,55899.23,0,1,1,0,1
ACC022196,1,24717.34,24717.34,0,7,1,0,1
ACC022197,1,182873.04,182873.04,0,13,1,0,1
ACC022198,2,88749.15,44374.57,268,11,2,0,2
ACC022199,1,61695.67,61695.67,0,9,1,0,1
ACC022200,1,44072.54,44072.54,0,14,1,0,1
ACC022203,4,83931.86,20982.96,266,46,4,0,4
ACC022204,1,54693.83,54693.83,0,12,1,0,1
ACC022205,1,33736.67,33736.67,0,5,1,0,1
ACC022207,2,84559.6,42279.8,223,7,2,0,2
ACC022210,1,8688.61,8688.61,0,10,1,0,1
ACC022211,1,28573.02,28573.02,0,8,1,0,1
ACC022212,1,1784.71,1784.71,0,10,1,0,1
ACC022213,1,17719.27,17719.27,0,4,1,0,1
ACC022214,1,7291.12,7291.12,0,6,1,0,1
ACC022215,1,3534.29,3534.29,0,5,1,0,1
ACC022216,1,81224.3,81224.3,0,8,1,0,1
ACC022218,2,140615.87,70307.93,104,20,2,0,1
ACC022219,1,13638.79,13638.79,0,2,1,1,1
ACC022224,3,66253.75,22084.58,280,14,3,0,2
ACC022225,1,11258.55,11258.55,0,2,1,0,1
ACC022226,3,43328.2,14442.73,340,25,3,0,3
ACC022227,1,39372.15,39372.15,0,13,1,0,1
ACC022230,4,103063.5,25765.88,118,18,4,1,2
ACC022231,1,7251.26,7251.26,0,11,1,0,1
ACC022232,1,9859.22,9859.22,0,14,1,0,1
ACC022233,4,191759.64,47939.91,311,23,4,0,4
ACC022234,1,20303.84,20303.84,0,14,1,0,1
ACC022235,1,55381.59,55381.59,0,7,1,0,1
ACC022237,1,48136.93,48136.93,0,12,1,0,1
ACC022238,1,6097.73,6097.73,0,14,1,0,1
ACC022239,1,19788.67,19788.67,0,12,1,1,1
ACC022240,2,23408.53,11704.26,135,14,2,0,2
ACC022242,1,12654.73,12654.73,0,3,1,0,1
ACC022243,2,97321.18,48660.59,29,3,2,0,2
ACC022245,2,67556.14,33778.07,211,25,2,0,2
ACC022249,2,32942.71,16471.35,138,22,2,0,2
ACC022251,1,63221.03,63221.03,0,12,1,0,1
ACC022252,1,40236.59,40236.59,0,5,1,0,1
ACC022253,1,19061.8,19061.8,0,1,1,0,1
ACC022254,3,74188.2,24729.4,97,30,3,2,3
ACC022255,1,20798.79,20798.79,0,6,1,0,1
ACC022256,2,126932.21,63466.1,101,14,2,0,1
ACC022257,1,73006.65,73006.65,0,8,1,0,1
ACC022258,1,15638.23,15638.23,0,12,1,0,1
ACC022259,2,117941.16,58970.58,280,26,2,0,1
ACC022261,3,32409.08,10803.03,67,12,3,0,3
ACC022264,2,64518.63,32259.32,63,16,2,0,2
ACC022265,2,90601.18,45300.59,261,5,2,0,2
ACC022266,4,96990.38,24247.6,96,22,4,0,3
ACC022267,1,29241.18,29241.18,0,3,1,0,1
ACC022268,1,6551.61,6551.61,0,7,1,0,1
ACC022270,2,38280.7,19140.35,159,12,2,0,2
ACC022271,1,8903.75,8903.75,0,10,1,0,1
ACC022272,1,8061.08,8061.08,0,13,1,0,1
ACC022275,2,55923.1,27961.55,219,8,2,0,2
ACC022276,1,16138.43,16138.43,0,8,1,0,1
ACC022277,2,38269.47,19134.74,127,13,2,0,2
ACC022278,2,31526.21,15763.1,268,7,2,0,2
ACC022280,2,55326.27,27663.14,67,22,2,0,1
ACC022282,1,14508.94,14508.94,0,12,1,1,1
ACC022284,1,7265.8,7265.8,0,11,1,0,1
ACC022285,2,16264.56,8132.28,85,19,2,0,2
ACC022286,1,6567.57,6567.57,0,11,1,0,1
ACC022290,1,90656.99,90656.99,0,12,1,0,1
ACC022292,2,26579.06,13289.53,31,10,2,0,1
ACC022293,3,75743.84,25247.95,212,22,3,0,3
ACC022294,1,45839.54,45839.54,0,13,1,0,1
ACC022295,1,20760.18,20760.18,0,11,1,0,1
ACC022296,1,36876.95,36876.95,0,9,1,0,1
ACC022298,1,12260.57,12260.57,0,9,1,0,1
ACC022300,1,34760.39,34760.39,0,11,1,0,1
ACC022301,1,24413.01,24413.01,0,3,1,0,1
ACC022302,2,64776.81,32388.41,245,12,2,1,2
ACC022303,1,33826.3,33826.3,0,2,1,0,1
ACC022304,2,10657.42,5328.71,87,14,2,0,2
ACC022305,1,34955.37,34955.37,0,7,1,0,1
ACC022307,3,71405.58,23801.86,122,22,3,0,3
ACC022309,2,26039.78,13019.89,202,18,2,1,2
ACC022310,1,29790.38,29790.38,0,6,1,0,1
ACC022311,1,18451.8,18451.8,0,6,1,0,1
ACC022313,4,31831.51,7957.88,277,43,4,0,2
ACC022315,2,62254.88,31127.44,130,6,2,0,2
ACC022316,1,32843.57,32843.57,0,7,1,0,1
ACC022317,1,4195.81,4195.81,0,1,1,1,1
ACC022318,2,76107.42,38053.71,97,16,2,0,1
ACC022321,1,2542.84,2542.84,0,8,1,0,1
ACC022322,2,104327.65,52163.82,167,12,2,0,2
ACC022323,1,48471.82,48471.82,0,2,1,0,1
ACC022324,1,58820.77,58820.77,0,8,1,0,1
ACC022325,1,6937.12,6937.12,0,1,1,0,1
ACC022326,1,10567.64,10567.64,0,11,1,0,1
ACC022329,3,72194.88,24064.96,79,23,3,0,2
ACC022331,1,140463.98,140463.98,0,1,1,0,1
ACC022332,4,226763.68,56690.92,188,42,4,0,3
ACC022333,1,9842.69,9842.69,0,5,1,0,1
ACC022334,2,84829.82,42414.91,238,19,2,1,2
ACC022335,1,47565.46,47565.46,0,5,1,1,1
ACC022340,1,16513.53,16513.53,0,11,1,0,1
ACC022342,3,58804.89,19601.63,296,32,3,0,3
ACC022344,1,2392.8,2392.8,0,10,1,0,1
ACC022346,1,20826.82,20826.82,0,11,1,0,1
ACC022350,3,83146.2,27715.4,175,33,3,0,3
ACC022351,3,145300.78,48433.59,169,23,3,0,2
ACC022352,1,5999.29,5999.29,0,6,1,0,1
ACC022353,1,38624.63,38624.63,0,5,1,1,1
ACC022355,1,15986.09,15986.09,0,1,1,0,1
ACC022356,4,29477.33,7369.33,416,32,4,1,3
ACC022360,2,11394.67,5697.33,5,17,2,0,1
ACC022361,2,82777.93,41388.96,51,18,2,0,2
ACC022362,3,130299.74,43433.25,255,14,3,1,3
ACC022363,1,41262.14,41262.14,0,6,1,0,1
ACC022364,2,31068.61,15534.31,32,24,2,0,2
ACC022365,1,9496.85,9496.85,0,11,1,0,1
ACC022366,2,24796.52,12398.26,314,5,2,1,2
ACC022367,1,47574.17,47574.17,0,9,1,0,1
ACC022368,4,101482.08,25370.52,323,31,4,0,4
ACC022370,1,8519.57,8519.57,0,4,1,0,1
ACC022371,1,91899.78,91899.78,0,10,1,0,1
ACC022372,3,40527.45,13509.15,392,28,3,1,2
ACC022373,1,59542.4,59542.4,0,10,1,0,1
ACC022374,1,6935.66,6935.66,0,8,1,0,1
ACC022375,1,6862.59,6862.59,0,12,1,0,1
ACC022376,2,64827.98,32413.99,47,9,2,0,2
ACC022379,2,72466.37,36233.18,206,4,2,1,2
ACC022381,2,59320.51,29660.25,147,16,2,0,2
ACC022382,2,15170.21,7585.1,404,17,2,0,2
ACC022383,1,14626.4,14626.4,0,4,1,0,1
ACC022384,3,221725.25,73908.42,221,23,3,0,3
ACC022385,1,11082.47,11082.47,0,1,1,0,1
ACC022386,1,53167.7,53167.7,0,6,1,0,1
ACC022387,1,42851.66,42851.66,0,4,1,0,1
ACC022388,1,26832.43,26832.43,0,11,1,0,1
ACC022390,2,56358.01,28179.0,170,15,2,0,2
ACC022391,2,44914.17,22457.08,44,8,2,0,2
ACC022392,1,3702.22,3702.22,0,10,1,0,1
ACC022393,1,10807.65,10807.65,0,13,1,0,1
ACC022394,1,32219.81,32219.81,0,4,1,0,1
ACC022395,3,22775.05,7591.68,312,25,3,0,2
ACC022399,1,69856.74,69856.74,0,13,1,0,1
ACC022401,1,30381.31,30381.31,0,12,1,0,1
ACC022402,1,17802.88,17802.88,0,13,1,0,1
ACC022404,2,44135.34,22067.67,212,15,2,0,1
ACC022410,1,52155.0,52155.0,0,1,1,0,1
ACC022412,1,11699.46,11699.46,0,13,1,0,1
ACC022413,1,17373.22,17373.22,0,1,1,0,1
ACC022414,1,37168.26,37168.26,0,9,1,0,1
ACC022415,1,57233.54,57233.54,0,5,1,0,1
ACC022416,3,53179.47,17726.49,89,29,3,0,3
ACC022417,2,84083.55,42041.78,255,14,2,0,2
ACC022419,2,65653.74,32826.87,161,8,2,0,2
ACC022421,2,27376.36,13688.18,296,22,2,0,2
ACC022422,1,5739.1,5739.1,0,6,1,0,1
ACC022423,3,126609.41,42203.14,148,23,3,0,2
ACC022425,3,48875.8,16291.93,324,24,3,0,2
ACC022427,4,90020.09,22505.02,234,26,4,0,4
ACC022428,3,14130.71,4710.24,245,20,3,0,2
ACC022429,2,36893.64,18446.82,150,7,2,0,2
ACC022430,2,82720.16,41360.08,14,24,2,0,2
ACC022432,1,917.79,917.79,0,3,1,0,1
ACC022433,2,34979.94,17489.97,142,4,2,0,2
ACC022434,3,117299.13,39099.71,79,20,3,0,3
ACC022435,2,80682.81,40341.4,40,14,2,0,2
ACC022436,1,33436.27,33436.27,0,2,1,0,1
ACC022437,1,6191.89,6191.89,0,7,1,0,1
ACC022438,4,48859.89,12214.97,131,31,4,0,4
ACC022442,1,43446.97,43446.97,0,7,1,0,1
ACC022444,1,10638.51,10638.51,0,9,1,1,1
ACC022445,1,6722.78,6722.78,0,14,1,0,1
ACC022448,1,28452.72,28452.72,0,2,1,0,1
ACC022449,3,19123.75,6374.58,288,28,3,0,2
ACC022452,3,107971.55,35990.52,380,23,3,0,3
ACC022453,3,221330.22,73776.74,241,23,3,0,2
ACC022454,5,144367.16,28873.43,330,45,5,0,3
ACC022455,2,36442.27,18221.14,37,18,2,0,2
ACC022459,1,29001.62,29001.62,0,6,1,0,1
ACC022462,1,37218.09,37218.09,0,14,1,0,1
ACC022465,2,48734.78,24367.39,234,6,2,0,2
ACC022468,2,71762.52,35881.26,282,14,2,0,2
ACC022471,1,14593.65,14593.65,0,1,1,0,1
ACC022472,1,5252.1,5252.1,0,14,1,0,1
ACC022473,1,13571.94,13571.94,0,2,1,0,1
ACC022474,1,49056.51,49056.51,0,4,1,0,1
ACC022476,1,1477.92,1477.92,0,2,1,0,1
ACC022478,2,31754.16,15877.08,70,25,2,0,2
ACC022479,1,4882.71,4882.71,0,1,1,0,1
ACC022480,2,27673.34,13836.67,251,10,2,1,2
ACC022481,1,53923.37,53923.37,0,12,1,0,1
ACC022482,2,33565.14,16782.57,213,13,2,0,2
ACC022484,1,44722.0,44722.0,0,14,1,0,1
ACC022486,2,21300.37,10650.18,256,9,2,0,2
ACC022488,3,38055.46,12685.15,71,30,3,0,2
ACC022490,1,41898.69,41898.69,0,4,1,0,1
ACC022492,1,28057.31,28057.31,0,11,1,0,1
ACC022494,2,75211.59,37605.79,48,8,2,0,2
ACC022495,2,28026.77,14013.38,10,13,2,0,2
ACC022496,1,44603.7,44603.7,0,14,1,0,1
ACC022500,2,24903.82,12451.91,158,22,2,0,2
ACC022501,3,167603.54,55867.85,274,19,3,0,2
ACC022502,1,16727.5,16727.5,0,7,1,0,1
ACC022503,2,25907.86,12953.93,236,18,2,0,2
ACC022505,2,16097.48,8048.74,221,24,2,0,2
ACC022506,1,14888.89,14888.89,0,7,1,0,1
ACC022508,2,53864.96,26932.48,76,18,2,0,1
ACC022509,1,90150.88,90150.88,0,7,1,0,1
ACC022510,1,17189.6,17189.6,0,5,1,0,1
ACC022513,2,35530.01,17765.0,8,22,2,0,2
ACC022514,1,1609.56,1609.56,0,2,1,0,1
ACC022515,2,21190.52,10595.26,161,20,2,0,2
ACC022516,1,76160.76,76160.76,0,8,1,0,1
ACC022518,3,24122.75,8040.92,138,11,3,0,2
ACC022520,1,12505.82,12505.82,0,5,1,0,1
ACC022523,1,9263.62,9263.62,0,2,1,0,1
ACC022524,1,43404.03,43404.03,0,10,1,0,1
ACC022525,1,15838.1,15838.1,0,4,1,0,1
ACC022526,1,12759.12,12759.12,0,7,1,0,1
ACC022528,1,18483.93,18483.93,0,13,1,0,1
ACC022529,2,17335.49,8667.75,27,18,2,0,2
ACC022532,3,28898.22,9632.74,91,21,3,0,1
ACC022534,3,46116.6,15372.2,191,27,3,1,3
ACC022537,2,42453.68,21226.84,1,4,2,0,2
ACC022538,4,134885.87,33721.47,393,24,4,0,3
ACC022540,1,23942.46,23942.46,0,9,1,0,1
ACC022541,3,87798.38,29266.13,174,20,3,0,2
ACC022542,1,50047.92,50047.92,0,5,1,0,1
ACC022543,1,38751.73,38751.73,0,1,1,0,1
ACC022544,1,44969.83,44969.83,0,1,1,0,1
ACC022545,2,55431.84,27715.92,96,15,2,0,2
ACC022547,1,54869.8,54869.8,0,5,1,0,1
ACC022550,3,109545.8,36515.27,217,35,3,0,3
ACC022551,2,40126.86,20063.43,10,10,2,0,2
ACC022553,1,9642.62,9642.62,0,6,1,0,1
ACC022554,1,51532.36,51532.36,0,13,1,0,1
ACC022556,1,6495.72,6495.72,0,2,1,0,1
ACC022558,1,24057.88,24057.88,0,11,1,0,1
ACC022559,2,43868.03,21934.01,76,17,2,0,2
ACC022565,1,50300.31,50300.31,0,1,1,0,1
ACC022567,3,47002.42,15667.47,103,25,3,0,2
ACC022569,2,42447.89,21223.94,122,12,2,0,2
ACC022570,1,4408.71,4408.71,0,12,1,0,1
ACC022574,2,135232.32,67616.16,241,14,2,0,2
ACC022576,1,29882.41,29882.41,0,13,1,0,1
ACC022577,1,43822.18,43822.18,0,8,1,0,1
ACC022579,2,16042.84,8021.42,258,15,2,0,2
ACC022580,2,29588.74,14794.37,273,7,2,0,2
ACC022581,2,66264.1,33132.05,65,14,2,0,2
ACC022583,1,78936.14,78936.14,0,13,1,0,1
ACC022584,1,14587.21,14587.21,0,11,1,0,1
ACC022585,1,14601.89,14601.89,0,1,1,0,1
ACC022587,1,19323.26,19323.26,0,10,1,1,1
ACC022588,2,15042.39,7521.19,245,12,2,0,1
ACC022589,2,25793.56,12896.78,109,21,2,0,2
ACC022590,3,20358.77,6786.26,199,24,3,0,3
ACC022591,1,33736.52,33736.52,0,13,1,0,1
ACC022593,3,73676.85,24558.95,267,11,3,0,2
ACC022595,4,155045.6,38761.4,164,29,4,0,3
ACC022596,2,41903.3,20951.65,362,20,2,0,2
ACC022598,1,14502.66,14502.66,0,14,1,0,1
ACC022601,2,27097.75,13548.88,342,15,2,1,2
ACC022603,2,56182.48,28091.24,179,6,2,0,1
ACC022604,1,101407.58,101407.58,0,14,1,0,1
ACC022606,1,16170.29,16170.29,0,4,1,0,1
ACC022608,1,6928.51,6928.51,0,13,1,0,1
ACC022609,2,55494.22,27747.11,85,23,2,1,2
ACC022610,1,76352.96,76352.96,0,8,1,0,1
ACC022612,3,36389.64,12129.88,268,9,3,0,1
ACC022614,2,74470.14,37235.07,101,9,2,0,2
ACC022616,2,42448.73,21224.36,69,4,2,0,2
ACC022617,4,70810.6,17702.65,205,30,4,0,3
ACC022619,1,15948.08,15948.08,0,14,1,1,1
ACC022620,1,106256.19,106256.19,0,10,1,1,1
ACC022621,1,46145.65,46145.65,0,10,1,0,1
ACC022623,1,27043.29,27043.29,0,4,1,0,1
ACC022624,1,39635.12,39635.12,0,13,1,0,1
ACC022625,2,34922.29,17461.15,197,19,2,0,2
ACC022626,4,138131.9,34532.98,199,27,4,0,4
ACC022627,1,35358.93,35358.93,0,6,1,0,1
ACC022629,1,45041.54,45041.54,0,8,1,0,1
ACC022630,3,123777.99,41259.33,347,21,3,1,2
ACC022633,1,16540.72,16540.72,0,2,1,0,1
ACC022634,1,2853.36,2853.36,0,10,1,0,1
ACC022636,2,60416.66,30208.33,36,23,2,0,2
ACC022638,1,3951.3,3951.3,0,12,1,0,1
ACC022639,1,73358.45,73358.45,0,2,1,0,1
ACC022641,1,12388.04,12388.04,0,9,1,0,1
ACC022642,1,66994.89,66994.89,0,7,1,0,1
ACC022644,1,61561.08,61561.08,0,11,1,0,1
ACC022648,2,37494.21,18747.1,277,23,2,0,2
ACC022650,1,3000.23,3000.23,0,5,1,0,1
ACC022652,1,45618.11,45618.11,0,13,1,0,1
ACC022653,1,25272.66,25272.66,0,5,1,0,1
ACC022654,1,4492.67,4492.67,0,7,1,0,1
ACC022656,5,78748.14,15749.63,253,33,5,0,2
ACC022657,2,12488.23,6244.11,129,8,2,0,2
ACC022659,1,15752.0,15752.0,0,11,1,0,1
ACC022660,1,20537.45,20537.45,0,8,1,0,1
ACC022661,1,21824.85,21824.85,0,14,1,0,1
ACC022662,1,31406.27,31406.27,0,1,1,0,1
ACC022664,1,9725.66,9725.66,0,5,1,0,1
ACC022665,4,186267.14,46566.79,220,17,4,0,3
ACC022667,1,19376.37,19376.37,0,4,1,0,1
ACC022668,1,74320.62,74320.62,0,12,1,0,1
ACC022669,1,30223.26,30223.26,0,1,1,0,1
ACC022670,1,86732.72,86732.72,0,10,1,0,1
ACC022672,1,1494.15,1494.15,0,6,1,0,1
ACC022673,1,75708.56,75708.56,0,2,1,0,1
ACC022674,3,92754.65,30918.22,110,22,3,0,3
ACC022675,1,37794.16,37794.16,0,5,1,0,1
ACC022676,2,42461.32,21230.66,150,17,2,1,2
ACC022677,2,40258.6,20129.3,28,20,2,0,2
ACC022678,1,32122.88,32122.88,0,2,1,0,1
ACC022679,1,3688.04,3688.04,0,2,1,0,1
ACC022681,1,23580.33,23580.33,0,12,1,0,1
ACC022682,1,3094.14,3094.14,0,14,1,0,1
ACC022683,1,29525.58,29525.58,0,13,1,0,1
ACC022686,1,14706.57,14706.57,0,13,1,0,1
ACC022688,2,60808.15,30404.08,207,13,2,0,2
ACC022689,2,109649.64,54824.82,283,14,2,0,1
ACC022690,1,7412.21,7412.21,0,14,1,0,1
ACC022691,2,57799.73,28899.86,77,18,2,0,2
ACC022692,1,14030.07,14030.07,0,2,1,0,1
ACC022693,1,14820.55,14820.55,0,13,1,0,1
ACC022694,1,31450.78,31450.78,0,13,1,0,1
ACC022697,1,39775.81,39775.81,0,11,1,0,1
ACC022700,2,25651.25,12825.62,82,12,2,0,2
ACC022701,1,21945.42,21945.42,0,13,1,0,1
ACC022702,3,66308.36,22102.79,220,21,3,0,1
ACC022703,3,88428.86,29476.29,404,24,3,0,3
ACC022705,1,2912.64,2912.64,0,9,1,0,1
ACC022707,1,33008.94,33008.94,0,12,1,0,1
ACC022708,1,5203.63,5203.63,0,9,1,0,1
ACC022709,1,1512.23,1512.23,0,7,1,0,1
ACC022711,1,21849.78,21849.78,0,13,1,0,1
ACC022712,3,29368.8,9789.6,320,27,3,0,3
ACC022713,2,59303.49,29651.74,227,17,2,0,2
ACC022715,1,33180.92,33180.92,0,6,1,0,1
ACC022717,2,25798.69,12899.34,306,18,2,0,2
ACC022720,2,6375.88,3187.94,358,23,2,1,1
ACC022721,2,15302.72,7651.36,150,18,2,0,2
ACC022722,1,32252.5,32252.5,0,6,1,0,1
ACC022724,2,25253.97,12626.99,70,18,2,0,1
ACC022727,1,7813.69,7813.69,0,11,1,0,1
ACC022728,1,7734.85,7734.85,0,9,1,0,1
ACC022730,2,135543.03,67771.51,211,12,2,0,2
ACC022731,1,35068.01,35068.01,0,5,1,0,1
ACC022732,1,16228.84,16228.84,0,3,1,0,1
ACC022733,3,39055.22,13018.41,337,27,3,0,3
ACC022734,1,10213.94,10213.94,0,12,1,0,1
ACC022736,1,12221.8,12221.8,0,3,1,0,1
ACC022737,1,7987.64,7987.64,0,14,1,0,1
ACC022738,2,24921.64,12460.82,34,3,2,0,2
ACC022742,1,116550.48,116550.48,0,1,1,0,1
ACC022745,1,600.05,600.05,0,13,1,0,1
ACC022746,2,8983.05,4491.52,40,16,2,0,2
ACC022747,2,38769.05,19384.53,61,8,2,0,2
ACC022748,1,1620.13,1620.13,0,6,1,0,1
ACC022749,3,9438.74,3146.25,155,9,3,0,2
ACC022751,1,91405.82,91405.82,0,10,1,0,1
ACC022753,2,34326.1,17163.05,158,15,2,1,2
ACC022754,4,187225.09,46806.27,134,46,4,0,4
ACC022755,2,100142.56,50071.28,116,8,2,0,2
ACC022756,1,99977.33,99977.33,0,1,1,0,1
ACC022757,2,13092.41,6546.2,43,6,2,0,2
ACC022761,1,19135.32,19135.32,0,12,1,0,1
ACC022762,2,72825.44,36412.72,139,17,2,1,2
ACC022765,2,71772.23,35886.11,250,13,2,1,2
ACC022767,1,37438.92,37438.92,0,13,1,1,1
ACC022768,1,31320.77,31320.77,0,2,1,0,1
ACC022770,1,11339.75,11339.75,0,14,1,0,1
ACC022772,1,194346.11,194346.11,0,13,1,0,1
ACC022773,2,27864.54,13932.27,141,13,2,0,2
ACC022774,1,25482.39,25482.39,0,13,1,0,1
ACC022775,1,109382.89,109382.89,0,12,1,0,1
ACC022776,5,103609.91,20721.98,427,34,5,1,5
ACC022777,1,22273.38,22273.38,0,7,1,0,1
ACC022779,3,35584.8,11861.6,162,28,3,0,2
ACC022782,2,60998.37,30499.19,80,27,2,0,1
ACC022783,1,24784.86,24784.86,0,3,1,0,1
ACC022784,1,8959.2,8959.2,0,7,1,0,1
ACC022785,1,12883.37,12883.37,0,12,1,0,1
ACC022788,3,77533.92,25844.64,302,18,3,0,3
ACC022790,1,22201.54,22201.54,0,13,1,1,1
ACC022792,2,78749.27,39374.64,90,19,2,1,2
ACC022795,3,114487.45,38162.48,110,12,3,0,2
ACC022796,1,65042.38,65042.38,0,5,1,0,1
ACC022797,1,1881.05,1881.05,0,10,1,0,1
ACC022798,4,100059.11,25014.78,294,23,4,0,3
ACC022800,2,29062.33,14531.16,272,13,2,1,2
ACC022802,1,6578.11,6578.11,0,10,1,0,1
ACC022803,1,21757.11,21757.11,0,12,1,0,1
ACC022804,1,7391.76,7391.76,0,7,1,1,1
ACC022805,2,24439.33,12219.67,82,23,2,0,1
ACC022806,1,3502.24,3502.24,0,12,1,0,1
ACC022807,1,47139.53,47139.53,0,8,1,0,1
ACC022812,1,33616.98,33616.98,0,1,1,0,1
ACC022813,2,40831.46,20415.73,47,15,2,0,2
ACC022814,3,35461.64,11820.55,436,16,3,1,2
ACC022815,1,10379.03,10379.03,0,10,1,0,1
ACC022818,1,43288.3,43288.3,0,1,1,0,1
ACC022819,1,13607.64,13607.64,0,4,1,0,1
ACC022820,1,9650.37,9650.37,0,11,1,0,1
ACC022821,3,127491.21,42497.07,312,30,3,0,3
ACC022823,1,26480.16,26480.16,0,7,1,0,1
ACC022824,1,37709.87,37709.87,0,6,1,0,1
ACC022825,4,115627.63,28906.91,342,50,4,0,3
ACC022826,2,38782.44,19391.22,29,22,2,0,2
ACC022827,1,26708.38,26708.38,0,8,1,0,1
ACC022828,1,15545.34,15545.34,0,1,1,0,1
ACC022829,1,4243.64,4243.64,0,14,1,0,1
ACC022830,3,42160.44,14053.48,126,23,3,0,3
ACC022833,1,12370.0,12370.0,0,8,1,0,1
ACC022835,2,124032.49,62016.25,109,7,2,1,2
ACC022837,1,5679.47,5679.47,0,8,1,0,1
ACC022841,1,13637.15,13637.15,0,4,1,0,1
ACC022842,2,30978.67,15489.34,74,15,2,0,2
ACC022844,1,14728.2,14728.2,0,13,1,0,1
ACC022846,3,39008.82,13002.94,186,18,3,0,2
ACC022847,2,45842.12,22921.06,42,15,2,0,2
ACC022850,1,5329.02,5329.02,0,10,1,0,1
ACC022851,1,30898.61,30898.61,0,3,1,0,1
ACC022853,2,123467.09,61733.54,118,20,2,0,2
ACC022856,2,73451.93,36725.96,276,14,2,0,2
ACC022857,3,108716.71,36238.9,226,21,3,0,3
ACC022859,1,5511.11,5511.11,0,5,1,0,1
ACC022863,2,45056.75,22528.38,149,27,2,0,2
ACC022865,1,43121.62,43121.62,0,12,1,0,1
ACC022866,2,27877.8,13938.9,13,16,2,0,2
ACC022867,2,59399.48,29699.74,171,16,2,0,2
ACC022869,1,46901.86,46901.86,0,1,1,0,1
ACC022870,1,41153.02,41153.02,0,7,1,1,1
ACC022871,1,20678.68,20678.68,0,5,1,0,1
ACC022877,1,6712.22,6712.22,0,13,1,0,1
ACC022878,1,38913.97,38913.97,0,11,1,0,1
ACC022879,1,17451.3,17451.3,0,7,1,0,1
ACC022881,1,61010.99,61010.99,0,3,1,0,1
ACC022883,1,33747.09,33747.09,0,1,1,0,1
ACC022886,1,3578.27,3578.27,0,3,1,0,1
ACC022887,1,53751.55,53751.55,0,7,1,0,1
ACC022888,1,160646.97,160646.97,0,14,1,0,1
ACC022889,2,18173.12,9086.56,85,6,2,0,2
ACC022891,1,201085.8,201085.8,0,5,1,0,1
ACC022893,3,20765.24,6921.75,244,20,3,0,2
ACC022896,2,91276.49,45638.25,127,3,2,1,2
ACC022898,1,6621.2,6621.2,0,14,1,0,1
ACC022899,2,136205.21,68102.6,19,19,2,0,1
ACC022900,3,59406.65,19802.22,381,15,3,0,2
ACC022902,2,85936.93,42968.46,19,22,2,0,2
ACC022903,2,32511.74,16255.87,276,21,2,0,1
ACC022904,2,45963.36,22981.68,56,17,2,0,2
ACC022905,3,80566.55,26855.52,183,16,3,0,2
ACC022906,2,78182.11,39091.06,267,23,2,0,2
ACC022907,1,9837.69,9837.69,0,10,1,0,1
ACC022908,2,43422.62,21711.31,63,17,2,0,2
ACC022909,2,13470.04,6735.02,156,24,2,0,2
ACC022910,1,2478.13,2478.13,0,5,1,0,1
ACC022911,1,5264.8,5264.8,0,11,1,0,1
ACC022916,1,30240.11,30240.11,0,10,1,0,1
ACC022917,4,151726.14,37931.53,76,40,4,0,4
ACC022918,1,47307.83,47307.83,0,14,1,0,1
ACC022920,1,9314.38,9314.38,0,5,1,0,1
ACC022921,2,115472.14,57736.07,59,18,2,0,2
ACC022922,2,6483.19,3241.6,231,17,2,1,1
ACC022923,2,39235.71,19617.85,73,11,2,0,2
ACC022924,1,34722.66,34722.66,0,8,1,0,1
ACC022925,1,11096.22,11096.22,0,10,1,0,1
ACC022927,1,15150.4,15150.4,0,8,1,0,1
ACC022929,1,18325.29,18325.29,0,10,1,0,1
ACC022934,2,71084.99,35542.49,17,14,2,0,2
ACC022935,1,21374.61,21374.61,0,13,1,0,1
ACC022936,1,16877.38,16877.38,0,7,1,0,1
ACC022938,3,99532.98,33177.66,222,14,3,0,3
ACC022941,2,28395.83,14197.91,74,12,2,0,2
ACC022943,1,9892.27,9892.27,0,7,1,0,1
ACC022946,1,36829.9,36829.9,0,13,1,0,1
ACC022947,1,34495.43,34495.43,0,11,1,0,1
ACC022948,3,72667.2,24222.4,249,29,3,0,3
ACC022952,1,11320.5,11320.5,0,4,1,0,1
ACC022955,1,9413.78,9413.78,0,5,1,0,1
ACC022959,1,5814.16,5814.16,0,5,1,1,1
ACC022960,1,2334.0,2334.0,0,6,1,0,1
ACC022963,1,65416.63,65416.63,0,8,1,0,1
ACC022965,2,48081.92,24040.96,360,18,2,0,2
ACC022967,1,3140.11,3140.11,0,6,1,0,1
ACC022968,1,15793.75,15793.75,0,8,1,0,1
ACC022969,1,43980.73,43980.73,0,11,1,0,1
ACC022972,1,27201.27,27201.27,0,7,1,0,1
ACC022973,1,20693.1,20693.1,0,12,1,0,1
ACC022974,1,18602.69,18602.69,0,13,1,0,1
ACC022976,2,45258.4,22629.2,307,11,2,0,1
ACC022977,1,3506.72,3506.72,0,2,1,0,1
ACC022981,1,24546.2,24546.2,0,4,1,0,1
ACC022984,1,12173.26,12173.26,0,10,1,0,1
ACC022985,1,7583.21,7583.21,0,5,1,0,1
ACC022986,1,39454.23,39454.23,0,14,1,0,1
ACC022988,2,98316.91,49158.46,198,17,2,0,2
ACC022989,1,46408.09,46408.09,0,12,1,0,1
ACC022990,2,38598.19,19299.1,69,11,2,0,2
ACC022994,1,4438.02,4438.02,0,11,1,0,1
ACC022995,2,32867.84,16433.92,96,12,2,0,2
ACC022996,1,55866.62,55866.62,0,4,1,0,1
ACC022997,1,42390.43,42390.43,0,9,1,1,1
ACC022998,1,56061.8,56061.8,0,4,1,0,1
ACC022999,1,5871.71,5871.71,0,5,1,0,1
ACC023000,2,41714.23,20857.12,147,14,2,0,1
ACC023001,2,13097.6,6548.8,224,21,2,0,1
ACC023002,1,6743.12,6743.12,0,6,1,0,1
ACC023003,4,135648.07,33912.02,205,34,4,0,4
ACC023004,1,21615.05,21615.05,0,1,1,0,1
ACC023005,1,697.84,697.84,0,14,1,0,1
ACC023006,1,9736.93,9736.93,0,2,1,0,1
ACC023007,1,6418.92,6418.92,0,5,1,1,1
ACC023008,2,25371.4,12685.7,52,18,2,0,2
ACC023009,1,18593.69,18593.69,0,2,1,0,1
ACC023011,1,21318.99,21318.99,0,6,1,0,1
ACC023013,1,6682.23,6682.23,0,11,1,0,1
ACC023016,2,38494.18,19247.09,60,15,2,0,2
ACC023018,1,21226.8,21226.8,0,6,1,1,1
ACC023019,2,175086.98,87543.49,6,10,2,0,2
ACC023020,3,151202.29,50400.76,168,31,3,0,3
ACC023022,1,3896.09,3896.09,0,10,1,0,1
ACC023023,1,28823.21,28823.21,0,14,1,0,1
ACC023026,1,24849.97,24849.97,0,14,1,0,1
ACC023027,2,72174.45,36087.22,70,8,2,0,2
ACC023030,1,57690.51,57690.51,0,10,1,1,1
ACC023031,1,12993.4,12993.4,0,13,1,0,1
ACC023032,2,58604.23,29302.12,120,13,2,0,2
ACC023034,1,10055.87,10055.87,0,10,1,0,1
ACC023035,1,6050.34,6050.34,0,12,1,0,1
ACC023036,1,16066.98,16066.98,0,10,1,0,1
ACC023042,3,24725.71,8241.9,32,26,3,0,3
ACC023045,1,26084.71,26084.71,0,3,1,0,1
ACC023046,2,33274.55,16637.28,229,10,2,0,2
ACC023047,2,21754.76,10877.38,312,16,2,0,2
ACC023049,2,57518.69,28759.35,34,13,2,0,2
ACC023051,2,112507.8,56253.9,49,13,2,0,2
ACC023052,1,11036.22,11036.22,0,13,1,0,1
ACC023053,2,35133.27,17566.64,144,15,2,0,2
ACC023054,2,38050.03,19025.01,277,8,2,0,2
ACC023055,1,13396.01,13396.01,0,12,1,0,1
ACC023056,1,5909.5,5909.5,0,12,1,0,1
ACC023057,1,40027.77,40027.77,0,7,1,0,1
ACC023059,2,15099.81,7549.91,359,18,2,0,2
ACC023060,2,22283.94,11141.97,155,20,2,0,2
ACC023061,2,125886.26,62943.13,61,9,2,0,2
ACC023063,2,20515.81,10257.91,204,14,2,0,1
ACC023066,1,10971.69,10971.69,0,1,1,0,1
ACC023069,1,48363.14,48363.14,0,10,1,0,1
ACC023071,1,16570.15,16570.15,0,7,1,0,1
ACC023073,1,60498.48,60498.48,0,12,1,0,1
ACC023076,1,71419.28,71419.28,0,12,1,0,1
ACC023077,1,2561.73,2561.73,0,2,1,0,1
ACC023081,3,41675.34,13891.78,182,26,3,1,3
ACC023082,2,86474.29,43237.15,72,25,2,0,2
ACC023083,3,60407.78,20135.93,346,23,3,0,3
ACC023084,1,9918.11,9918.11,0,11,1,0,1
ACC023085,2,17983.68,8991.84,269,14,2,1,2
ACC023086,1,22977.07,22977.07,0,11,1,0,1
ACC023087,1,38024.34,38024.34,0,8,1,1,1
ACC023088,1,28113.6,28113.6,0,3,1,0,1
ACC023093,1,96204.6,96204.6,0,14,1,0,1
ACC023096,1,4451.05,4451.05,0,14,1,0,1
ACC023097,2,11938.83,5969.41,187,10,2,0,2
ACC023099,2,69136.93,34568.46,42,13,2,0,2
ACC023100,2,44439.93,22219.96,7,14,2,0,1
ACC023103,1,94176.77,94176.77,0,3,1,0,1
ACC023104,1,11756.65,11756.65,0,9,1,0,1
ACC023108,1,26736.86,26736.86,0,10,1,0,1
ACC023110,1,38654.79,38654.79,0,14,1,0,1
ACC023111,1,28735.81,28735.81,0,1,1,1,1
ACC023112,1,3610.05,3610.05,0,14,1,0,1
ACC023113,2,38412.42,19206.21,169,14,2,0,2
ACC023116,3,103230.36,34410.12,145,15,3,0,3
ACC023118,2,133437.38,66718.69,49,8,2,0,2
ACC023121,1,19116.67,19116.67,0,12,1,0,1
ACC023122,1,13674.67,13674.67,0,6,1,0,1
ACC023123,1,12164.32,12164.32,0,2,1,0,1
ACC023126,2,32109.25,16054.62,20,22,2,0,2
ACC023128,1,52284.42,52284.42,0,7,1,0,1
ACC023129,1,17930.47,17930.47,0,8,1,0,1
ACC023130,1,3953.89,3953.89,0,10,1,0,1
ACC023131,1,17926.86,17926.86,0,14,1,1,1
ACC023132,1,19409.03,19409.03,0,14,1,0,1
ACC023133,1,15793.44,15793.44,0,9,1,0,1
ACC023135,2,109256.4,54628.2,114,9,2,0,2
ACC023137,1,56870.3,56870.3,0,7,1,0,1
ACC023139,1,10298.58,10298.58,0,13,1,0,1
ACC023140,1,21720.25,21720.25,0,1,1,0,1
ACC023143,1,17713.68,17713.68,0,5,1,0,1
ACC023144,1,20992.56,20992.56,0,4,1,0,1
ACC023145,2,52302.6,26151.3,188,12,2,0,2
ACC023146,2,108439.88,54219.94,127,19,2,0,2
ACC023147,1,29557.53,29557.53,0,12,1,0,1
ACC023148,1,4841.8,4841.8,0,7,1,0,1
ACC023153,1,11803.85,11803.85,0,11,1,0,1
ACC023156,2,24493.32,12246.66,275,13,2,0,2
ACC023158,1,1241.86,1241.86,0,3,1,0,1
ACC023159,1,23315.22,23315.22,0,10,1,0,1
ACC023161,2,29030.95,14515.48,41,14,2,0,2
ACC023162,1,2582.18,2582.18,0,6,1,0,1
ACC023164,1,14930.09,14930.09,0,7,1,0,1
ACC023165,1,11412.49,11412.49,0,13,1,0,1
ACC023166,1,26677.04,26677.04,0,9,1,0,1
ACC023167,2,19910.71,9955.35,55,20,2,0,1
ACC023168,2,41059.07,20529.53,176,15,2,0,1
ACC023169,1,3949.04,3949.04,0,2,1,0,1
ACC023173,1,17945.91,17945.91,0,14,1,0,1
ACC023174,1,7629.82,7629.82,0,8,1,0,1
ACC023175,2,26479.1,13239.55,47,13,2,0,2
ACC023176,1,11608.66,11608.66,0,10,1,1,1
ACC023179,2,37091.18,18545.59,186,20,2,0,2
ACC023183,1,32632.08,32632.08,0,10,1,0,1
ACC023184,2,47725.7,23862.85,130,18,2,0,2
ACC023186,2,33792.37,16896.18,157,5,2,0,2
ACC023187,1,94815.29,94815.29,0,6,1,1,1
ACC023191,1,6208.49,6208.49,0,14,1,0,1
ACC023194,1,1354.61,1354.61,0,9,1,0,1
ACC023195,2,12931.38,6465.69,40,8,2,0,2
ACC023197,2,26749.85,13374.92,412,14,2,0,2
ACC023201,1,21287.17,21287.17,0,10,1,0,1
ACC023202,1,6838.86,6838.86,0,6,1,1,1
ACC023203,1,6082.81,6082.81,0,8,1,0,1
ACC023205,2,56624.25,28312.12,81,15,2,0,1
ACC023206,1,7010.44,7010.44,0,9,1,0,1
ACC023208,3,73649.67,24549.89,80,33,3,0,2
ACC023210,2,118344.88,59172.44,11,15,2,0,2
ACC023211,3,194621.13,64873.71,52,28,3,0,2
ACC023214,2,71128.86,35564.43,16,21,2,0,2
ACC023215,1,46926.44,46926.44,0,13,1,0,1
ACC023216,2,56957.81,28478.9,308,16,2,0,2
ACC023217,1,26998.47,26998.47,0,10,1,0,1
ACC023219,1,18058.98,18058.98,0,5,1,0,1
ACC023220,1,12792.2,12792.2,0,5,1,0,1
ACC023222,2,74885.12,37442.56,376,15,2,1,1
ACC023225,1,21432.53,21432.53,0,10,1,0,1
ACC023226,1,1004.4,1004.4,0,9,1,0,1
ACC023228,1,121355.54,121355.54,0,8,1,0,1
ACC023232,2,33754.93,16877.47,164,12,2,0,2
ACC023234,1,36779.94,36779.94,0,3,1,0,1
ACC023235,1,31387.37,31387.37,0,11,1,0,1
ACC023236,2,30014.08,15007.04,229,9,2,1,2
ACC023238,1,2646.44,2646.44,0,13,1,0,1
ACC023240,1,2466.55,2466.55,0,6,1,0,1
ACC023243,3,45508.6,15169.53,303,29,3,0,3
ACC023245,3,27374.17,9124.72,276,8,3,0,3
ACC023246,1,29133.72,29133.72,0,5,1,0,1
ACC023247,2,176282.23,88141.11,21,11,2,0,2
ACC023248,2,198454.9,99227.45,93,21,2,0,1
ACC023250,2,37273.31,18636.65,44,7,2,0,2
ACC023252,1,878.33,878.33,0,12,1,0,1
ACC023253,2,26970.87,13485.44,42,12,2,0,2
ACC023254,2,21222.01,10611.01,17,10,2,0,2
ACC023255,1,5678.69,5678.69,0,10,1,0,1
ACC023256,2,106946.36,53473.18,50,9,2,0,2
ACC023257,2,48383.6,24191.8,271,23,2,0,2
ACC023260,1,17483.05,17483.05,0,7,1,0,1
ACC023262,1,31995.24,31995.24,0,1,1,0,1
ACC023263,1,35145.07,35145.07,0,11,1,0,1
ACC023264,2,61200.79,30600.4,25,5,2,0,1
ACC023265,1,6951.73,6951.73,0,13,1,0,1
ACC023267,1,39690.85,39690.85,0,7,1,0,1
ACC023272,2,43473.4,21736.7,268,25,2,0,2
ACC023273,2,133459.48,66729.74,258,21,2,1,2
ACC023275,1,3822.47,3822.47,0,9,1,0,1
ACC023276,1,46186.36,46186.36,0,8,1,0,1
ACC023277,1,23373.12,23373.12,0,14,1,1,1
ACC023278,1,12443.51,12443.51,0,9,1,0,1
ACC023279,1,1444.0,1444.0,0,10,1,0,1
ACC023280,1,63303.61,63303.61,0,8,1,0,1
ACC023281,1,7955.62,7955.62,0,11,1,0,1
ACC023282,1,20549.3,20549.3,0,13,1,0,1
ACC023283,2,36440.47,18220.24,15,23,2,0,2
ACC023284,1,2861.91,2861.91,0,5,1,0,1
ACC023286,1,14556.31,14556.31,0,2,1,0,1
ACC023287,1,10304.13,10304.13,0,1,1,1,1
ACC023288,1,31065.06,31065.06,0,13,1,0,1
ACC023289,3,101215.18,33738.39,381,24,3,0,3
ACC023292,2,56841.42,28420.71,199,17,2,0,2
ACC023294,1,7436.5,7436.5,0,8,1,0,1
ACC023296,2,17330.0,8665.0,260,25,2,0,2
ACC023298,1,23727.32,23727.32,0,2,1,0,1
ACC023299,1,13606.46,13606.46,0,5,1,0,1
ACC023300,1,50759.43,50759.43,0,8,1,0,1
ACC023302,1,10822.22,10822.22,0,7,1,1,1
ACC023305,1,6105.33,6105.33,0,13,1,0,1
ACC023307,1,101220.11,101220.11,0,10,1,0,1
ACC023308,1,5792.74,5792.74,0,10,1,0,1
ACC023310,1,13366.82,13366.82,0,12,1,0,1
ACC023312,2,14914.49,7457.25,95,7,2,0,1
ACC023313,1,34535.66,34535.66,0,6,1,0,1
ACC023316,1,31349.35,31349.35,0,8,1,0,1
ACC023320,2,11863.26,5931.63,122,21,2,0,2
ACC023321,2,26946.5,13473.25,33,13,2,0,2
ACC023323,1,4666.17,4666.17,0,8,1,0,1
ACC023324,1,3203.39,3203.39,0,8,1,0,1
ACC023325,1,7528.52,7528.52,0,11,1,0,1
ACC023327,1,6603.82,6603.82,0,10,1,0,1
ACC023328,3,127725.81,42575.27,356,31,3,0,2
ACC023331,1,15968.02,15968.02,0,2,1,0,1
ACC023332,2,18264.12,9132.06,43,13,2,0,1
ACC023333,2,27033.52,13516.76,166,15,2,0,2
ACC023335,3,150626.1,50208.7,296,23,3,0,2
ACC023336,1,69228.88,69228.88,0,9,1,0,1
ACC023337,1,29850.09,29850.09,0,5,1,0,1
ACC023339,1,3406.58,3406.58,0,10,1,0,1
ACC023340,1,2063.79,2063.79,0,14,1,0,1
ACC023341,2,125114.49,62557.25,223,14,2,0,2
ACC023343,2,44548.9,22274.45,297,19,2,0,1
ACC023344,1,77163.61,77163.61,0,6,1,0,1
ACC023345,2,80219.99,40110.0,8,3,2,0,2
ACC023350,1,13794.93,13794.93,0,9,1,0,1
ACC023352,1,4178.92,4178.92,0,1,1,0,1
ACC023353,4,101936.06,25484.01,111,29,4,0,4
ACC023354,3,127610.29,42536.76,210,22,3,0,3
ACC023360,2,103385.03,51692.51,248,21,2,0,2
ACC023361,1,33228.52,33228.52,0,4,1,0,1
ACC023362,2,60017.8,30008.9,176,16,2,0,2
ACC023365,1,662.19,662.19,0,3,1,0,1
ACC023366,1,29283.07,29283.07,0,9,1,0,1
ACC023368,2,17682.51,8841.26,68,19,2,0,2
ACC023369,3,21192.0,7064.0,217,19,3,0,2
ACC023370,1,9264.52,9264.52,0,14,1,0,1
ACC023373,1,14178.42,14178.42,0,2,1,0,1
ACC023374,4,114247.84,28561.96,198,39,4,0,4
ACC023375,2,31580.29,15790.15,232,21,2,0,2
ACC023376,4,79607.56,19901.89,316,46,4,0,4
ACC023377,1,19367.92,19367.92,0,7,1,0,1
ACC023378,1,8083.54,8083.54,0,11,1,0,1
ACC023379,1,3739.16,3739.16,0,4,1,0,1
ACC023380,1,20583.84,20583.84,0,8,1,0,1
ACC023381,1,46658.06,46658.06,0,6,1,0,1
ACC023382,1,47177.08,47177.08,0,13,1,0,1
ACC023383,2,92644.24,46322.12,104,16,2,0,2
ACC023385,1,2055.3,2055.3,0,6,1,0,1
ACC023386,2,8928.96,4464.48,115,16,2,0,2
ACC023387,3,76625.68,25541.89,321,19,3,0,3
ACC023388,1,25945.92,25945.92,0,11,1,0,1
ACC023389,1,8328.59,8328.59,0,1,1,0,1
ACC023391,2,32513.93,16256.97,50,27,2,0,2
ACC023394,1,15726.57,15726.57,0,2,1,0,1
ACC023395,2,29132.8,14566.4,164,16,2,0,1
ACC023396,2,41017.65,20508.83,254,16,2,0,2
ACC023398,1,8804.1,8804.1,0,8,1,0,1
ACC023399,2,17921.62,8960.81,411,24,2,1,2
ACC023402,3,59904.22,19968.07,147,24,3,0,3
ACC023403,1,2975.42,2975.42,0,7,1,0,1
ACC023404,2,24591.66,12295.83,34,21,2,0,2
ACC023406,1,42192.21,42192.21,0,3,1,0,1
ACC023409,2,86574.52,43287.26,35,16,2,0,2
ACC023411,2,66123.36,33061.68,213,24,2,0,2
ACC023413,2,66884.4,33442.2,281,9,2,0,1
ACC023415,2,46823.73,23411.86,36,24,2,0,2
ACC023416,1,13553.37,13553.37,0,14,1,0,1
ACC023417,3,96899.36,32299.79,258,17,3,0,3
ACC023418,4,123336.5,30834.12,441,29,4,1,3
ACC023419,1,5296.3,5296.3,0,9,1,0,1
ACC023420,2,55597.18,27798.59,177,8,2,0,2
ACC023423,1,3970.54,3970.54,0,2,1,0,1
ACC023424,1,34302.44,34302.44,0,3,1,0,1
ACC023425,1,5303.48,5303.48,0,4,1,0,1
ACC023426,1,19227.37,19227.37,0,4,1,0,1
ACC023427,1,8338.8,8338.8,0,10,1,0,1
ACC023429,1,43564.27,43564.27,0,1,1,0,1
ACC023430,1,28088.18,28088.18,0,14,1,0,1
ACC023431,1,7561.75,7561.75,0,9,1,0,1
ACC023434,1,10186.12,10186.12,0,1,1,0,1
ACC023435,2,65692.8,32846.4,104,12,2,0,2
ACC023436,1,12462.71,12462.71,0,12,1,0,1
ACC023437,3,46793.15,15597.72,280,33,3,1,3
ACC023438,2,100076.53,50038.26,59,20,2,0,2
ACC023440,1,2131.79,2131.79,0,3,1,0,1
ACC023441,1,5146.52,5146.52,0,6,1,0,1
ACC023442,1,18962.84,18962.84,0,5,1,0,1
ACC023443,3,52754.53,17584.84,170,10,3,0,3
ACC023445,1,27069.46,27069.46,0,6,1,0,1
ACC023447,1,4485.77,4485.77,0,3,1,0,1
ACC023448,1,23320.27,23320.27,0,12,1,0,1
ACC023450,1,9194.87,9194.87,0,12,1,0,1
ACC023453,3,101986.44,33995.48,195,18,3,0,3
ACC023455,1,708.87,708.87,0,4,1,0,1
ACC023457,1,146246.2,146246.2,0,10,1,0,1
ACC023461,4,167486.73,41871.68,253,26,4,0,2
ACC023462,3,121365.02,40455.01,231,29,3,0,2
ACC023463,2,44746.76,22373.38,2,13,2,2,2
ACC023467,2,104919.99,52460.0,214,25,2,0,1
ACC023468,3,25139.19,8379.73,193,17,3,0,3
ACC023469,1,29806.87,29806.87,0,3,1,0,1
ACC023474,1,55264.31,55264.31,0,14,1,0,1
ACC023476,1,74162.71,74162.71,0,8,1,0,1
ACC023477,2,42967.21,21483.6,40,19,2,0,2
ACC023478,1,1081.73,1081.73,0,14,1,0,1
ACC023479,1,15938.61,15938.61,0,8,1,0,1
ACC023481,1,26252.85,26252.85,0,2,1,0,1
ACC023482,5,181689.28,36337.86,242,53,5,0,4
ACC023484,1,88884.23,88884.23,0,4,1,0,1
ACC023485,1,40398.42,40398.42,0,11,1,0,1
ACC023486,2,16001.84,8000.92,234,18,2,0,2
ACC023487,3,71468.1,23822.7,361,21,3,1,3
ACC023488,2,21507.4,10753.7,239,23,2,1,1
ACC023489,1,5014.09,5014.09,0,14,1,0,1
ACC023490,3,58543.86,19514.62,189,18,3,0,3
ACC023491,1,6783.01,6783.01,0,7,1,0,1
ACC023492,2,14395.79,7197.9,27,12,2,0,1
ACC023493,1,32761.23,32761.23,0,6,1,0,1
ACC023494,1,33564.61,33564.61,0,5,1,1,1
ACC023496,1,7361.31,7361.31,0,1,1,0,1
ACC023498,2,21296.62,10648.31,337,8,2,0,2
ACC023500,2,47014.68,23507.34,40,16,2,0,1
ACC023501,1,69790.81,69790.81,0,1,1,0,1
ACC023502,1,9586.26,9586.26,0,4,1,0,1
ACC023503,1,44599.48,44599.48,0,12,1,0,1
ACC023504,1,3408.48,3408.48,0,7,1,0,1
ACC023505,2,73826.04,36913.02,116,23,2,0,2
ACC023506,2,21078.21,10539.1,293,13,2,0,2
ACC023507,3,159416.74,53138.91,349,18,3,0,2
ACC023509,2,57515.32,28757.66,97,17,2,0,2
ACC023514,2,81953.16,40976.58,270,27,2,0,1
ACC023515,2,89453.42,44726.71,15,23,2,0,2
ACC023516,2,18765.64,9382.82,281,25,2,0,1
ACC023517,1,74254.54,74254.54,0,8,1,0,1
ACC023518,3,73602.74,24534.25,97,8,3,0,3
ACC023519,2,17193.92,8596.96,252,20,2,0,1
ACC023521,1,28145.53,28145.53,0,8,1,0,1
ACC023522,1,12755.67,12755.67,0,5,1,0,1
ACC023523,2,29299.3,14649.65,279,12,2,0,2
ACC023524,1,75591.71,75591.71,0,3,1,0,1
ACC023526,1,91507.38,91507.38,0,8,1,0,1
ACC023527,1,4140.41,4140.41,0,3,1,1,1
ACC023528,1,12877.02,12877.02,0,3,1,0,1
ACC023530,1,7858.9,7858.9,0,11,1,0,1
ACC023531,1,7843.37,7843.37,0,2,1,0,1
ACC023535,3,142566.94,47522.31,293,12,3,0,2
ACC023536,1,77007.33,77007.33,0,11,1,0,1
ACC023539,1,21755.8,21755.8,0,8,1,0,1
ACC023540,2,44646.85,22323.43,294,24,2,0,2
ACC023546,1,51196.73,51196.73,0,12,1,0,1
ACC023547,1,24284.45,24284.45,0,5,1,0,1
ACC023549,3,27168.01,9056.0,146,25,3,0,3
ACC023552,1,27538.37,27538.37,0,5,1,0,1
ACC023553,1,6872.06,6872.06,0,6,1,0,1
ACC023558,1,61378.32,61378.32,0,3,1,0,1
ACC023559,1,40450.65,40450.65,0,2,1,1,1
ACC023560,1,21071.93,21071.93,0,1,1,0,1
ACC023562,1,17482.35,17482.35,0,8,1,0,1
ACC023563,1,26288.32,26288.32,0,7,1,0,1
ACC023564,1,3897.75,3897.75,0,3,1,0,1
ACC023565,1,40560.74,40560.74,0,10,1,0,1
ACC023566,1,14893.07,14893.07,0,4,1,0,1
ACC023567,3,85334.75,28444.92,121,15,3,0,3
ACC023568,2,78302.77,39151.38,173,10,2,0,2
ACC023569,1,6125.29,6125.29,0,12,1,0,1
ACC023573,1,8503.59,8503.59,0,3,1,0,1
ACC023574,2,25709.01,12854.51,26,14,2,0,2
ACC023575,1,36361.19,36361.19,0,10,1,0,1
ACC023576,2,14637.62,7318.81,277,13,2,0,2
ACC023577,1,32891.26,32891.26,0,9,1,0,1
ACC023578,2,60570.16,30285.08,90,21,2,0,2
ACC023579,1,17017.93,17017.93,0,7,1,0,1
ACC023580,1,20542.37,20542.37,0,10,1,0,1
ACC023581,1,9826.73,9826.73,0,1,1,0,1
ACC023583,2,20698.31,10349.15,96,8,2,1,2
ACC023584,2,71729.67,35864.83,29,14,2,0,2
ACC023587,1,11853.77,11853.77,0,11,1,0,1
ACC023588,2,36653.86,18326.93,371,20,2,1,2
ACC023589,1,1104.5,1104.5,0,11,1,0,1
ACC023590,1,31629.44,31629.44,0,5,1,0,1
ACC023591,1,1244.09,1244.09,0,5,1,0,1
ACC023593,2,79605.85,39802.93,172,25,2,0,2
ACC023595,1,6254.77,6254.77,0,14,1,0,1
ACC023599,1,15271.35,15271.35,0,5,1,0,1
ACC023600,1,57514.68,57514.68,0,4,1,0,1
ACC023602,3,69499.05,23166.35,204,28,3,0,3
ACC023605,1,11283.11,11283.11,0,13,1,0,1
ACC023607,1,5859.43,5859.43,0,12,1,0,1
ACC023608,1,21719.39,21719.39,0,8,1,0,1
ACC023609,4,104824.46,26206.12,232,29,4,0,2
ACC023610,1,7480.11,7480.11,0,13,1,0,1
ACC023612,1,9113.07,9113.07,0,10,1,0,1
ACC023613,1,31464.96,31464.96,0,6,1,0,1
ACC023615,4,120973.1,30243.28,194,26,4,0,2
ACC023616,1,8790.66,8790.66,0,8,1,0,1
ACC023617,2,45319.48,22659.74,256,27,2,0,2
ACC023619,1,36503.44,36503.44,0,13,1,0,1
ACC023620,1,11388.76,11388.76,0,7,1,0,1
ACC023622,1,13648.23,13648.23,0,13,1,0,1
ACC023624,1,36657.8,36657.8,0,10,1,0,1
ACC023625,1,21544.72,21544.72,0,12,1,0,1
ACC023626,1,2379.16,2379.16,0,1,1,0,1
ACC023627,2,12330.45,6165.23,116,12,2,0,2
ACC023629,2,28278.63,14139.32,165,13,2,0,2
ACC023630,2,12976.2,6488.1,41,14,2,0,2
ACC023631,1,3292.75,3292.75,0,8,1,0,1
ACC023632,1,13721.29,13721.29,0,7,1,0,1
ACC023633,3,14826.62,4942.21,176,40,3,0,3
ACC023635,1,15041.38,15041.38,0,12,1,0,1
ACC023636,2,61661.71,30830.85,44,6,2,0,1
ACC023638,2,52937.59,26468.8,266,21,2,1,2
ACC023639,1,8890.01,8890.01,0,7,1,0,1
ACC023640,1,10015.03,10015.03,0,7,1,0,1
ACC023645,2,63791.96,31895.98,124,5,2,0,2
ACC023648,2,22775.28,11387.64,96,21,2,0,2
ACC023651,3,41960.86,13986.95,17,30,3,2,2
ACC023652,1,18015.92,18015.92,0,4,1,0,1
ACC023653,1,7411.04,7411.04,0,1,1,0,1
ACC023654,2,104335.64,52167.82,133,15,2,0,1
ACC023656,1,34359.41,34359.41,0,2,1,0,1
ACC023658,3,39148.07,13049.36,272,17,3,1,3
ACC023660,1,15912.54,15912.54,0,8,1,0,1
ACC023662,1,46132.71,46132.71,0,13,1,0,1
ACC023664,3,116187.49,38729.16,170,31,3,0,2
ACC023665,1,39262.52,39262.52,0,12,1,0,1
ACC023666,2,49885.54,24942.77,63,13,2,0,2
ACC023667,2,47214.42,23607.21,78,5,2,0,2
ACC023668,1,24564.42,24564.42,0,14,1,0,1
ACC023669,3,174246.9,58082.3,5,31,3,0,2
ACC023670,1,1207.57,1207.57,0,8,1,0,1
ACC023671,2,45946.69,22973.34,381,11,2,1,2
ACC023672,1,42290.52,42290.52,0,9,1,0,1
ACC023674,1,32218.77,32218.77,0,9,1,0,1
ACC023675,2,20606.37,10303.18,172,15,2,1,2
ACC023676,1,37984.51,37984.51,0,3,1,0,1
ACC023677,2,65507.28,32753.64,241,19,2,0,2
ACC023682,1,9433.85,9433.85,0,13,1,0,1
ACC023683,1,78108.14,78108.14,0,11,1,0,1
ACC023684,4,162308.37,40577.09,235,30,4,0,3
ACC023685,1,8034.01,8034.01,0,9,1,0,1
ACC023688,2,23684.57,11842.28,128,18,2,0,2
ACC023689,1,60949.15,60949.15,0,9,1,0,1
ACC023690,1,10644.59,10644.59,0,5,1,0,1
ACC023692,1,27295.17,27295.17,0,6,1,0,1
ACC023693,2,9610.93,4805.47,175,10,2,0,2
ACC023694,3,60089.97,20029.99,285,21,3,0,2
ACC023695,1,36304.71,36304.71,0,10,1,0,1
ACC023697,2,87775.44,43887.72,9,17,2,2,2
ACC023699,3,53060.71,17686.9,198,12,3,0,1
ACC023700,2,22513.81,11256.91,188,11,2,0,2
ACC023701,2,99283.89,49641.94,155,14,2,0,2
ACC023702,2,44225.17,22112.59,90,17,2,1,2
ACC023704,2,78648.67,39324.34,106,23,2,0,2
ACC023706,1,37203.11,37203.11,0,11,1,0,1
ACC023708,1,42610.15,42610.15,0,12,1,0,1
ACC023709,1,4392.77,4392.77,0,9,1,0,1
ACC023710,1,56918.69,56918.69,0,13,1,0,1
ACC023711,2,43826.99,21913.49,8,23,2,0,1
ACC023712,3,105041.94,35013.98,203,22,3,0,3
ACC023714,1,50664.81,50664.81,0,6,1,0,1
ACC023715,3,95910.36,31970.12,74,27,3,0,3
ACC023717,3,290217.73,96739.24,97,37,3,0,3
ACC023718,1,4773.04,4773.04,0,3,1,0,1
ACC023719,1,14219.89,14219.89,0,6,1,0,1
ACC023722,2,51546.34,25773.17,335,7,2,1,2
ACC023723,1,13084.69,13084.69,0,11,1,0,1
ACC023725,2,74003.85,37001.93,157,14,2,0,2
ACC023726,2,35196.83,17598.42,49,10,2,0,2
ACC023729,1,62066.23,62066.23,0,13,1,0,1
ACC023730,1,35363.55,35363.55,0,4,1,0,1
ACC023731,1,39857.25,39857.25,0,11,1,0,1
ACC023735,1,1847.38,1847.38,0,5,1,0,1
ACC023736,2,45493.22,22746.61,103,18,2,0,2
ACC023737,1,29611.28,29611.28,0,10,1,0,1
ACC023740,1,1949.82,1949.82,0,10,1,1,1
ACC023741,1,2749.3,2749.3,0,12,1,0,1
ACC023742,1,24003.74,24003.74,0,14,1,0,1
ACC023743,1,8975.6,8975.6,0,12,1,0,1
ACC023745,1,22156.86,22156.86,0,13,1,0,1
ACC023746,1,3104.13,3104.13,0,11,1,0,1
ACC023747,2,89024.31,44512.15,30,8,2,0,2
ACC023748,1,29275.42,29275.42,0,6,1,0,1
ACC023749,4,99823.67,24955.92,342,29,4,0,3
ACC023750,1,86918.89,86918.89,0,7,1,0,1
ACC023752,2,11931.67,5965.83,380,21,2,0,1
ACC023753,1,33317.45,33317.45,0,13,1,0,1
ACC023755,2,57584.78,28792.39,232,18,2,0,2
ACC023756,1,80286.93,80286.93,0,8,1,0,1
ACC023759,2,62263.77,31131.88,71,9,2,1,1
ACC023760,2,41413.37,20706.69,3,17,2,0,2
ACC023761,1,28967.5,28967.5,0,12,1,0,1
ACC023762,2,25048.16,12524.08,2,13,2,0,2
ACC023763,2,80437.67,40218.83,289,13,2,1,2
ACC023764,1,1917.8,1917.8,0,2,1,0,1
ACC023765,1,49719.0,49719.0,0,7,1,0,1
ACC023766,1,13272.78,13272.78,0,1,1,0,1
ACC023768,1,26781.29,26781.29,0,13,1,0,1
ACC023770,2,14523.78,7261.89,113,18,2,0,2
ACC023772,2,66651.15,33325.57,258,23,2,0,2
ACC023774,2,54809.41,27404.71,248,22,2,0,2
ACC023775,3,131344.21,43781.4,364,22,3,2,3
ACC023776,2,46720.17,23360.08,229,23,2,0,2
ACC023777,1,9977.88,9977.88,0,4,1,0,1
ACC023778,2,54034.79,27017.4,68,17,2,0,1
ACC023779,1,22872.79,22872.79,0,12,1,0,1
ACC023781,1,58990.6,58990.6,0,2,1,0,1
ACC023782,2,100320.0,50160.0,121,17,2,0,2
ACC023783,1,4766.9,4766.9,0,4,1,0,1
ACC023784,2,117719.73,58859.86,5,14,2,0,2
ACC023785,2,41200.88,20600.44,153,6,2,0,2
ACC023786,1,4717.37,4717.37,0,1,1,0,1
ACC023791,1,1818.55,1818.55,0,13,1,0,1
ACC023793,3,51615.17,17205.06,281,35,3,1,2
ACC023794,1,34320.61,34320.61,0,3,1,1,1
ACC023795,2,14548.9,7274.45,355,16,2,0,2
ACC023796,3,110560.17,36853.39,271,17,3,0,2
ACC023797,3,44362.44,14787.48,362,30,3,0,3
ACC023799,2,52702.77,26351.39,338,8,2,0,1
ACC023800,3,173197.28,57732.43,358,22,3,1,2
ACC023801,2,50917.15,25458.57,317,22,2,0,2
ACC023802,1,41027.28,41027.28,0,4,1,0,1
ACC023804,3,37358.78,12452.93,285,29,3,0,3
ACC023805,1,11253.96,11253.96,0,12,1,0,1
ACC023807,1,21053.44,21053.44,0,11,1,1,1
ACC023808,2,40202.7,20101.35,38,16,2,0,2
ACC023809,1,15512.8,15512.8,0,1,1,0,1
ACC023811,2,34851.88,17425.94,7,12,2,0,2
ACC023813,1,5946.4,5946.4,0,1,1,0,1
ACC023819,2,84206.32,42103.16,38,6,2,0,2
ACC023820,3,33128.09,11042.7,381,29,3,0,3
ACC023821,1,11491.24,11491.24,0,8,1,0,1
ACC023822,1,15385.2,15385.2,0,9,1,0,1
ACC023824,1,1985.03,1985.03,0,10,1,0,1
ACC023825,3,125512.5,41837.5,201,31,3,0,3
ACC023827,2,32829.46,16414.73,214,18,2,0,2
ACC023828,1,6402.15,6402.15,0,6,1,0,1
ACC023829,2,20521.22,10260.61,7,20,2,0,2
ACC023830,1,10758.52,10758.52,0,9,1,0,1
ACC023831,2,19820.84,9910.42,42,15,2,0,2
ACC023832,1,31047.48,31047.48,0,13,1,0,1
ACC023833,1,55141.14,55141.14,0,2,1,0,1
ACC023834,1,7160.89,7160.89,0,4,1,0,1
ACC023835,1,892.76,892.76,0,5,1,0,1
ACC023839,1,8561.87,8561.87,0,1,1,1,1
ACC023841,2,147308.64,73654.32,378,18,2,1,2
ACC023842,1,5825.76,5825.76,0,9,1,1,1
ACC023843,2,69722.59,34861.29,54,11,2,0,2
ACC023845,2,15107.73,7553.86,332,13,2,1,2
ACC023846,1,55703.04,55703.04,0,2,1,0,1
ACC023847,3,98231.78,32743.93,291,30,3,1,3
ACC023849,1,8520.19,8520.19,0,2,1,0,1
ACC023850,1,2962.48,2962.48,0,1,1,0,1
ACC023851,1,39073.92,39073.92,0,9,1,0,1
ACC023852,1,1597.91,1597.91,0,7,1,0,1
ACC023853,2,65567.27,32783.64,76,12,2,0,2
ACC023857,1,42875.55,42875.55,0,2,1,0,1
ACC023858,2,47155.41,23577.7,1,8,2,0,2
ACC023859,3,43588.6,14529.53,83,25,3,0,2
ACC023860,3,81618.17,27206.06,270,38,3,0,2
ACC023863,1,48137.43,48137.43,0,2,1,0,1
ACC023865,2,30195.73,15097.87,219,11,2,0,2
ACC023867,2,61745.66,30872.83,36,17,2,0,2
ACC023868,1,21713.72,21713.72,0,4,1,0,1
ACC023869,1,80961.71,80961.71,0,10,1,0,1
ACC023871,2,107515.37,53757.68,70,27,2,0,2
ACC023872,2,30436.19,15218.09,278,28,2,1,2
ACC023873,1,92789.24,92789.24,0,13,1,0,1
ACC023875,1,7010.28,7010.28,0,8,1,0,1
ACC023878,3,83557.09,27852.36,270,11,3,0,3
ACC023880,1,31060.26,31060.26,0,10,1,0,1
ACC023881,1,79203.65,79203.65,0,10,1,0,1
ACC023882,1,2180.67,2180.67,0,13,1,0,1
ACC023889,1,27705.35,27705.35,0,12,1,0,1
ACC023890,1,5008.51,5008.51,0,7,1,0,1
ACC023891,1,12680.32,12680.32,0,10,1,0,1
ACC023893,1,10165.33,10165.33,0,14,1,0,1
ACC023894,1,18273.05,18273.05,0,6,1,0,1
ACC023895,3,101885.75,33961.92,132,18,3,0,3
ACC023896,3,102159.23,34053.08,273,27,3,1,2
ACC023897,2,22169.75,11084.88,318,23,2,0,2
ACC023898,2,85036.59,42518.29,53,15,2,0,2
ACC023899,1,34498.78,34498.78,0,4,1,0,1
ACC023900,2,81383.99,40691.99,20,4,2,0,2
ACC023901,1,17677.72,17677.72,0,13,1,0,1
ACC023902,1,25361.3,25361.3,0,8,1,0,1
ACC023903,1,9299.18,9299.18,0,4,1,0,1
ACC023904,1,30307.35,30307.35,0,8,1,0,1
ACC023906,1,23540.23,23540.23,0,5,1,0,1
ACC023907,2,18897.28,9448.64,313,16,2,0,2
ACC023908,2,114839.0,57419.5,210,16,2,1,2
ACC023909,1,2047.02,2047.02,0,2,1,0,1
ACC023912,3,73779.56,24593.19,316,22,3,0,3
ACC023913,1,20966.55,20966.55,0,14,1,0,1
ACC023914,1,14652.11,14652.11,0,9,1,0,1
ACC023919,1,11542.43,11542.43,0,6,1,1,1
ACC023920,1,22273.18,22273.18,0,7,1,0,1
ACC023921,1,100316.86,100316.86,0,4,1,0,1
ACC023922,2,94128.34,47064.17,171,20,2,0,2
ACC023923,1,22606.09,22606.09,0,12,1,0,1
ACC023924,1,9203.75,9203.75,0,3,1,1,1
ACC023925,1,5325.71,5325.71,0,7,1,0,1
ACC023926,1,32185.69,32185.69,0,2,1,0,1
ACC023927,1,68595.67,68595.67,0,12,1,0,1
ACC023930,2,143786.76,71893.38,22,8,2,0,2
ACC023931,3,55857.98,18619.33,318,20,3,1,3
ACC023933,3,28157.27,9385.76,201,24,3,0,3
ACC023934,1,1891.36,1891.36,0,13,1,0,1
ACC023935,2,55321.49,27660.74,138,20,2,0,2
ACC023938,1,31610.12,31610.12,0,12,1,0,1
ACC023939,2,27189.11,13594.56,122,17,2,0,2
ACC023940,2,56330.79,28165.4,129,19,2,0,2
ACC023942,2,8756.62,4378.31,17,10,2,0,2
ACC023944,1,3012.03,3012.03,0,5,1,0,1
ACC023946,1,19651.92,19651.92,0,1,1,0,1
ACC023947,2,15129.72,7564.86,414,6,2,1,2
ACC023948,1,7903.02,7903.02,0,1,1,0,1
ACC023949,1,21981.92,21981.92,0,5,1,0,1
ACC023950,2,54311.83,27155.92,214,16,2,0,2
ACC023952,1,23809.23,23809.23,0,7,1,0,1
ACC023954,1,628.96,628.96,0,11,1,0,1
ACC023955,2,47516.65,23758.32,57,13,2,0,2
ACC023956,3,65837.06,21945.69,306,16,3,0,3
ACC023957,1,8825.64,8825.64,0,6,1,0,1
ACC023958,2,115757.58,57878.79,2,13,2,2,2
ACC023962,1,23991.39,23991.39,0,8,1,0,1
ACC023963,3,58720.97,19573.66,340,23,3,0,3
ACC023964,3,34539.3,11513.1,72,24,3,0,3
ACC023966,1,2773.39,2773.39,0,11,1,1,1
ACC023969,1,23857.97,23857.97,0,6,1,0,1
ACC023970,1,16400.19,16400.19,0,6,1,0,1
ACC023971,1,9559.09,9559.09,0,13,1,0,1
ACC023972,1,54359.68,54359.68,0,11,1,0,1
ACC023973,1,8082.43,8082.43,0,13,1,0,1
ACC023976,2,34029.7,17014.85,197,7,2,0,2
ACC023977,2,92935.42,46467.71,311,11,2,0,2
ACC023978,1,674.3,674.3,0,10,1,0,1
ACC023979,1,1991.86,1991.86,0,3,1,0,1
ACC023980,3,62950.25,20983.42,163,20,3,0,2
ACC023982,2,70005.31,35002.65,80,26,2,0,1
ACC023983,5,136400.97,27280.19,349,35,5,1,3
ACC023987,1,68908.89,68908.89,0,2,1,1,1
ACC023989,1,6027.98,6027.98,0,1,1,0,1
ACC023991,1,14286.99,14286.99,0,11,1,0,1
ACC023992,1,19410.37,19410.37,0,9,1,0,1
ACC023994,1,28808.2,28808.2,0,5,1,0,1
ACC023996,3,90589.96,30196.65,230,28,3,1,3
ACC023997,1,64299.04,64299.04,0,1,1,0,1
ACC023998,1,11432.5,11432.5,0,7,1,1,1
ACC023999,2,7272.61,3636.3,8,19,2,0,2
ACC024000,2,28437.8,14218.9,377,15,2,1,2
ACC024001,2,88650.5,44325.25,39,19,2,0,1
ACC024003,1,9291.53,9291.53,0,9,1,0,1
ACC024004,1,32072.85,32072.85,0,3,1,0,1
ACC024005,1,901.91,901.91,0,3,1,0,1
ACC024006,1,7202.65,7202.65,0,1,1,0,1
ACC024007,1,52966.3,52966.3,0,3,1,0,1
ACC024010,1,17836.28,17836.28,0,4,1,0,1
ACC024012,1,19055.29,19055.29,0,1,1,0,1
ACC024013,1,20527.28,20527.28,0,3,1,0,1
ACC024014,1,13923.39,13923.39,0,13,1,0,1
ACC024015,1,4293.24,4293.24,0,6,1,0,1
ACC024017,2,41762.9,20881.45,148,12,2,0,2
ACC024018,2,22470.2,11235.1,190,22,2,0,2
ACC024019,1,2001.96,2001.96,0,4,1,0,1
ACC024020,1,12484.01,12484.01,0,4,1,0,1
ACC024021,1,9969.54,9969.54,0,11,1,0,1
ACC024024,1,135479.29,135479.29,0,1,1,0,1
ACC024025,2,129539.79,64769.89,39,27,2,0,1
ACC024026,1,66846.44,66846.44,0,10,1,0,1
ACC024027,2,21383.16,10691.58,1,16,2,0,2
ACC024031,2,17414.18,8707.09,103,15,2,0,2
ACC024032,1,13408.01,13408.01,0,14,1,0,1
ACC024033,2,37228.59,18614.29,97,12,2,0,2
ACC024034,1,57927.62,57927.62,0,7,1,0,1
ACC024036,1,13321.77,13321.77,0,12,1,0,1
ACC024038,1,1024.18,1024.18,0,2,1,0,1
ACC024043,2,108255.64,54127.82,13,17,2,0,2
ACC024044,1,7422.91,7422.91,0,8,1,0,1
ACC024045,1,5438.27,5438.27,0,13,1,0,1
ACC024046,1,28319.66,28319.66,0,14,1,0,1
ACC024047,1,47069.85,47069.85,0,3,1,0,1
ACC024051,1,16216.79,16216.79,0,9,1,0,1
ACC024052,1,6734.56,6734.56,0,6,1,0,1
ACC024053,1,54947.7,54947.7,0,9,1,0,1
ACC024055,1,7712.46,7712.46,0,12,1,0,1
ACC024056,1,29269.17,29269.17,0,10,1,0,1
ACC024057,4,208637.6,52159.4,149,21,4,0,2
ACC024059,2,41323.61,20661.81,214,19,2,1,2
ACC024060,1,2464.33,2464.33,0,14,1,1,1
ACC024062,3,122056.15,40685.38,153,22,3,0,1
ACC024063,3,94605.34,31535.11,216,15,3,0,2
ACC024064,2,40854.96,20427.48,79,21,2,0,2
ACC024065,2,22935.87,11467.94,223,25,2,0,2
ACC024067,2,68244.43,34122.22,106,10,2,0,2
ACC024068,1,38512.02,38512.02,0,3,1,0,1
ACC024069,2,48961.28,24480.64,96,23,2,0,2
ACC024071,1,3540.2,3540.2,0,12,1,0,1
ACC024072,1,56075.95,56075.95,0,10,1,0,1
ACC024073,2,36835.04,18417.52,10,20,2,0,2
ACC024074,3,140251.07,46750.36,95,27,3,0,2
ACC024075,1,37398.89,37398.89,0,7,1,0,1
ACC024076,2,33578.23,16789.11,57,25,2,1,1
ACC024077,1,10065.67,10065.67,0,6,1,1,1
ACC024082,2,43495.09,21747.54,197,11,2,1,1
ACC024083,2,35286.24,17643.12,185,18,2,0,2
ACC024086,2,22517.77,11258.89,265,23,2,0,2
ACC024090,3,42980.36,14326.79,133,23,3,0,2
ACC024091,2,29690.34,14845.17,164,15,2,0,2
ACC024092,1,20124.03,20124.03,0,10,1,0,1
ACC024095,1,35546.03,35546.03,0,1,1,0,1
ACC024100,1,8228.51,8228.51,0,8,1,0,1
ACC024104,1,17996.69,17996.69,0,7,1,0,1
ACC024107,3,79195.09,26398.36,264,10,3,0,3
ACC024109,1,22545.97,22545.97,0,11,1,0,1
ACC024110,1,5213.68,5213.68,0,3,1,0,1
ACC024113,3,132267.66,44089.22,94,26,3,0,3
ACC024116,2,42522.82,21261.41,260,7,2,0,2
ACC024119,1,786.08,786.08,0,8,1,0,1
ACC024120,1,121312.33,121312.33,0,7,1,0,1
ACC024121,2,20293.24,10146.62,231,22,2,0,2
ACC024123,2,107904.03,53952.02,204,10,2,1,2
ACC024125,1,57033.92,57033.92,0,12,1,0,1
ACC024126,2,54350.05,27175.03,7,5,2,0,2
ACC024127,2,29413.69,14706.84,122,11,2,0,2
ACC024128,1,10389.81,10389.81,0,8,1,0,1
ACC024133,1,38244.79,38244.79,0,14,1,0,1
ACC024134,1,52581.81,52581.81,0,1,1,0,1
ACC024135,1,1358.43,1358.43,0,11,1,0,1
ACC024136,1,44917.68,44917.68,0,3,1,0,1
ACC024138,1,29278.04,29278.04,0,10,1,0,1
ACC024140,2,47412.37,23706.18,30,9,2,0,2
ACC024141,1,106316.14,106316.14,0,9,1,0,1
ACC024142,1,15514.15,15514.15,0,5,1,0,1
ACC024143,1,16632.69,16632.69,0,13,1,0,1
ACC024146,2,34007.07,17003.53,96,11,2,0,2
ACC024147,2,101467.41,50733.71,24,14,2,0,2
ACC024148,1,25782.15,25782.15,0,14,1,0,1
ACC024149,1,59575.48,59575.48,0,14,1,0,1
ACC024150,1,28733.49,28733.49,0,2,1,0,1
ACC024151,2,36879.85,18439.93,127,23,2,0,2
ACC024152,2,214855.23,107427.62,265,14,2,1,2
ACC024153,1,31299.7,31299.7,0,1,1,0,1
ACC024154,3,101208.82,33736.27,382,13,3,0,3
ACC024155,2,15959.03,7979.51,380,18,2,1,2
ACC024156,2,18665.26,9332.63,22,16,2,0,2
ACC024158,1,5366.4,5366.4,0,7,1,0,1
ACC024159,1,113871.11,113871.11,0,9,1,0,1
ACC024160,2,14954.91,7477.45,119,15,2,0,2
ACC024161,1,24143.1,24143.1,0,11,1,0,1
ACC024165,2,87298.03,43649.01,296,20,2,0,2
ACC024166,2,113551.77,56775.88,26,18,2,1,2
ACC024167,1,1426.27,1426.27,0,2,1,0,1
ACC024172,1,90775.52,90775.52,0,12,1,0,1
ACC024173,2,9692.15,4846.08,133,15,2,0,2
ACC024174,2,54888.9,27444.45,181,15,2,1,2
ACC024175,2,42308.49,21154.25,45,22,2,0,2
ACC024179,2,24630.26,12315.13,274,10,2,1,2
ACC024181,2,54335.79,27167.9,148,4,2,1,1
ACC024182,1,27878.66,27878.66,0,8,1,0,1
ACC024183,2,185190.62,92595.31,112,22,2,1,1
ACC024185,2,72081.35,36040.68,3,8,2,0,2
ACC024187,2,113947.73,56973.86,23,16,2,0,1
ACC024188,1,553.01,553.01,0,5,1,0,1
ACC024190,1,16273.48,16273.48,0,2,1,0,1
ACC024191,1,6581.22,6581.22,0,6,1,0,1
ACC024192,1,16618.96,16618.96,0,11,1,0,1
ACC024193,1,5110.92,5110.92,0,5,1,0,1
ACC024194,2,19150.86,9575.43,106,10,2,0,2
ACC024195,1,46112.74,46112.74,0,13,1,0,1
ACC024196,1,29055.19,29055.19,0,7,1,0,1
ACC024197,3,67954.72,22651.57,115,24,3,0,1
ACC024198,1,13438.24,13438.24,0,5,1,0,1
ACC024199,1,21945.11,21945.11,0,1,1,0,1
ACC024200,1,2004.9,2004.9,0,14,1,0,1
ACC024201,1,23370.68,23370.68,0,7,1,0,1
ACC024202,1,26677.02,26677.02,0,1,1,0,1
ACC024203,1,30160.93,30160.93,0,12,1,0,1
ACC024204,2,22663.33,11331.67,391,18,2,0,2
ACC024207,3,39368.64,13122.88,93,40,3,0,1
ACC024209,1,17898.43,17898.43,0,7,1,0,1
ACC024210,1,3209.33,3209.33,0,10,1,1,1
ACC024211,3,48714.25,16238.08,352,22,3,1,3
ACC024213,1,17098.27,17098.27,0,9,1,0,1
ACC024214,2,70190.76,35095.38,10,17,2,0,2
ACC024215,1,71879.68,71879.68,0,3,1,1,1
ACC024218,2,78910.01,39455.0,84,17,2,0,1
ACC024219,1,24698.63,24698.63,0,10,1,0,1
ACC024220,1,12802.39,12802.39,0,2,1,0,1
ACC024221,2,17159.11,8579.56,35,5,2,0,2
ACC024223,2,67377.24,33688.62,17,8,2,0,2
ACC024225,3,122815.99,40938.66,73,29,3,0,3
ACC024226,3,55011.17,18337.06,117,27,3,0,2
ACC024231,1,10603.82,10603.82,0,7,1,0,1
ACC024233,4,133184.23,33296.06,261,40,4,0,4
ACC024235,2,11599.63,5799.82,210,13,2,0,2
ACC024236,2,78812.84,39406.42,209,20,2,0,2
ACC024238,1,60160.97,60160.97,0,10,1,0,1
ACC024239,1,12753.38,12753.38,0,12,1,0,1
ACC024240,3,76422.72,25474.24,308,28,3,1,3
ACC024242,1,35656.23,35656.23,0,3,1,0,1
ACC024245,1,62490.89,62490.89,0,1,1,0,1
ACC024246,1,82438.04,82438.04,0,10,1,0,1
ACC024248,2,15699.65,7849.82,0,16,2,0,2
ACC024250,1,9044.73,9044.73,0,3,1,0,1
ACC024252,1,1354.86,1354.86,0,11,1,0,1
ACC024253,1,5787.58,5787.58,0,1,1,0,1
ACC024254,1,1745.64,1745.64,0,14,1,0,1
ACC024256,1,7969.85,7969.85,0,6,1,0,1
ACC024258,4,114469.03,28617.26,157,27,4,0,3
ACC024260,3,31552.14,10517.38,303,22,3,0,3
ACC024261,1,20487.73,20487.73,0,1,1,0,1
ACC024265,1,9124.57,9124.57,0,1,1,0,1
ACC024266,1,26674.83,26674.83,0,14,1,0,1
ACC024272,1,3072.43,3072.43,0,4,1,0,1
ACC024273,1,28782.96,28782.96,0,2,1,0,1
ACC024274,2,66602.08,33301.04,39,14,2,0,1
ACC024276,1,25783.96,25783.96,0,11,1,0,1
ACC024279,4,98992.32,24748.08,349,20,4,0,3
ACC024280,1,20887.59,20887.59,0,5,1,0,1
ACC024281,1,20893.17,20893.17,0,3,1,0,1
ACC024287,1,108213.39,108213.39,0,6,1,0,1
ACC024289,3,113351.85,37783.95,245,42,3,0,2
ACC024290,1,5376.57,5376.57,0,12,1,0,1
ACC024291,2,45475.24,22737.62,159,17,2,0,2
ACC024292,1,38656.42,38656.42,0,4,1,0,1
ACC024293,2,61720.88,30860.44,152,8,2,0,2
ACC024294,1,186288.94,186288.94,0,12,1,0,1
ACC024295,3,49601.84,16533.95,277,22,3,0,2
ACC024297,2,72687.68,36343.84,228,15,2,0,2
ACC024298,2,57801.31,28900.65,236,22,2,0,1
ACC024299,1,22322.45,22322.45,0,2,1,0,1
ACC024300,2,34773.51,17386.76,86,20,2,0,2
ACC024302,1,42461.72,42461.72,0,7,1,0,1
ACC024303,1,22038.27,22038.27,0,12,1,0,1
ACC024304,2,230095.1,115047.55,15,17,2,0,2
ACC024305,1,7670.55,7670.55,0,5,1,0,1
ACC024307,1,3245.74,3245.74,0,5,1,0,1
ACC024309,1,63864.09,63864.09,0,11,1,0,1
ACC024311,1,19546.36,19546.36,0,6,1,0,1
ACC024312,1,23881.33,23881.33,0,12,1,0,1
ACC024315,3,37922.5,12640.83,83,27,3,0,2
ACC024316,2,26890.23,13445.11,66,9,2,0,2
ACC024318,1,17563.45,17563.45,0,5,1,0,1
ACC024319,2,23886.02,11943.01,381,21,2,1,2
ACC024320,1,81005.04,81005.04,0,3,1,0,1
ACC024321,1,21678.02,21678.02,0,5,1,0,1
ACC024322,2,33187.41,16593.7,194,16,2,0,2
ACC024323,1,84652.07,84652.07,0,6,1,0,1
ACC024325,2,56496.23,28248.12,195,15,2,0,2
ACC024331,1,44474.17,44474.17,0,11,1,0,1
ACC024333,2,13902.51,6951.26,25,7,2,0,2
ACC024334,1,28542.09,28542.09,0,4,1,0,1
ACC024339,2,148589.13,74294.57,68,25,2,0,1
ACC024340,2,116746.94,58373.47,249,15,2,0,2
ACC024341,1,23531.11,23531.11,0,14,1,0,1
ACC024343,3,178286.98,59428.99,190,13,3,0,2
ACC024344,2,59058.14,29529.07,254,18,2,0,1
ACC024345,2,52494.62,26247.31,45,6,2,0,1
ACC024346,1,18790.16,18790.16,0,1,1,0,1
ACC024347,2,60163.64,30081.82,21,7,2,0,2
ACC024348,1,61174.46,61174.46,0,2,1,0,1
ACC024349,3,156972.11,52324.04,201,27,3,0,3
ACC024351,1,67199.77,67199.77,0,1,1,1,1
ACC024352,1,7756.35,7756.35,0,10,1,0,1
ACC024354,1,75077.32,75077.32,0,3,1,0,1
ACC024355,1,46102.69,46102.69,0,7,1,0,1
ACC024356,1,1117.34,1117.34,0,1,1,0,1
ACC024357,1,9549.39,9549.39,0,2,1,0,1
ACC024359,2,7684.15,3842.07,141,16,2,0,2
ACC024361,3,123041.55,41013.85,244,12,3,0,3
ACC024362,1,3393.32,3393.32,0,6,1,0,1
ACC024363,1,25225.93,25225.93,0,12,1,0,1
ACC024365,2,28902.57,14451.28,152,19,2,0,2
ACC024366,1,12851.02,12851.02,0,14,1,0,1
ACC024368,2,72915.79,36457.9,350,10,2,0,2
ACC024369,2,52408.62,26204.31,255,25,2,0,2
ACC024371,1,8332.95,8332.95,0,10,1,0,1
ACC024372,1,29124.66,29124.66,0,6,1,0,1
ACC024373,2,34855.12,17427.56,318,15,2,1,2
ACC024376,3,58360.25,19453.42,136,36,3,0,2
ACC024377,1,1736.27,1736.27,0,9,1,0,1
ACC024379,1,2771.73,2771.73,0,11,1,0,1
ACC024380,2,21007.5,10503.75,81,6,2,0,2
ACC024382,1,13308.98,13308.98,0,14,1,0,1
ACC024383,2,21224.39,10612.19,72,21,2,0,1
ACC024384,1,10975.53,10975.53,0,3,1,0,1
ACC024389,1,1969.2,1969.2,0,12,1,0,1
ACC024392,2,14640.85,7320.43,185,11,2,0,1
ACC024394,2,62612.06,31306.03,123,9,2,0,2
ACC024395,2,11493.04,5746.52,367,18,2,0,2
ACC024396,1,34131.12,34131.12,0,5,1,0,1
ACC024397,2,98484.72,49242.36,228,23,2,0,2
ACC024398,1,17431.3,17431.3,0,9,1,0,1
ACC024399,1,21339.52,21339.52,0,2,1,0,1
ACC024400,1,47995.34,47995.34,0,12,1,0,1
ACC024401,1,7220.04,7220.04,0,8,1,0,1
ACC024402,1,812.71,812.71,0,13,1,0,1
ACC024403,2,59342.02,29671.01,209,16,2,1,2
ACC024404,1,5186.22,5186.22,0,14,1,0,1
ACC024405,2,18775.0,9387.5,62,9,2,0,2
ACC024406,1,40638.7,40638.7,0,3,1,0,1
ACC024410,1,20308.58,20308.58,0,10,1,0,1
ACC024413,2,6193.02,3096.51,2,18,2,0,2
ACC024414,1,7136.94,7136.94,0,5,1,0,1
ACC024415,1,13375.27,13375.27,0,5,1,0,1
ACC024416,1,47331.17,47331.17,0,2,1,0,1
ACC024418,1,2331.84,2331.84,0,11,1,0,1
ACC024419,1,32352.1,32352.1,0,13,1,1,1
ACC024422,1,90935.35,90935.35,0,1,1,0,1
ACC024423,3,145101.71,48367.24,136,24,3,0,3
ACC024424,1,70391.21,70391.21,0,8,1,0,1
ACC024427,3,45256.99,15085.66,34,10,3,0,2
ACC024428,1,3870.61,3870.61,0,13,1,0,1
ACC024429,1,7303.62,7303.62,0,3,1,0,1
ACC024431,3,60686.52,20228.84,126,25,3,0,3
ACC024433,1,8069.67,8069.67,0,5,1,0,1
ACC024434,1,23526.91,23526.91,0,8,1,0,1
ACC024435,1,17417.15,17417.15,0,8,1,0,1
ACC024438,1,49239.43,49239.43,0,9,1,0,1
ACC024439,2,5982.27,2991.14,11,16,2,2,2
ACC024440,1,70625.04,70625.04,0,11,1,0,1
ACC024444,3,94176.88,31392.29,202,12,3,0,2
ACC024445,2,44831.96,22415.98,57,9,2,0,2
ACC024446,1,21893.17,21893.17,0,5,1,0,1
ACC024447,1,19537.15,19537.15,0,7,1,0,1
ACC024448,2,23513.96,11756.98,16,3,2,1,2
ACC024449,2,39834.27,19917.14,220,9,2,1,2
ACC024450,1,32176.73,32176.73,0,9,1,0,1
ACC024452,4,56739.04,14184.76,282,25,4,2,3
ACC024453,1,30529.93,30529.93,0,10,1,0,1
ACC024454,1,33812.95,33812.95,0,13,1,0,1
ACC024455,1,43446.9,43446.9,0,4,1,0,1
ACC024457,1,22088.77,22088.77,0,13,1,0,1
ACC024459,1,3751.05,3751.05,0,1,1,0,1
ACC024461,3,116798.93,38932.98,106,25,3,0,3
ACC024462,1,30637.9,30637.9,0,14,1,0,1
ACC024464,2,23980.16,11990.08,118,25,2,0,2
ACC024466,1,26036.53,26036.53,0,12,1,0,1
ACC024469,1,656.62,656.62,0,7,1,0,1
ACC024471,1,33103.79,33103.79,0,5,1,0,1
ACC024472,3,94306.37,31435.46,206,18,3,0,2
ACC024474,1,28225.22,28225.22,0,1,1,0,1
ACC024477,2,101464.87,50732.43,214,12,2,0,1
ACC024478,1,36291.5,36291.5,0,11,1,0,1
ACC024479,1,35492.4,35492.4,0,2,1,0,1
ACC024480,1,39912.68,39912.68,0,1,1,0,1
ACC024481,1,2543.52,2543.52,0,12,1,0,1
ACC024483,2,48947.82,24473.91,177,19,2,0,2
ACC024484,1,5651.21,5651.21,0,10,1,0,1
ACC024486,4,46232.13,11558.03,153,27,4,0,4
ACC024487,2,76301.19,38150.6,59,22,2,0,2
ACC024488,2,111562.86,55781.43,100,22,2,0,2
ACC024489,2,29104.84,14552.42,334,16,2,1,2
ACC024490,1,112433.57,112433.57,0,12,1,0,1
ACC024491,1,23250.79,23250.79,0,4,1,0,1
ACC024492,1,28253.9,28253.9,0,6,1,0,1
ACC024493,1,21111.49,21111.49,0,5,1,0,1
ACC024495,2,62391.95,31195.97,435,26,2,1,2
ACC024496,1,12447.93,12447.93,0,4,1,0,1
ACC024497,1,731.18,731.18,0,12,1,0,1
ACC024498,2,43693.25,21846.62,54,14,2,0,1
ACC024500,2,24518.31,12259.15,52,25,2,0,1
ACC024501,2,36217.03,18108.51,202,7,2,0,2
ACC024502,1,40422.07,40422.07,0,13,1,0,1
ACC024504,4,186609.95,46652.49,125,50,4,0,4
ACC024507,2,188203.15,94101.57,169,19,2,0,2
ACC024508,2,38639.82,19319.91,103,13,2,0,2
ACC024509,2,7664.05,3832.02,180,17,2,0,2
ACC024512,2,11209.63,5604.82,76,11,2,0,2
ACC024513,1,198749.41,198749.41,0,5,1,0,1
ACC024514,1,68970.9,68970.9,0,13,1,0,1
ACC024517,1,39307.0,39307.0,0,3,1,1,1
ACC024518,2,82573.68,41286.84,227,6,2,0,2
ACC024519,2,16710.96,8355.48,181,16,2,0,2
ACC024520,1,6394.07,6394.07,0,14,1,0,1
ACC024522,1,40173.64,40173.64,0,10,1,1,1
ACC024523,1,3550.89,3550.89,0,10,1,0,1
ACC024524,1,10650.02,10650.02,0,4,1,0,1
ACC024526,1,2367.31,2367.31,0,11,1,1,1
ACC024527,1,763.34,763.34,0,14,1,0,1
ACC024529,2,22494.04,11247.02,326,18,2,0,2
ACC024530,3,67980.71,22660.24,133,15,3,0,2
ACC024531,1,13378.22,13378.22,0,9,1,0,1
ACC024533,1,37082.42,37082.42,0,12,1,0,1
ACC024534,3,26518.7,8839.57,369,30,3,0,2
ACC024535,1,82715.61,82715.61,0,1,1,0,1
ACC024536,2,23922.19,11961.1,281,26,2,0,2
ACC024538,2,48619.43,24309.72,44,14,2,0,2
ACC024542,2,108110.75,54055.38,73,14,2,0,2
ACC024544,2,92573.59,46286.79,322,15,2,0,2
ACC024545,1,34384.57,34384.57,0,11,1,0,1
ACC024547,2,14674.81,7337.41,68,18,2,0,2
ACC024552,2,37028.45,18514.23,20,15,2,0,1
ACC024556,1,9821.01,9821.01,0,11,1,0,1
ACC024559,1,51885.98,51885.98,0,10,1,0,1
ACC024560,3,36783.27,12261.09,308,25,3,0,2
ACC024561,2,79677.0,39838.5,65,19,2,0,2
ACC024562,2,52088.36,26044.18,135,24,2,0,2
ACC024563,2,105339.8,52669.9,297,12,2,0,2
ACC024564,1,12123.68,12123.68,0,14,1,0,1
ACC024565,1,46367.19,46367.19,0,14,1,0,1
ACC024568,3,71981.76,23993.92,231,33,3,0,2
ACC024569,2,44531.53,22265.76,128,21,2,0,2
ACC024570,2,88357.55,44178.78,198,10,2,0,2
ACC024571,3,73029.81,24343.27,243,24,3,0,2
ACC024572,1,78752.2,78752.2,0,12,1,0,1
ACC024573,1,70283.41,70283.41,0,12,1,1,1
ACC024574,2,12080.79,6040.4,17,13,2,0,2
ACC024575,2,41509.87,20754.93,6,11,2,0,2
ACC024576,1,2620.61,2620.61,0,7,1,0,1
ACC024577,2,64057.23,32028.61,187,22,2,0,2
ACC024578,1,49183.12,49183.12,0,8,1,0,1
ACC024580,3,66194.4,22064.8,204,22,3,0,2
ACC024581,1,7386.59,7386.59,0,8,1,0,1
ACC024582,1,920.31,920.31,0,13,1,0,1
ACC024583,1,14350.33,14350.33,0,6,1,0,1
ACC024584,1,2804.27,2804.27,0,1,1,0,1
ACC024585,1,5414.58,5414.58,0,14,1,0,1
ACC024587,2,19961.47,9980.74,57,6,2,0,2
ACC024588,2,34266.95,17133.48,4,16,2,0,2
ACC024589,1,12592.79,12592.79,0,2,1,0,1
ACC024590,2,92877.34,46438.67,418,17,2,1,2
ACC024591,4,39451.3,9862.83,316,27,4,0,4
ACC024592,1,2870.73,2870.73,0,13,1,1,1
ACC024593,1,41370.12,41370.12,0,5,1,0,1
ACC024594,1,14839.03,14839.03,0,2,1,0,1
ACC024595,1,1963.05,1963.05,0,9,1,0,1
ACC024596,1,13399.93,13399.93,0,13,1,0,1
ACC024598,1,34268.03,34268.03,0,9,1,0,1
ACC024599,1,25613.25,25613.25,0,11,1,0,1
ACC024600,2,82328.47,41164.24,143,8,2,0,2
ACC024602,1,82834.54,82834.54,0,3,1,0,1
ACC024604,1,9878.92,9878.92,0,4,1,0,1
ACC024605,2,25678.44,12839.22,102,22,2,0,2
ACC024607,1,1589.62,1589.62,0,13,1,0,1
ACC024608,1,510.69,510.69,0,4,1,0,1
ACC024609,2,66512.54,33256.27,394,17,2,1,2
ACC024610,2,45160.26,22580.13,30,15,2,0,2
ACC024611,1,42846.8,42846.8,0,1,1,0,1
ACC024614,1,45641.67,45641.67,0,8,1,0,1
ACC024615,2,71688.29,35844.14,83,13,2,0,2
ACC024616,4,63832.57,15958.14,300,15,4,0,2
ACC024617,1,56811.91,56811.91,0,11,1,0,1
ACC024619,1,20464.39,20464.39,0,10,1,0,1
ACC024621,1,9931.94,9931.94,0,13,1,0,1
ACC024622,1,87118.96,87118.96,0,10,1,0,1
ACC024623,2,48733.38,24366.69,186,10,2,0,2
ACC024625,2,42396.62,21198.31,149,10,2,0,2
ACC024626,1,37609.49,37609.49,0,11,1,0,1
ACC024630,2,30906.49,15453.24,7,15,2,0,2
ACC024632,1,109820.94,109820.94,0,2,1,0,1
ACC024633,1,35987.69,35987.69,0,13,1,0,1
ACC024635,2,5286.84,2643.42,19,11,2,0,2
ACC024637,1,6083.11,6083.11,0,9,1,0,1
ACC024638,2,38719.46,19359.73,91,13,2,0,2
ACC024639,2,32466.73,16233.37,219,11,2,0,1
ACC024640,1,5300.38,5300.38,0,4,1,0,1
ACC024641,1,34704.03,34704.03,0,8,1,0,1
ACC024645,1,3329.21,3329.21,0,2,1,1,1
ACC024646,1,45087.76,45087.76,0,8,1,0,1
ACC024649,1,37855.5,37855.5,0,13,1,0,1
ACC024651,1,2463.04,2463.04,0,14,1,0,1
ACC024652,2,33231.0,16615.5,198,13,2,0,1
ACC024654,1,13311.26,13311.26,0,4,1,0,1
ACC024655,2,7092.57,3546.28,274,16,2,0,2
ACC024656,1,16503.84,16503.84,0,10,1,0,1
ACC024657,3,87936.35,29312.12,270,20,3,0,3
ACC024658,2,6482.12,3241.06,377,16,2,0,2
ACC024659,1,36465.8,36465.8,0,1,1,0,1
ACC024660,1,6499.18,6499.18,0,1,1,0,1
ACC024661,2,98427.8,49213.9,25,13,2,0,2
ACC024665,1,44420.0,44420.0,0,4,1,0,1
ACC024666,1,3580.35,3580.35,0,1,1,0,1
ACC024667,2,7800.82,3900.41,40,12,2,0,2
ACC024668,1,14135.06,14135.06,0,13,1,0,1
ACC024669,2,28182.81,14091.41,53,7,2,0,2
ACC024671,2,52700.81,26350.4,81,13,2,0,2
ACC024674,1,9478.57,9478.57,0,6,1,0,1
ACC024676,2,72738.07,36369.03,86,11,2,0,2
ACC024677,1,57727.13,57727.13,0,11,1,1,1
ACC024679,1,19884.74,19884.74,0,14,1,0,1
ACC024682,1,75187.64,75187.64,0,6,1,0,1
ACC024684,1,15431.17,15431.17,0,13,1,0,1
ACC024686,3,93015.27,31005.09,397,25,3,0,2
ACC024687,3,78185.26,26061.75,235,23,3,0,3
ACC024688,2,19478.98,9739.49,207,21,2,0,2
ACC024691,3,97552.34,32517.45,287,17,3,1,3
ACC024696,3,58703.61,19567.87,61,38,3,0,3
ACC024698,4,106733.13,26683.28,233,34,4,0,3
ACC024700,1,3678.89,3678.89,0,4,1,0,1
ACC024701,1,7233.47,7233.47,0,14,1,0,1
ACC024703,2,30656.16,15328.08,179,8,2,0,2
ACC024704,2,87778.03,43889.01,166,19,2,0,1
ACC024706,1,21539.93,21539.93,0,12,1,0,1
ACC024708,1,43913.06,43913.06,0,4,1,0,1
ACC024710,1,43793.31,43793.31,0,13,1,0,1
ACC024713,1,4139.36,4139.36,0,4,1,0,1
ACC024714,1,42365.67,42365.67,0,1,1,0,1
ACC024716,1,13440.02,13440.02,0,9,1,0,1
ACC024718,3,90431.12,30143.71,61,23,3,0,3
ACC024719,1,6895.95,6895.95,0,11,1,0,1
ACC024723,2,23752.85,11876.42,315,4,2,0,1
ACC024726,1,7637.99,7637.99,0,14,1,0,1
ACC024727,1,5492.3,5492.3,0,13,1,1,1
ACC024728,3,42333.47,14111.16,183,23,3,0,2
ACC024729,1,7910.85,7910.85,0,11,1,0,1
ACC024730,1,19884.21,19884.21,0,14,1,0,1
ACC024731,2,19263.29,9631.65,308,5,2,0,2
ACC024732,1,108568.04,108568.04,0,11,1,0,1
ACC024735,1,2395.22,2395.22,0,9,1,0,1
ACC024736,3,49160.09,16386.7,221,35,3,0,3
ACC024737,1,77754.3,77754.3,0,11,1,0,1
ACC024739,1,20809.73,20809.73,0,14,1,0,1
ACC024740,2,17853.57,8926.78,37,8,2,0,2
ACC024741,1,25244.83,25244.83,0,5,1,0,1
ACC024742,1,13371.58,13371.58,0,6,1,0,1
ACC024743,2,35486.99,17743.5,224,17,2,1,2
ACC024746,2,35036.86,17518.43,20,20,2,0,2
ACC024747,1,11414.9,11414.9,0,8,1,0,1
ACC024748,1,13148.98,13148.98,0,1,1,0,1
ACC024749,2,51327.94,25663.97,91,7,2,0,2
ACC024751,1,781.16,781.16,0,5,1,0,1
ACC024753,3,198551.15,66183.72,215,26,3,0,1
ACC024755,1,519.95,519.95,0,8,1,0,1
ACC024756,1,2104.67,2104.67,0,4,1,0,1
ACC024757,1,11855.46,11855.46,0,12,1,0,1
ACC024758,2,21528.86,10764.43,349,10,2,0,1
ACC024759,1,39119.8,39119.8,0,7,1,0,1
ACC024760,1,89418.3,89418.3,0,9,1,0,1
ACC024762,3,31532.66,10510.89,207,17,3,0,2
ACC024764,1,2675.14,2675.14,0,6,1,0,1
ACC024765,1,107406.12,107406.12,0,9,1,0,1
ACC024766,2,12691.46,6345.73,220,15,2,0,2
ACC024768,1,108912.28,108912.28,0,3,1,0,1
ACC024769,2,27100.4,13550.2,238,8,2,0,2
ACC024770,3,79630.75,26543.58,242,11,3,0,2
ACC024771,1,16658.35,16658.35,0,5,1,0,1
ACC024772,1,31811.84,31811.84,0,6,1,1,1
ACC024774,1,156629.63,156629.63,0,10,1,0,1
ACC024776,1,18547.41,18547.41,0,14,1,0,1
ACC024777,1,17782.54,17782.54,0,3,1,0,1
ACC024778,1,23862.39,23862.39,0,9,1,1,1
ACC024780,3,135922.46,45307.49,227,7,3,0,2
ACC024781,2,31222.64,15611.32,27,16,2,0,2
ACC024782,1,12413.65,12413.65,0,12,1,0,1
ACC024785,2,30926.51,15463.25,165,18,2,0,2
ACC024787,1,27211.9,27211.9,0,6,1,0,1
ACC024789,1,36500.33,36500.33,0,12,1,0,1
ACC024791,2,81106.4,40553.2,9,17,2,0,2
ACC024794,2,85225.84,42612.92,184,12,2,0,2
ACC024795,1,5931.12,5931.12,0,5,1,0,1
ACC024798,2,105653.41,52826.71,169,18,2,0,2
ACC024800,1,49043.82,49043.82,0,6,1,0,1
ACC024801,1,8492.58,8492.58,0,3,1,0,1
ACC024802,4,52360.43,13090.11,171,30,4,0,3
ACC024805,2,9213.7,4606.85,106,14,2,0,2
ACC024807,2,61805.14,30902.57,85,22,2,0,2
ACC024808,1,11832.18,11832.18,0,9,1,0,1
ACC024809,2,51913.6,25956.8,74,21,2,0,1
ACC024810,2,30428.2,15214.1,242,14,2,0,2
ACC024812,3,86805.73,28935.24,166,23,3,0,3
ACC024813,2,37784.3,18892.15,53,8,2,0,2
ACC024815,3,45975.05,15325.02,258,24,3,0,1
ACC024816,1,4141.22,4141.22,0,2,1,0,1
ACC024819,5,104398.47,20879.69,385,40,5,2,3
ACC024820,2,76988.4,38494.2,109,12,2,0,2
ACC024822,2,27615.86,13807.93,44,22,2,0,2
ACC024823,1,6006.17,6006.17,0,2,1,0,1
ACC024824,1,25024.3,25024.3,0,9,1,0,1
ACC024825,1,61615.76,61615.76,0,14,1,0,1
ACC024826,4,87756.44,21939.11,343,21,4,0,4
ACC024827,2,12028.08,6014.04,68,10,2,0,2
ACC024828,1,8018.88,8018.88,0,3,1,0,1
ACC024829,3,68873.9,22957.97,192,21,3,0,2
ACC024832,1,4187.05,4187.05,0,5,1,0,1
ACC024834,1,15872.44,15872.44,0,9,1,0,1
ACC024835,3,91019.4,30339.8,394,12,3,1,1
ACC024836,1,12938.72,12938.72,0,4,1,1,1
ACC024837,2,47257.25,23628.62,76,15,2,0,2
ACC024838,1,89254.83,89254.83,0,10,1,0,1
ACC024839,4,138193.12,34548.28,288,32,4,0,4
ACC024840,1,25804.14,25804.14,0,10,1,0,1
ACC024841,2,70219.74,35109.87,146,11,2,1,2
ACC024842,1,1787.17,1787.17,0,3,1,0,1
ACC024844,1,32201.48,32201.48,0,10,1,0,1
ACC024846,1,18923.57,18923.57,0,8,1,0,1
ACC024847,1,29768.5,29768.5,0,9,1,0,1
ACC024848,2,61912.96,30956.48,327,11,2,0,2
ACC024849,1,43168.05,43168.05,0,1,1,0,1
ACC024851,1,27839.77,27839.77,0,8,1,0,1
ACC024853,1,9319.16,9319.16,0,2,1,0,1
ACC024856,1,39245.06,39245.06,0,2,1,0,1
ACC024857,1,16119.71,16119.71,0,8,1,0,1
ACC024859,1,139330.37,139330.37,0,3,1,0,1
ACC024861,1,42361.94,42361.94,0,11,1,0,1
ACC024863,1,8949.91,8949.91,0,3,1,0,1
ACC024864,2,62891.71,31445.85,94,27,2,1,2
ACC024866,1,7913.06,7913.06,0,6,1,0,1
ACC024868,1,4324.83,4324.83,0,6,1,0,1
ACC024869,3,106521.8,35507.27,29,27,3,0,2
ACC024870,2,31743.31,15871.66,113,23,2,0,2
ACC024871,2,16793.25,8396.62,350,2,2,1,2
ACC024873,1,14790.87,14790.87,0,11,1,1,1
ACC024875,1,95043.96,95043.96,0,10,1,0,1
ACC024876,2,45434.69,22717.35,169,17,2,0,1
ACC024877,1,11866.07,11866.07,0,11,1,0,1
ACC024878,3,72737.61,24245.87,364,8,3,0,2
ACC024879,3,71141.39,23713.8,339,27,3,0,3
ACC024880,1,34860.81,34860.81,0,9,1,0,1
ACC024881,2,92569.92,46284.96,27,5,2,0,2
ACC024882,2,95386.44,47693.22,85,17,2,0,2
ACC024885,2,28300.19,14150.09,189,16,2,1,2
ACC024887,1,111993.97,111993.97,0,1,1,0,1
ACC024888,2,65881.94,32940.97,2,13,2,0,2
ACC024889,2,11562.77,5781.39,168,18,2,0,2
ACC024893,1,40383.36,40383.36,0,10,1,0,1
ACC024894,2,80594.83,40297.42,179,9,2,0,2
ACC024895,1,45531.31,45531.31,0,12,1,0,1
ACC024897,1,21678.8,21678.8,0,7,1,0,1
ACC024899,1,3516.47,3516.47,0,2,1,0,1
ACC024900,2,12272.75,6136.38,5,10,2,0,2
ACC024901,1,6046.6,6046.6,0,2,1,1,1
ACC024905,1,35566.54,35566.54,0,14,1,0,1
ACC024906,1,41879.7,41879.7,0,14,1,0,1
ACC024910,3,166828.98,55609.66,382,17,3,1,1
ACC024911,1,19912.21,19912.21,0,12,1,0,1
ACC024914,3,137714.61,45904.87,61,17,3,0,2
ACC024915,1,2232.93,2232.93,0,12,1,0,1
ACC024916,2,82674.77,41337.38,16,15,2,0,2
ACC024919,2,16749.03,8374.51,93,17,2,0,2
ACC024922,1,31900.77,31900.77,0,12,1,0,1
ACC024923,2,49694.18,24847.09,87,14,2,0,1
ACC024928,2,16520.86,8260.43,57,9,2,0,2
ACC024929,2,37407.94,18703.97,213,15,2,0,2
ACC024931,2,8350.54,4175.27,131,21,2,0,1
ACC024932,1,41693.39,41693.39,0,2,1,0,1
ACC024933,2,52619.53,26309.76,113,8,2,0,2
ACC024936,1,17690.33,17690.33,0,4,1,0,1
ACC024938,3,33090.05,11030.02,237,31,3,0,2
ACC024939,1,1516.65,1516.65,0,1,1,0,1
ACC024940,1,38009.26,38009.26,0,7,1,0,1
ACC024942,2,47174.16,23587.08,26,3,2,0,2
ACC024943,1,13362.89,13362.89,0,7,1,0,1
ACC024945,1,5027.95,5027.95,0,8,1,0,1
ACC024946,2,30845.49,15422.74,356,20,2,1,2
ACC024948,1,22468.11,22468.11,0,4,1,0,1
ACC024951,2,55657.1,27828.55,51,3,2,0,1
ACC024952,1,6813.16,6813.16,0,2,1,0,1
ACC024953,1,12995.58,12995.58,0,10,1,0,1
ACC024955,1,35448.69,35448.69,0,2,1,0,1
ACC024956,1,16188.46,16188.46,0,4,1,0,1
ACC024957,3,79562.68,26520.89,164,26,3,2,2
ACC024958,3,79533.86,26511.29,218,14,3,0,3
ACC024959,1,8865.14,8865.14,0,13,1,0,1
ACC024960,1,31808.14,31808.14,0,11,1,0,1
ACC024961,1,9337.65,9337.65,0,6,1,0,1
ACC024962,1,71277.84,71277.84,0,3,1,0,1
ACC024964,2,34576.61,17288.31,301,14,2,1,2
ACC024965,1,17778.1,17778.1,0,4,1,0,1
ACC024966,2,59548.34,29774.17,225,12,2,1,2
ACC024967,2,15281.31,7640.65,33,13,2,0,2
ACC024970,1,62729.41,62729.41,0,6,1,0,1
ACC024971,1,19162.56,19162.56,0,13,1,0,1
ACC024973,1,50702.28,50702.28,0,7,1,0,1
ACC024974,1,61834.51,61834.51,0,12,1,0,1
ACC024975,1,34162.54,34162.54,0,10,1,0,1
ACC024976,2,67917.69,33958.85,38,7,2,0,2
ACC024977,2,15689.42,7844.71,212,24,2,0,2
ACC024978,1,15832.79,15832.79,0,7,1,0,1
ACC024979,1,1125.61,1125.61,0,12,1,0,1
ACC024980,2,14037.05,7018.52,45,12,2,0,2
ACC024983,2,46351.63,23175.81,191,14,2,0,1
ACC024984,1,20779.43,20779.43,0,1,1,0,1
ACC024985,2,20121.34,10060.67,270,11,2,0,2
ACC024986,1,2479.43,2479.43,0,9,1,0,1
ACC024988,1,7382.34,7382.34,0,13,1,0,1
ACC024989,1,3248.4,3248.4,0,4,1,0,1
ACC024992,2,31282.28,15641.14,204,4,2,1,2
ACC024994,1,27252.63,27252.63,0,7,1,0,1
ACC024996,3,54821.11,18273.7,148,32,3,0,2
ACC024998,6,77932.67,12988.78,367,38,6,0,5
ACC024999,2,27014.27,13507.14,291,17,2,0,2
ACC025001,1,9775.3,9775.3,0,4,1,0,1
ACC025004,1,17495.62,17495.62,0,3,1,0,1
ACC025006,1,37640.53,37640.53,0,1,1,0,1
ACC025007,2,14892.94,7446.47,52,9,2,0,1
ACC025008,2,53972.34,26986.17,116,5,2,0,2
ACC025010,2,34241.69,17120.85,232,20,2,0,2
ACC025011,2,20043.54,10021.77,95,14,2,0,1
ACC025012,3,32805.47,10935.16,128,23,3,0,2
ACC025013,1,8210.3,8210.3,0,4,1,0,1
ACC025015,1,23349.3,23349.3,0,14,1,1,1
ACC025017,1,14823.06,14823.06,0,7,1,0,1
ACC025018,2,30388.16,15194.08,327,15,2,1,2
ACC025020,2,32091.01,16045.5,141,4,2,0,2
ACC025021,4,56908.0,14227.0,215,42,4,0,4
ACC025024,1,39335.24,39335.24,0,6,1,0,1
ACC025025,1,21831.98,21831.98,0,5,1,0,1
ACC025026,1,58484.91,58484.91,0,6,1,1,1
ACC025027,2,70806.12,35403.06,201,26,2,0,2
ACC025028,2,28104.02,14052.01,54,4,2,1,2
ACC025029,2,18904.61,9452.31,397,23,2,1,2
ACC025030,1,40932.48,40932.48,0,13,1,0,1
ACC025031,1,41524.02,41524.02,0,4,1,0,1
ACC025032,1,4953.78,4953.78,0,13,1,0,1
ACC025033,1,9280.72,9280.72,0,7,1,0,1
ACC025034,1,18197.59,18197.59,0,12,1,1,1
ACC025035,1,50632.63,50632.63,0,12,1,0,1
ACC025036,2,60822.16,30411.08,394,21,2,1,2
ACC025038,2,25755.72,12877.86,13,3,2,0,2
ACC025039,2,22927.08,11463.54,164,22,2,0,2
ACC025040,1,13384.75,13384.75,0,9,1,1,1
ACC025041,4,99110.05,24777.51,307,19,4,0,4
ACC025042,3,27211.47,9070.49,220,19,3,0,3
ACC025043,1,954.27,954.27,0,1,1,0,1
ACC025046,1,1753.63,1753.63,0,8,1,0,1
ACC025048,1,18045.33,18045.33,0,12,1,0,1
ACC025051,2,71409.01,35704.51,9,15,2,0,2
ACC025054,2,43116.89,21558.44,114,10,2,0,2
ACC025055,1,44225.78,44225.78,0,9,1,0,1
ACC025057,1,17665.28,17665.28,0,14,1,0,1
ACC025058,2,19382.77,9691.39,80,14,2,0,2
ACC025060,4,126316.78,31579.19,431,33,4,1,3
ACC025062,1,27325.03,27325.03,0,3,1,0,1
ACC025067,1,25725.36,25725.36,0,12,1,0,1
ACC025068,2,91687.19,45843.6,155,14,2,0,2
ACC025070,2,63773.44,31886.72,72,10,2,0,2
ACC025071,2,32139.52,16069.76,68,3,2,0,2
ACC025072,1,90908.41,90908.41,0,11,1,0,1
ACC025073,1,11840.97,11840.97,0,9,1,0,1
ACC025074,1,21383.11,21383.11,0,7,1,0,1
ACC025075,3,231642.78,77214.26,92,24,3,0,3
ACC025076,2,22033.36,11016.68,248,13,2,0,2
ACC025077,2,31924.06,15962.03,140,5,2,0,2
ACC025078,1,14036.75,14036.75,0,13,1,0,1
ACC025079,2,11733.18,5866.59,384,20,2,0,1
ACC025080,1,41501.13,41501.13,0,7,1,0,1
ACC025081,2,83135.08,41567.54,283,3,2,0,2
ACC025082,1,1086.18,1086.18,0,4,1,0,1
ACC025083,1,2256.63,2256.63,0,9,1,0,1
ACC025084,3,54659.26,18219.75,117,20,3,0,3
ACC025085,2,88822.95,44411.47,74,15,2,0,2
ACC025089,1,4245.57,4245.57,0,14,1,1,1
ACC025091,2,100529.74,50264.87,334,13,2,0,2
ACC025094,1,27534.79,27534.79,0,4,1,0,1
ACC025095,2,30768.39,15384.19,163,12,2,0,2
ACC025096,4,110658.97,27664.74,351,16,4,0,4
ACC025098,1,42529.13,42529.13,0,10,1,0,1
ACC025100,3,76630.49,25543.5,128,23,3,0,2
ACC025101,1,29811.97,29811.97,0,12,1,1,1
ACC025107,1,34989.62,34989.62,0,3,1,0,1
ACC025108,2,34752.26,17376.13,72,13,2,0,2
ACC025110,1,29142.99,29142.99,0,5,1,0,1
ACC025111,2,41588.26,20794.13,109,21,2,0,2
ACC025113,2,70305.89,35152.94,48,16,2,0,2
ACC025115,5,129702.37,25940.47,213,24,5,0,3
ACC025117,1,27821.34,27821.34,0,4,1,0,1
ACC025118,1,3658.91,3658.91,0,1,1,0,1
ACC025119,1,5035.62,5035.62,0,2,1,0,1
ACC025123,1,1760.23,1760.23,0,12,1,0,1
ACC025125,2,57479.8,28739.9,331,17,2,0,1
ACC025126,1,19076.75,19076.75,0,12,1,0,1
ACC025127,2,47544.97,23772.49,5,21,2,0,1
ACC025131,2,24820.79,12410.4,181,9,2,0,2
ACC025132,2,10997.16,5498.58,59,9,2,0,2
ACC025133,1,6591.95,6591.95,0,4,1,0,1
ACC025134,1,8063.72,8063.72,0,3,1,0,1
ACC025136,1,21022.48,21022.48,0,11,1,0,1
ACC025137,4,159519.36,39879.84,331,38,4,0,3
ACC025141,1,30059.53,30059.53,0,7,1,0,1
ACC025143,2,36321.28,18160.64,331,21,2,0,2
ACC025144,1,24831.99,24831.99,0,4,1,0,1
ACC025145,1,2854.0,2854.0,0,9,1,0,1
ACC025146,1,83385.68,83385.68,0,12,1,0,1
ACC025147,1,3846.78,3846.78,0,12,1,0,1
ACC025148,1,23444.7,23444.7,0,7,1,0,1
ACC025151,4,105164.08,26291.02,307,18,4,0,3
ACC025155,2,116887.18,58443.59,39,15,2,0,2
ACC025157,1,98659.12,98659.12,0,8,1,0,1
ACC025158,1,24016.13,24016.13,0,14,1,0,1
ACC025159,2,56014.16,28007.08,204,15,2,0,1
ACC025161,2,11947.04,5973.52,229,13,2,0,2
ACC025162,1,7097.96,7097.96,0,1,1,0,1
ACC025164,1,12458.39,12458.39,0,10,1,0,1
ACC025165,2,18447.27,9223.64,30,13,2,0,2
ACC025166,1,1655.11,1655.11,0,7,1,0,1
ACC025167,2,37068.59,18534.29,272,11,2,0,2
ACC025169,1,9664.8,9664.8,0,13,1,1,1
ACC025170,1,15529.08,15529.08,0,2,1,0,1
ACC025171,2,14447.95,7223.98,149,10,2,0,2
ACC025172,3,163353.91,54451.3,318,18,3,0,3
ACC025173,1,7519.72,7519.72,0,1,1,0,1
ACC025174,1,1686.11,1686.11,0,6,1,1,1
ACC025176,1,14831.84,14831.84,0,13,1,0,1
ACC025177,1,5761.04,5761.04,0,6,1,0,1
ACC025178,1,5479.46,5479.46,0,5,1,0,1
ACC025179,2,63509.28,31754.64,217,18,2,0,1
ACC025181,1,18484.97,18484.97,0,3,1,0,1
ACC025182,3,113459.42,37819.81,350,29,3,0,3
ACC025183,1,10601.14,10601.14,0,2,1,0,1
ACC025184,2,76714.68,38357.34,172,16,2,1,2
ACC025187,1,60768.84,60768.84,0,8,1,1,1
ACC025190,2,20147.81,10073.9,310,4,2,0,1
ACC025199,3,68906.31,22968.77,310,30,3,1,3
ACC025200,1,9544.36,9544.36,0,1,1,0,1
ACC025201,1,3056.32,3056.32,0,6,1,0,1
ACC025202,1,27159.19,27159.19,0,10,1,0,1
ACC025204,1,11474.71,11474.71,0,10,1,0,1
ACC025206,1,41815.65,41815.65,0,8,1,0,1
ACC025207,1,573.31,573.31,0,3,1,0,1
ACC025208,1,45124.78,45124.78,0,7,1,0,1
ACC025209,1,27600.39,27600.39,0,5,1,0,1
ACC025210,1,36988.97,36988.97,0,14,1,0,1
ACC025212,2,19472.53,9736.26,149,18,2,0,2
ACC025213,1,66977.01,66977.01,0,2,1,0,1
ACC025217,1,156312.82,156312.82,0,7,1,0,1
ACC025219,1,33074.41,33074.41,0,11,1,0,1
ACC025221,2,8232.26,4116.13,51,20,2,0,2
ACC025222,1,10506.17,10506.17,0,7,1,0,1
ACC025223,2,58078.2,29039.1,100,15,2,0,2
ACC025224,1,63695.38,63695.38,0,9,1,0,1
ACC025226,1,4363.45,4363.45,0,6,1,0,1
ACC025227,3,48027.46,16009.15,214,24,3,1,3
ACC025229,2,44560.3,22280.15,192,20,2,0,2
ACC025230,2,25795.14,12897.57,41,9,2,0,2
ACC025231,1,6991.11,6991.11,0,12,1,0,1
ACC025233,2,76853.97,38426.99,195,20,2,0,2
ACC025235,3,40761.66,13587.22,198,16,3,0,2
ACC025236,1,7546.54,7546.54,0,13,1,0,1
ACC025237,2,123234.66,61617.33,117,15,2,0,2
ACC025238,2,17100.83,8550.42,164,7,2,0,2
ACC025239,2,56391.79,28195.89,79,22,2,0,2
ACC025241,2,23736.29,11868.15,6,21,2,0,2
ACC025242,1,49696.49,49696.49,0,8,1,0,1
ACC025246,1,22035.25,22035.25,0,11,1,0,1
ACC025248,3,51967.28,17322.43,333,30,3,0,2
ACC025251,2,24676.37,12338.19,6,17,2,0,2
ACC025252,1,3059.56,3059.56,0,11,1,0,1
ACC025255,1,1817.47,1817.47,0,14,1,1,1
ACC025256,1,12818.94,12818.94,0,6,1,0,1
ACC025257,1,33777.81,33777.81,0,8,1,0,1
ACC025258,1,22416.46,22416.46,0,4,1,0,1
ACC025259,1,1177.9,1177.9,0,12,1,0,1
ACC025260,2,48945.62,24472.81,242,23,2,1,2
ACC025261,1,31544.04,31544.04,0,10,1,0,1
ACC025262,1,44902.3,44902.3,0,12,1,1,1
ACC025263,2,45624.07,22812.03,26,22,2,0,2
ACC025264,1,4444.28,4444.28,0,8,1,0,1
ACC025265,1,53400.52,53400.52,0,12,1,0,1
ACC025266,1,8798.1,8798.1,0,11,1,0,1
ACC025268,1,90576.49,90576.49,0,4,1,0,1
ACC025270,1,58056.93,58056.93,0,8,1,1,1
ACC025271,2,8466.85,4233.43,41,14,2,0,2
ACC025272,3,34981.71,11660.57,92,27,3,0,3
ACC025273,1,53498.86,53498.86,0,9,1,0,1
ACC025274,2,98022.85,49011.43,148,17,2,0,2
ACC025275,2,88242.8,44121.4,270,15,2,0,2
ACC025276,2,33650.27,16825.14,299,25,2,1,2
ACC025277,1,42126.48,42126.48,0,3,1,0,1
ACC025278,2,31889.94,15944.97,88,16,2,1,2
ACC025279,2,124890.85,62445.43,74,18,2,0,2
ACC025280,1,6642.98,6642.98,0,5,1,0,1
ACC025281,2,12272.6,6136.3,334,17,2,0,1
ACC025283,1,79046.03,79046.03,0,12,1,0,1
ACC025284,2,32403.47,16201.73,148,15,2,0,2
ACC025285,3,137481.3,45827.1,82,30,3,2,3
ACC025286,1,79114.73,79114.73,0,1,1,1,1
ACC025287,1,5713.72,5713.72,0,7,1,0,1
ACC025290,1,1550.84,1550.84,0,9,1,0,1
ACC025292,3,113857.97,37952.66,94,21,3,0,2
ACC025293,1,50628.11,50628.11,0,4,1,1,1
ACC025294,1,12191.94,12191.94,0,13,1,0,1
ACC025297,1,8199.03,8199.03,0,6,1,0,1
ACC025299,1,11825.48,11825.48,0,8,1,0,1
ACC025300,2,70745.32,35372.66,208,10,2,0,2
ACC025302,2,48872.84,24436.42,131,18,2,0,2
ACC025303,1,2010.37,2010.37,0,11,1,0,1
ACC025304,1,56169.84,56169.84,0,13,1,1,1
ACC025305,2,113161.2,56580.6,49,10,2,0,2
ACC025306,2,69388.59,34694.29,316,12,2,1,2
ACC025307,2,114710.98,57355.49,135,11,2,0,2
ACC025308,3,81172.1,27057.37,308,24,3,0,3
ACC025309,1,17573.97,17573.97,0,8,1,0,1
ACC025310,1,45300.72,45300.72,0,9,1,1,1
ACC025311,1,982.48,982.48,0,14,1,0,1
ACC025312,2,13152.68,6576.34,7,13,2,0,2
ACC025313,2,17996.77,8998.39,312,7,2,0,2
ACC025316,2,48424.26,24212.13,287,16,2,0,2
ACC025317,3,47641.37,15880.46,322,21,3,0,2
ACC025318,1,8638.05,8638.05,0,3,1,0,1
ACC025320,2,56566.77,28283.38,85,10,2,0,2
ACC025321,4,49125.11,12281.28,168,28,4,0,4
ACC025322,4,55791.85,13947.96,197,42,4,0,3
ACC025323,2,1912.12,956.06,214,21,2,0,2
ACC025326,1,36451.09,36451.09,0,8,1,0,1
ACC025328,1,12291.56,12291.56,0,8,1,0,1
ACC025330,1,1471.58,1471.58,0,2,1,0,1
ACC025331,1,9128.92,9128.92,0,13,1,0,1
ACC025332,2,4350.86,2175.43,260,3,2,0,2
ACC025333,1,9544.87,9544.87,0,7,1,0,1
ACC025334,1,48200.55,48200.55,0,6,1,0,1
ACC025336,2,101887.54,50943.77,89,22,2,0,1
ACC025337,1,7800.22,7800.22,0,11,1,0,1
ACC025338,1,103039.93,103039.93,0,8,1,0,1
ACC025339,1,5933.5,5933.5,0,2,1,0,1
ACC025341,2,23956.01,11978.01,85,12,2,0,2
ACC025343,1,6654.59,6654.59,0,3,1,0,1
ACC025344,1,68915.41,68915.41,0,8,1,0,1
ACC025348,3,69762.68,23254.23,10,19,3,0,2
ACC025351,1,35735.11,35735.11,0,13,1,0,1
ACC025352,1,65371.21,65371.21,0,8,1,0,1
ACC025354,1,28533.83,28533.83,0,6,1,0,1
ACC025359,1,40748.12,40748.12,0,11,1,0,1
ACC025361,1,15134.61,15134.61,0,8,1,0,1
ACC025362,2,148021.04,74010.52,296,16,2,1,2
ACC025363,1,1748.65,1748.65,0,3,1,0,1
ACC025365,1,34164.41,34164.41,0,13,1,0,1
ACC025366,1,15401.05,15401.05,0,2,1,0,1
ACC025368,1,8721.05,8721.05,0,9,1,1,1
ACC025371,1,37311.19,37311.19,0,13,1,0,1
ACC025373,2,67016.19,33508.1,46,12,2,0,2
ACC025374,1,57519.54,57519.54,0,10,1,1,1
ACC025375,2,43654.4,21827.2,6,20,2,0,2
ACC025376,3,45611.77,15203.92,204,14,3,0,3
ACC025378,1,48941.96,48941.96,0,9,1,0,1
ACC025379,1,7997.06,7997.06,0,7,1,0,1
ACC025380,2,22011.32,11005.66,261,10,2,0,2
ACC025382,1,28204.17,28204.17,0,9,1,0,1
ACC025383,3,94854.29,31618.1,363,23,3,0,3
ACC025384,2,30138.86,15069.43,160,15,2,0,2
ACC025387,1,45070.32,45070.32,0,11,1,0,1
ACC025388,1,47381.09,47381.09,0,1,1,0,1
ACC025390,1,40212.53,40212.53,0,7,1,0,1
ACC025391,2,21879.34,10939.67,22,10,2,0,2
ACC025393,1,42277.36,42277.36,0,7,1,0,1
ACC025394,2,64499.24,32249.62,122,2,2,1,2
ACC025395,1,21827.85,21827.85,0,1,1,0,1
ACC025397,1,21537.85,21537.85,0,5,1,0,1
ACC025398,1,8035.62,8035.62,0,3,1,0,1
ACC025400,1,21393.74,21393.74,0,5,1,0,1
ACC025401,1,158872.73,158872.73,0,9,1,0,1
ACC025402,2,90252.26,45126.13,115,14,2,0,1
ACC025403,1,3673.32,3673.32,0,1,1,0,1
ACC025405,1,42964.71,42964.71,0,10,1,0,1
ACC025406,1,49977.06,49977.06,0,11,1,0,1
ACC025407,2,14028.75,7014.38,104,6,2,0,2
ACC025410,2,80080.8,40040.4,273,8,2,0,2
ACC025411,2,14787.91,7393.95,120,16,2,0,2
ACC025412,1,68112.88,68112.88,0,6,1,0,1
ACC025413,1,85303.45,85303.45,0,8,1,0,1
ACC025416,2,28753.68,14376.84,70,22,2,0,2
ACC025417,1,5123.9,5123.9,0,14,1,0,1
ACC025418,1,73074.16,73074.16,0,7,1,0,1
ACC025420,1,9169.26,9169.26,0,14,1,0,1
ACC025421,1,682.15,682.15,0,14,1,0,1
ACC025422,1,78370.65,78370.65,0,4,1,0,1
ACC025423,1,11009.11,11009.11,0,4,1,0,1
ACC025424,1,25492.11,25492.11,0,10,1,0,1
ACC025425,1,18198.73,18198.73,0,13,1,0,1
ACC025426,1,4035.38,4035.38,0,12,1,0,1
ACC025427,1,17910.91,17910.91,0,10,1,0,1
ACC025428,1,3590.2,3590.2,0,7,1,0,1
ACC025430,2,142772.29,71386.15,102,26,2,0,2
ACC025431,1,61687.61,61687.61,0,3,1,0,1
ACC025432,2,123223.29,61611.65,274,11,2,0,2
ACC025434,2,40111.65,20055.83,40,12,2,0,2
ACC025436,1,10376.62,10376.62,0,3,1,0,1
ACC025442,2,90371.45,45185.72,125,9,2,0,2
ACC025443,1,16535.91,16535.91,0,11,1,0,1
ACC025446,1,62071.39,62071.39,0,9,1,0,1
ACC025451,4,84939.45,21234.86,133,25,4,0,3
ACC025452,1,4325.21,4325.21,0,11,1,0,1
ACC025453,1,7999.28,7999.28,0,10,1,0,1
ACC025454,2,41853.85,20926.93,171,25,2,0,2
ACC025456,2,8830.07,4415.03,65,8,2,0,2
ACC025457,2,46904.33,23452.17,95,21,2,1,2
ACC025458,1,35871.51,35871.51,0,5,1,0,1
ACC025459,2,53244.01,26622.01,24,16,2,0,2
ACC025460,1,7652.14,7652.14,0,7,1,0,1
ACC025461,2,72170.96,36085.48,26,14,2,0,2
ACC025462,1,17365.6,17365.6,0,8,1,0,1
ACC025463,1,2484.77,2484.77,0,10,1,0,1
ACC025465,1,19629.27,19629.27,0,12,1,0,1
ACC025467,1,38647.56,38647.56,0,3,1,0,1
ACC025469,1,55815.89,55815.89,0,8,1,0,1
ACC025470,1,40660.97,40660.97,0,2,1,0,1
ACC025471,2,19342.39,9671.19,254,10,2,0,2
ACC025472,2,73329.53,36664.76,231,8,2,0,1
ACC025473,3,71204.0,23734.67,291,24,3,1,3
ACC025474,2,17543.22,8771.61,58,16,2,0,2
ACC025475,2,81248.46,40624.23,419,18,2,1,1
ACC025478,1,19716.2,19716.2,0,5,1,0,1
ACC025479,2,85498.22,42749.11,21,15,2,0,2
ACC025482,1,12381.86,12381.86,0,12,1,0,1
ACC025483,1,25051.31,25051.31,0,7,1,0,1
ACC025484,1,3545.03,3545.03,0,13,1,0,1
ACC025485,1,9506.46,9506.46,0,7,1,0,1
ACC025487,1,11519.25,11519.25,0,8,1,0,1
ACC025489,3,20407.83,6802.61,53,21,3,0,2
ACC025493,1,40117.67,40117.67,0,12,1,0,1
ACC025495,1,31775.77,31775.77,0,2,1,0,1
ACC025496,3,133650.88,44550.29,325,29,3,0,2
ACC025497,2,56439.87,28219.94,5,11,2,0,2
ACC025498,1,7256.67,7256.67,0,2,1,0,1
ACC025500,3,87117.42,29039.14,181,15,3,0,2
ACC025501,1,16280.08,16280.08,0,8,1,1,1
ACC025503,1,13549.01,13549.01,0,13,1,1,1
ACC025509,2,129665.36,64832.68,419,22,2,1,2
ACC025510,1,46695.86,46695.86,0,13,1,0,1
ACC025511,2,58036.96,29018.48,172,22,2,0,2
ACC025514,1,3422.38,3422.38,0,6,1,0,1
ACC025515,1,1656.36,1656.36,0,14,1,0,1
ACC025516,1,51906.62,51906.62,0,2,1,0,1
ACC025517,1,16159.83,16159.83,0,6,1,0,1
ACC025518,2,60169.39,30084.69,233,17,2,0,2
ACC025520,1,10502.22,10502.22,0,12,1,0,1
ACC025524,2,51748.01,25874.01,83,15,2,0,2
ACC025525,1,9848.01,9848.01,0,7,1,0,1
ACC025529,1,35581.37,35581.37,0,1,1,0,1
ACC025530,2,5789.03,2894.51,112,24,2,0,2
ACC025531,1,23379.6,23379.6,0,10,1,0,1
ACC025532,1,22018.27,22018.27,0,9,1,0,1
ACC025533,1,48003.76,48003.76,0,2,1,0,1
ACC025534,1,9542.6,9542.6,0,4,1,0,1
ACC025535,2,69574.91,34787.46,131,9,2,0,2
ACC025543,1,53116.54,53116.54,0,9,1,0,1
ACC025544,4,104958.5,26239.62,287,36,4,0,4
ACC025547,1,27727.64,27727.64,0,12,1,0,1
ACC025548,1,6835.05,6835.05,0,6,1,0,1
ACC025550,1,1424.59,1424.59,0,13,1,0,1
ACC025551,1,4774.79,4774.79,0,6,1,0,1
ACC025553,1,10200.35,10200.35,0,3,1,0,1
ACC025554,1,13933.59,13933.59,0,11,1,0,1
ACC025556,1,9008.65,9008.65,0,7,1,0,1
ACC025558,4,122702.19,30675.55,366,37,4,0,2
ACC025561,1,59977.2,59977.2,0,5,1,0,1
ACC025562,1,117937.53,117937.53,0,12,1,0,1
ACC025563,4,128597.89,32149.47,264,34,4,1,2
ACC025564,2,41816.07,20908.03,17,9,2,0,2
ACC025566,1,64525.14,64525.14,0,2,1,0,1
ACC025568,1,13504.32,13504.32,0,9,1,0,1
ACC025569,1,2476.84,2476.84,0,2,1,0,1
ACC025570,1,31810.62,31810.62,0,1,1,0,1
ACC025571,1,8568.02,8568.02,0,4,1,0,1
ACC025573,1,10263.92,10263.92,0,14,1,0,1
ACC025575,1,37886.06,37886.06,0,14,1,0,1
ACC025577,1,4488.89,4488.89,0,5,1,0,1
ACC025578,1,2766.75,2766.75,0,8,1,0,1
ACC025580,1,13117.08,13117.08,0,4,1,0,1
ACC025583,1,40584.6,40584.6,0,2,1,0,1
ACC025585,1,19652.96,19652.96,0,5,1,0,1
ACC025586,2,40980.58,20490.29,110,13,2,0,2
ACC025590,2,52392.55,26196.27,137,20,2,0,2
ACC025594,3,89612.13,29870.71,244,14,3,0,3
ACC025596,1,72571.87,72571.87,0,14,1,0,1
ACC025605,1,3244.33,3244.33,0,5,1,0,1
ACC025607,1,4844.72,4844.72,0,1,1,0,1
ACC025608,1,16962.48,16962.48,0,12,1,0,1
ACC025609,1,2452.05,2452.05,0,10,1,0,1
ACC025610,2,76429.39,38214.69,25,11,2,0,2
ACC025613,1,22062.58,22062.58,0,6,1,0,1
ACC025614,1,3291.32,3291.32,0,8,1,0,1
ACC025615,1,12734.36,12734.36,0,5,1,0,1
ACC025616,1,63624.26,63624.26,0,9,1,0,1
ACC025617,1,39012.48,39012.48,0,10,1,0,1
ACC025618,1,7344.99,7344.99,0,13,1,0,1
ACC025619,3,59558.22,19852.74,198,22,3,0,3
ACC025620,1,32372.71,32372.71,0,5,1,0,1
ACC025621,2,86823.52,43411.76,293,12,2,0,2
ACC025622,2,79123.12,39561.56,291,24,2,0,1
ACC025623,3,132192.59,44064.2,36,23,3,0,3
ACC025624,3,103302.86,34434.29,375,30,3,0,3
ACC025625,2,52324.16,26162.08,93,14,2,0,2
ACC025626,1,17008.35,17008.35,0,13,1,0,1
ACC025629,1,10195.04,10195.04,0,7,1,0,1
ACC025630,1,15489.93,15489.93,0,12,1,0,1
ACC025631,2,35854.8,17927.4,7,18,2,0,2
ACC025634,1,41226.07,41226.07,0,14,1,0,1
ACC025635,2,3917.28,1958.64,365,15,2,0,2
ACC025636,2,84233.02,42116.51,12,16,2,0,2
ACC025639,1,17134.95,17134.95,0,1,1,0,1
ACC025640,2,51215.22,25607.61,46,17,2,0,2
ACC025641,1,7591.79,7591.79,0,2,1,0,1
ACC025644,2,32083.47,16041.74,225,17,2,1,1
ACC025646,4,162390.36,40597.59,121,29,4,0,3
ACC025647,2,13187.21,6593.6,24,18,2,0,2
ACC025648,3,48990.99,16330.33,312,26,3,0,3
ACC025649,2,97345.04,48672.52,169,12,2,1,2
ACC025650,1,2556.73,2556.73,0,3,1,0,1
ACC025654,1,18565.37,18565.37,0,1,1,0,1
ACC025655,1,58522.34,58522.34,0,2,1,0,1
ACC025657,1,9559.46,9559.46,0,14,1,0,1
ACC025661,2,60433.05,30216.52,192,20,2,0,2
ACC025664,1,8766.76,8766.76,0,14,1,0,1
ACC025666,1,35426.65,35426.65,0,5,1,0,1
ACC025668,2,68193.15,34096.57,1,13,2,0,2
ACC025669,1,5388.47,5388.47,0,6,1,0,1
ACC025670,2,21797.99,10898.99,168,10,2,0,2
ACC025671,2,67134.38,33567.19,216,20,2,0,1
ACC025672,1,976.11,976.11,0,13,1,0,1
ACC025674,3,37351.34,12450.45,294,28,3,0,1
ACC025676,1,21759.96,21759.96,0,14,1,0,1
ACC025677,1,23283.42,23283.42,0,9,1,0,1
ACC025678,2,18849.53,9424.76,125,18,2,0,2
ACC025679,2,56259.35,28129.67,24,9,2,0,1
ACC025680,1,31210.97,31210.97,0,14,1,0,1
ACC025681,1,22374.37,22374.37,0,4,1,0,1
ACC025683,2,20595.52,10297.76,152,17,2,0,2
ACC025687,2,44468.62,22234.31,34,16,2,0,2
ACC025688,1,4251.03,4251.03,0,1,1,0,1
ACC025689,1,17482.02,17482.02,0,9,1,0,1
ACC025692,3,37159.38,12386.46,27,26,3,0,2
ACC025693,1,42585.27,42585.27,0,4,1,0,1
ACC025697,3,144779.61,48259.87,404,24,3,1,3
ACC025698,2,27610.71,13805.35,254,15,2,0,2
ACC025699,1,19107.96,19107.96,0,3,1,0,1
ACC025700,2,30845.86,15422.93,355,16,2,1,2
ACC025701,1,50979.24,50979.24,0,1,1,0,1
ACC025702,3,80821.21,26940.4,158,33,3,0,2
ACC025703,1,48432.61,48432.61,0,2,1,0,1
ACC025704,1,12097.41,12097.41,0,1,1,0,1
ACC025705,1,3229.48,3229.48,0,7,1,0,1
ACC025706,1,28307.78,28307.78,0,2,1,0,1
ACC025708,1,14358.5,14358.5,0,1,1,0,1
ACC025709,1,12243.2,12243.2,0,7,1,0,1
ACC025711,1,10706.4,10706.4,0,11,1,0,1
ACC025712,1,13654.07,13654.07,0,13,1,1,1
ACC025713,3,67484.45,22494.82,312,22,3,1,2
ACC025714,1,8823.11,8823.11,0,5,1,0,1
ACC025715,1,37426.34,37426.34,0,9,1,0,1
ACC025716,1,4806.87,4806.87,0,2,1,0,1
ACC025717,2,34336.87,17168.43,411,11,2,1,2
ACC025719,1,2196.1,2196.1,0,11,1,0,1
ACC025721,2,49872.99,24936.5,281,20,2,0,2
ACC025723,2,59696.8,29848.4,16,17,2,0,1
ACC025724,3,133707.19,44569.06,141,35,3,0,2
ACC025725,2,35962.14,17981.07,133,15,2,0,1
ACC025728,1,44619.07,44619.07,0,9,1,0,1
ACC025730,2,52688.31,26344.15,190,5,2,0,2
ACC025731,1,12377.66,12377.66,0,13,1,1,1
ACC025733,1,12143.27,12143.27,0,14,1,0,1
ACC025735,4,70543.38,17635.85,220,35,4,0,3
ACC025740,3,41759.18,13919.73,190,4,3,0,3
ACC025741,1,40442.61,40442.61,0,7,1,1,1
ACC025743,3,71479.23,23826.41,406,12,3,1,3
ACC025744,1,55428.07,55428.07,0,6,1,1,1
ACC025745,1,15235.58,15235.58,0,10,1,0,1
ACC025746,1,43914.37,43914.37,0,6,1,0,1
ACC025747,2,30055.83,15027.92,7,13,2,0,2
ACC025749,1,633.99,633.99,0,3,1,0,1
ACC025750,4,102788.45,25697.11,337,24,4,0,4
ACC025751,1,12083.07,12083.07,0,11,1,0,1
ACC025752,1,41563.37,41563.37,0,1,1,0,1
ACC025753,5,193956.9,38791.38,273,39,5,0,5
ACC025754,1,35242.37,35242.37,0,11,1,0,1
ACC025755,2,155427.68,77713.84,139,17,2,0,1
ACC025756,1,7528.79,7528.79,0,6,1,0,1
ACC025760,2,82470.45,41235.22,269,16,2,0,2
ACC025764,2,48429.75,24214.88,15,19,2,0,2
ACC025765,4,67845.21,16961.3,260,38,4,0,4
ACC025766,1,4244.08,4244.08,0,11,1,0,1
ACC025769,1,25896.85,25896.85,0,13,1,0,1
ACC025771,1,58150.56,58150.56,0,14,1,0,1
ACC025772,1,14473.93,14473.93,0,6,1,0,1
ACC025773,1,30855.92,30855.92,0,2,1,0,1
ACC025774,2,15832.32,7916.16,200,12,2,0,2
ACC025777,1,1331.9,1331.9,0,12,1,0,1
ACC025778,1,91605.46,91605.46,0,8,1,0,1
ACC025779,2,40205.79,20102.9,178,16,2,0,2
ACC025782,1,41915.65,41915.65,0,14,1,0,1
ACC025783,1,39527.29,39527.29,0,2,1,0,1
ACC025784,3,110176.01,36725.34,196,17,3,0,3
ACC025785,1,20175.61,20175.61,0,5,1,0,1
ACC025787,1,16081.34,16081.34,0,1,1,0,1
ACC025788,1,9366.88,9366.88,0,12,1,0,1
ACC025789,2,12147.61,6073.81,55,15,2,0,2
ACC025790,1,10023.41,10023.41,0,7,1,0,1
ACC025791,1,3740.86,3740.86,0,12,1,0,1
ACC025792,3,129324.12,43108.04,201,30,3,0,2
ACC025794,2,30845.65,15422.83,104,18,2,0,2
ACC025795,1,2832.88,2832.88,0,3,1,0,1
ACC025796,2,21620.0,10810.0,66,10,2,0,1
ACC025797,1,75806.02,75806.02,0,11,1,0,1
ACC025798,3,65755.0,21918.33,370,25,3,0,3
ACC025799,2,12598.8,6299.4,53,17,2,0,1
ACC025800,2,15680.1,7840.05,47,17,2,0,2
ACC025801,1,44277.36,44277.36,0,4,1,0,1
ACC025802,2,31148.33,15574.17,35,10,2,0,2
ACC025803,1,21224.98,21224.98,0,5,1,0,1
ACC025804,4,66202.13,16550.53,364,27,4,0,4
ACC025806,2,29636.43,14818.22,57,13,2,0,2
ACC025807,3,44685.13,14895.04,180,21,3,0,2
ACC025809,1,41175.22,41175.22,0,13,1,0,1
ACC025811,1,10127.52,10127.52,0,10,1,0,1
ACC025813,2,35761.71,17880.85,278,16,2,0,2
ACC025818,2,36141.57,18070.78,41,5,2,0,2
ACC025820,1,9633.2,9633.2,0,4,1,0,1
ACC025821,2,172247.97,86123.99,425,14,2,1,1
ACC025823,1,29380.95,29380.95,0,10,1,0,1
ACC025824,1,16305.52,16305.52,0,14,1,0,1
ACC025825,3,55526.65,18508.88,332,16,3,0,2
ACC025826,2,26674.99,13337.49,241,13,2,0,2
ACC025827,1,68891.01,68891.01,0,14,1,0,1
ACC025828,3,24248.96,8082.99,95,12,3,0,2
ACC025829,2,93478.82,46739.41,188,22,2,0,1
ACC025830,1,2660.16,2660.16,0,2,1,0,1
ACC025831,1,54682.98,54682.98,0,6,1,0,1
ACC025832,2,40189.95,20094.97,104,19,2,0,1
ACC025835,1,1500.22,1500.22,0,4,1,0,1
ACC025837,2,6417.96,3208.98,217,15,2,0,2
ACC025838,1,20038.33,20038.33,0,14,1,0,1
ACC025839,1,16358.36,16358.36,0,11,1,0,1
ACC025842,1,202463.57,202463.57,0,5,1,0,1
ACC025844,2,32233.49,16116.74,64,24,2,0,2
ACC025846,1,32877.04,32877.04,0,7,1,1,1
ACC025847,1,5963.97,5963.97,0,2,1,0,1
ACC025849,1,25575.47,25575.47,0,12,1,0,1
ACC025853,2,93280.37,46640.18,97,11,2,0,2
ACC025854,1,23419.34,23419.34,0,5,1,0,1
ACC025856,1,91094.1,91094.1,0,10,1,0,1
ACC025857,1,6310.48,6310.48,0,14,1,0,1
ACC025858,1,26049.91,26049.91,0,9,1,0,1
ACC025859,2,36297.37,18148.68,24,23,2,0,2
ACC025860,1,13497.88,13497.88,0,13,1,0,1
ACC025861,1,5819.39,5819.39,0,12,1,0,1
ACC025862,4,83312.81,20828.2,214,23,4,0,4
ACC025863,1,2635.19,2635.19,0,3,1,0,1
ACC025867,2,118698.45,59349.23,20,17,2,0,2
ACC025869,1,22163.52,22163.52,0,14,1,0,1
ACC025870,2,90520.55,45260.28,57,16,2,0,2
ACC025871,2,86281.78,43140.89,97,9,2,0,2
ACC025873,1,45466.86,45466.86,0,2,1,0,1
ACC025874,1,41109.11,41109.11,0,6,1,0,1
ACC025876,2,10255.2,5127.6,57,21,2,0,2
ACC025877,1,6769.31,6769.31,0,5,1,1,1
ACC025880,1,14323.95,14323.95,0,11,1,0,1
ACC025881,1,36115.34,36115.34,0,7,1,0,1
ACC025884,1,23564.92,23564.92,0,2,1,0,1
ACC025885,1,3477.93,3477.93,0,14,1,0,1
ACC025886,2,37151.17,18575.58,236,19,2,0,1
ACC025887,1,23944.4,23944.4,0,3,1,0,1
ACC025892,1,1868.74,1868.74,0,12,1,0,1
ACC025893,2,14858.55,7429.27,6,10,2,0,2
ACC025895,2,44921.58,22460.79,64,11,2,0,2
ACC025896,1,22777.26,22777.26,0,12,1,0,1
ACC025899,1,45499.15,45499.15,0,11,1,0,1
ACC025901,2,32112.02,16056.01,81,8,2,0,2
ACC025902,2,16197.95,8098.97,0,14,2,0,2
ACC025903,1,48183.72,48183.72,0,1,1,0,1
ACC025904,1,45482.72,45482.72,0,5,1,1,1
ACC025905,2,52785.41,26392.71,49,4,2,0,2
ACC025906,1,66343.0,66343.0,0,5,1,0,1
ACC025907,1,18334.99,18334.99,0,13,1,0,1
ACC025908,2,53785.8,26892.9,333,14,2,0,2
ACC025909,2,21757.09,10878.55,210,21,2,0,2
ACC025910,2,122701.9,61350.95,253,20,2,1,2
ACC025911,4,71214.53,17803.63,217,20,4,0,3
ACC025912,2,86819.21,43409.6,61,7,2,0,2
ACC025913,1,1465.05,1465.05,0,3,1,0,1
ACC025914,1,10863.59,10863.59,0,10,1,0,1
ACC025915,1,24121.72,24121.72,0,3,1,0,1
ACC025916,1,11747.48,11747.48,0,3,1,0,1
ACC025917,2,152557.94,76278.97,347,15,2,1,2
ACC025918,1,60788.1,60788.1,0,8,1,0,1
ACC025919,1,8568.92,8568.92,0,3,1,0,1
ACC025920,2,39243.22,19621.61,54,10,2,0,2
ACC025922,2,20836.23,10418.11,334,6,2,0,1
ACC025923,4,124207.59,31051.9,267,30,4,0,3
ACC025924,2,10402.05,5201.02,18,21,2,2,2
ACC025925,1,1134.65,1134.65,0,9,1,0,1
ACC025926,1,8258.16,8258.16,0,9,1,0,1
ACC025927,2,42679.84,21339.92,108,11,2,0,2
ACC025931,1,4395.96,4395.96,0,1,1,0,1
ACC025932,1,9989.8,9989.8,0,6,1,0,1
ACC025933,1,24857.73,24857.73,0,11,1,0,1
ACC025936,2,16014.36,8007.18,164,7,2,0,2
ACC025937,1,25020.35,25020.35,0,10,1,0,1
ACC025938,2,81678.38,40839.19,25,8,2,0,2
ACC025939,2,32423.64,16211.82,60,20,2,1,2
ACC025942,1,68538.55,68538.55,0,9,1,0,1
ACC025943,1,23956.05,23956.05,0,2,1,0,1
ACC025944,2,13316.36,6658.18,341,22,2,0,1
ACC025945,3,45441.57,15147.19,130,18,3,0,3
ACC025946,3,72333.48,24111.16,296,32,3,1,3
ACC025947,1,28379.81,28379.81,0,3,1,0,1
ACC025949,3,85072.65,28357.55,309,21,3,0,2
ACC025950,2,56118.85,28059.42,41,5,2,1,2
ACC025951,1,631.87,631.87,0,10,1,0,1
ACC025952,3,70567.29,23522.43,167,20,3,0,2
ACC025953,1,19288.52,19288.52,0,7,1,0,1
ACC025954,2,49106.9,24553.45,275,17,2,0,1
ACC025956,1,5972.68,5972.68,0,14,1,0,1
ACC025957,1,29794.37,29794.37,0,4,1,0,1
ACC025960,4,188622.2,47155.55,249,29,4,1,3
ACC025962,1,54398.43,54398.43,0,6,1,0,1
ACC025963,1,37072.08,37072.08,0,1,1,0,1
ACC025965,2,56239.66,28119.83,204,25,2,0,2
ACC025966,1,58803.57,58803.57,0,5,1,0,1
ACC025967,1,15823.86,15823.86,0,7,1,0,1
ACC025970,1,9622.64,9622.64,0,7,1,0,1
ACC025971,2,68485.41,34242.71,156,12,2,0,2
ACC025973,2,79163.13,39581.57,17,19,2,0,2
ACC025974,2,59092.55,29546.28,222,14,2,0,1
ACC025975,2,45157.93,22578.96,45,10,2,0,1
ACC025976,1,43457.48,43457.48,0,14,1,1,1
ACC025979,2,63353.2,31676.6,219,12,2,0,1
ACC025980,1,29867.9,29867.9,0,14,1,0,1
ACC025982,1,9878.27,9878.27,0,2,1,1,1
ACC025985,1,103356.69,103356.69,0,10,1,0,1
ACC025986,1,12230.75,12230.75,0,14,1,0,1
ACC025990,1,38716.67,38716.67,0,7,1,0,1
ACC025991,1,31467.4,31467.4,0,1,1,0,1
ACC025992,4,94862.63,23715.66,353,31,4,0,4
ACC025993,1,10022.74,10022.74,0,8,1,0,1
ACC025994,2,76744.15,38372.08,211,15,2,0,2
ACC025995,1,11357.42,11357.42,0,5,1,0,1
ACC025997,2,48935.35,24467.68,209,12,2,0,2
ACC025998,1,30352.17,30352.17,0,6,1,0,1
ACC025999,2,141236.16,70618.08,134,9,2,0,2
ACC026000,1,30481.4,30481.4,0,11,1,0,1
ACC026001,1,5648.93,5648.93,0,12,1,0,1
ACC026002,2,19971.94,9985.97,4,25,2,0,2
ACC026004,1,32304.14,32304.14,0,2,1,0,1
ACC026005,3,88395.79,29465.26,135,31,3,0,3
ACC026006,1,135241.67,135241.67,0,8,1,0,1
ACC026007,3,13687.95,4562.65,287,22,3,0,3
ACC026008,1,92534.58,92534.58,0,6,1,1,1
ACC026009,3,63472.22,21157.41,50,19,3,0,2
ACC026010,1,38881.1,38881.1,0,5,1,0,1
ACC026011,1,4629.54,4629.54,0,4,1,0,1
ACC026014,2,84048.12,42024.06,18,19,2,0,2
ACC026015,1,3264.77,3264.77,0,9,1,0,1
ACC026018,2,52777.0,26388.5,242,4,2,1,1
ACC026021,2,35767.9,17883.95,406,8,2,1,2
ACC026022,1,21321.87,21321.87,0,9,1,0,1
ACC026024,1,15528.67,15528.67,0,7,1,0,1
ACC026025,2,45291.99,22646.0,25,15,2,0,2
ACC026027,1,11524.85,11524.85,0,12,1,0,1
ACC026030,1,25477.93,25477.93,0,13,1,0,1
ACC026031,1,47836.93,47836.93,0,10,1,0,1
ACC026033,3,43017.8,14339.27,299,17,3,0,3
ACC026034,1,9955.53,9955.53,0,14,1,1,1
ACC026035,1,33740.26,33740.26,0,1,1,0,1
ACC026036,1,4518.8,4518.8,0,10,1,0,1
ACC026037,1,18870.54,18870.54,0,8,1,0,1
ACC026038,2,20070.83,10035.42,31,22,2,0,2
ACC026040,1,50961.44,50961.44,0,10,1,0,1
ACC026042,1,18497.97,18497.97,0,3,1,0,1
ACC026044,1,9396.06,9396.06,0,11,1,0,1
ACC026045,1,1989.99,1989.99,0,2,1,0,1
ACC026046,2,72325.01,36162.51,111,5,2,0,2
ACC026049,1,9882.38,9882.38,0,12,1,0,1
ACC026050,1,17790.85,17790.85,0,8,1,0,1
ACC026053,1,24996.49,24996.49,0,4,1,0,1
ACC026054,1,39939.16,39939.16,0,4,1,0,1
ACC026056,2,25877.61,12938.81,35,16,2,0,2
ACC026058,2,42503.32,21251.66,142,18,2,0,2
ACC026059,1,39812.81,39812.81,0,8,1,0,1
ACC026060,1,7372.14,7372.14,0,5,1,0,1
ACC026061,2,62545.32,31272.66,33,23,2,0,2
ACC026062,1,16774.31,16774.31,0,5,1,0,1
ACC026063,1,5375.81,5375.81,0,9,1,0,1
ACC026064,3,79475.66,26491.89,179,24,3,0,2
ACC026065,1,117581.32,117581.32,0,4,1,0,1
ACC026066,1,8046.44,8046.44,0,5,1,0,1
ACC026067,1,53108.75,53108.75,0,5,1,0,1
ACC026068,1,8616.33,8616.33,0,1,1,0,1
ACC026069,1,20013.14,20013.14,0,11,1,0,1
ACC026074,2,45272.12,22636.06,116,12,2,0,2
ACC026076,1,8766.01,8766.01,0,12,1,0,1
ACC026080,2,18564.07,9282.03,180,26,2,0,2
ACC026081,1,10847.29,10847.29,0,12,1,0,1
ACC026082,2,21234.28,10617.14,262,12,2,1,2
ACC026083,2,101904.52,50952.26,168,24,2,0,2
ACC026084,2,3958.12,1979.06,149,12,2,0,2
ACC026085,3,181301.11,60433.7,353,24,3,0,2
ACC026086,1,41391.71,41391.71,0,1,1,0,1
ACC026087,1,28765.18,28765.18,0,1,1,0,1
ACC026088,2,57501.51,28750.75,49,14,2,0,2
ACC026089,1,16750.42,16750.42,0,6,1,0,1
ACC026090,1,30762.65,30762.65,0,11,1,0,1
ACC026091,1,60017.61,60017.61,0,12,1,0,1
ACC026092,1,13930.65,13930.65,0,5,1,1,1
ACC026093,2,16389.66,8194.83,29,18,2,0,2
ACC026094,2,44387.74,22193.87,77,12,2,1,2
ACC026095,3,48344.19,16114.73,156,14,3,0,3
ACC026098,2,118348.93,59174.46,80,16,2,0,2
ACC026101,1,7422.46,7422.46,0,1,1,1,1
ACC026104,1,18614.95,18614.95,0,5,1,0,1
ACC026106,2,16328.28,8164.14,170,17,2,0,2
ACC026107,1,20823.87,20823.87,0,10,1,0,1
ACC026108,2,67060.32,33530.16,40,18,2,0,1
ACC026110,1,49385.54,49385.54,0,13,1,1,1
ACC026113,2,20879.11,10439.56,245,23,2,1,2
ACC026114,1,3827.56,3827.56,0,10,1,0,1
ACC026117,1,54668.2,54668.2,0,14,1,0,1
ACC026118,2,71364.86,35682.43,39,16,2,0,2
ACC026121,1,46642.42,46642.42,0,8,1,0,1
ACC026122,1,12452.93,12452.93,0,12,1,0,1
ACC026123,1,13648.63,13648.63,0,6,1,0,1
ACC026124,2,12617.27,6308.64,99,14,2,0,2
ACC026126,2,21421.95,10710.97,31,22,2,0,2
ACC026127,1,639.91,639.91,0,13,1,0,1
ACC026129,2,41734.49,20867.25,262,17,2,0,2
ACC026130,1,77685.9,77685.9,0,9,1,0,1
ACC026131,2,68818.82,34409.41,79,13,2,0,1
ACC026132,1,26394.92,26394.92,0,2,1,0,1
ACC026135,2,64606.72,32303.36,34,11,2,0,2
ACC026136,1,20489.72,20489.72,0,4,1,0,1
ACC026137,1,9246.52,9246.52,0,10,1,0,1
ACC026140,3,39007.91,13002.64,71,32,3,1,2
ACC026141,2,35695.5,17847.75,33,26,2,0,2
ACC026142,1,7934.88,7934.88,0,5,1,0,1
ACC026143,3,65687.88,21895.96,345,38,3,1,2
ACC026144,1,12587.02,12587.02,0,9,1,0,1
ACC026147,1,19822.65,19822.65,0,12,1,1,1
ACC026149,1,13139.79,13139.79,0,5,1,0,1
ACC026150,1,57184.29,57184.29,0,9,1,0,1
ACC026151,1,20645.85,20645.85,0,12,1,1,1
ACC026152,1,54509.15,54509.15,0,11,1,0,1
ACC026158,1,2665.7,2665.7,0,1,1,0,1
ACC026159,2,73972.97,36986.49,192,9,2,1,2
ACC026160,1,65762.06,65762.06,0,13,1,0,1
ACC026162,2,49188.26,24594.13,242,12,2,0,2
ACC026164,1,4507.02,4507.02,0,4,1,0,1
ACC026165,1,13553.93,13553.93,0,8,1,0,1
ACC026166,1,104018.4,104018.4,0,3,1,0,1
ACC026167,1,73696.07,73696.07,0,11,1,0,1
ACC026168,1,25345.26,25345.26,0,4,1,0,1
ACC026169,1,19260.58,19260.58,0,13,1,0,1
ACC026171,1,8554.0,8554.0,0,12,1,0,1
ACC026173,1,2452.37,2452.37,0,14,1,1,1
ACC026175,2,34368.77,17184.38,140,17,2,0,1
ACC026176,2,37740.07,18870.03,231,16,2,0,2
ACC026178,1,3123.51,3123.51,0,10,1,1,1
ACC026183,1,11528.95,11528.95,0,13,1,0,1
ACC026184,3,54398.58,18132.86,100,34,3,0,2
ACC026188,1,15785.48,15785.48,0,2,1,0,1
ACC026189,1,14497.14,14497.14,0,11,1,0,1
ACC026190,1,6027.86,6027.86,0,14,1,0,1
ACC026193,2,65325.24,32662.62,21,13,2,1,2
ACC026195,1,2307.96,2307.96,0,8,1,1,1
ACC026197,1,45157.92,45157.92,0,2,1,0,1
ACC026200,6,145564.68,24260.78,389,48,6,0,5
ACC026201,1,21004.38,21004.38,0,9,1,0,1
ACC026203,1,31504.97,31504.97,0,12,1,0,1
ACC026204,2,20120.78,10060.39,308,18,2,1,2
ACC026208,1,4372.72,4372.72,0,11,1,0,1
ACC026209,3,40502.92,13500.97,443,20,3,1,3
ACC026212,1,2214.45,2214.45,0,2,1,0,1
ACC026216,2,78364.62,39182.31,257,12,2,0,1
ACC026217,1,98695.72,98695.72,0,3,1,0,1
ACC026218,1,6799.05,6799.05,0,7,1,0,1
ACC026220,2,126122.79,63061.39,286,23,2,0,2
ACC026221,2,27749.01,13874.5,328,14,2,0,2
ACC026223,1,6298.2,6298.2,0,8,1,0,1
ACC026225,2,75773.47,37886.74,184,17,2,0,2
ACC026226,2,27619.8,13809.9,33,16,2,0,2
ACC026227,2,37036.42,18518.21,114,17,2,0,1
ACC026228,3,45288.13,15096.04,103,15,3,0,3
ACC026232,1,5261.54,5261.54,0,3,1,0,1
ACC026234,1,15324.31,15324.31,0,10,1,0,1
ACC026235,2,74724.05,37362.03,143,17,2,0,2
ACC026239,1,32572.93,32572.93,0,4,1,0,1
ACC026241,1,30186.77,30186.77,0,2,1,0,1
ACC026242,2,4514.38,2257.19,293,23,2,0,2
ACC026243,1,71486.83,71486.83,0,1,1,0,1
ACC026244,3,40949.92,13649.97,249,19,3,0,2
ACC026245,4,129886.15,32471.54,64,25,4,0,3
ACC026248,1,38743.9,38743.9,0,9,1,0,1
ACC026249,1,5349.65,5349.65,0,9,1,0,1
ACC026250,1,155543.88,155543.88,0,5,1,0,1
ACC026251,1,22127.65,22127.65,0,9,1,0,1
ACC026252,2,24985.99,12493.0,20,22,2,1,2
ACC026253,1,21143.62,21143.62,0,10,1,0,1
ACC026254,2,104900.25,52450.12,51,15,2,0,2
ACC026255,3,104762.69,34920.9,345,31,3,0,3
ACC026256,1,43593.5,43593.5,0,4,1,0,1
ACC026257,2,33780.67,16890.33,232,12,2,0,2
ACC026258,1,13084.54,13084.54,0,3,1,0,1
ACC026260,1,12401.14,12401.14,0,5,1,0,1
ACC026261,3,64525.36,21508.45,320,23,3,0,2
ACC026262,1,6934.28,6934.28,0,2,1,0,1
ACC026263,1,99939.25,99939.25,0,5,1,0,1
ACC026264,1,5787.18,5787.18,0,5,1,0,1
ACC026267,1,28718.85,28718.85,0,3,1,0,1
ACC026268,2,48757.68,24378.84,95,24,2,0,2
ACC026269,2,50272.98,25136.49,85,21,2,0,2
ACC026271,2,43397.67,21698.83,117,19,2,0,2
ACC026273,1,2314.48,2314.48,0,7,1,0,1
ACC026275,1,37235.12,37235.12,0,13,1,0,1
ACC026276,1,28437.89,28437.89,0,12,1,0,1
ACC026278,3,97394.68,32464.89,208,21,3,1,3
ACC026279,2,58795.36,29397.68,86,10,2,0,1
ACC026281,1,3631.06,3631.06,0,3,1,0,1
ACC026284,1,28377.27,28377.27,0,3,1,0,1
ACC026285,1,10229.7,10229.7,0,9,1,0,1
ACC026286,2,73149.68,36574.84,273,12,2,0,2
ACC026287,3,120431.48,40143.83,205,23,3,0,3
ACC026289,1,6124.65,6124.65,0,11,1,0,1
ACC026290,2,53693.39,26846.69,74,10,2,1,2
ACC026291,2,94538.01,47269.01,54,9,2,0,2
ACC026293,3,27220.89,9073.63,214,7,3,0,2
ACC026295,2,14825.7,7412.85,313,22,2,0,1
ACC026296,1,901.24,901.24,0,5,1,0,1
ACC026297,4,114131.8,28532.95,311,16,4,0,2
ACC026298,1,1338.59,1338.59,0,11,1,0,1
ACC026299,2,32026.94,16013.47,202,15,2,0,2
ACC026300,2,88431.09,44215.54,77,7,2,1,2
ACC026301,1,52691.3,52691.3,0,12,1,0,1
ACC026302,2,51950.51,25975.26,60,8,2,0,2
ACC026305,1,40026.65,40026.65,0,3,1,0,1
ACC026308,5,93621.09,18724.22,359,36,5,0,4
ACC026309,2,18232.02,9116.01,365,10,2,0,2
ACC026311,1,16043.26,16043.26,0,1,1,0,1
ACC026312,1,18471.83,18471.83,0,6,1,0,1
ACC026313,1,19633.71,19633.71,0,13,1,0,1
ACC026314,3,176585.15,58861.72,233,22,3,0,3
ACC026316,1,39800.55,39800.55,0,6,1,0,1
ACC026318,2,10141.36,5070.68,225,2,2,0,2
ACC026319,3,73656.01,24552.0,64,15,3,0,2
ACC026321,3,96216.95,32072.32,18,31,3,0,2
ACC026328,1,27014.31,27014.31,0,14,1,0,1
ACC026329,1,634.34,634.34,0,5,1,0,1
ACC026334,2,88830.0,44415.0,174,17,2,0,1
ACC026335,1,21619.0,21619.0,0,2,1,0,1
ACC026336,1,18755.95,18755.95,0,2,1,0,1
ACC026343,1,5739.54,5739.54,0,12,1,0,1
ACC026344,1,3961.81,3961.81,0,13,1,0,1
ACC026345,1,69429.27,69429.27,0,5,1,0,1
ACC026348,2,87326.65,43663.32,385,9,2,1,2
ACC026349,1,18272.57,18272.57,0,8,1,0,1
ACC026350,2,39990.27,19995.14,266,14,2,0,2
ACC026352,3,82497.35,27499.12,168,21,3,2,2
ACC026353,4,33147.94,8286.98,169,33,4,0,4
ACC026354,2,43998.16,21999.08,18,10,2,0,1
ACC026355,1,14494.34,14494.34,0,8,1,0,1
ACC026356,1,62207.03,62207.03,0,8,1,0,1
ACC026358,2,26715.43,13357.72,125,15,2,0,2
ACC026359,1,4475.27,4475.27,0,9,1,1,1
ACC026360,2,24236.68,12118.34,115,20,2,0,2
ACC026361,1,49055.57,49055.57,0,9,1,0,1
ACC026362,1,9686.96,9686.96,0,12,1,0,1
ACC026366,3,167461.47,55820.49,239,21,3,0,2
ACC026370,2,60956.23,30478.11,240,14,2,0,2
ACC026371,1,8160.72,8160.72,0,12,1,0,1
ACC026372,2,46926.88,23463.44,294,27,2,0,2
ACC026373,2,44276.99,22138.49,110,18,2,0,2
ACC026376,1,17010.42,17010.42,0,3,1,0,1
ACC026377,2,90697.35,45348.68,246,13,2,0,2
ACC026382,3,28191.85,9397.28,185,15,3,0,2
ACC026383,2,61646.54,30823.27,261,14,2,0,2
ACC026384,1,1150.2,1150.2,0,9,1,0,1
ACC026387,1,36002.89,36002.89,0,12,1,0,1
ACC026388,1,4936.45,4936.45,0,11,1,0,1
ACC026392,2,49358.32,24679.16,52,5,2,0,2
ACC026393,1,7452.54,7452.54,0,9,1,0,1
ACC026394,2,37282.82,18641.41,126,8,2,0,2
ACC026395,3,86079.05,28693.02,159,19,3,0,2
ACC026396,1,5370.02,5370.02,0,4,1,0,1
ACC026399,2,16626.87,8313.43,354,23,2,0,2
ACC026401,1,21964.27,21964.27,0,12,1,0,1
ACC026402,1,38566.77,38566.77,0,2,1,1,1
ACC026403,1,19949.32,19949.32,0,9,1,0,1
ACC026404,1,38744.06,38744.06,0,7,1,0,1
ACC026406,2,136306.63,68153.32,231,14,2,0,2
ACC026411,1,69149.89,69149.89,0,13,1,0,1
ACC026413,2,91856.91,45928.46,22,13,2,0,1
ACC026415,2,14330.57,7165.28,314,23,2,1,1
ACC026416,2,21001.01,10500.51,272,23,2,0,2
ACC026417,1,78152.9,78152.9,0,8,1,0,1
ACC026418,1,59356.18,59356.18,0,8,1,1,1
ACC026419,1,38082.94,38082.94,0,5,1,0,1
ACC026420,3,78503.84,26167.95,335,40,3,1,2
ACC026422,1,20763.27,20763.27,0,9,1,0,1
ACC026426,1,67168.98,67168.98,0,9,1,0,1
ACC026427,2,18599.09,9299.55,61,12,2,0,2
ACC026428,1,20617.8,20617.8,0,11,1,0,1
ACC026429,2,172641.44,86320.72,162,17,2,0,2
ACC026431,1,16551.02,16551.02,0,3,1,1,1
ACC026432,2,114828.22,57414.11,262,22,2,0,2
ACC026433,2,18102.27,9051.14,141,5,2,0,1
ACC026436,2,57269.19,28634.6,71,17,2,0,1
ACC026437,3,66385.76,22128.59,120,15,3,0,3
ACC026438,1,5097.98,5097.98,0,3,1,0,1
ACC026439,1,2750.62,2750.62,0,13,1,0,1
ACC026442,3,37723.05,12574.35,400,25,3,0,3
ACC026443,2,22685.29,11342.65,331,8,2,1,1
ACC026445,1,10262.06,10262.06,0,4,1,0,1
ACC026446,1,5035.99,5035.99,0,14,1,0,1
ACC026447,1,4008.27,4008.27,0,6,1,0,1
ACC026449,1,19656.65,19656.65,0,6,1,0,1
ACC026451,2,52525.81,26262.91,285,18,2,1,2
ACC026453,2,88515.58,44257.79,53,24,2,1,1
ACC026454,1,35924.08,35924.08,0,1,1,0,1
ACC026455,2,9131.41,4565.7,169,4,2,0,1
ACC026456,2,63431.5,31715.75,26,13,2,0,2
ACC026457,3,62083.26,20694.42,382,14,3,0,3
ACC026459,1,1619.73,1619.73,0,10,1,0,1
ACC026460,2,123241.45,61620.73,252,26,2,1,2
ACC026461,1,4671.51,4671.51,0,12,1,0,1
ACC026464,2,65883.72,32941.86,286,18,2,1,2
ACC026465,3,67010.23,22336.74,151,30,3,0,3
ACC026466,2,11016.92,5508.46,206,23,2,0,1
ACC026467,2,62831.85,31415.92,328,19,2,1,2
ACC026468,1,2498.9,2498.9,0,9,1,0,1
ACC026471,2,11342.54,5671.27,409,16,2,1,2
ACC026472,1,28824.96,28824.96,0,11,1,0,1
ACC026473,1,27780.52,27780.52,0,14,1,0,1
ACC026474,1,11746.34,11746.34,0,1,1,0,1
ACC026478,3,59913.32,19971.11,247,14,3,0,3
ACC026481,2,4956.9,2478.45,11,11,2,0,2
ACC026484,1,7907.0,7907.0,0,4,1,1,1
ACC026487,1,14378.89,14378.89,0,7,1,0,1
ACC026488,1,22546.39,22546.39,0,14,1,0,1
ACC026489,3,55559.59,18519.86,183,26,3,0,3
ACC026492,3,120000.18,40000.06,148,29,3,0,3
ACC026494,1,8196.63,8196.63,0,6,1,0,1
ACC026495,2,18261.25,9130.62,313,11,2,0,2
ACC026497,2,132427.26,66213.63,80,5,2,0,2
ACC026498,2,42184.4,21092.2,418,21,2,1,2
ACC026499,2,10966.6,5483.3,306,16,2,0,2
ACC026500,3,218859.72,72953.24,303,21,3,0,1
ACC026501,1,4334.49,4334.49,0,1,1,0,1
ACC026502,3,31767.09,10589.03,413,28,3,1,2
ACC026503,1,12286.69,12286.69,0,14,1,0,1
ACC026504,4,77570.28,19392.57,168,29,4,0,3
ACC026505,1,34938.01,34938.01,0,9,1,0,1
ACC026506,1,9574.83,9574.83,0,4,1,0,1
ACC026507,2,76769.4,38384.7,222,11,2,0,1
ACC026508,1,88106.27,88106.27,0,14,1,1,1
ACC026510,1,10920.96,10920.96,0,14,1,0,1
ACC026511,2,20420.69,10210.34,13,19,2,1,2
ACC026512,2,95925.66,47962.83,233,10,2,0,2
ACC026513,2,171022.98,85511.49,7,26,2,0,1
ACC026515,3,68638.25,22879.42,298,26,3,0,3
ACC026517,1,1165.77,1165.77,0,6,1,1,1
ACC026519,1,63424.03,63424.03,0,13,1,0,1
ACC026520,1,4512.32,4512.32,0,3,1,0,1
ACC026521,3,87285.63,29095.21,352,30,3,1,3
ACC026523,1,985.62,985.62,0,4,1,0,1
ACC026524,2,54974.8,27487.4,162,14,2,0,2
ACC026525,2,63961.14,31980.57,155,9,2,0,2
ACC026526,1,8204.1,8204.1,0,7,1,0,1
ACC026527,1,36886.75,36886.75,0,3,1,0,1
ACC026528,2,29714.2,14857.1,233,26,2,0,1
ACC026529,1,54941.38,54941.38,0,8,1,0,1
ACC026530,1,34738.19,34738.19,0,11,1,0,1
ACC026531,1,24504.11,24504.11,0,11,1,0,1
ACC026532,1,20041.75,20041.75,0,4,1,0,1
ACC026533,1,10564.97,10564.97,0,8,1,0,1
ACC026534,1,17407.85,17407.85,0,8,1,0,1
ACC026535,1,13791.29,13791.29,0,9,1,0,1
ACC026536,2,19473.11,9736.55,132,11,2,1,2
ACC026537,1,7188.1,7188.1,0,8,1,0,1
ACC026539,1,38257.45,38257.45,0,10,1,0,1
ACC026542,1,6963.95,6963.95,0,10,1,0,1
ACC026543,2,22044.13,11022.07,204,19,2,0,2
ACC026545,1,10392.19,10392.19,0,3,1,0,1
ACC026546,1,21944.31,21944.31,0,6,1,0,1
ACC026547,2,86651.19,43325.6,150,17,2,0,2
ACC026548,2,101055.7,50527.85,266,5,2,1,1
ACC026549,1,7279.35,7279.35,0,14,1,0,1
ACC026551,1,16895.85,16895.85,0,9,1,0,1
ACC026552,1,8290.87,8290.87,0,3,1,0,1
ACC026553,2,45437.16,22718.58,16,4,2,0,2
ACC026554,2,20565.53,10282.76,427,9,2,1,2
ACC026556,1,28132.98,28132.98,0,6,1,0,1
ACC026557,2,57427.39,28713.69,29,22,2,0,2
ACC026558,2,58624.26,29312.13,321,12,2,0,1
ACC026560,2,24285.55,12142.78,39,11,2,0,1
ACC026561,1,3642.85,3642.85,0,9,1,0,1
ACC026562,1,51751.52,51751.52,0,1,1,0,1
ACC026565,2,48241.88,24120.94,165,18,2,0,2
ACC026567,1,21763.47,21763.47,0,13,1,0,1
ACC026569,1,5453.44,5453.44,0,14,1,0,1
ACC026570,1,11235.85,11235.85,0,12,1,1,1
ACC026571,1,10332.2,10332.2,0,13,1,0,1
ACC026572,1,34774.72,34774.72,0,1,1,0,1
ACC026573,2,87774.29,43887.15,68,9,2,0,2
ACC026575,1,7112.26,7112.26,0,8,1,0,1
ACC026576,1,13209.3,13209.3,0,11,1,0,1
ACC026578,1,8620.33,8620.33,0,3,1,1,1
ACC026580,2,48047.7,24023.85,134,12,2,0,2
ACC026583,2,76319.37,38159.68,35,17,2,0,2
ACC026584,2,33332.93,16666.47,253,21,2,0,1
ACC026585,1,2191.24,2191.24,0,13,1,0,1
ACC026586,1,5066.63,5066.63,0,9,1,0,1
ACC026588,3,35945.36,11981.79,127,23,3,0,3
ACC026589,1,1438.2,1438.2,0,13,1,0,1
ACC026592,1,1082.59,1082.59,0,6,1,0,1
ACC026593,2,123558.04,61779.02,120,19,2,0,2
ACC026596,1,2989.48,2989.48,0,3,1,0,1
ACC026597,3,91719.68,30573.23,156,18,3,0,2
ACC026599,2,43905.63,21952.82,80,22,2,0,2
ACC026602,1,17836.08,17836.08,0,11,1,0,1
ACC026603,2,74344.81,37172.4,280,18,2,1,2
ACC026605,1,30835.84,30835.84,0,7,1,0,1
ACC026606,2,21254.5,10627.25,7,22,2,0,1
ACC026608,2,51369.92,25684.96,109,22,2,0,2
ACC026609,1,5978.89,5978.89,0,2,1,0,1
ACC026610,1,15365.54,15365.54,0,12,1,0,1
ACC026611,4,151149.37,37787.34,228,28,4,0,3
ACC026612,2,51530.62,25765.31,205,12,2,0,2
ACC026614,3,85319.49,28439.83,266,35,3,0,2
ACC026618,1,31985.99,31985.99,0,5,1,0,1
ACC026620,1,24158.57,24158.57,0,11,1,0,1
ACC026621,1,68159.89,68159.89,0,7,1,1,1
ACC026622,1,15791.9,15791.9,0,14,1,0,1
ACC026624,1,27751.45,27751.45,0,13,1,0,1
ACC026627,3,88913.88,29637.96,102,13,3,0,3
ACC026628,1,77024.04,77024.04,0,12,1,0,1
ACC026629,2,90159.02,45079.51,2,13,2,0,2
ACC026630,3,144949.13,48316.38,259,29,3,0,2
ACC026633,1,32518.38,32518.38,0,10,1,0,1
ACC026635,1,45894.62,45894.62,0,7,1,0,1
ACC026636,1,48795.78,48795.78,0,1,1,0,1
ACC026637,1,20632.15,20632.15,0,6,1,0,1
ACC026640,2,212458.65,106229.32,255,17,2,0,2
ACC026641,1,40387.22,40387.22,0,5,1,0,1
ACC026644,1,6157.95,6157.95,0,7,1,0,1
ACC026645,1,8112.53,8112.53,0,6,1,0,1
ACC026647,1,59760.62,59760.62,0,1,1,0,1
ACC026649,1,78462.54,78462.54,0,7,1,0,1
ACC026650,4,68829.48,17207.37,344,27,4,0,3
ACC026651,2,15507.05,7753.53,128,16,2,0,2
ACC026653,1,2579.24,2579.24,0,9,1,1,1
ACC026654,2,59480.18,29740.09,146,24,2,0,2
ACC026655,2,102895.01,51447.51,178,9,2,0,2
ACC026656,2,45274.48,22637.24,267,13,2,0,2
ACC026657,1,52265.03,52265.03,0,5,1,0,1
ACC026659,2,12476.15,6238.08,9,13,2,0,1
ACC026660,1,95346.65,95346.65,0,6,1,0,1
ACC026662,1,33295.63,33295.63,0,7,1,0,1
ACC026663,1,26641.74,26641.74,0,1,1,0,1
ACC026665,1,6761.89,6761.89,0,2,1,0,1
ACC026666,2,26475.2,13237.6,29,4,2,1,2
ACC026668,1,6561.07,6561.07,0,7,1,0,1
ACC026669,1,5306.61,5306.61,0,13,1,0,1
ACC026671,2,27973.93,13986.97,37,10,2,0,2
ACC026681,3,89853.24,29951.08,230,23,3,0,2
ACC026682,3,20119.06,6706.35,361,23,3,0,2
ACC026683,1,13919.12,13919.12,0,13,1,0,1
ACC026684,1,8540.23,8540.23,0,6,1,0,1
ACC026686,2,32701.84,16350.92,71,13,2,0,2
ACC026687,5,105437.12,21087.42,356,50,5,0,4
ACC026688,1,7945.92,7945.92,0,5,1,0,1
ACC026691,1,18290.79,18290.79,0,1,1,0,1
ACC026693,2,9477.34,4738.67,131,9,2,0,2
ACC026695,1,98208.35,98208.35,0,14,1,0,1
ACC026696,1,7564.71,7564.71,0,7,1,0,1
ACC026698,1,6136.31,6136.31,0,10,1,0,1
ACC026699,2,20186.07,10093.03,284,14,2,1,2
ACC026700,1,57960.02,57960.02,0,9,1,0,1
ACC026701,2,17251.94,8625.97,224,13,2,0,2
ACC026702,2,62358.1,31179.05,101,16,2,0,2
ACC026704,1,4301.51,4301.51,0,10,1,0,1
ACC026705,1,8549.93,8549.93,0,8,1,0,1
ACC026706,1,9534.12,9534.12,0,5,1,0,1
ACC026707,2,26049.18,13024.59,99,8,2,1,2
ACC026710,2,45794.19,22897.1,57,11,2,0,2
ACC026711,1,7173.25,7173.25,0,3,1,0,1
ACC026712,3,16323.77,5441.26,237,11,3,0,2
ACC026718,3,57695.7,19231.9,261,29,3,0,3
ACC026719,1,24331.56,24331.56,0,1,1,0,1
ACC026721,1,62994.97,62994.97,0,11,1,0,1
ACC026722,2,44145.69,22072.84,61,19,2,0,2
ACC026723,1,5854.56,5854.56,0,1,1,0,1
ACC026724,1,59438.02,59438.02,0,7,1,0,1
ACC026725,2,44152.4,22076.2,132,10,2,0,2
ACC026728,1,28667.67,28667.67,0,1,1,0,1
ACC026729,1,956.24,956.24,0,3,1,0,1
ACC026730,2,42152.59,21076.29,194,22,2,0,2
ACC026734,1,34507.85,34507.85,0,12,1,0,1
ACC026736,1,9358.13,9358.13,0,9,1,0,1
ACC026739,1,36044.8,36044.8,0,11,1,0,1
ACC026741,1,34296.55,34296.55,0,11,1,0,1
ACC026742,1,3572.6,3572.6,0,8,1,0,1
ACC026743,1,41991.47,41991.47,0,2,1,0,1
ACC026745,1,8199.03,8199.03,0,7,1,0,1
ACC026746,1,101613.99,101613.99,0,13,1,0,1
ACC026747,1,57967.9,57967.9,0,8,1,0,1
ACC026750,4,100588.0,25147.0,86,35,4,0,4
ACC026751,1,2149.61,2149.61,0,1,1,1,1
ACC026753,3,29904.87,9968.29,158,28,3,0,2
ACC026754,1,60114.59,60114.59,0,1,1,0,1
ACC026756,1,51406.21,51406.21,0,13,1,0,1
ACC026757,1,44041.32,44041.32,0,13,1,0,1
ACC026758,1,18020.37,18020.37,0,5,1,0,1
ACC026759,1,38324.0,38324.0,0,2,1,0,1
ACC026760,1,69460.63,69460.63,0,12,1,0,1
ACC026761,1,14566.37,14566.37,0,1,1,0,1
ACC026762,1,68153.21,68153.21,0,5,1,0,1
ACC026764,1,64565.25,64565.25,0,8,1,0,1
ACC026767,1,12309.14,12309.14,0,3,1,0,1
ACC026768,3,50447.35,16815.78,264,22,3,0,3
ACC026770,1,31875.74,31875.74,0,9,1,0,1
ACC026773,3,78241.44,26080.48,84,11,3,0,2
ACC026774,2,34752.59,17376.29,225,8,2,0,2
ACC026775,3,79909.1,26636.37,138,29,3,0,3
ACC026776,1,27337.67,27337.67,0,8,1,0,1
ACC026777,1,83244.76,83244.76,0,2,1,1,1
ACC026778,1,3789.39,3789.39,0,4,1,0,1
ACC026779,2,47001.4,23500.7,25,22,2,0,2
ACC026780,1,11445.13,11445.13,0,4,1,0,1
ACC026781,1,5140.69,5140.69,0,4,1,0,1
ACC026782,1,19695.13,19695.13,0,12,1,0,1
ACC026783,1,9241.73,9241.73,0,3,1,0,1
ACC026786,3,86619.56,28873.19,70,8,3,0,3
ACC026787,1,38951.7,38951.7,0,3,1,0,1
ACC026788,1,6815.83,6815.83,0,7,1,0,1
ACC026789,1,28995.76,28995.76,0,11,1,0,1
ACC026790,1,3910.0,3910.0,0,5,1,1,1
ACC026791,2,45496.48,22748.24,41,9,2,1,2
ACC026793,2,14017.04,7008.52,382,18,2,1,1
ACC026797,2,23840.84,11920.42,57,15,2,0,2
ACC026798,1,88161.77,88161.77,0,3,1,0,1
ACC026800,1,29207.56,29207.56,0,5,1,0,1
ACC026801,1,61366.56,61366.56,0,2,1,0,1
ACC026802,1,6816.51,6816.51,0,1,1,0,1
ACC026805,1,12394.6,12394.6,0,4,1,1,1
ACC026806,2,59512.97,29756.49,111,26,2,0,2
ACC026807,1,50297.08,50297.08,0,6,1,0,1
ACC026808,1,67272.41,67272.41,0,4,1,0,1
ACC026809,1,7509.04,7509.04,0,14,1,0,1
ACC026812,1,23048.98,23048.98,0,1,1,0,1
ACC026815,1,744.65,744.65,0,9,1,0,1
ACC026817,2,57635.62,28817.81,319,12,2,0,2
ACC026818,1,51846.52,51846.52,0,4,1,0,1
ACC026820,1,51763.6,51763.6,0,12,1,1,1
ACC026821,5,84257.57,16851.51,316,25,5,0,5
ACC026824,1,2576.62,2576.62,0,8,1,0,1
ACC026826,1,38108.57,38108.57,0,6,1,0,1
ACC026828,2,34562.41,17281.21,226,20,2,0,2
ACC026829,1,1409.66,1409.66,0,5,1,0,1
ACC026830,1,2060.2,2060.2,0,7,1,0,1
ACC026832,2,50215.07,25107.53,213,7,2,0,2
ACC026833,1,6005.39,6005.39,0,6,1,0,1
ACC026834,2,73003.53,36501.76,34,13,2,0,2
ACC026835,1,18057.83,18057.83,0,8,1,0,1
ACC026836,1,22427.22,22427.22,0,3,1,0,1
ACC026838,1,9182.62,9182.62,0,8,1,0,1
ACC026839,2,91311.63,45655.82,57,20,2,0,2
ACC026840,1,19364.62,19364.62,0,4,1,0,1
ACC026841,2,78371.45,39185.72,329,17,2,0,2
ACC026842,2,28530.2,14265.1,128,24,2,0,1
ACC026843,2,49069.83,24534.91,269,18,2,0,2
ACC026844,2,21263.99,10631.99,70,13,2,0,1
ACC026846,1,25032.4,25032.4,0,9,1,0,1
ACC026849,1,62875.18,62875.18,0,11,1,0,1
ACC026850,1,60776.7,60776.7,0,4,1,0,1
ACC026853,1,36901.71,36901.71,0,5,1,0,1
ACC026855,2,24783.87,12391.94,138,13,2,0,2
ACC026856,2,16215.22,8107.61,62,23,2,0,2
ACC026857,1,59903.3,59903.3,0,2,1,0,1
ACC026858,1,10931.81,10931.81,0,13,1,0,1
ACC026859,2,149376.03,74688.01,256,27,2,0,2
ACC026860,1,4906.4,4906.4,0,14,1,0,1
ACC026861,2,43550.97,21775.49,130,15,2,0,2
ACC026862,4,284016.52,71004.13,354,38,4,0,3
ACC026863,1,46570.65,46570.65,0,2,1,0,1
ACC026864,1,7013.57,7013.57,0,7,1,0,1
ACC026865,1,36960.18,36960.18,0,11,1,0,1
ACC026866,1,23017.96,23017.96,0,12,1,0,1
ACC026868,2,72211.54,36105.77,178,24,2,0,2
ACC026870,3,37019.6,12339.87,82,22,3,0,3
ACC026871,2,72843.82,36421.91,38,22,2,0,2
ACC026874,1,14922.88,14922.88,0,3,1,0,1
ACC026875,1,6366.74,6366.74,0,8,1,0,1
ACC026876,1,8953.78,8953.78,0,10,1,0,1
ACC026877,2,35720.46,17860.23,319,18,2,0,2
ACC026878,2,33900.58,16950.29,70,17,2,0,2
ACC026879,2,4945.52,2472.76,92,16,2,0,1
ACC026880,2,34206.21,17103.1,270,16,2,1,2
ACC026884,2,8423.77,4211.89,83,4,2,0,2
ACC026885,2,25693.19,12846.59,244,25,2,1,1
ACC026886,2,53753.53,26876.76,91,18,2,0,2
ACC026887,1,6891.02,6891.02,0,14,1,0,1
ACC026890,1,24170.66,24170.66,0,3,1,0,1
ACC026892,1,24108.91,24108.91,0,4,1,0,1
ACC026893,1,645.39,645.39,0,12,1,0,1
ACC026894,2,20549.69,10274.85,70,8,2,0,2
ACC026895,1,11189.23,11189.23,0,11,1,0,1
ACC026896,1,38214.13,38214.13,0,7,1,0,1
ACC026897,1,33345.48,33345.48,0,3,1,0,1
ACC026899,1,21355.62,21355.62,0,1,1,0,1
ACC026900,2,193073.34,96536.67,15,26,2,0,2
ACC026901,1,2543.68,2543.68,0,9,1,0,1
ACC026903,2,13247.02,6623.51,63,25,2,0,1
ACC026905,1,7772.19,7772.19,0,4,1,0,1
ACC026906,1,5129.13,5129.13,0,1,1,0,1
ACC026908,2,22354.78,11177.39,293,16,2,0,2
ACC026910,1,1178.27,1178.27,0,3,1,0,1
ACC026911,3,40490.24,13496.75,98,30,3,0,3
ACC026912,2,48659.34,24329.67,226,20,2,0,2
ACC026915,1,43603.69,43603.69,0,9,1,0,1
ACC026916,2,67151.13,33575.57,44,14,2,0,2
ACC026917,1,5317.85,5317.85,0,7,1,0,1
ACC026920,1,11821.04,11821.04,0,5,1,0,1
ACC026922,1,24176.54,24176.54,0,5,1,0,1
ACC026923,2,45395.7,22697.85,18,17,2,0,1
ACC026924,1,31622.42,31622.42,0,14,1,0,1
ACC026927,2,22465.15,11232.58,188,13,2,0,2
ACC026931,1,5347.51,5347.51,0,13,1,0,1
ACC026932,3,56430.93,18810.31,346,22,3,1,3
ACC026933,1,2034.76,2034.76,0,12,1,0,1
ACC026934,2,28033.0,14016.5,79,22,2,0,2
ACC026935,1,22802.57,22802.57,0,4,1,0,1
ACC026939,1,7377.59,7377.59,0,1,1,0,1
ACC026940,1,77187.46,77187.46,0,9,1,0,1
ACC026941,3,39180.39,13060.13,50,17,3,0,3
ACC026942,2,16590.7,8295.35,31,7,2,0,2
ACC026944,2,65925.62,32962.81,27,15,2,0,1
ACC026946,1,73492.39,73492.39,0,1,1,0,1
ACC026949,1,8605.76,8605.76,0,11,1,0,1
ACC026950,1,32195.92,32195.92,0,12,1,0,1
ACC026951,1,49149.58,49149.58,0,8,1,0,1
ACC026953,1,9237.11,9237.11,0,9,1,0,1
ACC026954,2,128225.81,64112.9,30,12,2,0,2
ACC026956,1,30149.8,30149.8,0,4,1,0,1
ACC026957,1,5715.22,5715.22,0,4,1,0,1
ACC026958,1,119301.68,119301.68,0,10,1,0,1
ACC026960,1,4617.33,4617.33,0,2,1,0,1
ACC026962,2,13542.5,6771.25,67,17,2,0,2
ACC026964,1,13717.65,13717.65,0,9,1,0,1
ACC026966,1,9093.62,9093.62,0,10,1,0,1
ACC026972,1,5626.91,5626.91,0,2,1,1,1
ACC026974,1,1246.49,1246.49,0,6,1,0,1
ACC026975,3,37756.76,12585.59,294,16,3,0,3
ACC026976,1,11543.02,11543.02,0,2,1,0,1
ACC026977,1,32929.94,32929.94,0,4,1,0,1
ACC026979,1,130576.45,130576.45,0,2,1,0,1
ACC026980,1,10688.78,10688.78,0,14,1,0,1
ACC026981,2,97033.02,48516.51,220,21,2,0,1
ACC026983,4,93314.61,23328.65,271,34,4,0,3
ACC026985,1,63713.28,63713.28,0,5,1,0,1
ACC026986,2,8754.78,4377.39,32,27,2,0,2
ACC026987,4,31669.55,7917.39,281,26,4,0,2
ACC026988,1,12036.8,12036.8,0,10,1,0,1
ACC026990,3,59865.34,19955.11,312,26,3,0,2
ACC026991,2,29168.24,14584.12,93,15,2,0,2
ACC026992,3,61103.6,20367.87,174,15,3,0,3
ACC026994,1,4423.98,4423.98,0,3,1,0,1
ACC026996,1,57698.66,57698.66,0,2,1,0,1
ACC026997,1,66359.1,66359.1,0,3,1,0,1
ACC026998,1,19242.95,19242.95,0,3,1,0,1
ACC026999,1,29177.33,29177.33,0,13,1,0,1
ACC027001,1,18627.38,18627.38,0,1,1,0,1
ACC027007,1,73944.84,73944.84,0,9,1,0,1
ACC027009,1,49825.83,49825.83,0,8,1,0,1
ACC027014,2,24044.92,12022.46,135,14,2,0,2
ACC027017,2,24809.24,12404.62,146,10,2,1,2
ACC027018,2,17788.04,8894.02,120,24,2,0,1
ACC027019,2,79063.13,39531.57,29,15,2,0,2
ACC027021,2,94998.84,47499.42,40,11,2,0,2
ACC027023,1,13952.1,13952.1,0,9,1,0,1
ACC027024,1,2319.45,2319.45,0,12,1,0,1
ACC027027,1,8848.89,8848.89,0,5,1,0,1
ACC027031,2,39031.62,19515.81,90,18,2,0,2
ACC027032,3,34434.39,11478.13,115,29,3,0,3
ACC027034,1,24950.36,24950.36,0,9,1,0,1
ACC027037,1,40915.39,40915.39,0,12,1,0,1
ACC027038,1,10179.65,10179.65,0,8,1,0,1
ACC027039,1,32132.4,32132.4,0,4,1,0,1
ACC027040,1,16472.86,16472.86,0,13,1,0,1
ACC027041,1,86729.29,86729.29,0,13,1,0,1
ACC027042,1,15963.14,15963.14,0,10,1,0,1
ACC027043,2,9509.87,4754.94,155,9,2,0,2
ACC027045,1,17151.57,17151.57,0,12,1,0,1
ACC027046,1,11492.97,11492.97,0,1,1,0,1
ACC027047,1,11699.97,11699.97,0,2,1,0,1
ACC027048,1,12598.57,12598.57,0,6,1,0,1
ACC027049,1,20502.68,20502.68,0,5,1,0,1
ACC027051,2,99825.16,49912.58,194,9,2,1,2
ACC027054,1,24068.28,24068.28,0,5,1,0,1
ACC027056,1,33525.43,33525.43,0,9,1,0,1
ACC027061,1,4957.53,4957.53,0,12,1,0,1
ACC027063,2,10824.41,5412.2,3,14,2,0,2
ACC027065,1,56869.07,56869.07,0,13,1,0,1
ACC027066,1,7203.85,7203.85,0,9,1,1,1
ACC027067,1,35434.74,35434.74,0,5,1,0,1
ACC027069,1,4278.88,4278.88,0,2,1,0,1
ACC027070,2,184841.8,92420.9,75,15,2,0,2
ACC027071,1,27027.64,27027.64,0,14,1,1,1
ACC027073,2,11016.56,5508.28,54,25,2,0,2
ACC027074,1,14545.77,14545.77,0,12,1,0,1
ACC027075,1,21255.93,21255.93,0,14,1,0,1
ACC027078,1,17453.89,17453.89,0,2,1,0,1
ACC027081,1,8927.11,8927.11,0,9,1,0,1
ACC027084,2,23586.84,11793.42,47,16,2,0,2
ACC027085,2,31398.26,15699.13,79,19,2,0,2
ACC027086,1,682.9,682.9,0,2,1,0,1
ACC027087,2,90047.41,45023.71,142,8,2,0,2
ACC027088,2,16357.92,8178.96,171,20,2,0,2
ACC027090,2,37706.7,18853.35,343,13,2,0,2
ACC027092,1,76123.23,76123.23,0,8,1,0,1
ACC027094,3,70028.19,23342.73,203,9,3,0,2
ACC027095,2,139584.83,69792.41,48,21,2,0,2
ACC027096,1,2825.81,2825.81,0,13,1,0,1
ACC027097,1,6868.28,6868.28,0,1,1,0,1
ACC027098,3,135958.67,45319.56,250,21,3,0,2
ACC027102,1,6288.27,6288.27,0,4,1,0,1
ACC027106,1,4281.61,4281.61,0,7,1,0,1
ACC027107,1,12579.58,12579.58,0,11,1,0,1
ACC027108,2,31385.48,15692.74,285,21,2,0,2
ACC027109,1,4989.97,4989.97,0,3,1,0,1
ACC027110,1,51882.9,51882.9,0,8,1,1,1
ACC027111,1,5030.59,5030.59,0,9,1,0,1
ACC027112,1,1251.94,1251.94,0,7,1,0,1
ACC027113,1,7151.3,7151.3,0,10,1,0,1
ACC027114,1,12442.03,12442.03,0,12,1,0,1
ACC027115,1,8630.61,8630.61,0,12,1,0,1
ACC027116,2,21252.71,10626.35,197,17,2,0,1
ACC027117,2,40862.95,20431.47,63,7,2,0,2
ACC027118,1,53526.06,53526.06,0,2,1,0,1
ACC027120,1,1274.76,1274.76,0,9,1,1,1
ACC027121,2,35360.04,17680.02,126,7,2,0,2
ACC027122,4,131042.43,32760.61,285,28,4,0,3
ACC027124,2,39532.45,19766.22,212,17,2,1,2
ACC027126,1,18858.64,18858.64,0,8,1,0,1
ACC027127,3,69148.5,23049.5,325,22,3,0,3
ACC027128,4,91952.34,22988.08,319,19,4,1,4
ACC027129,1,14612.08,14612.08,0,9,1,0,1
ACC027132,1,10958.65,10958.65,0,8,1,0,1
ACC027135,1,3633.29,3633.29,0,4,1,0,1
ACC027136,1,18115.68,18115.68,0,8,1,0,1
ACC027139,1,80096.07,80096.07,0,13,1,0,1
ACC027142,2,73384.8,36692.4,124,16,2,0,2
ACC027145,1,44611.33,44611.33,0,4,1,0,1
ACC027146,3,109823.09,36607.7,274,29,3,0,3
ACC027147,1,29875.26,29875.26,0,7,1,0,1
ACC027149,2,46127.05,23063.52,93,20,2,0,2
ACC027151,1,9204.53,9204.53,0,1,1,0,1
ACC027154,1,9788.24,9788.24,0,12,1,0,1
ACC027155,1,17912.85,17912.85,0,9,1,0,1
ACC027157,2,25839.0,12919.5,15,9,2,0,1
ACC027158,2,37674.78,18837.39,275,19,2,0,2
ACC027159,2,44654.27,22327.14,294,16,2,0,1
ACC027160,1,48747.06,48747.06,0,3,1,0,1
ACC027161,1,50974.87,50974.87,0,13,1,0,1
ACC027162,3,44958.05,14986.02,330,14,3,1,2
ACC027165,1,10760.83,10760.83,0,14,1,0,1
ACC027166,2,44127.59,22063.8,118,22,2,0,1
ACC027169,2,77115.01,38557.5,128,18,2,0,1
ACC027170,3,88114.22,29371.41,125,18,3,0,3
ACC027172,1,5450.04,5450.04,0,13,1,0,1
ACC027173,1,42568.47,42568.47,0,1,1,0,1
ACC027176,2,12909.71,6454.85,40,18,2,0,2
ACC027179,2,56739.51,28369.76,261,23,2,0,2
ACC027182,1,27532.7,27532.7,0,1,1,0,1
ACC027183,2,55174.05,27587.03,286,16,2,0,2
ACC027186,3,53215.65,17738.55,186,17,3,0,1
ACC027187,3,56654.41,18884.8,266,24,3,0,3
ACC027189,2,29953.43,14976.72,119,15,2,1,2
ACC027191,1,9000.49,9000.49,0,14,1,0,1
ACC027192,1,41111.54,41111.54,0,13,1,0,1
ACC027193,1,3123.25,3123.25,0,11,1,0,1
ACC027194,1,85648.3,85648.3,0,2,1,0,1
ACC027195,2,47137.54,23568.77,261,10,2,0,2
ACC027196,1,25091.25,25091.25,0,9,1,0,1
ACC027197,2,44742.12,22371.06,144,9,2,0,2
ACC027198,2,49928.89,24964.44,136,21,2,0,2
ACC027201,1,54378.79,54378.79,0,10,1,0,1
ACC027202,2,40547.75,20273.88,103,20,2,1,2
ACC027203,1,942.74,942.74,0,6,1,0,1
ACC027204,2,30108.09,15054.04,51,24,2,0,2
ACC027208,1,65142.76,65142.76,0,9,1,0,1
ACC027210,1,6616.29,6616.29,0,8,1,0,1
ACC027211,3,73446.71,24482.24,129,10,3,0,2
ACC027212,5,130999.89,26199.98,328,30,5,0,3
ACC027214,2,72046.35,36023.18,237,12,2,0,2
ACC027215,1,19057.29,19057.29,0,12,1,0,1
ACC027217,1,21713.87,21713.87,0,1,1,0,1
ACC027219,2,43447.89,21723.94,167,14,2,0,2
ACC027220,2,45965.31,22982.65,91,16,2,0,1
ACC027222,2,28793.38,14396.69,86,7,2,0,2
ACC027223,1,7394.61,7394.61,0,2,1,0,1
ACC027225,1,13839.93,13839.93,0,10,1,0,1
ACC027226,1,40821.79,40821.79,0,12,1,0,1
ACC027227,1,23822.47,23822.47,0,14,1,0,1
ACC027229,1,6915.22,6915.22,0,1,1,0,1
ACC027230,3,19963.04,6654.35,88,24,3,0,2
ACC027231,2,11820.11,5910.05,160,10,2,0,1
ACC027234,2,58038.38,29019.19,171,12,2,0,2
ACC027236,1,23870.19,23870.19,0,11,1,0,1
ACC027237,3,92601.79,30867.26,101,22,3,0,3
ACC027238,1,5751.8,5751.8,0,11,1,0,1
ACC027239,1,49880.43,49880.43,0,7,1,0,1
ACC027240,1,77454.29,77454.29,0,1,1,0,1
ACC027241,4,48717.3,12179.32,124,44,4,0,4
ACC027242,3,26725.3,8908.43,161,15,3,0,2
ACC027243,1,12788.61,12788.61,0,12,1,0,1
ACC027244,1,14300.4,14300.4,0,7,1,0,1
ACC027245,1,50500.85,50500.85,0,7,1,0,1
ACC027247,2,55794.88,27897.44,14,13,2,0,2
ACC027249,1,57051.21,57051.21,0,8,1,0,1
ACC027251,1,30448.0,30448.0,0,12,1,0,1
ACC027254,1,3553.96,3553.96,0,2,1,1,1
ACC027256,3,124994.45,41664.82,213,31,3,0,3
ACC027257,2,71939.16,35969.58,225,3,2,0,2
ACC027258,1,35508.26,35508.26,0,8,1,0,1
ACC027259,1,39887.98,39887.98,0,11,1,0,1
ACC027260,4,103336.32,25834.08,321,34,4,0,3
ACC027261,1,36616.1,36616.1,0,13,1,1,1
ACC027262,1,3295.79,3295.79,0,6,1,0,1
ACC027263,1,29113.62,29113.62,0,4,1,0,1
ACC027264,2,37356.66,18678.33,182,16,2,0,2
ACC027265,2,39897.11,19948.56,12,11,2,0,2
ACC027266,3,77213.14,25737.71,382,17,3,0,3
ACC027268,1,18205.76,18205.76,0,11,1,0,1
ACC027269,2,10614.25,5307.12,216,19,2,0,2
ACC027270,1,14872.47,14872.47,0,14,1,0,1
ACC027272,3,99502.54,33167.51,346,9,3,0,3
ACC027273,4,234604.39,58651.1,347,43,4,0,3
ACC027274,3,78221.57,26073.86,239,28,3,0,3
ACC027275,1,101568.49,101568.49,0,12,1,0,1
ACC027277,1,1750.72,1750.72,0,3,1,0,1
ACC027278,1,31599.16,31599.16,0,11,1,0,1
ACC027279,1,3932.26,3932.26,0,1,1,0,1
ACC027280,2,26583.16,13291.58,96,13,2,0,1
ACC027281,1,31796.45,31796.45,0,8,1,1,1
ACC027284,2,43944.75,21972.38,27,5,2,0,2
ACC027285,1,46529.23,46529.23,0,11,1,0,1
ACC027286,1,58414.21,58414.21,0,10,1,0,1
ACC027287,1,14074.77,14074.77,0,10,1,0,1
ACC027289,1,8025.53,8025.53,0,7,1,0,1
ACC027290,2,46163.8,23081.9,84,21,2,0,2
ACC027291,1,87187.37,87187.37,0,10,1,0,1
ACC027293,1,1408.28,1408.28,0,6,1,0,1
ACC027295,3,48586.89,16195.63,139,24,3,0,3
ACC027296,3,165090.73,55030.24,179,21,3,0,3
ACC027298,1,79428.53,79428.53,0,12,1,0,1
ACC027300,1,15826.84,15826.84,0,3,1,0,1
ACC027301,1,7020.33,7020.33,0,11,1,0,1
ACC027302,2,40356.17,20178.08,20,21,2,0,2
ACC027303,1,8795.94,8795.94,0,10,1,0,1
ACC027304,2,120541.61,60270.8,92,15,2,1,1
ACC027305,1,11454.77,11454.77,0,14,1,0,1
ACC027307,1,20257.83,20257.83,0,9,1,0,1
ACC027311,3,97217.82,32405.94,189,32,3,0,2
ACC027313,2,42927.91,21463.96,11,8,2,0,2
ACC027316,1,17486.12,17486.12,0,11,1,0,1
ACC027317,1,2167.68,2167.68,0,12,1,0,1
ACC027319,1,80050.7,80050.7,0,10,1,0,1
ACC027321,1,148325.09,148325.09,0,5,1,0,1
ACC027322,2,66291.55,33145.78,230,13,2,0,1
ACC027324,1,11751.63,11751.63,0,1,1,0,1
ACC027325,2,51662.51,25831.26,39,9,2,0,2
ACC027326,1,7226.44,7226.44,0,3,1,0,1
ACC027328,1,998.48,998.48,0,6,1,1,1
ACC027329,1,47483.85,47483.85,0,14,1,0,1
ACC027330,1,61598.66,61598.66,0,1,1,0,1
ACC027331,2,4282.38,2141.19,43,17,2,0,2
ACC027332,1,2312.11,2312.11,0,8,1,0,1
ACC027335,1,28647.26,28647.26,0,8,1,0,1
ACC027336,3,56188.72,18729.57,293,27,3,1,2
ACC027337,2,38875.71,19437.85,171,18,2,0,2
ACC027340,1,54139.75,54139.75,0,2,1,0,1
ACC027341,1,33549.67,33549.67,0,11,1,0,1
ACC027342,1,1113.1,1113.1,0,4,1,0,1
ACC027345,1,28172.17,28172.17,0,10,1,0,1
ACC027347,2,84475.14,42237.57,22,17,2,0,2
ACC027348,2,29272.01,14636.0,338,4,2,0,2
ACC027349,2,23532.98,11766.49,311,17,2,0,2
ACC027350,1,5773.4,5773.4,0,5,1,0,1
ACC027353,1,19099.44,19099.44,0,7,1,0,1
ACC027354,1,18989.45,18989.45,0,12,1,0,1
ACC027355,2,21316.34,10658.17,120,15,2,0,2
ACC027357,1,43566.71,43566.71,0,13,1,0,1
ACC027358,1,5272.74,5272.74,0,13,1,0,1
ACC027360,1,23535.11,23535.11,0,12,1,0,1
ACC027361,2,36545.22,18272.61,143,18,2,0,2
ACC027363,1,48846.66,48846.66,0,9,1,0,1
ACC027364,1,26598.97,26598.97,0,8,1,0,1
ACC027365,2,56350.21,28175.1,41,25,2,0,1
ACC027366,1,52184.28,52184.28,0,4,1,0,1
ACC027368,1,20449.17,20449.17,0,9,1,0,1
ACC027369,1,5159.32,5159.32,0,3,1,0,1
ACC027370,1,19016.64,19016.64,0,4,1,0,1
ACC027371,3,124620.61,41540.2,162,17,3,0,3
ACC027375,1,15861.32,15861.32,0,9,1,0,1
ACC027376,1,10125.18,10125.18,0,5,1,0,1
ACC027377,1,74288.19,74288.19,0,9,1,0,1
ACC027378,1,12350.24,12350.24,0,7,1,0,1
ACC027379,4,91648.78,22912.19,337,26,4,2,3
ACC027383,1,49714.98,49714.98,0,7,1,0,1
ACC027384,2,50100.41,25050.2,198,17,2,1,1
ACC027385,1,45803.16,45803.16,0,3,1,0,1
ACC027387,1,3113.91,3113.91,0,10,1,0,1
ACC027388,1,36624.75,36624.75,0,12,1,0,1
ACC027389,1,15976.12,15976.12,0,6,1,0,1
ACC027393,1,8940.49,8940.49,0,7,1,0,1
ACC027394,2,27797.4,13898.7,54,18,2,1,2
ACC027396,2,28211.12,14105.56,374,21,2,0,2
ACC027398,2,17872.29,8936.15,38,12,2,0,2
ACC027399,2,25850.07,12925.03,67,19,2,0,2
ACC027400,3,39512.52,13170.84,208,17,3,0,2
ACC027401,2,18246.37,9123.18,115,15,2,1,2
ACC027402,1,55204.06,55204.06,0,2,1,0,1
ACC027406,1,2563.37,2563.37,0,3,1,0,1
ACC027407,1,2978.88,2978.88,0,13,1,0,1
ACC027408,2,45211.56,22605.78,174,8,2,0,2
ACC027409,1,2213.93,2213.93,0,9,1,0,1
ACC027412,2,25324.23,12662.11,182,16,2,1,1
ACC027415,1,12294.93,12294.93,0,13,1,0,1
ACC027419,1,26406.03,26406.03,0,10,1,0,1
ACC027422,1,28018.57,28018.57,0,8,1,0,1
ACC027423,1,6149.81,6149.81,0,5,1,0,1
ACC027425,3,96461.93,32153.98,153,28,3,0,3
ACC027426,1,63671.83,63671.83,0,2,1,0,1
ACC027427,1,54362.52,54362.52,0,4,1,0,1
ACC027429,2,19683.26,9841.63,66,9,2,0,1
ACC027430,1,30774.29,30774.29,0,2,1,0,1
ACC027431,1,14910.04,14910.04,0,11,1,0,1
ACC027433,1,21307.33,21307.33,0,14,1,0,1
ACC027434,1,4768.65,4768.65,0,14,1,0,1
ACC027435,1,19735.15,19735.15,0,9,1,0,1
ACC027438,2,35407.08,17703.54,114,21,2,0,2
ACC027439,3,28739.26,9579.75,228,30,3,0,3
ACC027440,1,10070.34,10070.34,0,9,1,0,1
ACC027442,1,35764.74,35764.74,0,6,1,0,1
ACC027443,2,24759.84,12379.92,293,22,2,0,2
ACC027446,1,7853.03,7853.03,0,13,1,0,1
ACC027448,4,175980.18,43995.04,397,44,4,1,3
ACC027451,2,61340.6,30670.3,19,15,2,0,1
ACC027455,1,30421.06,30421.06,0,14,1,0,1
ACC027459,1,3248.69,3248.69,0,4,1,0,1
ACC027461,2,10475.06,5237.53,283,9,2,0,2
ACC027465,2,69380.92,34690.46,51,9,2,0,2
ACC027467,4,38284.94,9571.24,413,29,4,1,4
ACC027468,1,63569.77,63569.77,0,9,1,0,1
ACC027469,1,4396.42,4396.42,0,11,1,0,1
ACC027470,1,15608.23,15608.23,0,11,1,0,1
ACC027471,2,141727.14,70863.57,77,12,2,0,2
ACC027472,2,84742.26,42371.13,76,24,2,0,1
ACC027475,3,62936.21,20978.74,93,14,3,0,3
ACC027477,1,63612.53,63612.53,0,5,1,0,1
ACC027478,1,44860.81,44860.81,0,8,1,0,1
ACC027480,3,52186.57,17395.52,320,18,3,1,3
ACC027483,5,252649.61,50529.92,278,28,5,0,4
ACC027485,1,3928.41,3928.41,0,12,1,0,1
ACC027486,2,132536.56,66268.28,179,14,2,0,2
ACC027490,2,129915.52,64957.76,136,28,2,0,2
ACC027492,1,8408.27,8408.27,0,8,1,0,1
ACC027493,1,44047.46,44047.46,0,13,1,0,1
ACC027494,2,69599.97,34799.99,185,16,2,0,2
ACC027495,3,89901.15,29967.05,244,31,3,0,2
ACC027496,2,81713.75,40856.88,64,11,2,0,1
ACC027497,1,4025.43,4025.43,0,2,1,0,1
ACC027498,1,13818.05,13818.05,0,5,1,0,1
ACC027499,1,2221.1,2221.1,0,7,1,0,1
ACC027500,1,34966.73,34966.73,0,3,1,0,1
ACC027501,2,40342.62,20171.31,116,18,2,0,2
ACC027502,1,24404.91,24404.91,0,14,1,0,1
ACC027503,1,6358.68,6358.68,0,1,1,0,1
ACC027505,1,671.21,671.21,0,13,1,0,1
ACC027507,1,80371.12,80371.12,0,11,1,1,1
ACC027508,2,41075.92,20537.96,8,19,2,0,2
ACC027511,3,50082.74,16694.25,107,25,3,0,3
ACC027512,1,5101.25,5101.25,0,12,1,0,1
ACC027513,1,22272.01,22272.01,0,9,1,0,1
ACC027515,1,11696.81,11696.81,0,14,1,0,1
ACC027516,1,5580.14,5580.14,0,7,1,0,1
ACC027517,1,4663.13,4663.13,0,13,1,0,1
ACC027518,2,13047.37,6523.68,88,2,2,0,2
ACC027522,1,3832.67,3832.67,0,5,1,1,1
ACC027524,1,2666.42,2666.42,0,11,1,0,1
ACC027526,3,54325.17,18108.39,351,18,3,0,3
ACC027527,1,24188.95,24188.95,0,14,1,0,1
ACC027532,1,20811.24,20811.24,0,3,1,0,1
ACC027533,2,48071.59,24035.79,358,20,2,0,2
ACC027535,1,40804.0,40804.0,0,9,1,0,1
ACC027537,1,39782.45,39782.45,0,1,1,0,1
ACC027538,2,38884.89,19442.44,391,13,2,0,2
ACC027540,1,17835.56,17835.56,0,4,1,0,1
ACC027541,1,81267.58,81267.58,0,7,1,0,1
ACC027542,1,20322.61,20322.61,0,11,1,0,1
ACC027546,1,28349.47,28349.47,0,13,1,0,1
ACC027547,2,106362.15,53181.08,7,21,2,0,2
ACC027548,1,11290.9,11290.9,0,5,1,0,1
ACC027549,1,58107.8,58107.8,0,5,1,0,1
ACC027552,1,1427.61,1427.61,0,6,1,0,1
ACC027554,2,56111.37,28055.68,245,20,2,1,2
ACC027555,1,5757.57,5757.57,0,5,1,0,1
ACC027556,1,18049.18,18049.18,0,7,1,0,1
ACC027557,1,69819.67,69819.67,0,1,1,0,1
ACC027559,1,7344.73,7344.73,0,1,1,0,1
ACC027562,1,42554.17,42554.17,0,13,1,0,1
ACC027563,1,69774.46,69774.46,0,3,1,0,1
ACC027564,1,20743.03,20743.03,0,8,1,0,1
ACC027565,1,3838.39,3838.39,0,3,1,0,1
ACC027567,1,83106.19,83106.19,0,7,1,0,1
ACC027568,4,25506.35,6376.59,305,31,4,0,3
ACC027570,1,10413.27,10413.27,0,5,1,0,1
ACC027574,1,9045.93,9045.93,0,12,1,0,1
ACC027575,2,45611.16,22805.58,330,13,2,0,2
ACC027577,1,21642.48,21642.48,0,4,1,0,1
ACC027579,2,24760.23,12380.11,282,17,2,0,1
ACC027580,2,89752.87,44876.43,212,13,2,0,2
ACC027583,2,51250.13,25625.06,177,12,2,0,2
ACC027586,2,30593.61,15296.81,225,15,2,0,2
ACC027590,1,857.3,857.3,0,11,1,0,1
ACC027592,1,7789.14,7789.14,0,7,1,0,1
ACC027593,1,1764.02,1764.02,0,4,1,0,1
ACC027595,1,12369.95,12369.95,0,12,1,0,1
ACC027599,3,162085.41,54028.47,264,24,3,1,2
ACC027602,1,3746.37,3746.37,0,2,1,0,1
ACC027605,2,34518.22,17259.11,183,11,2,1,1
ACC027606,4,43658.91,10914.73,249,29,4,0,4
ACC027608,3,164142.69,54714.23,261,19,3,0,2
ACC027611,2,40945.33,20472.67,68,2,2,0,2
ACC027612,3,99613.43,33204.48,225,17,3,0,2
ACC027613,1,20777.98,20777.98,0,4,1,0,1
ACC027615,3,33866.01,11288.67,340,20,3,0,2
ACC027616,1,1398.89,1398.89,0,1,1,0,1
ACC027620,2,15673.58,7836.79,251,14,2,0,2
ACC027622,1,28186.48,28186.48,0,13,1,0,1
ACC027623,1,29220.14,29220.14,0,8,1,0,1
ACC027625,1,5726.11,5726.11,0,5,1,0,1
ACC027626,3,36683.33,12227.78,117,24,3,0,3
ACC027627,1,67875.39,67875.39,0,9,1,0,1
ACC027628,1,20827.61,20827.61,0,4,1,0,1
ACC027629,1,3677.18,3677.18,0,12,1,0,1
ACC027630,1,43434.6,43434.6,0,8,1,0,1
ACC027631,1,40944.15,40944.15,0,1,1,0,1
ACC027633,1,5508.62,5508.62,0,3,1,0,1
ACC027636,1,32506.12,32506.12,0,2,1,0,1
ACC027638,1,28654.82,28654.82,0,14,1,0,1
ACC027640,1,1272.2,1272.2,0,12,1,0,1
ACC027641,1,78496.72,78496.72,0,6,1,0,1
ACC027642,4,93124.69,23281.17,320,26,4,0,3
ACC027644,1,19056.64,19056.64,0,7,1,0,1
ACC027646,2,32512.74,16256.37,315,11,2,0,1
ACC027649,2,48523.77,24261.89,154,11,2,0,2
ACC027650,4,53084.64,13271.16,394,39,4,1,3
ACC027651,2,69152.12,34576.06,26,14,2,0,2
ACC027653,1,17877.78,17877.78,0,4,1,0,1
ACC027654,2,109962.08,54981.04,223,23,2,0,1
ACC027655,1,93795.5,93795.5,0,12,1,1,1
ACC027656,1,40587.54,40587.54,0,7,1,0,1
ACC027657,4,64143.34,16035.83,249,47,4,0,3
ACC027660,1,80708.69,80708.69,0,5,1,0,1
ACC027667,1,47983.47,47983.47,0,14,1,0,1
ACC027668,1,36261.56,36261.56,0,3,1,0,1
ACC027669,3,60100.79,20033.6,75,21,3,0,3
ACC027670,1,78947.69,78947.69,0,8,1,0,1
ACC027672,1,50268.6,50268.6,0,5,1,0,1
ACC027673,4,101061.7,25265.43,291,33,4,0,3
ACC027674,2,53811.76,26905.88,61,6,2,0,2
ACC027675,1,5162.12,5162.12,0,10,1,0,1
ACC027676,1,31765.86,31765.86,0,3,1,1,1
ACC027677,1,8041.14,8041.14,0,3,1,0,1
ACC027678,2,66575.12,33287.56,114,10,2,0,2
ACC027679,1,77854.72,77854.72,0,9,1,0,1
ACC027680,1,952.21,952.21,0,9,1,1,1
ACC027681,3,75060.73,25020.24,136,22,3,0,2
ACC027682,1,24018.72,24018.72,0,9,1,0,1
ACC027683,1,572.84,572.84,0,4,1,0,1
ACC027684,3,21723.32,7241.11,158,21,3,0,3
ACC027686,1,9210.31,9210.31,0,4,1,1,1
ACC027687,2,45367.57,22683.78,238,13,2,0,2
ACC027688,1,20213.28,20213.28,0,8,1,0,1
ACC027691,2,46329.99,23164.99,174,17,2,0,1
ACC027693,1,75183.57,75183.57,0,5,1,0,1
ACC027697,2,24616.55,12308.27,45,22,2,0,2
ACC027700,3,38728.44,12909.48,195,14,3,0,3
ACC027701,5,194077.27,38815.45,315,36,5,0,3
ACC027702,1,12844.01,12844.01,0,6,1,0,1
ACC027703,1,244400.88,244400.88,0,12,1,0,1
ACC027704,2,24014.18,12007.09,231,20,2,0,2
ACC027707,2,13910.09,6955.05,224,7,2,0,2
ACC027711,1,23722.91,23722.91,0,13,1,0,1
ACC027713,1,48081.21,48081.21,0,4,1,0,1
ACC027715,2,26071.15,13035.58,349,16,2,0,2
ACC027716,3,110697.35,36899.12,382,20,3,1,3
ACC027717,2,111458.73,55729.36,36,19,2,0,2
ACC027718,1,6581.03,6581.03,0,14,1,0,1
ACC027719,1,32345.36,32345.36,0,4,1,0,1
ACC027722,2,21582.26,10791.13,52,15,2,0,2
ACC027725,1,2197.53,2197.53,0,10,1,0,1
ACC027727,1,48421.43,48421.43,0,5,1,0,1
ACC027728,1,74072.6,74072.6,0,9,1,0,1
ACC027729,2,54168.13,27084.07,312,11,2,0,2
ACC027731,1,23170.79,23170.79,0,12,1,0,1
ACC027732,1,561.73,561.73,0,7,1,1,1
ACC027734,1,9903.73,9903.73,0,13,1,0,1
ACC027735,2,14924.57,7462.28,178,23,2,0,1
ACC027736,1,5002.36,5002.36,0,7,1,0,1
ACC027737,1,51541.45,51541.45,0,11,1,0,1
ACC027739,1,24471.65,24471.65,0,7,1,0,1
ACC027741,3,41743.68,13914.56,198,23,3,0,2
ACC027742,1,17839.29,17839.29,0,8,1,0,1
ACC027744,1,12461.58,12461.58,0,7,1,0,1
ACC027748,2,68411.64,34205.82,139,12,2,0,2
ACC027749,3,203887.55,67962.52,219,28,3,0,2
ACC027750,2,26557.75,13278.88,376,14,2,0,1
ACC027751,2,14512.13,7256.06,152,18,2,1,2
ACC027752,1,8350.68,8350.68,0,10,1,0,1
ACC027755,3,35750.07,11916.69,109,27,3,0,3
ACC027757,1,34981.81,34981.81,0,11,1,0,1
ACC027759,2,18134.29,9067.15,116,6,2,1,2
ACC027761,1,18990.75,18990.75,0,12,1,0,1
ACC027763,1,58343.09,58343.09,0,9,1,0,1
ACC027766,2,10647.3,5323.65,246,16,2,0,1
ACC027770,1,13572.13,13572.13,0,9,1,0,1
ACC027771,1,27983.0,27983.0,0,2,1,0,1
ACC027772,1,35575.47,35575.47,0,14,1,0,1
ACC027773,2,26641.72,13320.86,431,18,2,1,2
ACC027774,1,3768.19,3768.19,0,12,1,0,1
ACC027775,1,2156.3,2156.3,0,10,1,0,1
ACC027777,1,58136.89,58136.89,0,4,1,0,1
ACC027778,3,32130.55,10710.18,241,16,3,0,3
ACC027779,1,991.17,991.17,0,6,1,0,1
ACC027780,1,6596.49,6596.49,0,13,1,0,1
ACC027781,1,6703.63,6703.63,0,7,1,0,1
ACC027783,1,27955.44,27955.44,0,13,1,0,1
ACC027784,2,6065.73,3032.86,37,13,2,0,2
ACC027785,1,69686.24,69686.24,0,8,1,0,1
ACC027788,1,2710.84,2710.84,0,7,1,0,1
ACC027789,2,169544.48,84772.24,144,23,2,0,2
ACC027790,3,75621.76,25207.25,262,17,3,0,3
ACC027791,1,1346.28,1346.28,0,9,1,0,1
ACC027792,3,73471.74,24490.58,173,16,3,0,3
ACC027793,3,31514.29,10504.76,281,20,3,0,3
ACC027794,2,35461.67,17730.83,63,5,2,0,2
ACC027796,2,13001.22,6500.61,33,26,2,0,2
ACC027798,1,24044.83,24044.83,0,10,1,0,1
ACC027799,1,5401.54,5401.54,0,11,1,0,1
ACC027801,7,224277.83,32039.69,301,76,7,0,5
ACC027802,2,51653.0,25826.5,151,6,2,0,1
ACC027803,1,6660.29,6660.29,0,9,1,0,1
ACC027805,1,3548.02,3548.02,0,6,1,0,1
ACC027806,1,3538.35,3538.35,0,10,1,0,1
ACC027807,1,41447.09,41447.09,0,11,1,0,1
ACC027808,1,14072.81,14072.81,0,3,1,0,1
ACC027812,2,28285.92,14142.96,174,19,2,0,2
ACC027813,1,1715.65,1715.65,0,3,1,0,1
ACC027814,2,25050.34,12525.17,216,10,2,0,1
ACC027815,1,22723.89,22723.89,0,14,1,0,1
ACC027816,1,9026.2,9026.2,0,3,1,0,1
ACC027818,1,6303.88,6303.88,0,7,1,0,1
ACC027819,3,17196.01,5732.0,272,15,3,0,3
ACC027822,3,67703.96,22567.99,259,22,3,1,3
ACC027824,2,41758.14,20879.07,236,22,2,0,2
ACC027825,1,4784.78,4784.78,0,11,1,0,1
ACC027827,1,51355.41,51355.41,0,5,1,0,1
ACC027828,1,42078.74,42078.74,0,13,1,0,1
ACC027829,3,105784.36,35261.45,240,29,3,0,3
ACC027830,2,39892.24,19946.12,42,18,2,0,2
ACC027832,2,102988.87,51494.43,83,11,2,0,2
ACC027833,1,53288.71,53288.71,0,5,1,0,1
ACC027835,1,8985.36,8985.36,0,12,1,0,1
ACC027836,1,5943.91,5943.91,0,12,1,0,1
ACC027837,3,23223.69,7741.23,275,32,3,0,2
ACC027838,2,64134.49,32067.24,373,9,2,0,1
ACC027840,1,4436.37,4436.37,0,4,1,0,1
ACC027842,2,136428.52,68214.26,229,21,2,0,2
ACC027843,2,75323.31,37661.65,304,6,2,0,2
ACC027845,2,21898.54,10949.27,422,19,2,1,1
ACC027846,1,31259.06,31259.06,0,13,1,1,1
ACC027847,1,35157.31,35157.31,0,4,1,0,1
ACC027848,2,27521.9,13760.95,47,5,2,0,2
ACC027849,1,2381.83,2381.83,0,14,1,0,1
ACC027851,2,30766.05,15383.02,54,14,2,0,1
ACC027852,2,12867.04,6433.52,120,5,2,0,2
ACC027853,1,13824.72,13824.72,0,2,1,0,1
ACC027855,1,25585.92,25585.92,0,1,1,0,1
ACC027856,1,37182.38,37182.38,0,11,1,0,1
ACC027859,2,28125.61,14062.81,120,20,2,0,2
ACC027860,1,8644.85,8644.85,0,14,1,1,1
ACC027861,1,12988.55,12988.55,0,11,1,0,1
ACC027863,2,53045.27,26522.64,68,19,2,0,1
ACC027864,1,32880.16,32880.16,0,11,1,0,1
ACC027865,1,24340.18,24340.18,0,5,1,0,1
ACC027867,2,42198.97,21099.49,238,18,2,0,2
ACC027868,1,60555.25,60555.25,0,5,1,0,1
ACC027870,1,21812.98,21812.98,0,5,1,0,1
ACC027871,1,87958.06,87958.06,0,8,1,0,1
ACC027872,2,37364.05,18682.03,5,13,2,0,1
ACC027873,1,62012.08,62012.08,0,12,1,0,1
ACC027876,1,3322.77,3322.77,0,9,1,0,1
ACC027878,1,48642.37,48642.37,0,8,1,0,1
ACC027879,1,7126.3,7126.3,0,5,1,0,1
ACC027884,2,94629.14,47314.57,89,4,2,0,2
ACC027885,1,43977.09,43977.09,0,3,1,0,1
ACC027886,2,20086.06,10043.03,146,16,2,0,2
ACC027887,1,10115.29,10115.29,0,14,1,0,1
ACC027889,3,49037.69,16345.9,133,40,3,0,2
ACC027890,2,12601.06,6300.53,125,17,2,0,2
ACC027891,1,99775.38,99775.38,0,4,1,0,1
ACC027893,1,18046.3,18046.3,0,14,1,0,1
ACC027898,1,1310.65,1310.65,0,10,1,0,1
ACC027899,1,8315.81,8315.81,0,8,1,0,1
ACC027901,1,65766.6,65766.6,0,11,1,0,1
ACC027902,1,44241.24,44241.24,0,8,1,0,1
ACC027903,1,34067.92,34067.92,0,13,1,0,1
ACC027905,1,63931.91,63931.91,0,6,1,0,1
ACC027906,1,18760.45,18760.45,0,11,1,0,1
ACC027907,1,49892.17,49892.17,0,5,1,0,1
ACC027908,4,145343.24,36335.81,326,16,4,1,3
ACC027909,1,3479.28,3479.28,0,14,1,0,1
ACC027910,1,10667.08,10667.08,0,9,1,0,1
ACC027911,1,1100.14,1100.14,0,6,1,1,1
ACC027914,2,45465.37,22732.68,77,23,2,0,2
ACC027918,3,69532.18,23177.39,116,34,3,0,3
ACC027919,1,8574.36,8574.36,0,13,1,0,1
ACC027920,1,23267.93,23267.93,0,12,1,0,1
ACC027921,3,97488.92,32496.31,145,34,3,0,3
ACC027922,1,51230.27,51230.27,0,8,1,0,1
ACC027925,1,27898.05,27898.05,0,6,1,0,1
ACC027926,2,49482.12,24741.06,161,22,2,0,2
ACC027929,1,1815.96,1815.96,0,13,1,0,1
ACC027930,2,75738.29,37869.14,346,16,2,0,2
ACC027933,1,15925.91,15925.91,0,7,1,0,1
ACC027934,1,13313.62,13313.62,0,12,1,0,1
ACC027935,1,67737.17,67737.17,0,3,1,0,1
ACC027936,2,54002.38,27001.19,142,19,2,0,2
ACC027939,2,107847.06,53923.53,87,22,2,0,2
ACC027943,1,33895.52,33895.52,0,11,1,0,1
ACC027944,3,44344.33,14781.44,215,12,3,0,2
ACC027945,1,56980.85,56980.85,0,2,1,0,1
ACC027946,1,13792.02,13792.02,0,8,1,0,1
ACC027947,2,61317.98,30658.99,267,8,2,0,2
ACC027948,2,35907.14,17953.57,301,21,2,0,1
ACC027949,1,935.99,935.99,0,2,1,0,1
ACC027952,1,51495.06,51495.06,0,14,1,0,1
ACC027953,1,36326.08,36326.08,0,14,1,0,1
ACC027954,1,33575.38,33575.38,0,11,1,0,1
ACC027955,1,21960.79,21960.79,0,11,1,0,1
ACC027958,1,7018.38,7018.38,0,7,1,0,1
ACC027960,2,45007.5,22503.75,55,5,2,0,2
ACC027961,1,14370.18,14370.18,0,11,1,0,1
ACC027962,1,11145.56,11145.56,0,11,1,0,1
ACC027966,1,10737.8,10737.8,0,1,1,0,1
ACC027967,1,3117.91,3117.91,0,4,1,0,1
ACC027968,2,47571.57,23785.79,73,15,2,0,2
ACC027969,2,66834.71,33417.36,198,18,2,0,2
ACC027971,2,18324.48,9162.24,294,13,2,0,1
ACC027973,4,145556.56,36389.14,284,25,4,0,3
ACC027974,1,13111.18,13111.18,0,8,1,0,1
ACC027976,2,102236.43,51118.21,74,12,2,0,2
ACC027977,1,23669.91,23669.91,0,3,1,0,1
ACC027978,1,15954.0,15954.0,0,14,1,0,1
ACC027979,4,54261.73,13565.43,322,32,4,0,3
ACC027980,2,10035.75,5017.88,27,6,2,0,2
ACC027981,1,3886.41,3886.41,0,6,1,0,1
ACC027982,2,153727.58,76863.79,101,10,2,0,2
ACC027985,1,20375.65,20375.65,0,2,1,0,1
ACC027987,2,37755.52,18877.76,291,13,2,0,2
ACC027988,1,53960.95,53960.95,0,1,1,0,1
ACC027989,1,26690.27,26690.27,0,6,1,0,1
ACC027990,3,71578.06,23859.35,96,19,3,0,2
ACC027993,1,16930.82,16930.82,0,9,1,0,1
ACC027994,1,14814.64,14814.64,0,2,1,0,1
ACC027997,1,1735.51,1735.51,0,11,1,0,1
ACC027999,1,2174.15,2174.15,0,8,1,0,1
ACC028000,1,14010.04,14010.04,0,12,1,0,1
ACC028003,1,27434.51,27434.51,0,9,1,0,1
ACC028004,3,67373.28,22457.76,251,22,3,0,3
ACC028006,2,116063.76,58031.88,205,17,2,1,2
ACC028008,1,13616.73,13616.73,0,9,1,0,1
ACC028010,1,36692.89,36692.89,0,4,1,0,1
ACC028013,1,15119.1,15119.1,0,9,1,0,1
ACC028014,1,18199.91,18199.91,0,12,1,0,1
ACC028015,1,20077.09,20077.09,0,14,1,0,1
ACC028016,1,6314.57,6314.57,0,1,1,0,1
ACC028017,1,3892.1,3892.1,0,11,1,0,1
ACC028019,2,63020.69,31510.34,173,6,2,0,1
ACC028020,1,22301.3,22301.3,0,9,1,0,1
ACC028021,1,8536.12,8536.12,0,12,1,0,1
ACC028022,1,8883.74,8883.74,0,10,1,0,1
ACC028023,2,18342.64,9171.32,277,9,2,0,2
ACC028024,1,13863.88,13863.88,0,5,1,0,1
ACC028025,1,7140.71,7140.71,0,14,1,0,1
ACC028026,1,1578.76,1578.76,0,8,1,1,1
ACC028027,1,52715.5,52715.5,0,1,1,0,1
ACC028028,2,54214.53,27107.26,276,12,2,0,1
ACC028030,2,45056.1,22528.05,4,13,2,0,1
ACC028034,2,78888.62,39444.31,192,20,2,0,2
ACC028037,2,71378.32,35689.16,49,13,2,0,2
ACC028038,1,3251.83,3251.83,0,3,1,0,1
ACC028040,1,923.83,923.83,0,1,1,0,1
ACC028041,1,21543.36,21543.36,0,14,1,0,1
ACC028042,1,6435.31,6435.31,0,7,1,0,1
ACC028043,1,39846.04,39846.04,0,8,1,0,1
ACC028044,1,28924.31,28924.31,0,1,1,0,1
ACC028045,2,87521.44,43760.72,44,23,2,0,2
ACC028050,1,7158.21,7158.21,0,7,1,0,1
ACC028051,1,12143.83,12143.83,0,7,1,0,1
ACC028052,2,82579.26,41289.63,39,28,2,0,1
ACC028053,2,38017.29,19008.65,117,3,2,0,2
ACC028054,1,14545.36,14545.36,0,6,1,0,1
ACC028055,3,47990.36,15996.79,221,24,3,0,2
ACC028056,1,15264.07,15264.07,0,1,1,0,1
ACC028059,1,17409.47,17409.47,0,14,1,0,1
ACC028061,1,21634.73,21634.73,0,14,1,1,1
ACC028062,1,21328.28,21328.28,0,4,1,0,1
ACC028064,2,18633.5,9316.75,106,14,2,0,2
ACC028066,1,23314.31,23314.31,0,2,1,0,1
ACC028067,2,27154.42,13577.21,91,16,2,0,2
ACC028068,2,20455.91,10227.95,395,5,2,0,2
ACC028069,2,59182.43,29591.22,73,6,2,0,2
ACC028070,2,87325.88,43662.94,169,15,2,1,2
ACC028071,3,86293.79,28764.6,144,28,3,0,3
ACC028072,3,46538.94,15512.98,230,22,3,1,3
ACC028073,1,1634.65,1634.65,0,11,1,0,1
ACC028074,1,9845.96,9845.96,0,9,1,0,1
ACC028075,2,13840.4,6920.2,4,14,2,0,2
ACC028076,2,12569.39,6284.69,251,9,2,0,2
ACC028077,1,57862.19,57862.19,0,9,1,0,1
ACC028079,1,92365.55,92365.55,0,11,1,0,1
ACC028080,1,23197.56,23197.56,0,13,1,0,1
ACC028081,1,8922.96,8922.96,0,11,1,0,1
ACC028082,1,9843.78,9843.78,0,5,1,0,1
ACC028083,2,65419.94,32709.97,339,9,2,0,2
ACC028084,1,25283.59,25283.59,0,8,1,0,1
ACC028085,2,24996.1,12498.05,55,19,2,0,1
ACC028087,1,8605.11,8605.11,0,2,1,0,1
ACC028089,1,49333.2,49333.2,0,9,1,0,1
ACC028090,2,192836.89,96418.45,79,16,2,0,2
ACC028092,1,5838.63,5838.63,0,9,1,0,1
ACC028094,1,45901.17,45901.17,0,8,1,0,1
ACC028095,2,14170.38,7085.19,130,24,2,0,2
ACC028098,1,12181.94,12181.94,0,8,1,0,1
ACC028099,2,19188.52,9594.26,214,12,2,0,1
ACC028104,1,8325.52,8325.52,0,10,1,0,1
ACC028106,1,20274.01,20274.01,0,8,1,0,1
ACC028107,1,14797.97,14797.97,0,1,1,0,1
ACC028109,5,126208.93,25241.79,365,32,5,1,3
ACC028111,1,19401.15,19401.15,0,4,1,0,1
ACC028112,1,40574.1,40574.1,0,1,1,0,1
ACC028113,1,19807.76,19807.76,0,14,1,0,1
ACC028114,1,12779.35,12779.35,0,2,1,0,1
ACC028115,2,13524.33,6762.16,34,11,2,0,1
ACC028116,1,43654.54,43654.54,0,10,1,0,1
ACC028117,2,21279.63,10639.81,155,25,2,0,2
ACC028118,1,15365.6,15365.6,0,6,1,0,1
ACC028120,1,13453.32,13453.32,0,13,1,0,1
ACC028121,1,65734.08,65734.08,0,6,1,0,1
ACC028122,2,40528.08,20264.04,77,5,2,0,2
ACC028124,1,6648.81,6648.81,0,12,1,0,1
ACC028129,2,51330.63,25665.31,38,16,2,0,2
ACC028130,2,70708.54,35354.27,44,13,2,0,1
ACC028131,1,4847.16,4847.16,0,8,1,0,1
ACC028132,1,7914.61,7914.61,0,5,1,0,1
ACC028133,1,3767.26,3767.26,0,11,1,0,1
ACC028134,2,84381.79,42190.89,172,6,2,0,2
ACC028135,2,54108.84,27054.42,153,23,2,0,2
ACC028137,1,18534.28,18534.28,0,11,1,0,1
ACC028142,1,4095.31,4095.31,0,11,1,0,1
ACC028143,1,7432.33,7432.33,0,6,1,0,1
ACC028144,1,17905.61,17905.61,0,10,1,0,1
ACC028145,1,9561.62,9561.62,0,7,1,1,1
ACC028146,2,79376.82,39688.41,68,8,2,0,1
ACC028147,1,1169.86,1169.86,0,10,1,0,1
ACC028148,1,12666.94,12666.94,0,10,1,0,1
ACC028149,2,24698.79,12349.4,17,19,2,0,1
ACC028150,1,10216.19,10216.19,0,14,1,0,1
ACC028151,2,40766.74,20383.37,67,8,2,0,2
ACC028153,1,7060.66,7060.66,0,5,1,0,1
ACC028158,1,12831.04,12831.04,0,6,1,0,1
ACC028159,5,126594.99,25319.0,360,32,5,0,4
ACC028163,1,4738.38,4738.38,0,3,1,0,1
ACC028164,2,64353.27,32176.64,259,15,2,0,2
ACC028169,1,86243.33,86243.33,0,7,1,0,1
ACC028170,4,39521.03,9880.26,224,36,4,0,2
ACC028171,1,38894.5,38894.5,0,7,1,0,1
ACC028176,2,50233.12,25116.56,82,17,2,0,2
ACC028178,3,65072.94,21690.98,158,19,3,1,1
ACC028179,1,41440.1,41440.1,0,10,1,0,1
ACC028180,2,25923.38,12961.69,136,18,2,0,2
ACC028182,2,32319.96,16159.98,31,8,2,0,2
ACC028183,1,55661.09,55661.09,0,2,1,0,1
ACC028184,1,9258.54,9258.54,0,14,1,0,1
ACC028185,1,5537.37,5537.37,0,14,1,0,1
ACC028186,1,12706.49,12706.49,0,4,1,0,1
ACC028187,1,11854.25,11854.25,0,2,1,0,1
ACC028188,2,19621.23,9810.61,380,21,2,1,2
ACC028189,1,8417.08,8417.08,0,5,1,0,1
ACC028190,3,77334.56,25778.19,43,20,3,0,2
ACC028191,1,40360.78,40360.78,0,5,1,0,1
ACC028192,1,1629.36,1629.36,0,14,1,0,1
ACC028193,2,25784.84,12892.42,119,13,2,0,2
ACC028198,1,31334.17,31334.17,0,11,1,0,1
ACC028199,3,71215.25,23738.42,230,29,3,0,2
ACC028200,1,4223.6,4223.6,0,11,1,0,1
ACC028203,1,71947.39,71947.39,0,7,1,0,1
ACC028204,1,23595.72,23595.72,0,6,1,0,1
ACC028205,1,29688.33,29688.33,0,4,1,0,1
ACC028206,2,107404.13,53702.07,144,16,2,0,2
ACC028208,2,28161.23,14080.62,116,7,2,0,2
ACC028210,1,26786.19,26786.19,0,1,1,0,1
ACC028211,1,11475.87,11475.87,0,7,1,0,1
ACC028212,1,2126.97,2126.97,0,14,1,0,1
ACC028217,1,11176.3,11176.3,0,1,1,0,1
ACC028223,1,11429.63,11429.63,0,5,1,0,1
ACC028224,1,5569.14,5569.14,0,9,1,0,1
ACC028226,4,17550.74,4387.68,360,34,4,0,4
ACC028227,2,13700.11,6850.06,89,12,2,0,2
ACC028229,2,85097.34,42548.67,160,9,2,0,2
ACC028230,2,77422.66,38711.33,188,22,2,0,2
ACC028233,1,52712.6,52712.6,0,1,1,0,1
ACC028234,1,11546.8,11546.8,0,6,1,0,1
ACC028236,1,8111.03,8111.03,0,6,1,0,1
ACC028237,3,91377.33,30459.11,274,16,3,0,3
ACC028241,2,42594.86,21297.43,246,18,2,0,2
ACC028242,2,26687.02,13343.51,115,16,2,0,2
ACC028243,1,6564.07,6564.07,0,9,1,0,1
ACC028245,1,34357.95,34357.95,0,3,1,0,1
ACC028246,3,52219.41,17406.47,119,30,3,0,2
ACC028247,1,56210.44,56210.44,0,14,1,0,1
ACC028248,1,66796.64,66796.64,0,3,1,0,1
ACC028249,1,4969.0,4969.0,0,9,1,0,1
ACC028251,1,44560.06,44560.06,0,5,1,0,1
ACC028252,1,13441.13,13441.13,0,2,1,0,1
ACC028253,1,9748.37,9748.37,0,5,1,0,1
ACC028257,1,2462.57,2462.57,0,1,1,0,1
ACC028258,2,16061.29,8030.64,171,22,2,0,2
ACC028260,1,2592.83,2592.83,0,13,1,0,1
ACC028261,1,81334.95,81334.95,0,1,1,0,1
ACC028262,2,33765.45,16882.72,42,21,2,0,2
ACC028263,3,44463.77,14821.26,226,27,3,0,3
ACC028265,2,63150.79,31575.4,75,15,2,0,1
ACC028266,1,14171.95,14171.95,0,13,1,0,1
ACC028267,1,41028.41,41028.41,0,3,1,0,1
ACC028268,1,13347.21,13347.21,0,4,1,0,1
ACC028270,1,27250.34,27250.34,0,3,1,0,1
ACC028271,1,25272.34,25272.34,0,14,1,0,1
ACC028273,1,25648.84,25648.84,0,9,1,1,1
ACC028274,1,14070.18,14070.18,0,1,1,0,1
ACC028275,1,28109.29,28109.29,0,5,1,1,1
ACC028276,2,13813.38,6906.69,1,19,2,0,1
ACC028277,1,4922.56,4922.56,0,10,1,0,1
ACC028278,1,25326.44,25326.44,0,2,1,0,1
ACC028281,1,4776.39,4776.39,0,14,1,0,1
ACC028282,2,173877.31,86938.65,46,8,2,0,2
ACC028283,1,101276.57,101276.57,0,12,1,0,1
ACC028284,1,65343.16,65343.16,0,2,1,0,1
ACC028285,1,23993.33,23993.33,0,4,1,0,1
ACC028286,1,63772.33,63772.33,0,6,1,0,1
ACC028287,3,105466.67,35155.56,278,31,3,1,3
ACC028289,2,40009.84,20004.92,7,9,2,0,2
ACC028290,1,45213.87,45213.87,0,5,1,0,1
ACC028291,1,21241.81,21241.81,0,13,1,0,1
ACC028294,4,80651.0,20162.75,434,23,4,1,3
ACC028295,1,18449.35,18449.35,0,7,1,1,1
ACC028296,1,22576.54,22576.54,0,1,1,0,1
ACC028297,1,12877.17,12877.17,0,8,1,1,1
ACC028298,2,20269.68,10134.84,252,4,2,0,2
ACC028300,1,6580.99,6580.99,0,10,1,0,1
ACC028301,1,1921.03,1921.03,0,8,1,0,1
ACC028302,3,45745.45,15248.48,380,18,3,0,2
ACC028303,2,44852.29,22426.15,135,20,2,0,1
ACC028304,1,29957.43,29957.43,0,11,1,0,1
ACC028307,1,6211.51,6211.51,0,2,1,0,1
ACC028310,2,50287.59,25143.8,298,13,2,0,1
ACC028311,2,20367.73,10183.86,246,6,2,0,2
ACC028312,3,77813.05,25937.68,128,23,3,0,3
ACC028314,2,33385.32,16692.66,174,15,2,0,2
ACC028315,1,47588.74,47588.74,0,8,1,0,1
ACC028316,1,6751.45,6751.45,0,12,1,0,1
ACC028318,1,38670.01,38670.01,0,12,1,0,1
ACC028321,1,9761.86,9761.86,0,8,1,0,1
ACC028322,2,42759.44,21379.72,201,12,2,0,2
ACC028324,1,13565.06,13565.06,0,12,1,0,1
ACC028325,1,47710.27,47710.27,0,11,1,1,1
ACC028326,4,148011.26,37002.82,78,23,4,0,4
ACC028328,1,6255.6,6255.6,0,5,1,0,1
ACC028329,1,18923.94,18923.94,0,7,1,0,1
ACC028330,1,3731.55,3731.55,0,11,1,0,1
ACC028331,1,1468.53,1468.53,0,4,1,0,1
ACC028332,1,1531.83,1531.83,0,12,1,0,1
ACC028333,2,33314.33,16657.17,187,24,2,0,2
ACC028334,1,6324.44,6324.44,0,2,1,0,1
ACC028335,1,14079.7,14079.7,0,13,1,0,1
ACC028336,2,34780.08,17390.04,152,26,2,0,2
ACC028337,1,45650.45,45650.45,0,9,1,0,1
ACC028338,1,27466.33,27466.33,0,1,1,0,1
ACC028339,1,17457.08,17457.08,0,13,1,0,1
ACC028340,2,78362.68,39181.34,364,25,2,1,1
ACC028341,1,18910.03,18910.03,0,12,1,0,1
ACC028342,3,78958.96,26319.65,270,31,3,0,3
ACC028343,1,57304.15,57304.15,0,13,1,0,1
ACC028344,1,38754.42,38754.42,0,12,1,0,1
ACC028345,1,17387.83,17387.83,0,13,1,0,1
ACC028347,3,68102.29,22700.76,313,21,3,0,2
ACC028349,1,7831.43,7831.43,0,12,1,0,1
ACC028350,4,97285.86,24321.46,275,20,4,0,3
ACC028351,2,36455.48,18227.74,89,18,2,0,2
ACC028352,1,9908.6,9908.6,0,14,1,0,1
ACC028353,1,14475.8,14475.8,0,12,1,0,1
ACC028354,1,43532.43,43532.43,0,12,1,0,1
ACC028356,4,38078.15,9519.54,388,43,4,1,2
ACC028359,1,27973.91,27973.91,0,5,1,0,1
ACC028361,2,13990.6,6995.3,146,13,2,0,2
ACC028365,3,74657.78,24885.93,135,32,3,0,2
ACC028367,1,2429.73,2429.73,0,7,1,0,1
ACC028370,2,58619.39,29309.69,154,17,2,0,2
ACC028372,1,115532.86,115532.86,0,8,1,1,1
ACC028373,1,43710.76,43710.76,0,5,1,0,1
ACC028375,2,12716.3,6358.15,224,13,2,0,2
ACC028376,1,22206.79,22206.79,0,13,1,1,1
ACC028377,1,1056.21,1056.21,0,14,1,0,1
ACC028378,1,7392.64,7392.64,0,14,1,0,1
ACC028381,2,62181.24,31090.62,68,6,2,0,2
ACC028382,1,4251.23,4251.23,0,5,1,0,1
ACC028383,1,20615.63,20615.63,0,2,1,0,1
ACC028385,2,27206.99,13603.5,130,15,2,0,2
ACC028386,2,61442.45,30721.22,24,3,2,0,2
ACC028387,1,6810.07,6810.07,0,1,1,0,1
ACC028393,2,52525.73,26262.87,184,15,2,1,2
ACC028394,2,56942.38,28471.19,143,12,2,0,2
ACC028395,1,14859.75,14859.75,0,13,1,0,1
ACC028396,2,70019.24,35009.62,33,17,2,0,2
ACC028397,3,88368.22,29456.07,431,33,3,1,3
ACC028398,1,20915.69,20915.69,0,4,1,0,1
ACC028400,1,15823.87,15823.87,0,14,1,0,1
ACC028401,3,19312.93,6437.64,190,25,3,0,3
ACC028402,1,13595.71,13595.71,0,14,1,0,1
ACC028403,3,82028.09,27342.7,139,14,3,0,1
ACC028404,1,6285.85,6285.85,0,11,1,0,1
ACC028406,1,11581.37,11581.37,0,1,1,0,1
ACC028407,1,58058.02,58058.02,0,1,1,0,1
ACC028408,2,43350.14,21675.07,69,18,2,0,2
ACC028410,1,28675.49,28675.49,0,9,1,0,1
ACC028412,4,20703.51,5175.88,193,30,4,0,2
ACC028414,2,54181.53,27090.76,167,7,2,0,2
ACC028415,1,9530.4,9530.4,0,4,1,1,1
ACC028417,2,31354.49,15677.24,164,7,2,0,2
ACC028419,2,44897.4,22448.7,351,21,2,0,2
ACC028420,3,209392.07,69797.36,32,9,3,0,3
ACC028422,1,35101.76,35101.76,0,14,1,0,1
ACC028427,2,37233.59,18616.79,208,27,2,0,2
ACC028428,1,20689.23,20689.23,0,1,1,0,1
ACC028430,2,99720.97,49860.49,336,10,2,0,2
ACC028433,1,4104.78,4104.78,0,6,1,0,1
ACC028434,3,79736.13,26578.71,306,7,3,1,1
ACC028436,1,32968.97,32968.97,0,7,1,0,1
ACC028437,1,1697.89,1697.89,0,13,1,0,1
ACC028438,1,53115.86,53115.86,0,2,1,0,1
ACC028439,1,30503.82,30503.82,0,11,1,0,1
ACC028440,1,25997.06,25997.06,0,5,1,0,1
ACC028441,2,56401.84,28200.92,268,26,2,0,2
ACC028442,2,26155.59,13077.8,71,11,2,0,2
ACC028443,2,24439.03,12219.51,174,10,2,0,1
ACC028446,3,19481.99,6494.0,122,20,3,0,2
ACC028450,2,29441.41,14720.7,74,16,2,0,2
ACC028451,1,6755.35,6755.35,0,6,1,0,1
ACC028452,3,45244.44,15081.48,435,21,3,1,2
ACC028454,1,16163.49,16163.49,0,8,1,0,1
ACC028456,1,13464.48,13464.48,0,12,1,0,1
ACC028457,2,39481.27,19740.63,18,24,2,1,2
ACC028458,1,30204.01,30204.01,0,3,1,0,1
ACC028460,1,11030.11,11030.11,0,10,1,0,1
ACC028461,1,550.67,550.67,0,7,1,0,1
ACC028462,3,57997.88,19332.63,274,7,3,0,3
ACC028465,2,34771.76,17385.88,62,15,2,0,2
ACC028466,1,5741.46,5741.46,0,5,1,1,1
ACC028467,3,15432.14,5144.05,92,19,3,0,3
ACC028468,1,24690.04,24690.04,0,3,1,0,1
ACC028469,4,48352.52,12088.13,238,21,4,0,3
ACC028470,1,10118.16,10118.16,0,14,1,0,1
ACC028471,1,63525.36,63525.36,0,11,1,0,1
ACC028472,3,56154.4,18718.13,273,17,3,0,2
ACC028473,1,7512.45,7512.45,0,12,1,0,1
ACC028475,1,18124.84,18124.84,0,4,1,0,1
ACC028481,1,3695.25,3695.25,0,12,1,0,1
ACC028482,3,90832.72,30277.57,110,8,3,0,3
ACC028484,1,10796.66,10796.66,0,14,1,0,1
ACC028486,2,45503.55,22751.78,11,15,2,0,2
ACC028488,2,16610.06,8305.03,160,22,2,0,2
ACC028489,1,2415.73,2415.73,0,10,1,0,1
ACC028490,1,42020.99,42020.99,0,5,1,0,1
ACC028491,3,120790.86,40263.62,305,26,3,0,3
ACC028492,4,196337.2,49084.3,110,36,4,0,3
ACC028493,1,8976.35,8976.35,0,8,1,0,1
ACC028494,1,49560.51,49560.51,0,11,1,0,1
ACC028495,2,54149.39,27074.69,243,3,2,0,2
ACC028496,5,189670.58,37934.12,331,35,5,0,2
ACC028499,2,57063.23,28531.61,124,11,2,1,2
ACC028501,1,10442.36,10442.36,0,14,1,0,1
ACC028504,1,10654.45,10654.45,0,13,1,0,1
ACC028505,1,16580.75,16580.75,0,2,1,1,1
ACC028507,1,14194.15,14194.15,0,13,1,0,1
ACC028510,2,25692.98,12846.49,130,23,2,0,2
ACC028511,3,16500.96,5500.32,350,30,3,0,3
ACC028513,1,11862.23,11862.23,0,11,1,0,1
ACC028514,1,19437.52,19437.52,0,7,1,0,1
ACC028515,1,4886.36,4886.36,0,13,1,1,1
ACC028516,1,17252.25,17252.25,0,5,1,0,1
ACC028518,2,144781.06,72390.53,35,12,2,0,2
ACC028520,2,5514.48,2757.24,215,26,2,0,2
ACC028521,1,25224.12,25224.12,0,3,1,0,1
ACC028522,3,37775.2,12591.73,285,31,3,0,3
ACC028524,3,97233.8,32411.27,320,23,3,1,3
ACC028526,1,24021.19,24021.19,0,14,1,0,1
ACC028527,1,1412.63,1412.63,0,6,1,0,1
ACC028530,2,34208.98,17104.49,110,10,2,0,2
ACC028531,1,53749.84,53749.84,0,13,1,0,1
ACC028532,1,17010.85,17010.85,0,4,1,0,1
ACC028533,1,146039.32,146039.32,0,8,1,0,1
ACC028535,2,51691.69,25845.84,85,18,2,0,2
ACC028536,1,15941.68,15941.68,0,5,1,0,1
ACC028538,1,37908.12,37908.12,0,9,1,0,1
ACC028539,1,4199.03,4199.03,0,7,1,0,1
ACC028541,1,20358.09,20358.09,0,8,1,0,1
ACC028542,2,40082.37,20041.19,8,13,2,0,2
ACC028543,2,21312.34,10656.17,189,7,2,1,2
ACC028544,2,66724.25,33362.12,101,22,2,0,1
ACC028545,2,36263.8,18131.9,32,20,2,0,2
ACC028546,1,22192.65,22192.65,0,1,1,0,1
ACC028548,1,733.98,733.98,0,4,1,0,1
ACC028549,4,90201.12,22550.28,190,20,4,0,4
ACC028551,2,26696.05,13348.02,307,18,2,0,1
ACC028552,1,94222.67,94222.67,0,8,1,0,1
ACC028554,2,37796.95,18898.47,152,6,2,0,1
ACC028555,1,22914.79,22914.79,0,10,1,0,1
ACC028556,1,10171.73,10171.73,0,11,1,0,1
ACC028558,3,66191.63,22063.88,74,21,3,0,3
ACC028559,3,163444.64,54481.55,311,21,3,0,1
ACC028560,2,44024.01,22012.01,46,24,2,0,2
ACC028561,2,42824.54,21412.27,17,17,2,1,2
ACC028563,1,4128.92,4128.92,0,10,1,0,1
ACC028564,4,88255.39,22063.85,364,28,4,0,3
ACC028568,1,12702.4,12702.4,0,13,1,0,1
ACC028573,1,19190.51,19190.51,0,3,1,0,1
ACC028575,3,132021.14,44007.05,254,24,3,0,2
ACC028576,2,70338.78,35169.39,319,14,2,0,2
ACC028577,1,5671.76,5671.76,0,14,1,0,1
ACC028578,2,87873.71,43936.85,193,19,2,0,2
ACC028580,2,126579.83,63289.91,22,17,2,0,2
ACC028581,2,38776.59,19388.29,130,15,2,0,2
ACC028583,2,34827.58,17413.79,14,16,2,0,2
ACC028584,4,138937.84,34734.46,390,7,4,0,3
ACC028585,1,15207.3,15207.3,0,9,1,0,1
ACC028586,1,109410.34,109410.34,0,3,1,0,1
ACC028587,1,53488.2,53488.2,0,14,1,0,1
ACC028589,1,19470.28,19470.28,0,4,1,0,1
ACC028591,3,130759.12,43586.37,213,24,3,0,2
ACC028592,1,13321.38,13321.38,0,6,1,0,1
ACC028593,3,123987.14,41329.05,403,22,3,1,2
ACC028594,2,49645.28,24822.64,151,14,2,0,2
ACC028596,2,93260.34,46630.17,342,10,2,1,1
ACC028597,1,9784.2,9784.2,0,11,1,0,1
ACC028598,2,67693.02,33846.51,34,11,2,0,2
ACC028599,1,11320.49,11320.49,0,6,1,0,1
ACC028601,1,3320.54,3320.54,0,6,1,0,1
ACC028602,2,112765.19,56382.6,283,13,2,0,2
ACC028603,3,81221.27,27073.76,194,20,3,0,3
ACC028604,2,32282.3,16141.15,140,10,2,0,2
ACC028605,1,70592.12,70592.12,0,5,1,1,1
ACC028606,1,7645.47,7645.47,0,7,1,0,1
ACC028607,1,37361.87,37361.87,0,14,1,0,1
ACC028609,2,5805.82,2902.91,26,20,2,0,2
ACC028610,1,18989.57,18989.57,0,7,1,0,1
ACC028611,3,52014.41,17338.14,374,25,3,0,2
ACC028613,4,32762.45,8190.61,281,26,4,0,3
ACC028615,1,7280.98,7280.98,0,7,1,0,1
ACC028616,2,72853.55,36426.78,12,13,2,2,2
ACC028617,2,6461.24,3230.62,61,14,2,0,2
ACC028618,1,17175.55,17175.55,0,9,1,0,1
ACC028619,1,13028.33,13028.33,0,11,1,0,1
ACC028620,3,53218.33,17739.44,316,23,3,0,3
ACC028621,3,72952.73,24317.58,423,17,3,1,3
ACC028622,1,13617.58,13617.58,0,9,1,0,1
ACC028624,2,39442.79,19721.4,80,18,2,0,2
ACC028625,1,6346.97,6346.97,0,13,1,0,1
ACC028626,1,37027.66,37027.66,0,9,1,1,1
ACC028629,1,25020.23,25020.23,0,6,1,1,1
ACC028630,3,79145.29,26381.76,293,15,3,0,2
ACC028633,1,7057.82,7057.82,0,7,1,0,1
ACC028634,1,38043.89,38043.89,0,13,1,0,1
ACC028635,1,3742.07,3742.07,0,2,1,0,1
ACC028636,1,11761.38,11761.38,0,7,1,0,1
ACC028637,1,13819.01,13819.01,0,9,1,0,1
ACC028638,1,3491.78,3491.78,0,6,1,0,1
ACC028640,3,63288.45,21096.15,232,20,3,0,3
ACC028641,3,86065.22,28688.41,153,32,3,0,3
ACC028642,1,23203.37,23203.37,0,8,1,1,1
ACC028644,4,129525.41,32381.35,350,32,4,0,4
ACC028647,1,28785.23,28785.23,0,7,1,0,1
ACC028648,1,9184.03,9184.03,0,10,1,0,1
ACC028650,2,21062.23,10531.11,67,18,2,1,2
ACC028651,2,43300.78,21650.39,246,18,2,1,2
ACC028654,2,73702.78,36851.39,181,20,2,0,2
ACC028655,2,106351.06,53175.53,157,18,2,0,2
ACC028656,1,14914.11,14914.11,0,10,1,0,1
ACC028660,1,5057.07,5057.07,0,9,1,0,1
ACC028662,1,54512.88,54512.88,0,12,1,0,1
ACC028663,2,123728.19,61864.1,58,7,2,0,2
ACC028664,2,72673.38,36336.69,4,14,2,0,2
ACC028666,1,10517.29,10517.29,0,4,1,0,1
ACC028667,1,31475.36,31475.36,0,6,1,0,1
ACC028668,1,30361.04,30361.04,0,4,1,0,1
ACC028669,1,24359.25,24359.25,0,6,1,0,1
ACC028670,1,42577.78,42577.78,0,3,1,0,1
ACC028671,1,10689.61,10689.61,0,9,1,0,1
ACC028673,1,17932.44,17932.44,0,12,1,1,1
ACC028674,3,36417.64,12139.21,175,29,3,0,2
ACC028676,1,24645.03,24645.03,0,10,1,0,1
ACC028677,1,20869.74,20869.74,0,4,1,0,1
ACC028678,2,18993.57,9496.78,117,12,2,0,1
ACC028680,1,9144.66,9144.66,0,9,1,0,1
ACC028681,1,10710.64,10710.64,0,1,1,0,1
ACC028682,3,101490.02,33830.01,304,30,3,1,3
ACC028685,1,15343.57,15343.57,0,3,1,0,1
ACC028686,2,21881.08,10940.54,78,14,2,0,2
ACC028687,1,15809.45,15809.45,0,13,1,0,1
ACC028688,1,42603.49,42603.49,0,9,1,0,1
ACC028689,1,77519.22,77519.22,0,14,1,0,1
ACC028690,2,44113.71,22056.85,107,9,2,0,2
ACC028691,1,54924.63,54924.63,0,14,1,0,1
ACC028692,2,30357.81,15178.91,80,19,2,0,2
ACC028693,3,138758.91,46252.97,327,24,3,0,3
ACC028694,1,47779.05,47779.05,0,10,1,0,1
ACC028695,1,2471.58,2471.58,0,9,1,0,1
ACC028696,1,29842.24,29842.24,0,10,1,0,1
ACC028698,2,62695.78,31347.89,17,10,2,0,2
ACC028699,1,6586.8,6586.8,0,5,1,0,1
ACC028700,3,70917.21,23639.07,186,21,3,0,3
ACC028702,3,32024.56,10674.85,388,13,3,0,2
ACC028703,1,19674.33,19674.33,0,10,1,0,1
ACC028704,1,5358.48,5358.48,0,7,1,0,1
ACC028707,1,2520.86,2520.86,0,13,1,0,1
ACC028708,1,39018.68,39018.68,0,8,1,0,1
ACC028709,1,5700.38,5700.38,0,14,1,0,1
ACC028712,2,30925.38,15462.69,364,10,2,1,2
ACC028713,2,47484.11,23742.06,222,13,2,0,2
ACC028715,2,22840.37,11420.18,372,15,2,0,1
ACC028716,1,67378.15,67378.15,0,2,1,0,1
ACC028722,1,43519.95,43519.95,0,4,1,0,1
ACC028724,1,14642.83,14642.83,0,1,1,0,1
ACC028725,1,30278.28,30278.28,0,11,1,0,1
ACC028726,1,11152.17,11152.17,0,3,1,0,1
ACC028731,3,85549.74,28516.58,29,20,3,0,3
ACC028732,1,11086.6,11086.6,0,2,1,0,1
ACC028734,1,24560.19,24560.19,0,11,1,0,1
ACC028735,1,49575.72,49575.72,0,3,1,1,1
ACC028737,2,65741.23,32870.62,177,14,2,0,2
ACC028738,1,4392.18,4392.18,0,7,1,0,1
ACC028741,1,28809.82,28809.82,0,7,1,0,1
ACC028742,1,20989.02,20989.02,0,14,1,0,1
ACC028745,2,21153.36,10576.68,154,20,2,0,2
ACC028746,1,546.82,546.82,0,11,1,0,1
ACC028748,1,10902.55,10902.55,0,7,1,0,1
ACC028749,1,37416.03,37416.03,0,13,1,0,1
ACC028751,1,9366.17,9366.17,0,12,1,0,1
ACC028752,1,19117.34,19117.34,0,5,1,0,1
ACC028754,3,36684.79,12228.26,225,11,3,0,2
ACC028755,2,115923.73,57961.86,301,12,2,0,2
ACC028756,1,9518.15,9518.15,0,1,1,0,1
ACC028758,1,49505.46,49505.46,0,2,1,1,1
ACC028760,2,16929.39,8464.69,115,25,2,0,2
ACC028761,1,3860.68,3860.68,0,5,1,0,1
ACC028763,1,16468.77,16468.77,0,8,1,0,1
ACC028769,1,42874.71,42874.71,0,3,1,0,1
ACC028770,1,17174.01,17174.01,0,1,1,0,1
ACC028772,1,25558.8,25558.8,0,1,1,0,1
ACC028774,1,17036.11,17036.11,0,11,1,0,1
ACC028775,1,4791.17,4791.17,0,8,1,0,1
ACC028777,1,6499.94,6499.94,0,9,1,0,1
ACC028778,2,28708.13,14354.07,111,22,2,0,2
ACC028779,1,925.45,925.45,0,14,1,0,1
ACC028781,1,8391.66,8391.66,0,6,1,0,1
ACC028783,1,1347.06,1347.06,0,6,1,0,1
ACC028784,1,33651.77,33651.77,0,9,1,0,1
ACC028785,3,130979.94,43659.98,233,30,3,0,3
ACC028786,1,5837.4,5837.4,0,11,1,0,1
ACC028790,2,58309.99,29155.0,174,7,2,0,2
ACC028791,1,28524.14,28524.14,0,2,1,0,1
ACC028793,1,21814.12,21814.12,0,3,1,0,1
ACC028794,3,69445.81,23148.6,251,24,3,0,2
ACC028796,2,150458.37,75229.18,183,15,2,0,2
ACC028797,2,69613.97,34806.99,360,17,2,0,2
ACC028798,2,63116.34,31558.17,172,20,2,0,2
ACC028799,1,12508.1,12508.1,0,11,1,0,1
ACC028800,2,62360.54,31180.27,62,18,2,0,1
ACC028801,2,2535.68,1267.84,2,10,2,0,2
ACC028802,3,74554.97,24851.66,188,15,3,0,2
ACC028803,2,42118.41,21059.21,5,18,2,0,1
ACC028805,2,73639.72,36819.86,12,18,2,0,2
ACC028806,2,22910.73,11455.36,5,10,2,0,1
ACC028807,5,38280.33,7656.07,354,22,5,0,5
ACC028809,1,31144.01,31144.01,0,9,1,0,1
ACC028810,2,15083.51,7541.75,155,23,2,0,2
ACC028811,1,39117.29,39117.29,0,14,1,0,1
ACC028814,2,57249.94,28624.97,182,19,2,0,2
ACC028816,1,28578.43,28578.43,0,4,1,0,1
ACC028819,1,9611.62,9611.62,0,6,1,0,1
ACC028821,2,26103.55,13051.78,12,23,2,0,2
ACC028822,1,25552.57,25552.57,0,5,1,0,1
ACC028824,1,10023.34,10023.34,0,7,1,0,1
ACC028825,2,12517.26,6258.63,14,20,2,0,2
ACC028827,2,41436.92,20718.46,218,19,2,0,2
ACC028828,1,6812.95,6812.95,0,8,1,0,1
ACC028829,2,41561.89,20780.94,189,7,2,0,2
ACC028830,2,14827.82,7413.91,87,18,2,0,1
ACC028831,2,91145.65,45572.82,156,16,2,1,2
ACC028832,1,98788.45,98788.45,0,2,1,0,1
ACC028833,2,44196.97,22098.49,69,14,2,0,2
ACC028834,2,15656.87,7828.43,291,20,2,0,2
ACC028835,1,5163.92,5163.92,0,6,1,0,1
ACC028837,1,28893.0,28893.0,0,6,1,0,1
ACC028839,1,47413.14,47413.14,0,1,1,0,1
ACC028840,1,28106.48,28106.48,0,5,1,0,1
ACC028841,2,12478.38,6239.19,358,18,2,0,2
ACC028842,1,17796.91,17796.91,0,9,1,0,1
ACC028844,1,4354.76,4354.76,0,12,1,0,1
ACC028846,1,14296.18,14296.18,0,8,1,1,1
ACC028847,1,704.66,704.66,0,8,1,0,1
ACC028848,1,32324.79,32324.79,0,2,1,0,1
ACC028849,3,54664.02,18221.34,267,19,3,0,3
ACC028850,2,50215.0,25107.5,238,17,2,1,2
ACC028851,1,31378.7,31378.7,0,1,1,0,1
ACC028854,1,30792.65,30792.65,0,5,1,0,1
ACC028856,3,27688.73,9229.58,312,32,3,0,3
ACC028857,1,11534.63,11534.63,0,9,1,0,1
ACC028859,1,5180.08,5180.08,0,8,1,0,1
ACC028860,1,38621.58,38621.58,0,10,1,0,1
ACC028862,1,10886.34,10886.34,0,11,1,0,1
ACC028863,2,25010.14,12505.07,284,22,2,0,2
ACC028864,2,9957.26,4978.63,45,14,2,0,2
ACC028867,1,52541.51,52541.51,0,10,1,0,1
ACC028868,1,63724.05,63724.05,0,12,1,0,1
ACC028869,2,92176.14,46088.07,124,26,2,1,2
ACC028870,2,34729.91,17364.95,156,14,2,1,2
ACC028871,2,70890.61,35445.31,70,17,2,0,2
ACC028876,2,33298.89,16649.44,48,16,2,0,1
ACC028877,1,16087.31,16087.31,0,4,1,0,1
ACC028878,4,67159.46,16789.86,149,33,4,0,4
ACC028881,1,33737.11,33737.11,0,11,1,0,1
ACC028882,1,21886.06,21886.06,0,2,1,0,1
ACC028883,1,1137.34,1137.34,0,9,1,0,1
ACC028884,2,90343.82,45171.91,98,14,2,0,2
ACC028885,1,59038.04,59038.04,0,10,1,0,1
ACC028886,3,144170.85,48056.95,76,8,3,0,3
ACC028887,2,27431.91,13715.96,72,15,2,0,2
ACC028890,3,134265.53,44755.18,92,30,3,0,3
ACC028891,2,94378.52,47189.26,218,8,2,0,2
ACC028892,1,25724.73,25724.73,0,5,1,0,1
ACC028894,2,19260.76,9630.38,153,23,2,0,2
ACC028895,1,777.26,777.26,0,7,1,0,1
ACC028896,1,35956.93,35956.93,0,14,1,0,1
ACC028897,1,12974.38,12974.38,0,1,1,0,1
ACC028898,3,143782.2,47927.4,248,26,3,0,3
ACC028900,1,6302.06,6302.06,0,10,1,0,1
ACC028901,3,49614.55,16538.18,179,23,3,0,2
ACC028902,4,125891.94,31472.99,338,35,4,0,3
ACC028903,1,81788.14,81788.14,0,10,1,0,1
ACC028905,3,63675.18,21225.06,81,37,3,0,3
ACC028906,2,157164.59,78582.29,44,15,2,0,2
ACC028907,1,10431.59,10431.59,0,8,1,0,1
ACC028908,3,41422.82,13807.61,247,21,3,1,3
ACC028909,1,7661.09,7661.09,0,11,1,0,1
ACC028910,3,67770.38,22590.13,279,7,3,0,3
ACC028911,3,23788.9,7929.63,262,28,3,0,3
ACC028912,1,11535.52,11535.52,0,7,1,0,1
ACC028914,1,57689.11,57689.11,0,3,1,0,1
ACC028916,2,23312.83,11656.42,94,26,2,0,2
ACC028917,1,9591.34,9591.34,0,13,1,0,1
ACC028919,1,47520.1,47520.1,0,4,1,0,1
ACC028920,2,72236.45,36118.22,59,18,2,0,1
ACC028921,1,65056.22,65056.22,0,11,1,0,1
ACC028923,3,75901.31,25300.44,157,20,3,0,2
ACC028924,1,74113.93,74113.93,0,2,1,0,1
ACC028927,3,127298.06,42432.69,316,11,3,0,3
ACC028928,3,47157.18,15719.06,150,22,3,0,2
ACC028929,1,2084.13,2084.13,0,1,1,0,1
ACC028931,1,66674.9,66674.9,0,1,1,0,1
ACC028932,1,4688.75,4688.75,0,12,1,0,1
ACC028933,4,171449.88,42862.47,281,35,4,0,3
ACC028934,1,4597.16,4597.16,0,4,1,0,1
ACC028935,2,19061.34,9530.67,84,26,2,0,1
ACC028936,3,34766.68,11588.89,321,27,3,0,3
ACC028937,1,38555.2,38555.2,0,2,1,0,1
ACC028941,1,27433.41,27433.41,0,8,1,0,1
ACC028943,2,122937.82,61468.91,115,17,2,0,2
ACC028945,3,39969.91,13323.3,244,20,3,0,1
ACC028946,1,12883.84,12883.84,0,2,1,0,1
ACC028947,1,2547.15,2547.15,0,12,1,0,1
ACC028949,3,22728.76,7576.25,164,19,3,0,3
ACC028951,1,14948.98,14948.98,0,13,1,0,1
ACC028953,2,30440.54,15220.27,17,15,2,0,2
ACC028954,1,2239.16,2239.16,0,1,1,0,1
ACC028957,1,5780.13,5780.13,0,10,1,0,1
ACC028958,1,741.38,741.38,0,12,1,0,1
ACC028960,1,5423.45,5423.45,0,8,1,0,1
ACC028963,2,14359.73,7179.86,70,9,2,0,2
ACC028965,2,90803.62,45401.81,217,19,2,0,1
ACC028967,2,46578.16,23289.08,120,19,2,0,2
ACC028968,3,31127.52,10375.84,349,28,3,0,3
ACC028969,1,86591.21,86591.21,0,9,1,0,1
ACC028970,4,39311.82,9827.95,135,37,4,0,3
ACC028971,1,17240.83,17240.83,0,12,1,0,1
ACC028972,2,136257.21,68128.6,267,12,2,0,2
ACC028973,1,58218.8,58218.8,0,11,1,0,1
ACC028974,2,28171.31,14085.66,34,15,2,0,2
ACC028975,2,54395.4,27197.7,305,16,2,0,2
ACC028976,1,39075.23,39075.23,0,13,1,0,1
ACC028977,1,16988.42,16988.42,0,14,1,0,1
ACC028979,2,20016.79,10008.4,214,9,2,0,2
ACC028980,1,25032.53,25032.53,0,2,1,0,1
ACC028983,2,69290.18,34645.09,341,4,2,0,1
ACC028984,2,76818.28,38409.14,151,15,2,0,2
ACC028986,1,16931.34,16931.34,0,13,1,0,1
ACC028987,3,197157.0,65719.0,128,33,3,0,2
ACC028988,2,8743.27,4371.64,352,19,2,0,2
ACC028991,3,124900.68,41633.56,410,24,3,0,3
ACC028992,2,72329.88,36164.94,293,17,2,0,2
ACC028996,1,33285.93,33285.93,0,11,1,0,1
ACC028997,1,5398.21,5398.21,0,12,1,0,1
ACC028998,1,31764.05,31764.05,0,9,1,0,1
ACC028999,1,63505.12,63505.12,0,5,1,0,1
ACC029001,1,14280.75,14280.75,0,8,1,0,1
ACC029002,1,2310.37,2310.37,0,4,1,0,1
ACC029003,1,1221.4,1221.4,0,9,1,0,1
ACC029004,1,28811.37,28811.37,0,14,1,0,1
ACC029006,2,28096.52,14048.26,339,15,2,0,2
ACC029007,1,18659.99,18659.99,0,2,1,0,1
ACC029009,1,40579.73,40579.73,0,12,1,0,1
ACC029010,1,37328.3,37328.3,0,12,1,0,1
ACC029011,1,31708.07,31708.07,0,13,1,1,1
ACC029015,1,1091.75,1091.75,0,7,1,0,1
ACC029016,1,4147.2,4147.2,0,4,1,0,1
ACC029017,1,2449.8,2449.8,0,5,1,0,1
ACC029019,1,9469.83,9469.83,0,14,1,0,1
ACC029021,1,21029.01,21029.01,0,12,1,0,1
ACC029022,3,108734.07,36244.69,252,11,3,1,3
ACC029023,2,17907.22,8953.61,261,15,2,0,2
ACC029024,2,14060.61,7030.31,271,19,2,0,2
ACC029025,5,107420.18,21484.04,382,52,5,1,3
ACC029028,1,9657.13,9657.13,0,1,1,0,1
ACC029029,3,97756.33,32585.44,210,20,3,0,3
ACC029032,1,2550.46,2550.46,0,12,1,0,1
ACC029035,1,37473.77,37473.77,0,11,1,0,1
ACC029036,2,52605.28,26302.64,221,21,2,1,2
ACC029038,1,4861.78,4861.78,0,14,1,0,1
ACC029040,1,8059.08,8059.08,0,8,1,0,1
ACC029041,2,36911.88,18455.94,16,10,2,0,2
ACC029042,3,116898.31,38966.1,228,29,3,0,3
ACC029043,1,3389.15,3389.15,0,14,1,0,1
ACC029045,3,40767.41,13589.14,413,29,3,1,3
ACC029046,2,63875.97,31937.99,88,18,2,0,2
ACC029048,1,8873.88,8873.88,0,11,1,0,1
ACC029051,1,8403.08,8403.08,0,1,1,0,1
ACC029053,5,138068.2,27613.64,304,37,5,0,4
ACC029057,2,32973.37,16486.68,122,18,2,0,1
ACC029058,2,22074.03,11037.01,96,11,2,0,2
ACC029059,1,65564.6,65564.6,0,12,1,1,1
ACC029061,2,62795.58,31397.79,410,16,2,1,2
ACC029062,1,1383.47,1383.47,0,2,1,0,1
ACC029063,1,12132.86,12132.86,0,8,1,0,1
ACC029064,1,31140.76,31140.76,0,4,1,0,1
ACC029065,1,5292.1,5292.1,0,10,1,0,1
ACC029066,1,82567.39,82567.39,0,9,1,0,1
ACC029067,1,52557.12,52557.12,0,6,1,0,1
ACC029069,1,1670.71,1670.71,0,7,1,0,1
ACC029070,2,7753.46,3876.73,322,3,2,1,2
ACC029071,1,34414.06,34414.06,0,12,1,0,1
ACC029072,1,16355.7,16355.7,0,9,1,0,1
ACC029076,1,9756.03,9756.03,0,10,1,0,1
ACC029077,4,162400.76,40600.19,224,30,4,0,3
ACC029078,1,3116.68,3116.68,0,12,1,0,1
ACC029079,1,2938.53,2938.53,0,6,1,0,1
ACC029080,2,89240.75,44620.38,22,7,2,0,1
ACC029081,1,27593.2,27593.2,0,8,1,0,1
ACC029082,1,9261.28,9261.28,0,10,1,0,1
ACC029083,2,31292.04,15646.02,21,23,2,0,1
ACC029085,2,33618.25,16809.12,143,21,2,0,2
ACC029086,2,52939.32,26469.66,23,10,2,0,2
ACC029087,1,13837.61,13837.61,0,1,1,0,1
ACC029094,4,93194.98,23298.74,344,32,4,0,4
ACC029095,1,16717.47,16717.47,0,2,1,0,1
ACC029096,3,45165.4,15055.13,207,23,3,0,3
ACC029098,2,66768.01,33384.01,194,27,2,0,1
ACC029099,2,70518.55,35259.27,182,15,2,0,1
ACC029100,1,7358.54,7358.54,0,10,1,0,1
ACC029101,1,52738.23,52738.23,0,4,1,1,1
ACC029103,1,5239.81,5239.81,0,10,1,0,1
ACC029104,1,35245.76,35245.76,0,2,1,0,1
ACC029105,1,16494.6,16494.6,0,14,1,0,1
ACC029106,2,117537.1,58768.55,378,16,2,1,2
ACC029111,2,73857.14,36928.57,69,16,2,0,1
ACC029113,1,2735.76,2735.76,0,7,1,0,1
ACC029115,1,69407.53,69407.53,0,1,1,0,1
ACC029120,1,29450.61,29450.61,0,7,1,0,1
ACC029121,1,25947.11,25947.11,0,2,1,1,1
ACC029123,1,28323.35,28323.35,0,11,1,0,1
ACC029124,4,57546.71,14386.68,182,41,4,0,3
ACC029125,1,8654.17,8654.17,0,14,1,1,1
ACC029126,1,30691.28,30691.28,0,3,1,0,1
ACC029128,1,29432.46,29432.46,0,6,1,0,1
ACC029131,1,16016.93,16016.93,0,12,1,0,1
ACC029134,2,18561.78,9280.89,66,10,2,0,2
ACC029136,2,46551.85,23275.92,190,22,2,0,2
ACC029137,1,13753.61,13753.61,0,14,1,0,1
ACC029139,1,31895.6,31895.6,0,4,1,0,1
ACC029140,2,54519.05,27259.53,36,8,2,0,2
ACC029145,1,71641.75,71641.75,0,3,1,0,1
ACC029146,1,5663.5,5663.5,0,9,1,0,1
ACC029147,2,44816.9,22408.45,57,14,2,0,2
ACC029148,1,12543.15,12543.15,0,5,1,0,1
ACC029149,1,26432.13,26432.13,0,4,1,0,1
ACC029153,1,29599.29,29599.29,0,12,1,0,1
ACC029154,3,100716.43,33572.14,389,33,3,1,2
ACC029155,2,37906.21,18953.1,126,16,2,0,1
ACC029157,2,89123.15,44561.57,115,17,2,0,2
ACC029158,3,48043.57,16014.52,226,26,3,0,2
ACC029159,1,14959.38,14959.38,0,3,1,0,1
ACC029160,1,17825.88,17825.88,0,1,1,0,1
ACC029161,1,3195.15,3195.15,0,9,1,0,1
ACC029162,1,10543.52,10543.52,0,14,1,0,1
ACC029163,2,45477.57,22738.78,61,12,2,0,2
ACC029165,1,11379.24,11379.24,0,1,1,0,1
ACC029167,1,76638.34,76638.34,0,8,1,0,1
ACC029168,1,6535.4,6535.4,0,9,1,0,1
ACC029169,2,115377.76,57688.88,101,20,2,0,2
ACC029172,2,63060.7,31530.35,25,10,2,1,2
ACC029173,2,39543.1,19771.55,54,22,2,0,2
ACC029174,2,48903.35,24451.68,103,16,2,0,2
ACC029177,1,29446.47,29446.47,0,5,1,0,1
ACC029178,1,18997.5,18997.5,0,2,1,0,1
ACC029180,1,3867.39,3867.39,0,2,1,0,1
ACC029183,3,89438.51,29812.84,358,17,3,1,2
ACC029185,2,68624.29,34312.14,133,15,2,0,2
ACC029189,2,158908.2,79454.1,252,21,2,0,2
ACC029192,2,25034.89,12517.44,80,26,2,0,2
ACC029193,2,82729.02,41364.51,123,9,2,0,2
ACC029195,2,33950.54,16975.27,208,22,2,0,2
ACC029196,1,24585.53,24585.53,0,1,1,0,1
ACC029197,2,78965.55,39482.78,159,17,2,0,2
ACC029198,2,63326.32,31663.16,254,18,2,0,2
ACC029199,2,23838.86,11919.43,142,19,2,0,2
ACC029200,1,22727.8,22727.8,0,10,1,0,1
ACC029202,2,25523.52,12761.76,35,13,2,0,2
ACC029203,2,78325.43,39162.71,321,11,2,0,2
ACC029204,1,57092.03,57092.03,0,7,1,0,1
ACC029205,2,50420.0,25210.0,128,16,2,1,2
ACC029207,1,44387.33,44387.33,0,13,1,0,1
ACC029212,1,22798.6,22798.6,0,9,1,0,1
ACC029215,1,24490.05,24490.05,0,8,1,0,1
ACC029216,1,40964.24,40964.24,0,8,1,0,1
ACC029218,1,22386.8,22386.8,0,11,1,0,1
ACC029220,1,104382.11,104382.11,0,14,1,0,1
ACC029221,3,28417.96,9472.65,352,27,3,0,2
ACC029222,1,54970.43,54970.43,0,9,1,0,1
ACC029223,1,48176.42,48176.42,0,5,1,0,1
ACC029224,1,6712.66,6712.66,0,2,1,0,1
ACC029226,2,74898.59,37449.29,23,9,2,1,2
ACC029227,2,70930.43,35465.22,213,16,2,0,2
ACC029230,1,5792.92,5792.92,0,1,1,0,1
ACC029233,2,16476.78,8238.39,83,18,2,0,2
ACC029234,1,128777.5,128777.5,0,13,1,0,1
ACC029236,1,1274.99,1274.99,0,3,1,0,1
ACC029238,1,29852.55,29852.55,0,1,1,0,1
ACC029240,1,26286.15,26286.15,0,5,1,0,1
ACC029241,3,42450.87,14150.29,254,22,3,0,3
ACC029243,1,51110.72,51110.72,0,6,1,0,1
ACC029244,2,45342.78,22671.39,148,13,2,0,2
ACC029246,1,950.09,950.09,0,10,1,0,1
ACC029247,2,4687.39,2343.69,349,24,2,1,2
ACC029250,2,16681.82,8340.91,35,11,2,0,2
ACC029251,3,45771.47,15257.16,341,23,3,0,3
ACC029252,2,10043.08,5021.54,9,19,2,0,1
ACC029253,4,166904.47,41726.12,258,31,4,1,3
ACC029255,3,73574.25,24524.75,233,28,3,0,3
ACC029256,1,51625.54,51625.54,0,13,1,0,1
ACC029258,1,29978.55,29978.55,0,9,1,0,1
ACC029260,1,22672.58,22672.58,0,8,1,0,1
ACC029261,1,18469.9,18469.9,0,8,1,0,1
ACC029262,1,10187.09,10187.09,0,14,1,0,1
ACC029263,1,14658.12,14658.12,0,3,1,0,1
ACC029264,2,86165.2,43082.6,140,8,2,0,2
ACC029265,1,13552.82,13552.82,0,10,1,0,1
ACC029267,1,9629.78,9629.78,0,13,1,0,1
ACC029268,2,85320.71,42660.35,156,14,2,0,2
ACC029269,3,90205.36,30068.45,297,12,3,0,3
ACC029275,1,6559.99,6559.99,0,3,1,0,1
ACC029278,1,15531.23,15531.23,0,13,1,0,1
ACC029279,3,190639.34,63546.45,81,15,3,0,3
ACC029280,1,55351.47,55351.47,0,3,1,0,1
ACC029281,1,34620.75,34620.75,0,13,1,0,1
ACC029283,1,14748.23,14748.23,0,2,1,0,1
ACC029285,1,16781.05,16781.05,0,8,1,0,1
ACC029286,1,13931.79,13931.79,0,14,1,0,1
ACC029287,2,84339.09,42169.54,5,13,2,0,1
ACC029288,1,40680.68,40680.68,0,6,1,0,1
ACC029291,1,14688.07,14688.07,0,1,1,1,1
ACC029292,1,14648.67,14648.67,0,11,1,0,1
ACC029294,1,9741.03,9741.03,0,7,1,0,1
ACC029295,1,20625.23,20625.23,0,14,1,0,1
ACC029296,1,30673.56,30673.56,0,12,1,0,1
ACC029298,2,57337.98,28668.99,62,18,2,0,2
ACC029299,2,55107.47,27553.74,111,22,2,0,2
ACC029300,1,10628.57,10628.57,0,9,1,0,1
ACC029301,1,3379.15,3379.15,0,2,1,0,1
ACC029302,2,74588.51,37294.26,86,11,2,0,2
ACC029303,2,42703.15,21351.57,284,27,2,0,2
ACC029304,1,8053.89,8053.89,0,12,1,0,1
ACC029307,1,60648.51,60648.51,0,13,1,0,1
ACC029308,2,18178.38,9089.19,8,10,2,1,2
ACC029310,3,92077.46,30692.49,132,16,3,0,2
ACC029311,1,5044.61,5044.61,0,14,1,0,1
ACC029314,2,28460.58,14230.29,190,6,2,0,2
ACC029316,1,46288.75,46288.75,0,1,1,1,1
ACC029317,1,11514.55,11514.55,0,1,1,0,1
ACC029318,1,3166.89,3166.89,0,2,1,0,1
ACC029319,3,78827.62,26275.87,163,20,3,0,2
ACC029321,3,67683.41,22561.14,47,23,3,0,3
ACC029323,1,27652.52,27652.52,0,8,1,0,1
ACC029325,3,202825.18,67608.39,206,24,3,0,3
ACC029326,1,9580.75,9580.75,0,4,1,1,1
ACC029328,1,39346.3,39346.3,0,13,1,0,1
ACC029330,1,54592.73,54592.73,0,7,1,0,1
ACC029332,1,5168.49,5168.49,0,13,1,0,1
ACC029334,2,74017.58,37008.79,71,23,2,0,2
ACC029336,1,12566.24,12566.24,0,6,1,1,1
ACC029337,1,1199.89,1199.89,0,13,1,0,1
ACC029339,1,1511.63,1511.63,0,11,1,0,1
ACC029340,1,16349.67,16349.67,0,11,1,0,1
ACC029341,1,8734.39,8734.39,0,11,1,1,1
ACC029342,2,99235.16,49617.58,16,12,2,0,2
ACC029345,1,19753.22,19753.22,0,12,1,0,1
ACC029347,3,270521.11,90173.7,259,23,3,0,2
ACC029349,2,41740.62,20870.31,359,18,2,0,2
ACC029350,1,15036.0,15036.0,0,4,1,0,1
ACC029353,2,54094.34,27047.17,169,9,2,0,2
ACC029354,4,49758.81,12439.7,420,23,4,1,2
ACC029355,2,19255.76,9627.88,129,7,2,1,1
ACC029357,2,25726.97,12863.49,203,12,2,0,1
ACC029359,2,56255.17,28127.58,85,14,2,0,2
ACC029361,1,18721.03,18721.03,0,10,1,0,1
ACC029362,3,50887.98,16962.66,357,25,3,1,2
ACC029363,2,44182.88,22091.44,304,8,2,0,1
ACC029364,1,12923.24,12923.24,0,5,1,0,1
ACC029365,1,18094.08,18094.08,0,4,1,0,1
ACC029367,1,12926.9,12926.9,0,7,1,0,1
ACC029368,3,55183.97,18394.66,88,37,3,0,2
ACC029369,1,6562.6,6562.6,0,14,1,0,1
ACC029370,1,8419.86,8419.86,0,5,1,0,1
ACC029371,3,46664.69,15554.9,223,24,3,0,2
ACC029374,2,67274.76,33637.38,26,18,2,0,2
ACC029375,1,9842.08,9842.08,0,14,1,0,1
ACC029377,1,71956.62,71956.62,0,13,1,0,1
ACC029380,1,1622.16,1622.16,0,13,1,0,1
ACC029381,3,104794.63,34931.54,430,19,3,1,3
ACC029382,3,31552.16,10517.39,342,22,3,1,2
ACC029383,1,33445.75,33445.75,0,14,1,0,1
ACC029384,1,14655.61,14655.61,0,4,1,0,1
ACC029385,2,21863.54,10931.77,46,19,2,0,2
ACC029386,1,6549.89,6549.89,0,12,1,0,1
ACC029387,1,4786.11,4786.11,0,11,1,0,1
ACC029390,2,56709.72,28354.86,276,25,2,0,2
ACC029392,1,3918.13,3918.13,0,7,1,0,1
ACC029394,3,139928.31,46642.77,363,15,3,0,3
ACC029395,2,22954.15,11477.08,98,25,2,0,2
ACC029397,2,40545.1,20272.55,210,10,2,0,2
ACC029398,1,22662.49,22662.49,0,14,1,0,1
ACC029399,1,61325.14,61325.14,0,13,1,0,1
ACC029401,2,21182.76,10591.38,229,11,2,0,2
ACC029404,2,65802.11,32901.06,306,13,2,0,2
ACC029406,1,32003.38,32003.38,0,3,1,0,1
ACC029407,1,14674.95,14674.95,0,3,1,0,1
ACC029408,3,165459.28,55153.09,284,26,3,0,3
ACC029412,1,50971.35,50971.35,0,13,1,0,1
ACC029414,2,108023.84,54011.92,72,7,2,0,2
ACC029415,1,9058.77,9058.77,0,7,1,0,1
ACC029416,1,7984.85,7984.85,0,4,1,0,1
ACC029417,1,2014.25,2014.25,0,4,1,0,1
ACC029418,2,34658.24,17329.12,108,2,2,0,2
ACC029422,1,18094.51,18094.51,0,8,1,0,1
ACC029424,1,71528.51,71528.51,0,10,1,0,1
ACC029426,2,28248.05,14124.02,79,8,2,0,2
ACC029428,4,152892.86,38223.22,182,25,4,0,3
ACC029429,1,56657.24,56657.24,0,7,1,0,1
ACC029431,1,20552.81,20552.81,0,3,1,0,1
ACC029432,1,9432.98,9432.98,0,5,1,0,1
ACC029433,1,74268.41,74268.41,0,3,1,0,1
ACC029437,2,45130.01,22565.01,263,26,2,0,2
ACC029438,1,20615.77,20615.77,0,6,1,0,1
ACC029439,3,17222.59,5740.86,404,24,3,1,3
ACC029446,1,40532.39,40532.39,0,3,1,0,1
ACC029447,2,45212.68,22606.34,28,8,2,0,2
ACC029455,1,91064.61,91064.61,0,7,1,0,1
ACC029457,2,87759.51,43879.75,71,20,2,0,2
ACC029460,2,25379.69,12689.85,212,20,2,0,2
ACC029461,2,34937.94,17468.97,308,16,2,0,2
ACC029464,2,40916.48,20458.24,164,19,2,0,2
ACC029466,1,5336.51,5336.51,0,9,1,0,1
ACC029467,2,43074.53,21537.26,140,14,2,0,2
ACC029469,1,1729.71,1729.71,0,8,1,0,1
ACC029470,2,57913.08,28956.54,187,9,2,0,2
ACC029472,1,38289.52,38289.52,0,12,1,0,1
ACC029473,1,31175.35,31175.35,0,5,1,0,1
ACC029474,1,14416.52,14416.52,0,4,1,0,1
ACC029475,1,46053.36,46053.36,0,4,1,1,1
ACC029476,2,55750.58,27875.29,20,5,2,0,2
ACC029478,1,8329.96,8329.96,0,4,1,0,1
ACC029481,1,9052.52,9052.52,0,2,1,0,1
ACC029483,1,2933.37,2933.37,0,3,1,0,1
ACC029486,1,25339.05,25339.05,0,4,1,0,1
ACC029487,1,29562.41,29562.41,0,3,1,0,1
ACC029488,2,61216.08,30608.04,147,19,2,0,2
ACC029489,1,4690.2,4690.2,0,11,1,1,1
ACC029490,1,5049.61,5049.61,0,3,1,0,1
ACC029491,2,66994.43,33497.21,75,12,2,0,2
ACC029492,1,58453.74,58453.74,0,1,1,0,1
ACC029493,3,130314.0,43438.0,219,24,3,0,3
ACC029495,3,49585.48,16528.49,86,8,3,0,3
ACC029497,2,92701.65,46350.82,64,19,2,0,2
ACC029498,1,18295.13,18295.13,0,9,1,0,1
ACC029499,4,56460.05,14115.01,236,27,4,1,3
ACC029501,1,11490.26,11490.26,0,2,1,1,1
ACC029502,2,52632.32,26316.16,330,16,2,0,2
ACC029503,3,81390.03,27130.01,231,22,3,0,2
ACC029504,2,106894.65,53447.32,44,13,2,0,2
ACC029505,1,2286.2,2286.2,0,7,1,0,1
ACC029506,1,17669.52,17669.52,0,11,1,0,1
ACC029507,2,117832.94,58916.47,134,11,2,0,2
ACC029508,3,40894.45,13631.48,378,15,3,1,3
ACC029509,2,61594.96,30797.48,168,19,2,0,1
ACC029511,1,41060.38,41060.38,0,8,1,0,1
ACC029512,1,7061.64,7061.64,0,7,1,0,1
ACC029513,1,15504.6,15504.6,0,3,1,0,1
ACC029514,1,22196.77,22196.77,0,12,1,0,1
ACC029515,2,165148.01,82574.0,66,19,2,0,2
ACC029517,1,13371.26,13371.26,0,6,1,0,1
ACC029518,3,18121.61,6040.54,197,16,3,0,3
ACC029519,2,45050.86,22525.43,194,18,2,0,2
ACC029521,1,31476.54,31476.54,0,12,1,0,1
ACC029522,2,70995.22,35497.61,240,17,2,1,2
ACC029523,2,35858.73,17929.36,4,8,2,0,2
ACC029524,1,7110.46,7110.46,0,12,1,0,1
ACC029525,1,1836.18,1836.18,0,11,1,0,1
ACC029529,1,23940.23,23940.23,0,1,1,0,1
ACC029532,1,19559.25,19559.25,0,6,1,0,1
ACC029533,2,56476.14,28238.07,159,13,2,0,2
ACC029535,1,12477.65,12477.65,0,3,1,0,1
ACC029536,2,16056.07,8028.03,158,11,2,0,1
ACC029537,1,11193.5,11193.5,0,8,1,0,1
ACC029539,1,13559.73,13559.73,0,9,1,0,1
ACC029540,3,58009.66,19336.55,195,27,3,0,3
ACC029541,1,10489.09,10489.09,0,13,1,0,1
ACC029542,1,41656.05,41656.05,0,9,1,0,1
ACC029543,3,102177.14,34059.05,240,10,3,0,2
ACC029544,1,2650.99,2650.99,0,7,1,0,1
ACC029545,1,47192.35,47192.35,0,6,1,0,1
ACC029547,2,9512.98,4756.49,159,19,2,0,2
ACC029548,1,12214.35,12214.35,0,5,1,0,1
ACC029549,2,23468.79,11734.4,58,20,2,0,2
ACC029550,1,15763.33,15763.33,0,1,1,0,1
ACC029551,1,30393.57,30393.57,0,2,1,0,1
ACC029555,1,7802.77,7802.77,0,13,1,0,1
ACC029556,3,125685.68,41895.23,147,25,3,1,3
ACC029558,1,28984.86,28984.86,0,6,1,0,1
ACC029559,2,12166.31,6083.15,55,4,2,0,2
ACC029560,2,41865.9,20932.95,21,25,2,0,2
ACC029561,1,42563.34,42563.34,0,13,1,1,1
ACC029562,1,6052.05,6052.05,0,8,1,0,1
ACC029563,2,36293.08,18146.54,76,10,2,0,1
ACC029565,3,46372.91,15457.64,355,20,3,0,3
ACC029566,2,60631.04,30315.52,284,27,2,0,2
ACC029567,1,10733.0,10733.0,0,1,1,0,1
ACC029569,1,4410.88,4410.88,0,3,1,0,1
ACC029570,3,111272.37,37090.79,105,30,3,0,3
ACC029571,1,13680.67,13680.67,0,10,1,0,1
ACC029574,1,2465.75,2465.75,0,14,1,0,1
ACC029575,1,30476.45,30476.45,0,4,1,0,1
ACC029576,2,141113.33,70556.67,153,9,2,0,2
ACC029577,1,36893.81,36893.81,0,5,1,0,1
ACC029578,3,61527.83,20509.28,367,24,3,0,2
ACC029579,3,70172.94,23390.98,303,9,3,0,2
ACC029580,1,22624.56,22624.56,0,8,1,0,1
ACC029582,1,16667.09,16667.09,0,13,1,0,1
ACC029583,1,5890.21,5890.21,0,3,1,0,1
ACC029586,2,58749.81,29374.91,290,11,2,0,2
ACC029588,1,45910.29,45910.29,0,1,1,0,1
ACC029592,1,7821.06,7821.06,0,1,1,0,1
ACC029593,1,101161.16,101161.16,0,8,1,0,1
ACC029597,1,24569.79,24569.79,0,2,1,0,1
ACC029598,2,24360.05,12180.02,101,7,2,0,1
ACC029599,1,17683.93,17683.93,0,14,1,0,1
ACC029602,1,8620.34,8620.34,0,1,1,0,1
ACC029604,2,5387.27,2693.63,116,11,2,1,2
ACC029605,1,13477.41,13477.41,0,7,1,0,1
ACC029606,2,55103.74,27551.87,61,20,2,0,1
ACC029607,2,33878.17,16939.08,77,16,2,0,2
ACC029609,1,11316.86,11316.86,0,12,1,0,1
ACC029610,3,30976.53,10325.51,158,15,3,0,3
ACC029612,1,46857.66,46857.66,0,6,1,1,1
ACC029613,1,35312.88,35312.88,0,13,1,0,1
ACC029614,1,21278.36,21278.36,0,9,1,0,1
ACC029615,1,22536.91,22536.91,0,12,1,0,1
ACC029616,1,24513.58,24513.58,0,5,1,0,1
ACC029617,1,44596.53,44596.53,0,7,1,0,1
ACC029619,1,7169.52,7169.52,0,9,1,0,1
ACC029620,1,30173.03,30173.03,0,10,1,0,1
ACC029621,1,49532.59,49532.59,0,3,1,0,1
ACC029623,1,7378.99,7378.99,0,14,1,0,1
ACC029624,1,11685.43,11685.43,0,10,1,0,1
ACC029626,1,24594.16,24594.16,0,1,1,0,1
ACC029627,1,121908.24,121908.24,0,5,1,0,1
ACC029628,1,22207.68,22207.68,0,3,1,0,1
ACC029631,1,16744.31,16744.31,0,13,1,0,1
ACC029632,1,1863.02,1863.02,0,14,1,0,1
ACC029633,1,24397.9,24397.9,0,13,1,0,1
ACC029634,1,33638.48,33638.48,0,1,1,0,1
ACC029636,2,18086.09,9043.05,315,14,2,0,1
ACC029637,1,44163.1,44163.1,0,1,1,0,1
ACC029640,4,64650.2,16162.55,179,43,4,0,3
ACC029641,2,25459.57,12729.78,291,12,2,1,1
ACC029642,1,5185.39,5185.39,0,14,1,0,1
ACC029645,1,8800.07,8800.07,0,7,1,0,1
ACC029646,1,32204.88,32204.88,0,1,1,0,1
ACC029647,1,4182.25,4182.25,0,4,1,1,1
ACC029650,2,51683.59,25841.8,213,17,2,1,2
ACC029651,2,33442.54,16721.27,92,21,2,0,2
ACC029652,1,23775.78,23775.78,0,6,1,0,1
ACC029653,1,8209.78,8209.78,0,7,1,0,1
ACC029654,1,3774.53,3774.53,0,3,1,0,1
ACC029655,1,5016.35,5016.35,0,10,1,0,1
ACC029656,1,11461.79,11461.79,0,1,1,0,1
ACC029657,1,45079.84,45079.84,0,9,1,0,1
ACC029659,1,1575.97,1575.97,0,8,1,0,1
ACC029660,1,4140.98,4140.98,0,2,1,0,1
ACC029662,1,25088.0,25088.0,0,2,1,0,1
ACC029663,4,114501.98,28625.5,229,21,4,0,2
ACC029665,1,28052.92,28052.92,0,13,1,0,1
ACC029667,1,19224.42,19224.42,0,10,1,1,1
ACC029668,1,13460.02,13460.02,0,10,1,0,1
ACC029669,1,40134.47,40134.47,0,11,1,0,1
ACC029671,1,19338.28,19338.28,0,13,1,0,1
ACC029675,1,11532.02,11532.02,0,3,1,0,1
ACC029676,3,36346.8,12115.6,110,35,3,0,3
ACC029677,1,854.35,854.35,0,8,1,0,1
ACC029678,2,103067.11,51533.56,381,15,2,0,2
ACC029680,1,73334.3,73334.3,0,13,1,0,1
ACC029681,2,96270.41,48135.21,43,19,2,0,2
ACC029682,5,213704.98,42741.0,333,34,5,0,3
ACC029683,2,22565.46,11282.73,117,20,2,0,2
ACC029685,1,21772.03,21772.03,0,11,1,0,1
ACC029688,1,19632.11,19632.11,0,13,1,0,1
ACC029689,4,137981.02,34495.25,205,13,4,2,3
ACC029691,2,12032.7,6016.35,257,18,2,1,2
ACC029693,2,8102.17,4051.09,77,7,2,0,2
ACC029695,1,8893.64,8893.64,0,4,1,0,1
ACC029696,1,45694.85,45694.85,0,7,1,0,1
ACC029697,2,194411.87,97205.93,12,14,2,1,2
ACC029698,4,106204.23,26551.06,420,26,4,1,4
ACC029700,3,83539.25,27846.42,236,16,3,0,2
ACC029702,1,22039.39,22039.39,0,10,1,0,1
ACC029707,2,122650.03,61325.01,249,16,2,0,2
ACC029708,1,4917.59,4917.59,0,5,1,0,1
ACC029712,2,61249.87,30624.94,182,21,2,0,2
ACC029713,2,21520.52,10760.26,132,28,2,0,2
ACC029714,3,77079.33,25693.11,57,35,3,0,3
ACC029716,1,20075.85,20075.85,0,14,1,0,1
ACC029717,1,14905.45,14905.45,0,10,1,0,1
ACC029718,1,35968.74,35968.74,0,4,1,0,1
ACC029719,3,110369.11,36789.7,74,26,3,1,3
ACC029720,1,47012.85,47012.85,0,7,1,0,1
ACC029725,1,42354.11,42354.11,0,6,1,0,1
ACC029726,1,51977.5,51977.5,0,14,1,0,1
ACC029727,3,49774.95,16591.65,164,39,3,0,2
ACC029729,1,5035.44,5035.44,0,10,1,1,1
ACC029731,2,73797.0,36898.5,359,7,2,1,2
ACC029732,1,12549.81,12549.81,0,7,1,0,1
ACC029734,1,31804.62,31804.62,0,4,1,0,1
ACC029736,1,40520.45,40520.45,0,3,1,0,1
ACC029739,2,21903.99,10952.0,263,19,2,0,2
ACC029741,3,121358.55,40452.85,264,32,3,0,3
ACC029742,1,69348.97,69348.97,0,12,1,0,1
ACC029743,1,1739.42,1739.42,0,5,1,0,1
ACC029744,2,10071.98,5035.99,193,18,2,0,2
ACC029747,1,35411.38,35411.38,0,7,1,0,1
ACC029749,1,43110.4,43110.4,0,1,1,0,1
ACC029752,2,45115.87,22557.93,151,15,2,0,2
ACC029755,1,11364.65,11364.65,0,4,1,0,1
ACC029756,1,32782.1,32782.1,0,12,1,0,1
ACC029760,1,4019.28,4019.28,0,11,1,0,1
ACC029761,1,28805.4,28805.4,0,14,1,0,1
ACC029769,1,39829.12,39829.12,0,3,1,0,1
ACC029770,3,23597.75,7865.92,367,8,3,0,3
ACC029771,1,11200.66,11200.66,0,13,1,0,1
ACC029772,1,1439.91,1439.91,0,6,1,0,1
ACC029773,3,67571.41,22523.8,114,18,3,0,3
ACC029775,2,38969.82,19484.91,117,12,2,1,2
ACC029776,1,65822.02,65822.02,0,7,1,0,1
ACC029777,2,44508.79,22254.4,39,14,2,0,2
ACC029780,1,5223.6,5223.6,0,14,1,0,1
ACC029782,3,66022.31,22007.44,336,16,3,1,3
ACC029786,2,118280.55,59140.27,111,12,2,0,2
ACC029787,2,14856.35,7428.17,311,20,2,0,2
ACC029788,1,22405.34,22405.34,0,14,1,0,1
ACC029791,1,16638.17,16638.17,0,12,1,0,1
ACC029792,1,12199.81,12199.81,0,6,1,0,1
ACC029793,1,12800.68,12800.68,0,9,1,0,1
ACC029794,2,14700.57,7350.28,28,25,2,0,2
ACC029795,1,67119.54,67119.54,0,13,1,0,1
ACC029806,2,8873.78,4436.89,203,22,2,0,2
ACC029810,2,40981.65,20490.83,279,24,2,0,2
ACC029811,1,28598.78,28598.78,0,13,1,1,1
ACC029812,1,16721.79,16721.79,0,4,1,0,1
ACC029813,1,34116.57,34116.57,0,14,1,0,1
ACC029816,2,63073.22,31536.61,146,14,2,0,2
ACC029819,1,25190.0,25190.0,0,14,1,0,1
ACC029823,1,3881.54,3881.54,0,8,1,0,1
ACC029826,2,19870.58,9935.29,125,9,2,0,2
ACC029827,1,50893.34,50893.34,0,2,1,0,1
ACC029828,1,51313.84,51313.84,0,1,1,0,1
ACC029829,2,24458.55,12229.27,58,12,2,0,2
ACC029830,1,28962.17,28962.17,0,6,1,0,1
ACC029831,1,15646.46,15646.46,0,10,1,0,1
ACC029832,2,62485.12,31242.56,31,13,2,0,2
ACC029833,1,7513.24,7513.24,0,7,1,0,1
ACC029834,1,1455.17,1455.17,0,8,1,0,1
ACC029836,2,24743.04,12371.52,36,9,2,0,2
ACC029837,1,20829.89,20829.89,0,3,1,0,1
ACC029839,2,69793.58,34896.79,163,15,2,0,2
ACC029841,1,2903.57,2903.57,0,11,1,0,1
ACC029843,1,1562.58,1562.58,0,13,1,0,1
ACC029848,2,95783.88,47891.94,66,21,2,0,2
ACC029852,2,14992.59,7496.3,175,13,2,0,2
ACC029856,1,14917.7,14917.7,0,14,1,1,1
ACC029857,2,49555.41,24777.71,15,21,2,0,2
ACC029859,1,1394.79,1394.79,0,8,1,0,1
ACC029860,1,11979.26,11979.26,0,9,1,0,1
ACC029863,1,14587.53,14587.53,0,7,1,0,1
ACC029864,1,21277.17,21277.17,0,13,1,0,1
ACC029866,1,55444.88,55444.88,0,13,1,0,1
ACC029867,1,2785.89,2785.89,0,4,1,1,1
ACC029868,2,37824.02,18912.01,95,19,2,0,2
ACC029869,2,35526.55,17763.28,94,13,2,0,2
ACC029870,5,113518.51,22703.7,369,38,5,1,4
ACC029872,1,94676.96,94676.96,0,14,1,0,1
ACC029874,1,27402.96,27402.96,0,13,1,0,1
ACC029876,1,1768.63,1768.63,0,7,1,0,1
ACC029877,3,48781.05,16260.35,180,22,3,0,2
ACC029878,1,46785.48,46785.48,0,13,1,0,1
ACC029881,2,18762.47,9381.24,142,8,2,1,2
ACC029883,2,40091.64,20045.82,78,14,2,0,2
ACC029884,1,11270.12,11270.12,0,12,1,0,1
ACC029885,1,12610.63,12610.63,0,11,1,0,1
ACC029886,1,26314.71,26314.71,0,14,1,0,1
ACC029888,1,23325.06,23325.06,0,10,1,0,1
ACC029889,1,23651.91,23651.91,0,13,1,0,1
ACC029890,1,69579.47,69579.47,0,7,1,0,1
ACC029893,2,26313.2,13156.6,15,19,2,0,2
ACC029895,1,6370.28,6370.28,0,12,1,0,1
ACC029897,1,33772.47,33772.47,0,8,1,0,1
ACC029898,2,12068.77,6034.39,119,21,2,0,2
ACC029900,1,81927.22,81927.22,0,11,1,0,1
ACC029902,1,8011.28,8011.28,0,4,1,0,1
ACC029903,1,49292.64,49292.64,0,9,1,0,1
ACC029904,1,4391.29,4391.29,0,2,1,0,1
ACC029906,1,46804.15,46804.15,0,6,1,0,1
ACC029909,2,88010.24,44005.12,70,20,2,0,2
ACC029911,1,55098.91,55098.91,0,4,1,0,1
ACC029914,1,69542.5,69542.5,0,14,1,0,1
ACC029915,2,32727.18,16363.59,111,15,2,0,2
ACC029918,1,70146.37,70146.37,0,14,1,0,1
ACC029919,2,42095.63,21047.81,95,21,2,0,2
ACC029920,2,35953.84,17976.92,339,21,2,0,2
ACC029921,5,112652.91,22530.58,344,30,5,1,3
ACC029922,1,9077.78,9077.78,0,2,1,0,1
ACC029923,3,53224.82,17741.61,190,18,3,0,3
ACC029924,3,61263.63,20421.21,123,31,3,0,3
ACC029927,1,47112.17,47112.17,0,9,1,0,1
ACC029929,1,3128.18,3128.18,0,13,1,0,1
ACC029930,1,12868.45,12868.45,0,10,1,1,1
ACC029931,1,508.6,508.6,0,5,1,0,1
ACC029932,2,24205.04,12102.52,121,9,2,0,2
ACC029933,1,19445.07,19445.07,0,12,1,0,1
ACC029934,1,39744.96,39744.96,0,9,1,0,1
ACC029935,1,44996.35,44996.35,0,6,1,0,1
ACC029936,2,106184.35,53092.18,135,16,2,0,2
ACC029938,3,130360.57,43453.52,44,34,3,1,3
ACC029939,2,30471.79,15235.9,159,14,2,0,2
ACC029941,4,126037.92,31509.48,180,41,4,0,4
ACC029942,1,21951.17,21951.17,0,8,1,0,1
ACC029944,2,37213.72,18606.86,2,14,2,0,2
ACC029946,1,21365.29,21365.29,0,5,1,0,1
ACC029947,2,54339.38,27169.69,97,9,2,0,1
ACC029948,1,137835.66,137835.66,0,14,1,0,1
ACC029950,2,37723.93,18861.97,349,17,2,0,2
ACC029951,2,13635.17,6817.59,21,13,2,0,1
ACC029952,1,2516.57,2516.57,0,14,1,0,1
ACC029953,2,119314.95,59657.47,192,9,2,0,2
ACC029954,2,35728.29,17864.15,275,9,2,0,2
ACC029955,1,1993.26,1993.26,0,14,1,0,1
ACC029957,1,117571.81,117571.81,0,1,1,0,1
ACC029958,1,56776.03,56776.03,0,1,1,0,1
ACC029959,1,80542.6,80542.6,0,11,1,0,1
ACC029961,1,1417.09,1417.09,0,8,1,0,1
ACC029963,2,28619.14,14309.57,65,18,2,0,2
ACC029964,2,52025.3,26012.65,116,12,2,0,1
ACC029965,2,62769.63,31384.82,52,13,2,0,2
ACC029966,1,2868.89,2868.89,0,13,1,0,1
ACC029968,1,15151.7,15151.7,0,2,1,0,1
ACC029969,2,60853.33,30426.67,84,8,2,0,2
ACC029971,2,53071.81,26535.9,129,25,2,0,2
ACC029972,1,11149.03,11149.03,0,12,1,0,1
ACC029973,1,16440.01,16440.01,0,13,1,0,1
ACC029974,1,4225.34,4225.34,0,7,1,0,1
ACC029976,2,41983.79,20991.9,389,18,2,0,2
ACC029978,1,9482.3,9482.3,0,6,1,0,1
ACC029980,1,2879.2,2879.2,0,12,1,0,1
ACC029981,1,6854.21,6854.21,0,7,1,0,1
ACC029982,1,26359.46,26359.46,0,5,1,1,1
ACC029983,1,6540.7,6540.7,0,10,1,0,1
ACC029985,1,2371.85,2371.85,0,6,1,0,1
ACC029989,2,53648.05,26824.03,104,14,2,0,2
ACC029990,1,5829.74,5829.74,0,4,1,0,1
ACC029998,2,57407.09,28703.54,289,12,2,0,2
ACC029999,1,37461.32,37461.32,0,9,1,1,1
