trans_id,sender_id,receiver_id,amount,currency,transaction_type,channel,sender_bal_before,sender_bal_after,receiver_bal_after,timestamp,location,is_sim_bound,is_sim_bound_at_tx,device_id,time_to_pay_ms,scenario_type,scenario_variant,scenario_risk_band,txn_velocity_1h,drain_ratio,forwarding_delay_mins,balance_depletion_speed,amount_deviation,avg_tx_amount_7d,distance_from_1L_threshold,distance_from_50k_threshold,empty_account_flag,is_night_tx,is_round_amount,near_threshold_flag,account_age_days,device_shared_count,ip_shared_count,graph_score,fallback_behavior_score,fallback_sequence_score,fallback_graph_score,identity_trust_score,device_trust_score,sim_binding_ok,sim_swap_flag,vpn_flag,hosting_flag,city_mismatch_flag,device_age_years,network_risk_score,known_fraud_connections,known_fraud_neighbors,mule_cluster_size,inbound_sources,outbound_dest,rapid_account_cluster_flag,mule_cluster_flag,tx_count_24h,unique_receivers_7d,days_since_last_tx,high_value_txn,rapid_movement,rapid_outbound_after_inbound,pass_through_ratio,structuring_pattern,fragmentation_score,night_high_value_txn,velocity_risk_score,signals,pair_repeat_count,decision,engine_decision,priority,status,risk,final_score,behavior_score,behaviorScore,sequence_score,sequenceScore,graphScore,neo4j_graph_score,rule_score,behavior_label,sequence_pattern,community_risk,network_role,reasons,alert_type,requires_review,requires_block,requires_case,sla_minutes,escalation_minutes,queue,severity
d1535f27-1554-44fc-9edd-3927469b6618,U-1025,U-1036,5206.79,INR,TRANSFER,CARD,145710.5,140503.71,226069.23,2026-09-27 10:00:23.130173+00:00,Delhi,True,1,D-30007,666,NORMAL,LOW_RISK_PAYMENT,LOW,6,0.2034,1037,21.8919,0.0538,4940.79,94793.21,44793.21,0,1,0,0,985,0,0,0.0,0.1845,0.2081,0.0684,90.08,95.19,1,0,0,0,0,5.77,0.0205,0,0,0,1,1,0,0,3,2,3,0,0,0,0.1569,0,0.0538,0,0.051,"['NORMAL', 'LOW_RISK_PAYMENT', 'NORMAL_PATTERN', 'LOW_VALUE_PAYMENT', 'SIM_BOUND', 'ML_ELEVATED_RISK_DUE_TO_AMOUNT', 'ML_ELEVATED_RISK_DUE_TO_RECEIVER_BAL_AFTER', 'ML_ELEVATED_RISK_DUE_TO_SENDER_BAL_BEFORE', 'ML_ELEVATED_RISK_DUE_TO_IS_SIM_BOUND', 'ML_ELEVATED_RISK_DUE_TO_TIME_TO_PAY_MS', 'SUSPICIOUS_BUT_UNCLEAR', 'NEO4J_UNAVAILABLE', 'MONITORING', 'ELEVATED_ACTIVITY']",2,MONITOR,SOFT_NUDGE,P3,MONITORING,0.5387,0.5387,1.0,1.0,0.9549,0.9549,0.0,0.0,0.0,SUSPICIOUS,SUSPICIOUS_BUT_UNCLEAR,UNKNOWN,UNKNOWN,"['ML elevated risk due to amount', 'ML elevated risk due to receiver_bal_after', 'ML elevated risk due to sender_bal_before', 'ML elevated risk due to is_sim_bound', 'ML elevated risk due to time_to_pay_ms', 'SUSPICIOUS_BUT_UNCLEAR']",TRANSACTION_SUSPECT,True,False,False,1440,2880,AML_MONITORING_QUEUE,MEDIUM
ea84a5f2-fcd7-4070-9346-ba79a9259dfa,U-1026,M-2019,992.78,INR,TRANSFER,CARD,249642.4,248649.62,288183.04,2026-09-27 10:00:19.060149+00:00,Pune,True,1,D-30008,579,NORMAL,LOW_RISK_PAYMENT,LOW,3,0.2041,514,6.0263,0.0393,1033.38,99007.22,49007.22,0,0,0,0,2154,0,0,0.0,0.2958,0.0536,0.0986,83.91,90.74,1,0,0,0,0,6.25,0.1023,0,0,0,1,1,0,0,1,3,0,0,0,0,0.0577,0,0.0393,0,0.1114,"['NORMAL', 'LOW_RISK_PAYMENT', 'NORMAL_PATTERN', 'LOW_VALUE_PAYMENT', 'SIM_BOUND', 'ML_ELEVATED_RISK_DUE_TO_AMOUNT', 'ML_ELEVATED_RISK_DUE_TO_RECEIVER_BAL_AFTER', 'ML_ELEVATED_RISK_DUE_TO_SENDER_BAL_BEFORE', 'ML_ELEVATED_RISK_DUE_TO_IS_SIM_BOUND', 'ML_ELEVATED_RISK_DUE_TO_TIME_TO_PAY_MS', 'SUSPICIOUS_BUT_UNCLEAR', 'NEO4J_UNAVAILABLE', 'MONITORING', 'ELEVATED_ACTIVITY']",2,MONITOR,SOFT_NUDGE,P3,MONITORING,0.518,0.518,1.0,1.0,0.8719,0.8719,0.0,0.0,0.0,SUSPICIOUS,SUSPICIOUS_BUT_UNCLEAR,UNKNOWN,UNKNOWN,"['ML elevated risk due to amount', 'ML elevated risk due to receiver_bal_after', 'ML elevated risk due to sender_bal_before', 'ML elevated risk due to is_sim_bound', 'ML elevated risk due to time_to_pay_ms', 'SUSPICIOUS_BUT_UNCLEAR']",TRANSACTION_SUSPECT,True,False,False,1440,2880,AML_MONITORING_QUEUE,MEDIUM
1bb361b5-cb99-46f6-8fe7-58c32b49e94d,U-1019,U-1037,11084.0,INR,BILL,CARD,126986.55,115902.55,598316.23,2026-09-27 10:00:16.375157+00:00,Delhi,True,1,D-30016,1036,NORMAL,LOW_RISK_PAYMENT,LOW,4,0.1993,1027,59.8054,0.1,12315.52,88916.0,38916.0,0,0,0,0,2352,0,0,0.0,0.164,0.2177,0.1081,89.23,94.31,1,0,0,0,0,6.4,0.0643,0,0,0,1,1,0,0,3,3,1,0,0,0,0.069,0,0.1,0,0.0411,"['NORMAL', 'LOW_RISK_PAYMENT', 'NORMAL_PATTERN', 'LOW_VALUE_PAYMENT', 'SIM_BOUND', 'ML_ELEVATED_RISK_DUE_TO_AMOUNT', 'ML_ELEVATED_RISK_DUE_TO_RECEIVER_BAL_AFTER', 'ML_ELEVATED_RISK_DUE_TO_SENDER_BAL_BEFORE', 'ML_ELEVATED_RISK_DUE_TO_IS_SIM_BOUND', 'ML_ELEVATED_RISK_DUE_TO_TIME_TO_PAY_MS', 'SUSPICIOUS_BUT_UNCLEAR', 'NEO4J_UNAVAILABLE', 'CLEARED']",2,ALLOW,ALLOW,INFO,CLEARED,0.4804,0.4804,1.0,1.0,0.7218,0.7218,0.0,0.0,0.0,SUSPICIOUS,SUSPICIOUS_BUT_UNCLEAR,UNKNOWN,UNKNOWN,"['ML elevated risk due to amount', 'ML elevated risk due to receiver_bal_after', 'ML elevated risk due to sender_bal_before', 'ML elevated risk due to is_sim_bound', 'ML elevated risk due to time_to_pay_ms', 'SUSPICIOUS_BUT_UNCLEAR']",TRANSACTION_MONITOR,False,False,False,10080,20160,AML_INFO_QUEUE,LOW
085da624-97fa-4778-9a4c-023737aafb4d,U-1083,U-1090,382870.52,INR,GATHER_SCATTER,IMPS,401351.91,18481.39,524213.27,2026-09-27 10:00:12.161417+00:00,Delhi,False,0,D-30061,83,P1_CRITICAL,GATHER_SCATTER,P1,43,0.954,3,38629.8407,0.0175,389705.19,282870.52,332870.52,1,1,0,0,6,19,14,0.9847,0.9854,0.9554,0.9847,15.6,5.32,0,1,1,1,1,0.97,0.7007,9,9,21,14,8,1,1,21,6,0,1,1,1,0.9168,0,0.0175,1,0.96,"['P1_CRITICAL', 'GATHER_SCATTER', 'RAPID_DRAIN', 'MULE_CLUSTER', 'SIM_NOT_BOUND', 'ML_ELEVATED_RISK_DUE_TO_AMOUNT', 'ML_ELEVATED_RISK_DUE_TO_RECEIVER_BAL_AFTER', 'ML_ELEVATED_RISK_DUE_TO_SENDER_BAL_BEFORE', 'ML_ELEVATED_RISK_DUE_TO_IS_SIM_BOUND', 'ML_ELEVATED_RISK_DUE_TO_TIME_TO_PAY_MS', 'HIGH_VALUE_TRANSFER', 'VERY_HIGH_VALUE_TRANSACTION', 'NEO4J_UNAVAILABLE', 'REALTIME_SCENARIO_GRAPH_FALLBACK', 'CRITICAL_RISK', 'URGENT_REVIEW']",1,BLOCK,BLOCK,P1,BLOCKED,0.9858,0.9858,1.0,1.0,0.9554,0.9554,0.9847,0.9847,1.0,SUSPICIOUS,GATHER_SCATTER,CRITICAL,UNKNOWN,"['Critical mule laundering pattern detected', 'ML elevated risk due to amount', 'ML elevated risk due to receiver_bal_after', 'ML elevated risk due to sender_bal_before', 'ML elevated risk due to is_sim_bound', 'ML elevated risk due to time_to_pay_ms', 'GATHER_SCATTER', 'Connected to mule cluster']",TRANSACTION_SUSPECT,False,True,True,15,20,AML_CRITICAL_QUEUE,CRITICAL
b80bc01c-b92a-496a-aa1c-1f4c2b48c004,U-1004,M-2014,1493.91,INR,BILL,UPI,228838.77,227344.86,86387.68,2026-09-27 10:00:08.182571+00:00,Pune,True,1,D-30023,499,NORMAL,LOW_RISK_PAYMENT,LOW,2,0.2668,872,11.5413,0.0243,1531.17,98506.09,48506.09,0,0,0,0,2241,0,1,0.0,0.089,0.1706,0.1211,87.16,94.85,1,0,0,0,0,2.32,0.0476,0,0,0,2,1,0,0,1,3,3,0,0,0,0.0734,0,0.0243,0,0.0702,"['NORMAL', 'LOW_RISK_PAYMENT', 'NORMAL_PATTERN', 'LOW_VALUE_PAYMENT', 'SIM_BOUND', 'ML_ELEVATED_RISK_DUE_TO_AMOUNT', 'ML_ELEVATED_RISK_DUE_TO_RECEIVER_BAL_AFTER', 'ML_ELEVATED_RISK_DUE_TO_SENDER_BAL_BEFORE', 'ML_ELEVATED_RISK_DUE_TO_IS_SIM_BOUND', 'ML_ELEVATED_RISK_DUE_TO_TIME_TO_PAY_MS', 'SUSPICIOUS_BUT_UNCLEAR', 'NEO4J_UNAVAILABLE', 'MONITORING', 'ELEVATED_ACTIVITY']",2,MONITOR,SOFT_NUDGE,P3,MONITORING,0.5134,0.5134,1.0,1.0,0.8538,0.8538,0.0,0.0,0.0,SUSPICIOUS,SUSPICIOUS_BUT_UNCLEAR,UNKNOWN,UNKNOWN,"['ML elevated risk due to amount', 'ML elevated risk due to receiver_bal_after', 'ML elevated risk due to sender_bal_before', 'ML elevated risk due to is_sim_bound', 'ML elevated risk due to time_to_pay_ms', 'SUSPICIOUS_BUT_UNCLEAR']",TRANSACTION_SUSPECT,True,False,False,1440,2880,AML_MONITORING_QUEUE,MEDIUM
d1389b24-708c-40ef-812f-f688523a73c9,U-1013,U-1032,11114.72,INR,PAYMENT,CARD,159939.32,148824.6,785745.41,2026-09-27 10:00:05.482004+00:00,Chennai,True,1,D-30005,858,NORMAL,LOW_RISK_PAYMENT,LOW,4,0.1169,352,77.9143,0.0416,10670.82,88885.28,38885.28,0,0,0,0,1353,0,0,0.0,0.1024,0.0279,0.2034,81.86,94.89,1,0,0,0,0,2.1,0.1005,0,0,0,2,1,0,0,3,1,3,0,0,0,0.0442,0,0.0416,0,0.0452,"['NORMAL', 'LOW_RISK_PAYMENT', 'NORMAL_PATTERN', 'LOW_VALUE_PAYMENT', 'SIM_BOUND', 'ML_ELEVATED_RISK_DUE_TO_AMOUNT', 'ML_ELEVATED_RISK_DUE_TO_RECEIVER_BAL_AFTER', 'ML_ELEVATED_RISK_DUE_TO_SENDER_BAL_BEFORE', 'ML_ELEVATED_RISK_DUE_TO_IS_SIM_BOUND', 'ML_ELEVATED_RISK_DUE_TO_TIME_TO_PAY_MS', 'SUSPICIOUS_BUT_UNCLEAR', 'NEO4J_UNAVAILABLE', 'CLEARED']",2,ALLOW,ALLOW,INFO,CLEARED,0.206,0.206,0.0,0.0,0.8241,0.8241,0.0,0.0,0.0,ALLOW,SUSPICIOUS_BUT_UNCLEAR,UNKNOWN,UNKNOWN,"['ML elevated risk due to amount', 'ML elevated risk due to receiver_bal_after', 'ML elevated risk due to sender_bal_before', 'ML elevated risk due to is_sim_bound', 'ML elevated risk due to time_to_pay_ms', 'SUSPICIOUS_BUT_UNCLEAR']",TRANSACTION_MONITOR,False,False,False,10080,20160,AML_INFO_QUEUE,LOW
13b69812-ce72-4d32-84ad-bf7fd5e26dc8,U-1002,U-1037,700.85,INR,PAYMENT,CARD,231611.13,230910.28,713160.96,2026-09-27 10:00:01.426447+00:00,Hyderabad,True,1,D-30009,822,NORMAL,LOW_RISK_PAYMENT,LOW,6,0.1991,1327,3.2088,0.0158,712.11,99299.15,49299.15,0,0,0,0,1715,0,0,0.0,0.1886,0.2085,0.198,86.87,82.28,1,0,0,0,0,5.45,0.1058,0,0,0,2,1,0,0,3,4,1,0,0,0,0.0686,0,0.0158,0,0.1226,"['NORMAL', 'LOW_RISK_PAYMENT', 'NORMAL_PATTERN', 'LOW_VALUE_PAYMENT', 'SIM_BOUND', 'ML_ELEVATED_RISK_DUE_TO_AMOUNT', 'ML_ELEVATED_RISK_DUE_TO_RECEIVER_BAL_AFTER', 'ML_ELEVATED_RISK_DUE_TO_SENDER_BAL_BEFORE', 'ML_ELEVATED_RISK_DUE_TO_IS_SIM_BOUND', 'ML_ELEVATED_RISK_DUE_TO_TIME_TO_PAY_MS', 'SUSPICIOUS_BUT_UNCLEAR', 'NEO4J_UNAVAILABLE', 'MONITORING', 'ELEVATED_ACTIVITY']",2,MONITOR,SOFT_NUDGE,P3,MONITORING,0.5412,0.5412,1.0,1.0,0.9646,0.9646,0.0,0.0,0.0,SUSPICIOUS,SUSPICIOUS_BUT_UNCLEAR,UNKNOWN,UNKNOWN,"['ML elevated risk due to amount', 'ML elevated risk due to receiver_bal_after', 'ML elevated risk due to sender_bal_before', 'ML elevated risk due to is_sim_bound', 'ML elevated risk due to time_to_pay_ms', 'SUSPICIOUS_BUT_UNCLEAR']",TRANSACTION_SUSPECT,True,False,False,1440,2880,AML_MONITORING_QUEUE,MEDIUM
c9b860d0-49a7-449c-af2f-2a5948f6bb3c,U-1084,U-1096,271671.63,INR,GATHER_SCATTER,UPI,280132.09,8460.46,13196.42,2026-09-27 09:59:57.232468+00:00,Hyderabad,False,0,D-30091,16,P1_CRITICAL,GATHER_SCATTER,P1,44,0.9698,5,39253.1036,0.0766,252350.79,171671.63,221671.63,1,1,0,0,44,8,13,0.9196,0.9857,0.9086,0.9196,23.95,23.17,0,1,1,0,1,1.52,0.9398,13,13,17,15,10,1,1,24,8,0,1,1,1,0.9279,0,0.0766,1,0.9023,"['P1_CRITICAL', 'GATHER_SCATTER', 'RAPID_DRAIN', 'MULE_CLUSTER', 'SIM_NOT_BOUND', 'ML_ELEVATED_RISK_DUE_TO_AMOUNT', 'ML_ELEVATED_RISK_DUE_TO_RECEIVER_BAL_AFTER', 'ML_ELEVATED_RISK_DUE_TO_SENDER_BAL_BEFORE', 'ML_ELEVATED_RISK_DUE_TO_IS_SIM_BOUND', 'ML_ELEVATED_RISK_DUE_TO_TIME_TO_PAY_MS', 'HIGH_VALUE_TRANSFER', 'VERY_HIGH_VALUE_TRANSACTION', 'NEO4J_UNAVAILABLE', 'REALTIME_SCENARIO_GRAPH_FALLBACK', 'CRITICAL_RISK', 'URGENT_REVIEW']",1,BLOCK,BLOCK,P1,BLOCKED,0.9611,0.9611,1.0,1.0,0.9086,0.9086,0.9196,0.9196,1.0,SUSPICIOUS,GATHER_SCATTER,CRITICAL,UNKNOWN,"['Critical mule laundering pattern detected', 'ML elevated risk due to amount', 'ML elevated risk due to receiver_bal_after', 'ML elevated risk due to sender_bal_before', 'ML elevated risk due to is_sim_bound', 'ML elevated risk due to time_to_pay_ms', 'GATHER_SCATTER', 'Connected to mule cluster']",TRANSACTION_SUSPECT,False,True,True,15,20,AML_CRITICAL_QUEUE,CRITICAL
bc50cb11-ac65-4717-b3b1-6607ed782201,U-1049,M-2022,37969.89,INR,P2P,CARD,195446.02,157476.13,144554.47,2026-09-27 09:59:54.546545+00:00,Chennai,True,1,D-30021,974,P3_MONITOR,MILD_VELOCITY,P3,8,0.3726,238,1513.2489,0.1792,46261.62,62030.11,12030.11,0,0,0,0,1420,1,1,0.4872,0.5021,0.3819,0.4872,65.92,61.96,1,0,1,0,0,1.38,0.2628,0,0,1,2,1,0,0,4,2,1,1,0,0,0.3594,0,0.1792,0,0.4014,"['P3_MONITOR', 'MILD_VELOCITY', 'WATCHLIST_PROXIMITY', 'DEVICE_REUSE', 'ML_ELEVATED_RISK_DUE_TO_AMOUNT', 'ML_ELEVATED_RISK_DUE_TO_RECEIVER_BAL_AFTER', 'ML_ELEVATED_RISK_DUE_TO_SENDER_BAL_BEFORE', 'ML_ELEVATED_RISK_DUE_TO_IS_SIM_BOUND', 'ML_ELEVATED_RISK_DUE_TO_TIME_TO_PAY_MS', 'REALTIME_SCENARIO_BEHAVIOR_FALLBACK', 'SUSPICIOUS_BUT_UNCLEAR', 'NEO4J_UNAVAILABLE', 'REALTIME_SCENARIO_GRAPH_FALLBACK', 'CLEARED']",2,ALLOW,ALLOW,INFO,CLEARED,0.3733,0.3733,0.5021,0.5021,0.5008,0.5008,0.4872,0.4872,0.0,ALLOW,SUSPICIOUS_BUT_UNCLEAR,MEDIUM,UNKNOWN,"['ML elevated risk due to amount', 'ML elevated risk due to receiver_bal_after', 'ML elevated risk due to sender_bal_before', 'ML elevated risk due to is_sim_bound', 'ML elevated risk due to time_to_pay_ms', 'Realtime scenario behavior fallback', 'SUSPICIOUS_BUT_UNCLEAR']",TRANSACTION_MONITOR,False,False,False,10080,20160,AML_INFO_QUEUE,LOW
cf4f8143-815a-4937-9ca8-a833f6d68329,U-1010,M-2012,7465.44,INR,BILL,UPI,98968.91,91503.47,161760.92,2026-09-27 09:59:50.618542+00:00,Kolkata,True,1,D-30017,1676,NORMAL,LOW_RISK_PAYMENT,LOW,6,0.1596,553,41.0839,0.0251,7282.36,92534.56,42534.56,0,1,0,0,1554,1,1,0.0,0.2518,0.1904,0.2553,97.7,87.45,1,0,0,0,0,3.48,0.1097,0,0,0,1,1,0,0,3,3,0,0,0,0,0.0505,0,0.0251,0,0.0971,"['NORMAL', 'LOW_RISK_PAYMENT', 'NORMAL_PATTERN', 'LOW_VALUE_PAYMENT', 'SIM_BOUND', 'ML_ELEVATED_RISK_DUE_TO_AMOUNT', 'ML_ELEVATED_RISK_DUE_TO_RECEIVER_BAL_AFTER', 'ML_ELEVATED_RISK_DUE_TO_SENDER_BAL_BEFORE', 'ML_ELEVATED_RISK_DUE_TO_IS_SIM_BOUND', 'ML_ELEVATED_RISK_DUE_TO_TIME_TO_PAY_MS', 'SUSPICIOUS_BUT_UNCLEAR', 'NEO4J_UNAVAILABLE', 'MONITORING', 'ELEVATED_ACTIVITY']",2,MONITOR,SOFT_NUDGE,P3,MONITORING,0.5082,0.5082,1.0,1.0,0.833,0.833,0.0,0.0,0.0,SUSPICIOUS,SUSPICIOUS_BUT_UNCLEAR,UNKNOWN,UNKNOWN,"['ML elevated risk due to amount', 'ML elevated risk due to receiver_bal_after', 'ML elevated risk due to sender_bal_before', 'ML elevated risk due to is_sim_bound', 'ML elevated risk due to time_to_pay_ms', 'SUSPICIOUS_BUT_UNCLEAR']",TRANSACTION_SUSPECT,True,False,False,1440,2880,AML_MONITORING_QUEUE,MEDIUM
1d46af26-c428-4841-960d-9cd519781657,U-1027,M-2016,4885.37,INR,TRANSFER,NETBANKING,142450.2,137564.83,193204.67,2026-09-27 09:59:43.544494+00:00,Bengaluru,True,1,D-30014,662,NORMAL,LOW_RISK_PAYMENT,LOW,6,0.2758,1069,24.8075,0.0547,4632.12,95114.63,45114.63,0,1,0,0,605,0,0,0.0,0.2056,0.0088,0.2447,97.53,74.77,1,0,0,0,0,6.73,0.0743,0,0,0,1,1,0,0,3,1,0,0,0,0,0.1343,0,0.0547,0,0.0789,"['NORMAL', 'LOW_RISK_PAYMENT', 'NORMAL_PATTERN', 'LOW_VALUE_PAYMENT', 'SIM_BOUND', 'ML_ELEVATED_RISK_DUE_TO_AMOUNT', 'ML_ELEVATED_RISK_DUE_TO_RECEIVER_BAL_AFTER', 'ML_ELEVATED_RISK_DUE_TO_SENDER_BAL_BEFORE', 'ML_ELEVATED_RISK_DUE_TO_IS_SIM_BOUND', 'ML_ELEVATED_RISK_DUE_TO_TIME_TO_PAY_MS', 'SUSPICIOUS_BUT_UNCLEAR', 'NEO4J_UNAVAILABLE', 'MONITORING', 'ELEVATED_ACTIVITY']",2,MONITOR,SOFT_NUDGE,P3,MONITORING,0.5242,0.5242,1.0,1.0,0.897,0.897,0.0,0.0,0.0,SUSPICIOUS,SUSPICIOUS_BUT_UNCLEAR,UNKNOWN,UNKNOWN,"['ML elevated risk due to amount', 'ML elevated risk due to receiver_bal_after', 'ML elevated risk due to sender_bal_before', 'ML elevated risk due to is_sim_bound', 'ML elevated risk due to time_to_pay_ms', 'SUSPICIOUS_BUT_UNCLEAR']",TRANSACTION_SUSPECT,True,False,False,1440,2880,AML_MONITORING_QUEUE,MEDIUM
d6e0af3e-e35b-4897-84c7-52fa0a83029e,U-1027,M-2008,11839.96,INR,TRANSFER,UPI,210570.4,198730.44,380011.83,2026-09-27 09:59:36.065364+00:00,Hyderabad,True,1,D-30017,1161,NORMAL,LOW_RISK_PAYMENT,LOW,4,0.1316,850,57.742,0.119,10580.79,88160.04,38160.04,0,0,0,0,1319,1,1,0.0,0.3106,0.0313,0.0955,94.18,78.79,1,0,0,0,0,6.76,0.0749,0,0,0,1,1,0,0,3,4,0,0,0,0,0.139,0,0.119,0,0.0735,"['NORMAL', 'LOW_RISK_PAYMENT', 'NORMAL_PATTERN', 'LOW_VALUE_PAYMENT', 'SIM_BOUND', 'ML_ELEVATED_RISK_DUE_TO_AMOUNT', 'ML_ELEVATED_RISK_DUE_TO_RECEIVER_BAL_AFTER', 'ML_ELEVATED_RISK_DUE_TO_SENDER_BAL_BEFORE', 'ML_ELEVATED_RISK_DUE_TO_IS_SIM_BOUND', 'ML_ELEVATED_RISK_DUE_TO_TIME_TO_PAY_MS', 'SUSPICIOUS_BUT_UNCLEAR', 'NEO4J_UNAVAILABLE', 'MONITORING', 'ELEVATED_ACTIVITY']",2,MONITOR,SOFT_NUDGE,P3,MONITORING,0.5152,0.5152,1.0,1.0,0.8607,0.8607,0.0,0.0,0.0,SUSPICIOUS,SUSPICIOUS_BUT_UNCLEAR,UNKNOWN,UNKNOWN,"['ML elevated risk due to amount', 'ML elevated risk due to receiver_bal_after', 'ML elevated risk due to sender_bal_before', 'ML elevated risk due to is_sim_bound', 'ML elevated risk due to time_to_pay_ms', 'SUSPICIOUS_BUT_UNCLEAR']",TRANSACTION_SUSPECT,True,False,False,1440,2880,AML_MONITORING_QUEUE,MEDIUM
f20af003-f1ce-487c-9568-08b3a48218f6,U-1040,M-2020,34477.86,INR,TRANSFER,CARD,123657.4,89179.54,249273.89,2026-09-27 09:59:28.895221+00:00,Bengaluru,True,1,D-30027,265,P3_MONITOR,MILD_VELOCITY,P3,8,0.395,120,895.8121,0.1975,28792.66,65522.14,15522.14,0,0,0,0,1454,2,1,0.5462,0.4608,0.4753,0.5462,58.18,79.36,1,0,0,0,0,2.8,0.3292,0,0,2,3,2,0,0,7,5,1,1,0,0,0.2035,0,0.1975,1,0.4588,"['P3_MONITOR', 'MILD_VELOCITY', 'WATCHLIST_PROXIMITY', 'DEVICE_REUSE', 'ML_ELEVATED_RISK_DUE_TO_AMOUNT', 'ML_ELEVATED_RISK_DUE_TO_RECEIVER_BAL_AFTER', 'ML_ELEVATED_RISK_DUE_TO_SENDER_BAL_BEFORE', 'ML_ELEVATED_RISK_DUE_TO_IS_SIM_BOUND', 'ML_ELEVATED_RISK_DUE_TO_TIME_TO_PAY_MS', 'SUSPICIOUS_BUT_UNCLEAR', 'NEO4J_UNAVAILABLE', 'REALTIME_SCENARIO_GRAPH_FALLBACK', 'MONITORING', 'ELEVATED_ACTIVITY']",2,MONITOR,SOFT_NUDGE,P3,MONITORING,0.5348,0.5348,1.0,1.0,0.5023,0.5023,0.5462,0.5462,0.0,SUSPICIOUS,SUSPICIOUS_BUT_UNCLEAR,MEDIUM,UNKNOWN,"['ML elevated risk due to amount', 'ML elevated risk due to receiver_bal_after', 'ML elevated risk due to sender_bal_before', 'ML elevated risk due to is_sim_bound', 'ML elevated risk due to time_to_pay_ms', 'SUSPICIOUS_BUT_UNCLEAR']",TRANSACTION_SUSPECT,True,False,False,1440,2880,AML_MONITORING_QUEUE,MEDIUM
2bad4e5c-73ab-4cef-bbd5-64304aa2c41d,U-1040,M-2029,23803.26,INR,TRANSFER,IMPS,148575.37,124772.11,269043.06,2026-09-27 09:59:21.869206+00:00,Mumbai,False,0,D-30037,762,P3_MONITOR,MILD_VELOCITY,P3,6,0.4756,166,384.2578,0.0022,23751.68,76196.74,26196.74,0,0,0,0,1466,3,0,0.4083,0.5355,0.3538,0.4083,74.03,53.47,1,0,1,0,1,2.83,0.2042,1,1,0,3,1,0,0,5,4,1,0,0,0,0.3326,0,0.0022,0,0.3037,"['P3_MONITOR', 'MILD_VELOCITY', 'WATCHLIST_PROXIMITY', 'DEVICE_REUSE', 'ML_ELEVATED_RISK_DUE_TO_AMOUNT', 'ML_ELEVATED_RISK_DUE_TO_RECEIVER_BAL_AFTER', 'ML_ELEVATED_RISK_DUE_TO_SENDER_BAL_BEFORE', 'ML_ELEVATED_RISK_DUE_TO_IS_SIM_BOUND', 'ML_ELEVATED_RISK_DUE_TO_TIME_TO_PAY_MS', 'SUSPICIOUS_BUT_UNCLEAR', 'NEO4J_UNAVAILABLE', 'REALTIME_SCENARIO_GRAPH_FALLBACK', 'MONITORING', 'ELEVATED_ACTIVITY']",2,MONITOR,SOFT_NUDGE,P3,MONITORING,0.5075,0.5075,1.0,1.0,0.5034,0.5034,0.4083,0.4083,0.0,SUSPICIOUS,SUSPICIOUS_BUT_UNCLEAR,MEDIUM,UNKNOWN,"['ML elevated risk due to amount', 'ML elevated risk due to receiver_bal_after', 'ML elevated risk due to sender_bal_before', 'ML elevated risk due to is_sim_bound', 'ML elevated risk due to time_to_pay_ms', 'SUSPICIOUS_BUT_UNCLEAR', 'Connected to mule cluster']",TRANSACTION_SUSPECT,True,False,False,1440,2880,AML_MONITORING_QUEUE,MEDIUM
e55c74d3-3e1a-45a7-963f-2ad9f352fce2,U-1069,U-1074,49740.37,INR,STRUCTURING,NEFT,211138.89,161398.52,467621.77,2026-09-27 09:59:13.372260+00:00,Delhi,True,1,D-30065,421,P2_REVIEW,STRUCTURING,P2,9,0.7117,11,2016.2868,0.0331,48145.79,50259.63,259.63,0,1,0,1,42,7,6,0.8581,0.8428,0.759,0.8581,53.32,45.21,0,1,1,1,1,0.55,0.7189,4,4,4,6,6,1,1,16,6,0,1,1,1,0.7648,1,0.7648,1,0.7719,"['P2_REVIEW', 'STRUCTURING', 'NEAR_THRESHOLD', 'HIGH_VALUE_TRANSFER', 'ML_ELEVATED_RISK_DUE_TO_AMOUNT', 'ML_ELEVATED_RISK_DUE_TO_RECEIVER_BAL_AFTER', 'ML_ELEVATED_RISK_DUE_TO_SENDER_BAL_BEFORE', 'ML_ELEVATED_RISK_DUE_TO_IS_SIM_BOUND', 'ML_ELEVATED_RISK_DUE_TO_TIME_TO_PAY_MS', 'LAUNDERING_FLOW', 'NEO4J_UNAVAILABLE', 'REALTIME_SCENARIO_GRAPH_FALLBACK', 'MONITORING', 'ELEVATED_ACTIVITY']",1,MONITOR,SOFT_NUDGE,P3,MONITORING,0.6614,0.6614,1.0,1.0,0.759,0.759,0.8581,0.8581,0.0,SUSPICIOUS,LAUNDERING_FLOW,HIGH,UNKNOWN,"['ML elevated risk due to amount', 'ML elevated risk due to receiver_bal_after', 'ML elevated risk due to sender_bal_before', 'ML elevated risk due to is_sim_bound', 'ML elevated risk due to time_to_pay_ms', 'LAUNDERING_FLOW', 'Connected to mule cluster']",TRANSACTION_SUSPECT,True,False,False,1440,2880,AML_MONITORING_QUEUE,MEDIUM
75e3e2b2-e468-4844-8898-930ed4e0bd43,U-1047,M-2020,32900.48,INR,PAYMENT,CARD,219765.47,186864.99,345456.92,2026-09-27 09:59:05.994695+00:00,Delhi,True,1,D-30025,680,P3_MONITOR,MILD_VELOCITY,P3,7,0.3843,186,426.6012,0.1719,39730.43,67099.52,17099.52,0,0,0,0,190,2,2,0.4607,0.5077,0.4226,0.4607,59.81,54.29,1,0,0,0,0,2.3,0.375,0,0,0,3,2,0,0,4,3,1,1,0,0,0.2542,0,0.1719,0,0.4512,"['P3_MONITOR', 'MILD_VELOCITY', 'WATCHLIST_PROXIMITY', 'DEVICE_REUSE', 'ML_ELEVATED_RISK_DUE_TO_AMOUNT', 'ML_ELEVATED_RISK_DUE_TO_RECEIVER_BAL_AFTER', 'ML_ELEVATED_RISK_DUE_TO_SENDER_BAL_BEFORE', 'ML_ELEVATED_RISK_DUE_TO_IS_SIM_BOUND', 'ML_ELEVATED_RISK_DUE_TO_TIME_TO_PAY_MS', 'SUSPICIOUS_BUT_UNCLEAR', 'NEO4J_UNAVAILABLE', 'REALTIME_SCENARIO_GRAPH_FALLBACK', 'MONITORING', 'ELEVATED_ACTIVITY']",2,MONITOR,SOFT_NUDGE,P3,MONITORING,0.5173,0.5173,1.0,1.0,0.5006,0.5006,0.4607,0.4607,0.0,SUSPICIOUS,SUSPICIOUS_BUT_UNCLEAR,MEDIUM,UNKNOWN,"['ML elevated risk due to amount', 'ML elevated risk due to receiver_bal_after', 'ML elevated risk due to sender_bal_before', 'ML elevated risk due to is_sim_bound', 'ML elevated risk due to time_to_pay_ms', 'SUSPICIOUS_BUT_UNCLEAR']",TRANSACTION_SUSPECT,True,False,False,1440,2880,AML_MONITORING_QUEUE,MEDIUM
453b242e-4650-44d8-84fe-41516490b5f0,U-1007,M-2012,12825.12,INR,TRANSFER,NETBANKING,211327.1,198501.98,795404.44,2026-09-27 09:59:02.968903+00:00,Pune,True,1,D-30022,1631,NORMAL,LOW_RISK_PAYMENT,LOW,3,0.2332,449,70.0097,0.0134,12655.94,87174.88,37174.88,0,0,0,0,2168,0,1,0.0,0.1103,0.0477,0.2845,91.53,83.08,1,0,0,0,0,3.16,0.0624,0,0,0,1,1,0,0,1,4,3,0,0,0,0.0546,0,0.0134,0,0.0778,"['NORMAL', 'LOW_RISK_PAYMENT', 'NORMAL_PATTERN', 'LOW_VALUE_PAYMENT', 'SIM_BOUND', 'ML_ELEVATED_RISK_DUE_TO_AMOUNT', 'ML_ELEVATED_RISK_DUE_TO_RECEIVER_BAL_AFTER', 'ML_ELEVATED_RISK_DUE_TO_SENDER_BAL_BEFORE', 'ML_ELEVATED_RISK_DUE_TO_IS_SIM_BOUND', 'ML_ELEVATED_RISK_DUE_TO_TIME_TO_PAY_MS', 'SUSPICIOUS_BUT_UNCLEAR', 'NEO4J_UNAVAILABLE', 'CLEARED']",2,ALLOW,ALLOW,INFO,CLEARED,0.4984,0.4984,1.0,1.0,0.7936,0.7936,0.0,0.0,0.0,SUSPICIOUS,SUSPICIOUS_BUT_UNCLEAR,UNKNOWN,UNKNOWN,"['ML elevated risk due to amount', 'ML elevated risk due to receiver_bal_after', 'ML elevated risk due to sender_bal_before', 'ML elevated risk due to is_sim_bound', 'ML elevated risk due to time_to_pay_ms', 'SUSPICIOUS_BUT_UNCLEAR']",TRANSACTION_MONITOR,False,False,False,10080,20160,AML_INFO_QUEUE,LOW
97ada95a-93b2-4462-97c4-22f1d410651b,U-1001,M-2017,10247.37,INR,P2P,UPI,219017.5,208770.13,513474.67,2026-09-27 09:59:00.061071+00:00,Pune,True,1,D-30001,1174,NORMAL,LOW_RISK_PAYMENT,LOW,6,0.0674,534,99.8385,0.0815,11157.2,89752.63,39752.63,0,1,0,0,887,0,1,0.0,0.3251,0.1207,0.2613,82.98,76.03,1,0,0,0,0,3.99,0.0345,0,0,0,1,1,0,0,3,1,3,0,0,0,0.0871,0,0.0815,0,0.0776,"['NORMAL', 'LOW_RISK_PAYMENT', 'NORMAL_PATTERN', 'LOW_VALUE_PAYMENT', 'SIM_BOUND', 'ML_ELEVATED_RISK_DUE_TO_AMOUNT', 'ML_ELEVATED_RISK_DUE_TO_RECEIVER_BAL_AFTER', 'ML_ELEVATED_RISK_DUE_TO_SENDER_BAL_BEFORE', 'ML_ELEVATED_RISK_DUE_TO_IS_SIM_BOUND', 'ML_ELEVATED_RISK_DUE_TO_TIME_TO_PAY_MS', 'SUSPICIOUS_BUT_UNCLEAR', 'NEO4J_UNAVAILABLE', 'CLEARED']",2,ALLOW,ALLOW,INFO,CLEARED,0.4995,0.4995,1.0,1.0,0.7982,0.7982,0.0,0.0,0.0,SUSPICIOUS,SUSPICIOUS_BUT_UNCLEAR,UNKNOWN,UNKNOWN,"['ML elevated risk due to amount', 'ML elevated risk due to receiver_bal_after', 'ML elevated risk due to sender_bal_before', 'ML elevated risk due to is_sim_bound', 'ML elevated risk due to time_to_pay_ms', 'SUSPICIOUS_BUT_UNCLEAR']",TRANSACTION_MONITOR,False,False,False,10080,20160,AML_INFO_QUEUE,LOW
9c5fa9d2-ce7f-4cad-9662-c5073ee63bd2,U-1045,M-2023,44308.18,INR,TRANSFER,IMPS,282205.39,237897.21,147093.95,2026-09-27 09:58:53.307337+00:00,Kolkata,True,1,D-30039,558,P3_MONITOR,MILD_VELOCITY,P3,8,0.5096,148,1536.8299,0.0355,45940.2,55691.82,5691.82,0,0,0,0,1394,2,2,0.5086,0.5972,0.4866,0.5086,68.89,60.88,1,0,0,0,1,4.42,0.224,1,1,1,1,2,0,0,5,4,0,1,0,0,0.2371,0,0.0355,1,0.4357,"['P3_MONITOR', 'MILD_VELOCITY', 'WATCHLIST_PROXIMITY', 'DEVICE_REUSE', 'ML_ELEVATED_RISK_DUE_TO_AMOUNT', 'ML_ELEVATED_RISK_DUE_TO_RECEIVER_BAL_AFTER', 'ML_ELEVATED_RISK_DUE_TO_SENDER_BAL_BEFORE', 'ML_ELEVATED_RISK_DUE_TO_IS_SIM_BOUND', 'ML_ELEVATED_RISK_DUE_TO_TIME_TO_PAY_MS', 'NEO4J_UNAVAILABLE', 'REALTIME_SCENARIO_GRAPH_FALLBACK', 'MONITORING', 'ELEVATED_ACTIVITY']",2,MONITOR,SOFT_NUDGE,P3,MONITORING,0.5249,0.5249,1.0,1.0,0.4927,0.4927,0.5086,0.5086,0.0,SUSPICIOUS,NONE,MEDIUM,UNKNOWN,"['ML elevated risk due to amount', 'ML elevated risk due to receiver_bal_after', 'ML elevated risk due to sender_bal_before', 'ML elevated risk due to is_sim_bound', 'ML elevated risk due to time_to_pay_ms', 'Connected to mule cluster']",TRANSACTION_SUSPECT,True,False,False,1440,2880,AML_MONITORING_QUEUE,MEDIUM
7f3e6a95-7182-4866-b2d7-c5dcfa5f6514,U-1053,M-2031,18729.43,INR,P2P,IMPS,99729.11,80999.68,422233.71,2026-09-27 09:58:46.218618+00:00,Chennai,True,1,D-30027,1111,P3_MONITOR,MILD_VELOCITY,P3,4,0.5368,122,274.0228,0.005,18823.84,81270.57,31270.57,0,1,0,0,328,3,0,0.4987,0.4544,0.4461,0.4987,76.27,79.17,1,0,1,0,0,3.3,0.3027,0,0,0,1,1,0,0,4,3,0,0,0,0,0.3581,0,0.005,0,0.4166,"['P3_MONITOR', 'MILD_VELOCITY', 'WATCHLIST_PROXIMITY', 'DEVICE_REUSE', 'ML_ELEVATED_RISK_DUE_TO_AMOUNT', 'ML_ELEVATED_RISK_DUE_TO_RECEIVER_BAL_AFTER', 'ML_ELEVATED_RISK_DUE_TO_SENDER_BAL_BEFORE', 'ML_ELEVATED_RISK_DUE_TO_IS_SIM_BOUND', 'ML_ELEVATED_RISK_DUE_TO_TIME_TO_PAY_MS', 'SUSPICIOUS_BUT_UNCLEAR', 'NEO4J_UNAVAILABLE', 'REALTIME_SCENARIO_GRAPH_FALLBACK', 'MONITORING', 'ELEVATED_ACTIVITY']",2,MONITOR,SOFT_NUDGE,P3,MONITORING,0.5259,0.5259,1.0,1.0,0.5046,0.5046,0.4987,0.4987,0.0,SUSPICIOUS,SUSPICIOUS_BUT_UNCLEAR,MEDIUM,UNKNOWN,"['ML elevated risk due to amount', 'ML elevated risk due to receiver_bal_after', 'ML elevated risk due to sender_bal_before', 'ML elevated risk due to is_sim_bound', 'ML elevated risk due to time_to_pay_ms', 'SUSPICIOUS_BUT_UNCLEAR']",TRANSACTION_SUSPECT,True,False,False,1440,2880,AML_MONITORING_QUEUE,MEDIUM
10d874be-6458-4fb3-b5b3-73d083e892d5,U-1023,M-2014,3684.22,INR,TRANSFER,UPI,23265.92,19581.7,253064.64,2026-09-27 09:58:39.337715+00:00,Kolkata,True,1,D-30004,1897,NORMAL,LOW_RISK_PAYMENT,LOW,8,0.2159,1096,31.0581,0.1007,4096.54,96315.78,46315.78,0,0,0,0,1355,0,1,0.0,0.0523,0.2381,0.0826,97.49,92.97,1,0,0,0,0,6.57,0.1362,0,0,0,1,1,0,0,3,2,2,0,0,0,0.1057,0,0.1007,0,0.0674,"['NORMAL', 'LOW_RISK_PAYMENT', 'NORMAL_PATTERN', 'LOW_VALUE_PAYMENT', 'SIM_BOUND', 'ML_ELEVATED_RISK_DUE_TO_AMOUNT', 'ML_ELEVATED_RISK_DUE_TO_RECEIVER_BAL_AFTER', 'ML_ELEVATED_RISK_DUE_TO_SENDER_BAL_BEFORE', 'ML_ELEVATED_RISK_DUE_TO_IS_SIM_BOUND', 'ML_ELEVATED_RISK_DUE_TO_TIME_TO_PAY_MS', 'SUSPICIOUS_BUT_UNCLEAR', 'NEO4J_UNAVAILABLE', 'MONITORING', 'ELEVATED_ACTIVITY']",2,MONITOR,SOFT_NUDGE,P3,MONITORING,0.547,0.547,1.0,1.0,0.9881,0.9881,0.0,0.0,0.0,SUSPICIOUS,SUSPICIOUS_BUT_UNCLEAR,UNKNOWN,UNKNOWN,"['ML elevated risk due to amount', 'ML elevated risk due to receiver_bal_after', 'ML elevated risk due to sender_bal_before', 'ML elevated risk due to is_sim_bound', 'ML elevated risk due to time_to_pay_ms', 'SUSPICIOUS_BUT_UNCLEAR']",TRANSACTION_SUSPECT,True,False,False,1440,2880,AML_MONITORING_QUEUE,MEDIUM
5ff2cfd8-a27e-486f-9f90-58a8d063d573,U-1064,M-2037,78588.43,INR,LAYERING_STEP,UPI,357833.2,279244.77,181465.89,2026-09-27 09:58:35.201938+00:00,Pune,False,0,D-30093,26,P2_REVIEW,LAYERING,P2,16,0.6385,9,2906.2866,0.0184,77169.83,21411.57,28588.43,0,1,0,0,39,4,3,0.7025,0.861,0.6681,0.7025,31.65,55.2,0,1,1,0,1,0.6,0.6267,2,2,7,3,5,1,1,15,5,0,1,1,1,0.6742,0,0.0184,1,0.7969,"['P2_REVIEW', 'LAYERING', 'LAYERING_CHAIN', 'MULE_CLUSTER', 'SHORT_FORWARDING_DELAY', 'SIM_NOT_BOUND', 'ML_ELEVATED_RISK_DUE_TO_AMOUNT', 'ML_ELEVATED_RISK_DUE_TO_RECEIVER_BAL_AFTER', 'ML_ELEVATED_RISK_DUE_TO_SENDER_BAL_BEFORE', 'ML_ELEVATED_RISK_DUE_TO_IS_SIM_BOUND', 'ML_ELEVATED_RISK_DUE_TO_TIME_TO_PAY_MS', 'LAUNDERING_FLOW', 'HIGH_VALUE_TRANSFER', 'NEO4J_UNAVAILABLE', 'REALTIME_SCENARIO_GRAPH_FALLBACK', 'MONITORING', 'ELEVATED_ACTIVITY']",1,MONITOR,SOFT_NUDGE,P3,MONITORING,0.6075,0.6075,1.0,1.0,0.6681,0.6681,0.7025,0.7025,0.0,SUSPICIOUS,LAUNDERING_FLOW,HIGH,UNKNOWN,"['ML elevated risk due to amount', 'ML elevated risk due to receiver_bal_after', 'ML elevated risk due to sender_bal_before', 'ML elevated risk due to is_sim_bound', 'ML elevated risk due to time_to_pay_ms', 'LAUNDERING_FLOW', 'Connected to mule cluster']",TRANSACTION_SUSPECT,True,False,False,1440,2880,AML_MONITORING_QUEUE,MEDIUM
db97c68c-83e0-4334-9bec-85c444710715,U-1008,M-2019,9052.95,INR,P2P,UPI,156223.02,147170.07,75232.43,2026-09-27 09:58:29.620572+00:00,Chennai,True,1,D-30009,915,NORMAL,LOW_RISK_PAYMENT,LOW,8,0.2782,739,73.1669,0.0308,8782.7,90947.05,40947.05,0,0,0,0,2058,0,1,0.0,0.2992,0.0713,0.1555,91.9,83.71,1,0,0,0,0,2.16,0.025,0,0,0,1,1,0,0,3,3,0,0,0,0,0.0408,0,0.0308,0,0.1157,"['NORMAL', 'LOW_RISK_PAYMENT', 'NORMAL_PATTERN', 'LOW_VALUE_PAYMENT', 'SIM_BOUND', 'ML_ELEVATED_RISK_DUE_TO_AMOUNT', 'ML_ELEVATED_RISK_DUE_TO_RECEIVER_BAL_AFTER', 'ML_ELEVATED_RISK_DUE_TO_SENDER_BAL_BEFORE', 'ML_ELEVATED_RISK_DUE_TO_IS_SIM_BOUND', 'ML_ELEVATED_RISK_DUE_TO_TIME_TO_PAY_MS', 'SUSPICIOUS_BUT_UNCLEAR', 'NEO4J_UNAVAILABLE', 'MONITORING', 'ELEVATED_ACTIVITY']",2,MONITOR,SOFT_NUDGE,P3,MONITORING,0.5042,0.5042,1.0,1.0,0.8168,0.8168,0.0,0.0,0.0,SUSPICIOUS,SUSPICIOUS_BUT_UNCLEAR,UNKNOWN,UNKNOWN,"['ML elevated risk due to amount', 'ML elevated risk due to receiver_bal_after', 'ML elevated risk due to sender_bal_before', 'ML elevated risk due to is_sim_bound', 'ML elevated risk due to time_to_pay_ms', 'SUSPICIOUS_BUT_UNCLEAR']",TRANSACTION_SUSPECT,True,False,False,1440,2880,AML_MONITORING_QUEUE,MEDIUM
e2dfc170-4662-4498-9be3-02eb9b56423b,U-1014,M-2011,2492.01,INR,BILL,UPI,169258.48,166766.47,177767.08,2026-09-27 09:58:26.632873+00:00,Pune,True,1,D-30009,387,NORMAL,LOW_RISK_PAYMENT,LOW,6,0.0652,1025,20.8649,0.0689,2331.47,97507.99,47507.99,0,0,0,0,657,0,1,0.0,0.1715,0.0087,0.0822,80.55,86.54,1,0,0,0,0,2.38,0.1276,0,0,0,1,1,0,0,3,4,0,0,0,0,0.0439,0,0.0689,0,0.1564,"['NORMAL', 'LOW_RISK_PAYMENT', 'NORMAL_PATTERN', 'LOW_VALUE_PAYMENT', 'SIM_BOUND', 'ML_ELEVATED_RISK_DUE_TO_AMOUNT', 'ML_ELEVATED_RISK_DUE_TO_RECEIVER_BAL_AFTER', 'ML_ELEVATED_RISK_DUE_TO_SENDER_BAL_BEFORE', 'ML_ELEVATED_RISK_DUE_TO_IS_SIM_BOUND', 'ML_ELEVATED_RISK_DUE_TO_TIME_TO_PAY_MS', 'SUSPICIOUS_BUT_UNCLEAR', 'NEO4J_UNAVAILABLE', 'CLEARED']",2,ALLOW,ALLOW,INFO,CLEARED,0.2223,0.2223,0.0,0.0,0.8892,0.8892,0.0,0.0,0.0,ALLOW,SUSPICIOUS_BUT_UNCLEAR,UNKNOWN,UNKNOWN,"['ML elevated risk due to amount', 'ML elevated risk due to receiver_bal_after', 'ML elevated risk due to sender_bal_before', 'ML elevated risk due to is_sim_bound', 'ML elevated risk due to time_to_pay_ms', 'SUSPICIOUS_BUT_UNCLEAR']",TRANSACTION_MONITOR,False,False,False,10080,20160,AML_INFO_QUEUE,LOW
f4496d63-d29e-46de-aa00-7d0c277fe7e2,U-1023,M-2009,4853.66,INR,BILL,UPI,75723.72,70870.06,770996.64,2026-09-27 09:58:19.106321+00:00,Chennai,True,1,D-30014,634,NORMAL,LOW_RISK_PAYMENT,LOW,6,0.1079,1267,23.2128,0.0668,4549.62,95146.34,45146.34,0,0,0,0,718,0,1,0.0,0.3322,0.1956,0.3172,92.91,79.6,1,0,0,0,0,2.12,0.1299,0,0,0,1,1,0,0,3,4,1,0,0,0,0.0811,0,0.0668,0,0.1278,"['NORMAL', 'LOW_RISK_PAYMENT', 'NORMAL_PATTERN', 'LOW_VALUE_PAYMENT', 'SIM_BOUND', 'ML_ELEVATED_RISK_DUE_TO_AMOUNT', 'ML_ELEVATED_RISK_DUE_TO_RECEIVER_BAL_AFTER', 'ML_ELEVATED_RISK_DUE_TO_SENDER_BAL_BEFORE', 'ML_ELEVATED_RISK_DUE_TO_IS_SIM_BOUND', 'ML_ELEVATED_RISK_DUE_TO_TIME_TO_PAY_MS', 'SUSPICIOUS_BUT_UNCLEAR', 'NEO4J_UNAVAILABLE', 'MONITORING', 'ELEVATED_ACTIVITY']",2,MONITOR,SOFT_NUDGE,P3,MONITORING,0.5436,0.5436,1.0,1.0,0.9743,0.9743,0.0,0.0,0.0,SUSPICIOUS,SUSPICIOUS_BUT_UNCLEAR,UNKNOWN,UNKNOWN,"['ML elevated risk due to amount', 'ML elevated risk due to receiver_bal_after', 'ML elevated risk due to sender_bal_before', 'ML elevated risk due to is_sim_bound', 'ML elevated risk due to time_to_pay_ms', 'SUSPICIOUS_BUT_UNCLEAR']",TRANSACTION_SUSPECT,True,False,False,1440,2880,AML_MONITORING_QUEUE,MEDIUM
0c1aa078-5a5b-483d-adf3-d61dc0901f84,U-1012,M-2013,9911.75,INR,PAYMENT,UPI,107234.06,97322.31,756311.79,2026-09-27 09:58:11.559104+00:00,Bengaluru,True,1,D-30004,1508,NORMAL,LOW_RISK_PAYMENT,LOW,4,0.1994,1066,45.8596,0.0384,9545.63,90088.25,40088.25,0,0,0,0,1034,1,0,0.0,0.0517,0.0094,0.1163,95.13,76.24,1,0,0,0,0,3.41,0.0894,0,0,0,2,1,0,0,3,3,2,0,0,0,0.1276,0,0.0384,0,0.0912,"['NORMAL', 'LOW_RISK_PAYMENT', 'NORMAL_PATTERN', 'LOW_VALUE_PAYMENT', 'SIM_BOUND', 'ML_ELEVATED_RISK_DUE_TO_AMOUNT', 'ML_ELEVATED_RISK_DUE_TO_RECEIVER_BAL_AFTER', 'ML_ELEVATED_RISK_DUE_TO_SENDER_BAL_BEFORE', 'ML_ELEVATED_RISK_DUE_TO_IS_SIM_BOUND', 'ML_ELEVATED_RISK_DUE_TO_TIME_TO_PAY_MS', 'SUSPICIOUS_BUT_UNCLEAR', 'NEO4J_UNAVAILABLE', 'MONITORING', 'ELEVATED_ACTIVITY']",2,MONITOR,SOFT_NUDGE,P3,MONITORING,0.5038,0.5038,1.0,1.0,0.8151,0.8151,0.0,0.0,0.0,SUSPICIOUS,SUSPICIOUS_BUT_UNCLEAR,UNKNOWN,UNKNOWN,"['ML elevated risk due to amount', 'ML elevated risk due to receiver_bal_after', 'ML elevated risk due to sender_bal_before', 'ML elevated risk due to is_sim_bound', 'ML elevated risk due to time_to_pay_ms', 'SUSPICIOUS_BUT_UNCLEAR']",TRANSACTION_SUSPECT,True,False,False,1440,2880,AML_MONITORING_QUEUE,MEDIUM
1bc55289-7cbd-4b12-b8ab-ead46e4e0b03,U-1020,U-1039,12637.36,INR,BILL,UPI,93827.22,81189.86,418070.27,2026-09-27 09:58:04.615593+00:00,Mumbai,True,1,D-30016,866,NORMAL,LOW_RISK_PAYMENT,LOW,6,0.1228,716,64.286,0.0771,13692.51,87362.64,37362.64,0,0,0,0,1949,0,0,0.0,0.0811,0.2225,0.2512,82.82,88.67,1,0,0,0,0,5.92,0.0583,0,0,0,2,1,0,0,3,1,0,0,0,0,0.1062,0,0.0771,0,0.1151,"['NORMAL', 'LOW_RISK_PAYMENT', 'NORMAL_PATTERN', 'LOW_VALUE_PAYMENT', 'SIM_BOUND', 'ML_ELEVATED_RISK_DUE_TO_AMOUNT', 'ML_ELEVATED_RISK_DUE_TO_RECEIVER_BAL_AFTER', 'ML_ELEVATED_RISK_DUE_TO_SENDER_BAL_BEFORE', 'ML_ELEVATED_RISK_DUE_TO_IS_SIM_BOUND', 'ML_ELEVATED_RISK_DUE_TO_TIME_TO_PAY_MS', 'SUSPICIOUS_BUT_UNCLEAR', 'NEO4J_UNAVAILABLE', 'MONITORING', 'ELEVATED_ACTIVITY']",2,MONITOR,SOFT_NUDGE,P3,MONITORING,0.5202,0.5202,1.0,1.0,0.8809,0.8809,0.0,0.0,0.0,SUSPICIOUS,SUSPICIOUS_BUT_UNCLEAR,UNKNOWN,UNKNOWN,"['ML elevated risk due to amount', 'ML elevated risk due to receiver_bal_after', 'ML elevated risk due to sender_bal_before', 'ML elevated risk due to is_sim_bound', 'ML elevated risk due to time_to_pay_ms', 'SUSPICIOUS_BUT_UNCLEAR']",TRANSACTION_SUSPECT,True,False,False,1440,2880,AML_MONITORING_QUEUE,MEDIUM
9b854606-1273-4f76-8f6a-32d5282b0b13,U-1003,U-1033,5026.21,INR,PAYMENT,UPI,120497.38,115471.17,477103.9,2026-09-27 09:57:57.067759+00:00,Bengaluru,True,1,D-30012,382,NORMAL,LOW_RISK_PAYMENT,LOW,10,0.1894,370,48.6034,0.0794,4656.68,94973.79,44973.79,0,1,0,0,638,0,0,0.0,0.1147,0.1848,0.1446,95.75,83.23,1,0,0,0,0,3.15,0.1014,0,0,0,2,1,0,0,3,4,1,0,0,0,0.0944,0,0.0794,0,0.1177,"['NORMAL', 'LOW_RISK_PAYMENT', 'NORMAL_PATTERN', 'LOW_VALUE_PAYMENT', 'SIM_BOUND', 'ML_ELEVATED_RISK_DUE_TO_AMOUNT', 'ML_ELEVATED_RISK_DUE_TO_RECEIVER_BAL_AFTER', 'ML_ELEVATED_RISK_DUE_TO_SENDER_BAL_BEFORE', 'ML_ELEVATED_RISK_DUE_TO_IS_SIM_BOUND', 'ML_ELEVATED_RISK_DUE_TO_TIME_TO_PAY_MS', 'SUSPICIOUS_BUT_UNCLEAR', 'NEO4J_UNAVAILABLE', 'MONITORING', 'ELEVATED_ACTIVITY']",4,MONITOR,SOFT_NUDGE,P3,MONITORING,0.5281,0.5281,1.0,1.0,0.9122,0.9122,0.0,0.0,0.0,SUSPICIOUS,SUSPICIOUS_BUT_UNCLEAR,UNKNOWN,UNKNOWN,"['ML elevated risk due to amount', 'ML elevated risk due to receiver_bal_after', 'ML elevated risk due to sender_bal_before', 'ML elevated risk due to is_sim_bound', 'ML elevated risk due to time_to_pay_ms', 'SUSPICIOUS_BUT_UNCLEAR']",TRANSACTION_SUSPECT,True,False,False,1440,2880,AML_MONITORING_QUEUE,MEDIUM
72aa78a9-792d-406b-85f1-59d3c041f09c,U-1053,M-2024,34332.21,INR,PAYMENT,CARD,214678.95,180346.74,198627.23,2026-09-27 09:57:50.000759+00:00,Delhi,True,1,D-30035,360,P3_MONITOR,MILD_VELOCITY,P3,6,0.4218,231,437.762,0.1553,40643.93,65667.79,15667.79,0,0,0,0,471,3,0,0.4071,0.6257,0.387,0.4071,66.04,63.28,0,0,1,0,0,2.89,0.1973,1,1,0,2,2,0,0,4,4,1,1,0,0,0.2191,0,0.1553,0,0.4617,"['P3_MONITOR', 'MILD_VELOCITY', 'WATCHLIST_PROXIMITY', 'DEVICE_REUSE', 'ML_ELEVATED_RISK_DUE_TO_AMOUNT', 'ML_ELEVATED_RISK_DUE_TO_RECEIVER_BAL_AFTER', 'ML_ELEVATED_RISK_DUE_TO_SENDER_BAL_BEFORE', 'ML_ELEVATED_RISK_DUE_TO_IS_SIM_BOUND', 'ML_ELEVATED_RISK_DUE_TO_TIME_TO_PAY_MS', 'SUSPICIOUS_BUT_UNCLEAR', 'NEO4J_UNAVAILABLE', 'REALTIME_SCENARIO_GRAPH_FALLBACK', 'MONITORING', 'ELEVATED_ACTIVITY']",2,MONITOR,SOFT_NUDGE,P3,MONITORING,0.5069,0.5069,1.0,1.0,0.5019,0.5019,0.4071,0.4071,0.0,SUSPICIOUS,SUSPICIOUS_BUT_UNCLEAR,MEDIUM,UNKNOWN,"['ML elevated risk due to amount', 'ML elevated risk due to receiver_bal_after', 'ML elevated risk due to sender_bal_before', 'ML elevated risk due to is_sim_bound', 'ML elevated risk due to time_to_pay_ms', 'SUSPICIOUS_BUT_UNCLEAR', 'Connected to mule cluster']",TRANSACTION_SUSPECT,True,False,False,1440,2880,AML_MONITORING_QUEUE,MEDIUM
9d819652-4021-4f38-ad2d-d73e74edda6c,U-1024,U-1038,3300.01,INR,PAYMENT,NETBANKING,93271.89,89971.88,706754.57,2026-09-27 09:57:42.850850+00:00,Chennai,True,1,D-30008,1663,NORMAL,LOW_RISK_PAYMENT,LOW,4,0.2526,575,28.1283,0.0682,3089.33,96699.99,46699.99,0,0,0,0,2007,1,1,0.0,0.15,0.0113,0.0634,92.34,95.28,1,0,0,0,0,5.75,0.131,0,0,0,1,1,0,0,3,1,2,0,0,0,0.0468,0,0.0682,0,0.0773,"['NORMAL', 'LOW_RISK_PAYMENT', 'NORMAL_PATTERN', 'LOW_VALUE_PAYMENT', 'SIM_BOUND', 'ML_ELEVATED_RISK_DUE_TO_AMOUNT', 'ML_ELEVATED_RISK_DUE_TO_RECEIVER_BAL_AFTER', 'ML_ELEVATED_RISK_DUE_TO_SENDER_BAL_BEFORE', 'ML_ELEVATED_RISK_DUE_TO_IS_SIM_BOUND', 'ML_ELEVATED_RISK_DUE_TO_TIME_TO_PAY_MS', 'SUSPICIOUS_BUT_UNCLEAR', 'NEO4J_UNAVAILABLE', 'MONITORING', 'ELEVATED_ACTIVITY']",2,MONITOR,SOFT_NUDGE,P3,MONITORING,0.5309,0.5309,1.0,1.0,0.9234,0.9234,0.0,0.0,0.0,SUSPICIOUS,SUSPICIOUS_BUT_UNCLEAR,UNKNOWN,UNKNOWN,"['ML elevated risk due to amount', 'ML elevated risk due to receiver_bal_after', 'ML elevated risk due to sender_bal_before', 'ML elevated risk due to is_sim_bound', 'ML elevated risk due to time_to_pay_ms', 'SUSPICIOUS_BUT_UNCLEAR']",TRANSACTION_SUSPECT,True,False,False,1440,2880,AML_MONITORING_QUEUE,MEDIUM
2e5df11c-21a0-469e-ac46-c62d533d90cc,U-1015,M-2009,14000.14,INR,PAYMENT,NETBANKING,70319.3,56319.16,254422.0,2026-09-27 09:57:35.291468+00:00,Chennai,True,1,D-30018,1360,NORMAL,LOW_RISK_PAYMENT,LOW,10,0.1047,810,117.0374,0.0358,14519.51,85999.86,35999.86,0,0,0,0,1767,1,1,0.0,0.1574,0.0893,0.072,88.01,77.5,1,0,0,0,0,6.19,0.0454,0,0,0,1,1,0,0,3,3,0,0,0,0,0.1524,0,0.0358,0,0.1295,"['NORMAL', 'LOW_RISK_PAYMENT', 'NORMAL_PATTERN', 'LOW_VALUE_PAYMENT', 'SIM_BOUND', 'ML_ELEVATED_RISK_DUE_TO_AMOUNT', 'ML_ELEVATED_RISK_DUE_TO_RECEIVER_BAL_AFTER', 'ML_ELEVATED_RISK_DUE_TO_SENDER_BAL_BEFORE', 'ML_ELEVATED_RISK_DUE_TO_IS_SIM_BOUND', 'ML_ELEVATED_RISK_DUE_TO_TIME_TO_PAY_MS', 'SUSPICIOUS_BUT_UNCLEAR', 'NEO4J_UNAVAILABLE', 'MONITORING', 'ELEVATED_ACTIVITY']",2,MONITOR,SOFT_NUDGE,P3,MONITORING,0.5228,0.5228,1.0,1.0,0.8912,0.8912,0.0,0.0,0.0,SUSPICIOUS,SUSPICIOUS_BUT_UNCLEAR,UNKNOWN,UNKNOWN,"['ML elevated risk due to amount', 'ML elevated risk due to receiver_bal_after', 'ML elevated risk due to sender_bal_before', 'ML elevated risk due to is_sim_bound', 'ML elevated risk due to time_to_pay_ms', 'SUSPICIOUS_BUT_UNCLEAR']",TRANSACTION_SUSPECT,True,False,False,1440,2880,AML_MONITORING_QUEUE,MEDIUM
c7d379d1-9677-4e31-b5a5-c78a85b09a7f,U-1049,M-2021,42657.35,INR,P2P,CARD,107725.51,65068.16,402271.17,2026-09-27 09:57:27.987793+00:00,Delhi,True,1,D-30039,723,P3_MONITOR,MILD_VELOCITY,P3,6,0.3891,230,639.4743,0.0534,40494.27,57342.65,7342.65,0,0,0,0,699,2,1,0.5429,0.5608,0.3974,0.5429,75.81,65.16,0,0,1,0,0,1.25,0.2602,1,1,1,2,1,0,0,4,2,0,1,0,0,0.3779,0,0.0534,1,0.3693,"['P3_MONITOR', 'MILD_VELOCITY', 'WATCHLIST_PROXIMITY', 'DEVICE_REUSE', 'ML_ELEVATED_RISK_DUE_TO_AMOUNT', 'ML_ELEVATED_RISK_DUE_TO_RECEIVER_BAL_AFTER', 'ML_ELEVATED_RISK_DUE_TO_SENDER_BAL_BEFORE', 'ML_ELEVATED_RISK_DUE_TO_IS_SIM_BOUND', 'ML_ELEVATED_RISK_DUE_TO_TIME_TO_PAY_MS', 'SUSPICIOUS_BUT_UNCLEAR', 'NEO4J_UNAVAILABLE', 'REALTIME_SCENARIO_GRAPH_FALLBACK', 'MONITORING', 'ELEVATED_ACTIVITY']",2,MONITOR,SOFT_NUDGE,P3,MONITORING,0.5348,0.5348,1.0,1.0,0.5048,0.5048,0.5429,0.5429,0.0,SUSPICIOUS,SUSPICIOUS_BUT_UNCLEAR,MEDIUM,UNKNOWN,"['ML elevated risk due to amount', 'ML elevated risk due to receiver_bal_after', 'ML elevated risk due to sender_bal_before', 'ML elevated risk due to is_sim_bound', 'ML elevated risk due to time_to_pay_ms', 'SUSPICIOUS_BUT_UNCLEAR', 'Connected to mule cluster']",TRANSACTION_SUSPECT,True,False,False,1440,2880,AML_MONITORING_QUEUE,MEDIUM
c9ac84f1-58bf-407b-a892-5f6fbff8b557,U-1051,M-2030,22017.1,INR,PAYMENT,IMPS,122455.09,100437.99,264387.95,2026-09-27 09:57:23.923275+00:00,Delhi,False,0,D-30039,268,P3_MONITOR,MILD_VELOCITY,P3,5,0.3748,175,288.0968,0.0588,23391.94,77982.9,27982.9,0,0,0,0,739,1,0,0.3726,0.5092,0.4001,0.3726,72.39,58.13,1,0,0,0,1,1.5,0.3676,1,1,1,3,2,0,0,4,3,1,0,0,0,0.3104,0,0.0588,0,0.3112,"['P3_MONITOR', 'MILD_VELOCITY', 'WATCHLIST_PROXIMITY', 'DEVICE_REUSE', 'ML_ELEVATED_RISK_DUE_TO_AMOUNT', 'ML_ELEVATED_RISK_DUE_TO_RECEIVER_BAL_AFTER', 'ML_ELEVATED_RISK_DUE_TO_SENDER_BAL_BEFORE', 'ML_ELEVATED_RISK_DUE_TO_IS_SIM_BOUND', 'ML_ELEVATED_RISK_DUE_TO_TIME_TO_PAY_MS', 'SUSPICIOUS_BUT_UNCLEAR', 'NEO4J_UNAVAILABLE', 'REALTIME_SCENARIO_GRAPH_FALLBACK', 'MONITORING', 'ELEVATED_ACTIVITY']",2,MONITOR,SOFT_NUDGE,P3,MONITORING,0.5005,0.5005,1.0,1.0,0.5038,0.5038,0.3726,0.3726,0.0,SUSPICIOUS,SUSPICIOUS_BUT_UNCLEAR,MEDIUM,UNKNOWN,"['ML elevated risk due to amount', 'ML elevated risk due to receiver_bal_after', 'ML elevated risk due to sender_bal_before', 'ML elevated risk due to is_sim_bound', 'ML elevated risk due to time_to_pay_ms', 'SUSPICIOUS_BUT_UNCLEAR', 'Connected to mule cluster']",TRANSACTION_SUSPECT,True,False,False,1440,2880,AML_MONITORING_QUEUE,MEDIUM
078faff0-7d1a-4c79-bc8f-be91747df19d,U-1023,U-1039,8338.42,INR,P2P,CARD,115106.11,106767.69,606122.01,2026-09-27 09:57:19.883464+00:00,Hyderabad,True,1,D-30009,470,NORMAL,LOW_RISK_PAYMENT,LOW,4,0.1871,1158,43.3411,0.0652,7828.37,91661.58,41661.58,0,0,0,0,617,0,0,0.0,0.1438,0.0204,0.199,82.85,83.82,1,0,0,0,0,5.52,0.0245,0,0,0,1,1,0,0,3,2,0,0,0,0,0.0662,0,0.0652,0,0.0416,"['NORMAL', 'LOW_RISK_PAYMENT', 'NORMAL_PATTERN', 'LOW_VALUE_PAYMENT', 'SIM_BOUND', 'ML_ELEVATED_RISK_DUE_TO_AMOUNT', 'ML_ELEVATED_RISK_DUE_TO_RECEIVER_BAL_AFTER', 'ML_ELEVATED_RISK_DUE_TO_SENDER_BAL_BEFORE', 'ML_ELEVATED_RISK_DUE_TO_IS_SIM_BOUND', 'ML_ELEVATED_RISK_DUE_TO_TIME_TO_PAY_MS', 'SUSPICIOUS_BUT_UNCLEAR', 'NEO4J_UNAVAILABLE', 'MONITORING', 'ELEVATED_ACTIVITY']",2,MONITOR,SOFT_NUDGE,P3,MONITORING,0.5373,0.5373,1.0,1.0,0.9494,0.9494,0.0,0.0,0.0,SUSPICIOUS,SUSPICIOUS_BUT_UNCLEAR,UNKNOWN,UNKNOWN,"['ML elevated risk due to amount', 'ML elevated risk due to receiver_bal_after', 'ML elevated risk due to sender_bal_before', 'ML elevated risk due to is_sim_bound', 'ML elevated risk due to time_to_pay_ms', 'SUSPICIOUS_BUT_UNCLEAR']",TRANSACTION_SUSPECT,True,False,False,1440,2880,AML_MONITORING_QUEUE,MEDIUM
e558f269-bf48-446a-bbce-94e977177e4f,U-1028,M-2003,6572.73,INR,TRANSFER,NETBANKING,115518.56,108945.83,590189.14,2026-09-27 09:57:14.299185+00:00,Bengaluru,True,1,D-30021,1184,NORMAL,LOW_RISK_PAYMENT,LOW,10,0.2205,862,34.5345,0.0775,6100.25,93427.27,43427.27,0,1,0,0,2237,0,0,0.0,0.2154,0.201,0.1137,94.59,88.49,1,0,0,0,0,6.67,0.1429,0,0,0,2,1,0,0,3,2,2,0,0,0,0.1418,0,0.0775,0,0.0747,"['NORMAL', 'LOW_RISK_PAYMENT', 'NORMAL_PATTERN', 'LOW_VALUE_PAYMENT', 'SIM_BOUND', 'ML_ELEVATED_RISK_DUE_TO_AMOUNT', 'ML_ELEVATED_RISK_DUE_TO_RECEIVER_BAL_AFTER', 'ML_ELEVATED_RISK_DUE_TO_SENDER_BAL_BEFORE', 'ML_ELEVATED_RISK_DUE_TO_IS_SIM_BOUND', 'ML_ELEVATED_RISK_DUE_TO_TIME_TO_PAY_MS', 'SUSPICIOUS_BUT_UNCLEAR', 'NEO4J_UNAVAILABLE', 'MONITORING', 'ELEVATED_ACTIVITY']",4,MONITOR,SOFT_NUDGE,P3,MONITORING,0.5203,0.5203,1.0,1.0,0.8814,0.8814,0.0,0.0,0.0,SUSPICIOUS,SUSPICIOUS_BUT_UNCLEAR,UNKNOWN,UNKNOWN,"['ML elevated risk due to amount', 'ML elevated risk due to receiver_bal_after', 'ML elevated risk due to sender_bal_before', 'ML elevated risk due to is_sim_bound', 'ML elevated risk due to time_to_pay_ms', 'SUSPICIOUS_BUT_UNCLEAR']",TRANSACTION_SUSPECT,True,False,False,1440,2880,AML_MONITORING_QUEUE,MEDIUM
8b2a482b-75b7-434f-babc-785dcca34db1,U-1065,M-2037,71336.13,INR,GATHER_SCATTER,UPI,108174.68,36838.55,622287.82,2026-09-27 09:57:06.892304+00:00,Bengaluru,False,0,D-30080,120,P2_REVIEW,GATHER_SCATTER,P2,14,0.76,11,5740.365,0.1189,63756.86,28663.87,21336.13,0,1,0,0,172,7,3,0.8356,0.7393,0.6899,0.8356,56.7,47.65,0,1,1,1,1,2.29,0.5158,2,2,4,8,4,1,1,14,5,0,1,1,1,0.6162,0,0.1189,1,0.8016,"['P2_REVIEW', 'GATHER_SCATTER', 'RAPID_DRAIN', 'MULE_CLUSTER', 'SIM_NOT_BOUND', 'ML_ELEVATED_RISK_DUE_TO_AMOUNT', 'ML_ELEVATED_RISK_DUE_TO_RECEIVER_BAL_AFTER', 'ML_ELEVATED_RISK_DUE_TO_SENDER_BAL_BEFORE', 'ML_ELEVATED_RISK_DUE_TO_IS_SIM_BOUND', 'ML_ELEVATED_RISK_DUE_TO_TIME_TO_PAY_MS', 'LAUNDERING_FLOW', 'HIGH_VALUE_TRANSFER', 'NEO4J_UNAVAILABLE', 'REALTIME_SCENARIO_GRAPH_FALLBACK', 'MONITORING', 'ELEVATED_ACTIVITY']",1,MONITOR,SOFT_NUDGE,P3,MONITORING,0.6396,0.6396,1.0,1.0,0.6899,0.6899,0.8356,0.8356,0.0,SUSPICIOUS,LAUNDERING_FLOW,HIGH,UNKNOWN,"['ML elevated risk due to amount', 'ML elevated risk due to receiver_bal_after', 'ML elevated risk due to sender_bal_before', 'ML elevated risk due to is_sim_bound', 'ML elevated risk due to time_to_pay_ms', 'LAUNDERING_FLOW', 'Connected to mule cluster']",TRANSACTION_SUSPECT,True,False,False,1440,2880,AML_MONITORING_QUEUE,MEDIUM
28aa727f-031e-4844-bede-41c485fc8823,U-1065,M-2038,50273.47,INR,LAYERING_STEP,UPI,197675.55,147402.08,292218.28,2026-09-27 09:56:59.387205+00:00,Bengaluru,False,0,D-30075,243,P2_REVIEW,LAYERING,P2,15,0.662,8,4005.2817,0.0371,52212.35,49726.53,273.47,0,0,0,0,76,3,4,0.7493,0.8234,0.7005,0.7493,53.87,34.39,0,1,1,0,1,0.51,0.477,4,4,4,3,3,1,1,16,3,0,1,1,1,0.6548,0,0.0371,1,0.7983,"['P2_REVIEW', 'LAYERING', 'LAYERING_CHAIN', 'MULE_CLUSTER', 'SHORT_FORWARDING_DELAY', 'SIM_NOT_BOUND', 'ML_ELEVATED_RISK_DUE_TO_AMOUNT', 'ML_ELEVATED_RISK_DUE_TO_RECEIVER_BAL_AFTER', 'ML_ELEVATED_RISK_DUE_TO_SENDER_BAL_BEFORE', 'ML_ELEVATED_RISK_DUE_TO_IS_SIM_BOUND', 'ML_ELEVATED_RISK_DUE_TO_TIME_TO_PAY_MS', 'REALTIME_SCENARIO_BEHAVIOR_FALLBACK', 'LAUNDERING_FLOW', 'HIGH_VALUE_TRANSFER', 'NEO4J_UNAVAILABLE', 'REALTIME_SCENARIO_GRAPH_FALLBACK', 'MONITORING', 'ELEVATED_ACTIVITY']",1,MONITOR,SOFT_NUDGE,P3,MONITORING,0.572,0.572,0.8234,0.8234,0.7005,0.7005,0.7493,0.7493,0.0,ALLOW,LAUNDERING_FLOW,HIGH,UNKNOWN,"['ML elevated risk due to amount', 'ML elevated risk due to receiver_bal_after', 'ML elevated risk due to sender_bal_before', 'ML elevated risk due to is_sim_bound', 'ML elevated risk due to time_to_pay_ms', 'Realtime scenario behavior fallback', 'LAUNDERING_FLOW', 'Connected to mule cluster']",TRANSACTION_SUSPECT,True,False,False,1440,2880,AML_MONITORING_QUEUE,MEDIUM
20c02b9d-a2ca-4228-82b4-6e4df5d9ef6a,U-1083,M-2044,98908.54,INR,STRUCTURING,UPI,108496.8,9588.26,302196.35,2026-09-27 09:56:51.943139+00:00,Bengaluru,False,0,D-30062,70,P1_CRITICAL,STRUCTURING,P1,22,0.9116,4,27906.1011,0.0178,97183.43,1091.46,48908.54,0,1,0,1,2,17,5,0.9576,0.9167,0.9841,0.9576,8.11,15.05,0,1,1,1,1,1.31,0.7276,8,8,21,9,10,1,1,35,8,0,1,1,1,0.9759,1,0.9759,1,0.9178,"['P1_CRITICAL', 'STRUCTURING', 'NEAR_THRESHOLD', 'HIGH_VALUE_TRANSFER', 'ML_ELEVATED_RISK_DUE_TO_AMOUNT', 'ML_ELEVATED_RISK_DUE_TO_RECEIVER_BAL_AFTER', 'ML_ELEVATED_RISK_DUE_TO_SENDER_BAL_BEFORE', 'ML_ELEVATED_RISK_DUE_TO_IS_SIM_BOUND', 'ML_ELEVATED_RISK_DUE_TO_TIME_TO_PAY_MS', 'GATHER_SCATTER', 'NEO4J_UNAVAILABLE', 'REALTIME_SCENARIO_GRAPH_FALLBACK', 'CRITICAL_RISK', 'URGENT_REVIEW']",1,BLOCK,BLOCK,P1,BLOCKED,0.9875,0.9875,1.0,1.0,0.9841,0.9841,0.9576,0.9576,1.0,SUSPICIOUS,GATHER_SCATTER,CRITICAL,UNKNOWN,"['Critical mule laundering pattern detected', 'ML elevated risk due to amount', 'ML elevated risk due to receiver_bal_after', 'ML elevated risk due to sender_bal_before', 'ML elevated risk due to is_sim_bound', 'ML elevated risk due to time_to_pay_ms', 'GATHER_SCATTER', 'Connected to mule cluster']",TRANSACTION_SUSPECT,False,True,True,15,20,AML_CRITICAL_QUEUE,CRITICAL
33a9e89d-3a93-42fc-aa91-2eaa5f73522b,U-1002,M-2008,2348.09,INR,P2P,UPI,228271.51,225923.42,474770.08,2026-09-27 09:56:44.796111+00:00,Hyderabad,True,1,D-30000,716,NORMAL,LOW_RISK_PAYMENT,LOW,4,0.1066,763,15.2608,0.0816,2170.94,97651.91,47651.91,0,0,0,0,366,1,0,0.0,0.3354,0.1114,0.2569,83.72,93.21,1,0,0,0,0,5.08,0.1172,0,0,0,1,1,0,0,3,1,2,0,0,0,0.0754,0,0.0816,0,0.0986,"['NORMAL', 'LOW_RISK_PAYMENT', 'NORMAL_PATTERN', 'LOW_VALUE_PAYMENT', 'SIM_BOUND', 'ML_ELEVATED_RISK_DUE_TO_AMOUNT', 'ML_ELEVATED_RISK_DUE_TO_RECEIVER_BAL_AFTER', 'ML_ELEVATED_RISK_DUE_TO_SENDER_BAL_BEFORE', 'ML_ELEVATED_RISK_DUE_TO_IS_SIM_BOUND', 'ML_ELEVATED_RISK_DUE_TO_TIME_TO_PAY_MS', 'SUSPICIOUS_BUT_UNCLEAR', 'NEO4J_UNAVAILABLE', 'MONITORING', 'ELEVATED_ACTIVITY']",2,MONITOR,SOFT_NUDGE,P3,MONITORING,0.5148,0.5148,1.0,1.0,0.859,0.859,0.0,0.0,0.0,SUSPICIOUS,SUSPICIOUS_BUT_UNCLEAR,UNKNOWN,UNKNOWN,"['ML elevated risk due to amount', 'ML elevated risk due to receiver_bal_after', 'ML elevated risk due to sender_bal_before', 'ML elevated risk due to is_sim_bound', 'ML elevated risk due to time_to_pay_ms', 'SUSPICIOUS_BUT_UNCLEAR']",TRANSACTION_SUSPECT,True,False,False,1440,2880,AML_MONITORING_QUEUE,MEDIUM
9441f548-8e08-40cd-aedd-3a481e6a7ef7,U-1005,U-1035,8886.6,INR,PAYMENT,UPI,53097.61,44211.01,1611.76,2026-09-27 09:56:37.568545+00:00,Mumbai,True,1,D-30007,825,NORMAL,LOW_RISK_PAYMENT,LOW,2,0.0593,748,68.9032,0.108,8020.27,91113.4,41113.4,0,1,0,0,1492,0,0,0.0,0.3372,0.1509,0.2259,86.36,86.94,1,0,0,0,0,3.34,0.1402,0,0,0,1,1,0,0,1,3,2,0,0,0,0.0688,0,0.108,0,0.0461,"['NORMAL', 'LOW_RISK_PAYMENT', 'NORMAL_PATTERN', 'LOW_VALUE_PAYMENT', 'SIM_BOUND', 'ML_ELEVATED_RISK_DUE_TO_AMOUNT', 'ML_ELEVATED_RISK_DUE_TO_RECEIVER_BAL_AFTER', 'ML_ELEVATED_RISK_DUE_TO_SENDER_BAL_BEFORE', 'ML_ELEVATED_RISK_DUE_TO_IS_SIM_BOUND', 'ML_ELEVATED_RISK_DUE_TO_TIME_TO_PAY_MS', 'SUSPICIOUS_BUT_UNCLEAR', 'NEO4J_UNAVAILABLE', 'MONITORING', 'ELEVATED_ACTIVITY']",2,MONITOR,SOFT_NUDGE,P3,MONITORING,0.5012,0.5012,1.0,1.0,0.8048,0.8048,0.0,0.0,0.0,SUSPICIOUS,SUSPICIOUS_BUT_UNCLEAR,UNKNOWN,UNKNOWN,"['ML elevated risk due to amount', 'ML elevated risk due to receiver_bal_after', 'ML elevated risk due to sender_bal_before', 'ML elevated risk due to is_sim_bound', 'ML elevated risk due to time_to_pay_ms', 'SUSPICIOUS_BUT_UNCLEAR']",TRANSACTION_SUSPECT,True,False,False,1440,2880,AML_MONITORING_QUEUE,MEDIUM
e4f85aa7-3962-45ee-9bf4-7dc8b51f3f12,U-1043,M-2020,27448.64,INR,P2P,CARD,198681.96,171233.32,309144.19,2026-09-27 09:56:27.859779+00:00,Pune,False,0,D-30028,907,P3_MONITOR,MILD_VELOCITY,P3,8,0.3594,150,529.4173,0.0782,29777.71,72551.36,22551.36,0,1,0,0,1331,1,1,0.408,0.4565,0.4689,0.408,60.98,65.43,0,0,1,0,0,3.3,0.2668,0,0,0,1,1,0,0,4,2,0,1,0,0,0.3613,0,0.0782,0,0.423,"['P3_MONITOR', 'MILD_VELOCITY', 'WATCHLIST_PROXIMITY', 'DEVICE_REUSE', 'ML_ELEVATED_RISK_DUE_TO_AMOUNT', 'ML_ELEVATED_RISK_DUE_TO_RECEIVER_BAL_AFTER', 'ML_ELEVATED_RISK_DUE_TO_SENDER_BAL_BEFORE', 'ML_ELEVATED_RISK_DUE_TO_IS_SIM_BOUND', 'ML_ELEVATED_RISK_DUE_TO_TIME_TO_PAY_MS', 'SUSPICIOUS_BUT_UNCLEAR', 'NEO4J_UNAVAILABLE', 'REALTIME_SCENARIO_GRAPH_FALLBACK', 'MONITORING', 'ELEVATED_ACTIVITY']",2,MONITOR,SOFT_NUDGE,P3,MONITORING,0.5073,0.5073,1.0,1.0,0.5027,0.5027,0.408,0.408,0.0,SUSPICIOUS,SUSPICIOUS_BUT_UNCLEAR,MEDIUM,UNKNOWN,"['ML elevated risk due to amount', 'ML elevated risk due to receiver_bal_after', 'ML elevated risk due to sender_bal_before', 'ML elevated risk due to is_sim_bound', 'ML elevated risk due to time_to_pay_ms', 'SUSPICIOUS_BUT_UNCLEAR']",TRANSACTION_SUSPECT,True,False,False,1440,2880,AML_MONITORING_QUEUE,MEDIUM
324ec3f9-fd58-47f6-93eb-65ebd5b60594,U-1050,M-2024,18687.0,INR,P2P,UPI,238712.89,220025.89,133585.32,2026-09-27 09:56:20.744764+00:00,Bengaluru,True,1,D-30026,644,P3_MONITOR,MILD_VELOCITY,P3,6,0.546,91,486.6907,0.179,22761.78,81313.0,31313.0,0,0,0,0,311,2,0,0.5006,0.4524,0.4298,0.5006,79.54,71.84,1,1,0,0,0,2.01,0.2995,1,1,1,2,2,0,0,4,2,1,0,0,0,0.3066,0,0.179,1,0.3702,"['P3_MONITOR', 'MILD_VELOCITY', 'WATCHLIST_PROXIMITY', 'DEVICE_REUSE', 'ML_ELEVATED_RISK_DUE_TO_AMOUNT', 'ML_ELEVATED_RISK_DUE_TO_RECEIVER_BAL_AFTER', 'ML_ELEVATED_RISK_DUE_TO_SENDER_BAL_BEFORE', 'ML_ELEVATED_RISK_DUE_TO_IS_SIM_BOUND', 'ML_ELEVATED_RISK_DUE_TO_TIME_TO_PAY_MS', 'SUSPICIOUS_BUT_UNCLEAR', 'NEO4J_UNAVAILABLE', 'REALTIME_SCENARIO_GRAPH_FALLBACK', 'MONITORING', 'ELEVATED_ACTIVITY']",2,MONITOR,SOFT_NUDGE,P3,MONITORING,0.526,0.526,1.0,1.0,0.5037,0.5037,0.5006,0.5006,0.0,SUSPICIOUS,SUSPICIOUS_BUT_UNCLEAR,MEDIUM,UNKNOWN,"['ML elevated risk due to amount', 'ML elevated risk due to receiver_bal_after', 'ML elevated risk due to sender_bal_before', 'ML elevated risk due to is_sim_bound', 'ML elevated risk due to time_to_pay_ms', 'SUSPICIOUS_BUT_UNCLEAR', 'Connected to mule cluster']",TRANSACTION_SUSPECT,True,False,False,1440,2880,AML_MONITORING_QUEUE,MEDIUM
65702121-69e1-4a24-b8f3-508b1097b970,U-1029,U-1037,13403.84,INR,PAYMENT,NETBANKING,202726.16,189322.32,65093.82,2026-09-27 09:56:14.173346+00:00,Kolkata,True,1,D-30011,1626,NORMAL,LOW_RISK_PAYMENT,LOW,6,0.1123,355,89.5733,0.034,13875.11,86596.16,36596.16,0,0,0,0,1653,0,0,0.0,0.0859,0.2384,0.1474,95.95,76.84,1,0,0,0,0,5.94,0.1457,0,0,0,1,1,0,0,3,2,2,0,0,0,0.1398,0,0.034,0,0.1288,"['NORMAL', 'LOW_RISK_PAYMENT', 'NORMAL_PATTERN', 'LOW_VALUE_PAYMENT', 'SIM_BOUND', 'ML_ELEVATED_RISK_DUE_TO_AMOUNT', 'ML_ELEVATED_RISK_DUE_TO_RECEIVER_BAL_AFTER', 'ML_ELEVATED_RISK_DUE_TO_SENDER_BAL_BEFORE', 'ML_ELEVATED_RISK_DUE_TO_IS_SIM_BOUND', 'ML_ELEVATED_RISK_DUE_TO_TIME_TO_PAY_MS', 'SUSPICIOUS_BUT_UNCLEAR', 'NEO4J_UNAVAILABLE', 'MONITORING', 'ELEVATED_ACTIVITY']",2,MONITOR,SOFT_NUDGE,P3,MONITORING,0.5179,0.5179,1.0,1.0,0.8717,0.8717,0.0,0.0,0.0,SUSPICIOUS,SUSPICIOUS_BUT_UNCLEAR,UNKNOWN,UNKNOWN,"['ML elevated risk due to amount', 'ML elevated risk due to receiver_bal_after', 'ML elevated risk due to sender_bal_before', 'ML elevated risk due to is_sim_bound', 'ML elevated risk due to time_to_pay_ms', 'SUSPICIOUS_BUT_UNCLEAR']",TRANSACTION_SUSPECT,True,False,False,1440,2880,AML_MONITORING_QUEUE,MEDIUM
02a995eb-6411-4ced-ac7e-7be0162e3cb4,U-1078,U-1098,109567.55,INR,LAYERING_STEP,NEFT,111571.33,2003.78,642583.5,2026-09-27 09:56:06.928782+00:00,Kolkata,False,0,D-30061,136,P1_CRITICAL,LAYERING,P1,25,0.982,1,18686.0993,0.1364,96416.9,9567.55,59567.55,1,0,0,0,29,19,13,0.979,0.958,0.9651,0.979,8.72,9.18,0,1,1,0,1,0.33,0.8618,7,7,15,11,9,1,1,25,8,0,1,1,1,0.9637,0,0.1364,1,0.9336,"['P1_CRITICAL', 'LAYERING', 'LAYERING_CHAIN', 'MULE_CLUSTER', 'SHORT_FORWARDING_DELAY', 'SIM_NOT_BOUND', 'ML_ELEVATED_RISK_DUE_TO_AMOUNT', 'ML_ELEVATED_RISK_DUE_TO_RECEIVER_BAL_AFTER', 'ML_ELEVATED_RISK_DUE_TO_SENDER_BAL_BEFORE', 'ML_ELEVATED_RISK_DUE_TO_IS_SIM_BOUND', 'ML_ELEVATED_RISK_DUE_TO_TIME_TO_PAY_MS', 'GATHER_SCATTER', 'HIGH_VALUE_TRANSFER', 'VERY_HIGH_VALUE_TRANSACTION', 'NEO4J_UNAVAILABLE', 'REALTIME_SCENARIO_GRAPH_FALLBACK', 'CRITICAL_RISK', 'URGENT_REVIEW']",1,BLOCK,BLOCK,P1,BLOCKED,0.9871,0.9871,1.0,1.0,0.9651,0.9651,0.979,0.979,1.0,SUSPICIOUS,GATHER_SCATTER,CRITICAL,UNKNOWN,"['Critical mule laundering pattern detected', 'ML elevated risk due to amount', 'ML elevated risk due to receiver_bal_after', 'ML elevated risk due to sender_bal_before', 'ML elevated risk due to is_sim_bound', 'ML elevated risk due to time_to_pay_ms', 'GATHER_SCATTER', 'Connected to mule cluster']",TRANSACTION_SUSPECT,False,True,True,15,20,AML_CRITICAL_QUEUE,CRITICAL
bc3d76e3-13a0-4125-8abb-ae8cd05cef1b,U-1012,M-2008,14809.92,INR,BILL,NETBANKING,149583.39,134773.47,621054.85,2026-09-27 09:56:03.962302+00:00,Chennai,True,1,D-30005,1294,NORMAL,LOW_RISK_PAYMENT,LOW,3,0.1309,479,78.1508,0.0453,15512.33,85190.08,35190.08,0,0,0,0,1422,0,0,0.0,0.2995,0.0996,0.151,78.65,77.25,1,0,0,0,0,3.15,0.0326,0,0,0,1,1,0,0,1,4,3,0,0,0,0.1303,0,0.0453,0,0.075,"['NORMAL', 'LOW_RISK_PAYMENT', 'NORMAL_PATTERN', 'LOW_VALUE_PAYMENT', 'SIM_BOUND', 'ML_ELEVATED_RISK_DUE_TO_AMOUNT', 'ML_ELEVATED_RISK_DUE_TO_RECEIVER_BAL_AFTER', 'ML_ELEVATED_RISK_DUE_TO_SENDER_BAL_BEFORE', 'ML_ELEVATED_RISK_DUE_TO_IS_SIM_BOUND', 'ML_ELEVATED_RISK_DUE_TO_TIME_TO_PAY_MS', 'SUSPICIOUS_BUT_UNCLEAR', 'NEO4J_UNAVAILABLE', 'CLEARED']",2,ALLOW,ALLOW,INFO,CLEARED,0.4833,0.4833,1.0,1.0,0.7332,0.7332,0.0,0.0,0.0,SUSPICIOUS,SUSPICIOUS_BUT_UNCLEAR,UNKNOWN,UNKNOWN,"['ML elevated risk due to amount', 'ML elevated risk due to receiver_bal_after', 'ML elevated risk due to sender_bal_before', 'ML elevated risk due to is_sim_bound', 'ML elevated risk due to time_to_pay_ms', 'SUSPICIOUS_BUT_UNCLEAR']",TRANSACTION_MONITOR,False,False,False,10080,20160,AML_INFO_QUEUE,LOW
d53b2761-25c4-4ea7-8025-fb05af708d34,U-1029,M-2017,9431.12,INR,P2P,CARD,64732.38,55301.26,779405.14,2026-09-27 09:55:57.274976+00:00,Pune,True,1,D-30014,505,NORMAL,LOW_RISK_PAYMENT,LOW,4,0.1412,1312,40.8991,0.0292,9163.71,90568.88,40568.88,0,0,0,0,2313,1,0,0.0,0.1118,0.133,0.2575,97.3,87.35,1,0,0,0,0,3.17,0.057,0,0,0,1,1,0,0,3,3,3,0,0,0,0.123,0,0.0292,0,0.061,"['NORMAL', 'LOW_RISK_PAYMENT', 'NORMAL_PATTERN', 'LOW_VALUE_PAYMENT', 'SIM_BOUND', 'ML_ELEVATED_RISK_DUE_TO_AMOUNT', 'ML_ELEVATED_RISK_DUE_TO_RECEIVER_BAL_AFTER', 'ML_ELEVATED_RISK_DUE_TO_SENDER_BAL_BEFORE', 'ML_ELEVATED_RISK_DUE_TO_IS_SIM_BOUND', 'ML_ELEVATED_RISK_DUE_TO_TIME_TO_PAY_MS', 'SUSPICIOUS_BUT_UNCLEAR', 'NEO4J_UNAVAILABLE', 'MONITORING', 'ELEVATED_ACTIVITY']",2,MONITOR,SOFT_NUDGE,P3,MONITORING,0.523,0.523,1.0,1.0,0.8919,0.8919,0.0,0.0,0.0,SUSPICIOUS,SUSPICIOUS_BUT_UNCLEAR,UNKNOWN,UNKNOWN,"['ML elevated risk due to amount', 'ML elevated risk due to receiver_bal_after', 'ML elevated risk due to sender_bal_before', 'ML elevated risk due to is_sim_bound', 'ML elevated risk due to time_to_pay_ms', 'SUSPICIOUS_BUT_UNCLEAR']",TRANSACTION_SUSPECT,True,False,False,1440,2880,AML_MONITORING_QUEUE,MEDIUM
9ea3e9a6-4dfe-4804-8442-506cdb395a05,U-1011,M-2002,11553.82,INR,P2P,CARD,229477.09,217923.27,775296.73,2026-09-27 09:55:54.629983+00:00,Mumbai,True,1,D-30014,1297,NORMAL,LOW_RISK_PAYMENT,LOW,2,0.2643,692,80.8328,0.0098,11668.07,88446.18,38446.18,0,0,0,0,1698,0,1,0.0,0.2241,0.0822,0.2559,80.41,92.95,1,0,0,0,0,2.8,0.107,0,0,0,1,1,0,0,1,2,3,0,0,0,0.1266,0,0.0098,0,0.0545,"['NORMAL', 'LOW_RISK_PAYMENT', 'NORMAL_PATTERN', 'LOW_VALUE_PAYMENT', 'SIM_BOUND', 'ML_ELEVATED_RISK_DUE_TO_AMOUNT', 'ML_ELEVATED_RISK_DUE_TO_RECEIVER_BAL_AFTER', 'ML_ELEVATED_RISK_DUE_TO_SENDER_BAL_BEFORE', 'ML_ELEVATED_RISK_DUE_TO_IS_SIM_BOUND', 'ML_ELEVATED_RISK_DUE_TO_TIME_TO_PAY_MS', 'NEO4J_UNAVAILABLE', 'CLEARED']",2,ALLOW,ALLOW,INFO,CLEARED,0.3,0.3,1.0,1.0,0.0,0.0,0.0,0.0,0.0,SUSPICIOUS,INSUFFICIENT_HISTORY,UNKNOWN,UNKNOWN,"['ML elevated risk due to amount', 'ML elevated risk due to receiver_bal_after', 'ML elevated risk due to sender_bal_before', 'ML elevated risk due to is_sim_bound', 'ML elevated risk due to time_to_pay_ms']",TRANSACTION_MONITOR,False,False,False,10080,20160,AML_INFO_QUEUE,LOW
840d4ac6-b1bb-4124-89eb-f22ef5e2775b,U-1020,M-2002,6961.93,INR,TRANSFER,UPI,125723.49,118761.56,102267.9,2026-09-27 09:55:48.178621+00:00,Hyderabad,True,1,D-30010,1426,NORMAL,LOW_RISK_PAYMENT,LOW,4,0.069,424,66.1317,0.0567,7380.12,93038.07,43038.07,0,0,0,0,251,0,0,0.0,0.3346,0.1752,0.1468,92.54,76.51,1,0,0,0,0,3.26,0.0638,0,0,0,1,1,0,0,3,2,1,0,0,0,0.1218,0,0.0567,0,0.1383,"['NORMAL', 'LOW_RISK_PAYMENT', 'NORMAL_PATTERN', 'LOW_VALUE_PAYMENT', 'SIM_BOUND', 'ML_ELEVATED_RISK_DUE_TO_AMOUNT', 'ML_ELEVATED_RISK_DUE_TO_RECEIVER_BAL_AFTER', 'ML_ELEVATED_RISK_DUE_TO_SENDER_BAL_BEFORE', 'ML_ELEVATED_RISK_DUE_TO_IS_SIM_BOUND', 'ML_ELEVATED_RISK_DUE_TO_TIME_TO_PAY_MS', 'SUSPICIOUS_BUT_UNCLEAR', 'NEO4J_UNAVAILABLE', 'MONITORING', 'ELEVATED_ACTIVITY']",2,MONITOR,SOFT_NUDGE,P3,MONITORING,0.5228,0.5228,1.0,1.0,0.8913,0.8913,0.0,0.0,0.0,SUSPICIOUS,SUSPICIOUS_BUT_UNCLEAR,UNKNOWN,UNKNOWN,"['ML elevated risk due to amount', 'ML elevated risk due to receiver_bal_after', 'ML elevated risk due to sender_bal_before', 'ML elevated risk due to is_sim_bound', 'ML elevated risk due to time_to_pay_ms', 'SUSPICIOUS_BUT_UNCLEAR']",TRANSACTION_SUSPECT,True,False,False,1440,2880,AML_MONITORING_QUEUE,MEDIUM
e80d8bc2-16eb-47ff-999a-7e15b79114eb,U-1057,U-1071,59188.92,INR,GATHER_SCATTER,UPI,408241.57,349052.65,723313.36,2026-09-27 09:55:41.373228+00:00,Chennai,False,0,D-30080,141,P2_REVIEW,GATHER_SCATTER,P2,13,0.6053,43,6095.9013,0.097,65549.64,40811.08,9188.92,0,1,0,0,70,5,3,0.8496,0.7525,0.6653,0.8496,33.41,43.97,0,1,1,1,1,1.71,0.4904,4,4,3,3,4,1,1,16,5,0,1,1,1,0.7169,0,0.097,1,0.7844,"['P2_REVIEW', 'GATHER_SCATTER', 'RAPID_DRAIN', 'MULE_CLUSTER', 'SIM_NOT_BOUND', 'ML_ELEVATED_RISK_DUE_TO_AMOUNT', 'ML_ELEVATED_RISK_DUE_TO_RECEIVER_BAL_AFTER', 'ML_ELEVATED_RISK_DUE_TO_SENDER_BAL_BEFORE', 'ML_ELEVATED_RISK_DUE_TO_IS_SIM_BOUND', 'ML_ELEVATED_RISK_DUE_TO_TIME_TO_PAY_MS', 'LAUNDERING_FLOW', 'HIGH_VALUE_TRANSFER', 'NEO4J_UNAVAILABLE', 'REALTIME_SCENARIO_GRAPH_FALLBACK', 'MONITORING', 'ELEVATED_ACTIVITY']",1,MONITOR,SOFT_NUDGE,P3,MONITORING,0.6362,0.6362,1.0,1.0,0.6653,0.6653,0.8496,0.8496,0.0,SUSPICIOUS,LAUNDERING_FLOW,HIGH,UNKNOWN,"['ML elevated risk due to amount', 'ML elevated risk due to receiver_bal_after', 'ML elevated risk due to sender_bal_before', 'ML elevated risk due to is_sim_bound', 'ML elevated risk due to time_to_pay_ms', 'LAUNDERING_FLOW', 'Connected to mule cluster']",TRANSACTION_SUSPECT,True,False,False,1440,2880,AML_MONITORING_QUEUE,MEDIUM
bd2fcc86-3e80-423b-ae90-170e88895dc7,U-1024,M-2010,5136.51,INR,P2P,CARD,202233.2,197096.69,782274.21,2026-09-27 09:55:34.769475+00:00,Bengaluru,True,1,D-30017,1887,NORMAL,LOW_RISK_PAYMENT,LOW,2,0.2418,528,50.5273,0.1324,4535.78,94863.49,44863.49,0,0,0,0,1641,0,1,0.0,0.2329,0.1448,0.1509,93.77,81.33,1,0,0,0,0,4.21,0.1194,0,0,0,1,1,0,0,1,4,1,0,0,0,0.1599,0,0.1324,0,0.0903,"['NORMAL', 'LOW_RISK_PAYMENT', 'NORMAL_PATTERN', 'LOW_VALUE_PAYMENT', 'SIM_BOUND', 'ML_ELEVATED_RISK_DUE_TO_AMOUNT', 'ML_ELEVATED_RISK_DUE_TO_RECEIVER_BAL_AFTER', 'ML_ELEVATED_RISK_DUE_TO_SENDER_BAL_BEFORE', 'ML_ELEVATED_RISK_DUE_TO_IS_SIM_BOUND', 'ML_ELEVATED_RISK_DUE_TO_TIME_TO_PAY_MS', 'SUSPICIOUS_BUT_UNCLEAR', 'NEO4J_UNAVAILABLE', 'MONITORING', 'ELEVATED_ACTIVITY']",2,MONITOR,SOFT_NUDGE,P3,MONITORING,0.5164,0.5164,1.0,1.0,0.8657,0.8657,0.0,0.0,0.0,SUSPICIOUS,SUSPICIOUS_BUT_UNCLEAR,UNKNOWN,UNKNOWN,"['ML elevated risk due to amount', 'ML elevated risk due to receiver_bal_after', 'ML elevated risk due to sender_bal_before', 'ML elevated risk due to is_sim_bound', 'ML elevated risk due to time_to_pay_ms', 'SUSPICIOUS_BUT_UNCLEAR']",TRANSACTION_SUSPECT,True,False,False,1440,2880,AML_MONITORING_QUEUE,MEDIUM
cfb06217-a6ad-4d39-af76-5e1241213a30,U-1052,M-2022,43964.96,INR,PAYMENT,UPI,215701.04,171736.08,23870.49,2026-09-27 09:55:27.946962+00:00,Mumbai,True,1,D-30024,807,P3_MONITOR,MILD_VELOCITY,P3,8,0.3934,82,756.9267,0.0205,43081.45,56035.04,6035.04,0,0,0,0,182,2,2,0.4898,0.5423,0.528,0.4898,72.75,59.94,1,0,0,0,0,4.09,0.3675,1,1,2,1,1,0,0,4,3,1,1,0,0,0.3306,0,0.0205,0,0.3415,"['P3_MONITOR', 'MILD_VELOCITY', 'WATCHLIST_PROXIMITY', 'DEVICE_REUSE', 'ML_ELEVATED_RISK_DUE_TO_AMOUNT', 'ML_ELEVATED_RISK_DUE_TO_RECEIVER_BAL_AFTER', 'ML_ELEVATED_RISK_DUE_TO_SENDER_BAL_BEFORE', 'ML_ELEVATED_RISK_DUE_TO_IS_SIM_BOUND', 'ML_ELEVATED_RISK_DUE_TO_TIME_TO_PAY_MS', 'ELEVATED_ACTIVITY_SEQUENCE', 'NEO4J_UNAVAILABLE', 'REALTIME_SCENARIO_GRAPH_FALLBACK', 'MONITORING', 'ELEVATED_ACTIVITY']",2,MONITOR,SOFT_NUDGE,P3,MONITORING,0.53,0.53,1.0,1.0,0.528,0.528,0.4898,0.4898,0.0,SUSPICIOUS,ELEVATED_ACTIVITY_SEQUENCE,MEDIUM,UNKNOWN,"['ML elevated risk due to amount', 'ML elevated risk due to receiver_bal_after', 'ML elevated risk due to sender_bal_before', 'ML elevated risk due to is_sim_bound', 'ML elevated risk due to time_to_pay_ms', 'ELEVATED_ACTIVITY_SEQUENCE', 'Connected to mule cluster']",TRANSACTION_SUSPECT,True,False,False,1440,2880,AML_MONITORING_QUEUE,MEDIUM
ae799651-fd0b-488f-af69-dc047de49392,U-1025,M-2018,11963.25,INR,BILL,UPI,75881.65,63918.4,541792.18,2026-09-27 09:55:25.295001+00:00,Kolkata,True,1,D-30004,935,NORMAL,LOW_RISK_PAYMENT,LOW,4,0.1371,969,57.8998,0.09,13146.79,88036.75,38036.75,0,0,0,0,1535,1,0,0.0,0.0655,0.1941,0.2602,88.61,82.62,1,0,0,0,0,2.07,0.1191,0,0,0,2,1,0,0,3,1,2,0,0,0,0.1476,0,0.09,0,0.0629,"['NORMAL', 'LOW_RISK_PAYMENT', 'NORMAL_PATTERN', 'LOW_VALUE_PAYMENT', 'SIM_BOUND', 'ML_ELEVATED_RISK_DUE_TO_AMOUNT', 'ML_ELEVATED_RISK_DUE_TO_RECEIVER_BAL_AFTER', 'ML_ELEVATED_RISK_DUE_TO_SENDER_BAL_BEFORE', 'ML_ELEVATED_RISK_DUE_TO_IS_SIM_BOUND', 'ML_ELEVATED_RISK_DUE_TO_TIME_TO_PAY_MS', 'NEO4J_UNAVAILABLE', 'CLEARED']",2,ALLOW,ALLOW,INFO,CLEARED,0.3,0.3,1.0,1.0,0.0,0.0,0.0,0.0,0.0,SUSPICIOUS,INSUFFICIENT_HISTORY,UNKNOWN,UNKNOWN,"['ML elevated risk due to amount', 'ML elevated risk due to receiver_bal_after', 'ML elevated risk due to sender_bal_before', 'ML elevated risk due to is_sim_bound', 'ML elevated risk due to time_to_pay_ms']",TRANSACTION_MONITOR,False,False,False,10080,20160,AML_INFO_QUEUE,LOW
6d15ace6-bdfe-43d7-91b9-49067fdc7ebd,U-1019,M-2004,10714.53,INR,P2P,UPI,176665.35,165950.82,16142.59,2026-09-27 09:55:22.293016+00:00,Bengaluru,True,1,D-30024,352,NORMAL,LOW_RISK_PAYMENT,LOW,3,0.1916,1184,105.8114,0.0982,9756.73,89285.47,39285.47,0,0,0,0,1623,1,0,0.0,0.3177,0.0896,0.2827,86.59,81.61,1,0,0,0,0,3.28,0.0604,0,0,0,2,1,0,0,1,3,3,0,0,0,0.1395,0,0.0982,0,0.0613,"['NORMAL', 'LOW_RISK_PAYMENT', 'NORMAL_PATTERN', 'LOW_VALUE_PAYMENT', 'SIM_BOUND', 'ML_ELEVATED_RISK_DUE_TO_AMOUNT', 'ML_ELEVATED_RISK_DUE_TO_RECEIVER_BAL_AFTER', 'ML_ELEVATED_RISK_DUE_TO_SENDER_BAL_BEFORE', 'ML_ELEVATED_RISK_DUE_TO_IS_SIM_BOUND', 'ML_ELEVATED_RISK_DUE_TO_TIME_TO_PAY_MS', 'SUSPICIOUS_BUT_UNCLEAR', 'NEO4J_UNAVAILABLE', 'CLEARED']",2,ALLOW,ALLOW,INFO,CLEARED,0.1734,0.1734,0.0,0.0,0.6937,0.6937,0.0,0.0,0.0,ALLOW,SUSPICIOUS_BUT_UNCLEAR,UNKNOWN,UNKNOWN,"['ML elevated risk due to amount', 'ML elevated risk due to receiver_bal_after', 'ML elevated risk due to sender_bal_before', 'ML elevated risk due to is_sim_bound', 'ML elevated risk due to time_to_pay_ms', 'SUSPICIOUS_BUT_UNCLEAR']",TRANSACTION_MONITOR,False,False,False,10080,20160,AML_INFO_QUEUE,LOW
0b5af2fe-8444-4bcf-8bd0-e1d6ae832d09,U-1015,M-2008,2122.3,INR,TRANSFER,NETBANKING,57505.93,55383.63,697405.04,2026-09-27 09:55:16.663776+00:00,Mumbai,True,1,D-30006,514,NORMAL,LOW_RISK_PAYMENT,LOW,8,0.1138,1143,11.0318,0.0808,2308.74,97877.7,47877.7,0,0,0,0,942,0,1,0.0,0.3128,0.1289,0.1823,91.69,85.34,1,0,0,0,0,5.4,0.1197,0,0,0,2,1,0,0,3,2,1,0,0,0,0.146,0,0.0808,0,0.0735,"['NORMAL', 'LOW_RISK_PAYMENT', 'NORMAL_PATTERN', 'LOW_VALUE_PAYMENT', 'SIM_BOUND', 'ML_ELEVATED_RISK_DUE_TO_AMOUNT', 'ML_ELEVATED_RISK_DUE_TO_RECEIVER_BAL_AFTER', 'ML_ELEVATED_RISK_DUE_TO_SENDER_BAL_BEFORE', 'ML_ELEVATED_RISK_DUE_TO_IS_SIM_BOUND', 'ML_ELEVATED_RISK_DUE_TO_TIME_TO_PAY_MS', 'SUSPICIOUS_BUT_UNCLEAR', 'NEO4J_UNAVAILABLE', 'MONITORING', 'ELEVATED_ACTIVITY']",2,MONITOR,SOFT_NUDGE,P3,MONITORING,0.5338,0.5338,1.0,1.0,0.9353,0.9353,0.0,0.0,0.0,SUSPICIOUS,SUSPICIOUS_BUT_UNCLEAR,UNKNOWN,UNKNOWN,"['ML elevated risk due to amount', 'ML elevated risk due to receiver_bal_after', 'ML elevated risk due to sender_bal_before', 'ML elevated risk due to is_sim_bound', 'ML elevated risk due to time_to_pay_ms', 'SUSPICIOUS_BUT_UNCLEAR']",TRANSACTION_SUSPECT,True,False,False,1440,2880,AML_MONITORING_QUEUE,MEDIUM
8c20661d-2ac9-4d36-b4d4-e0d0cf9c0b80,U-1021,M-2002,5255.64,INR,TRANSFER,CARD,230618.56,225362.92,522817.48,2026-09-27 09:55:11.363588+00:00,Mumbai,True,1,D-30002,575,NORMAL,LOW_RISK_PAYMENT,LOW,8,0.1523,525,26.5352,0.026,5395.99,94744.36,44744.36,0,0,0,0,2263,0,0,0.0,0.3137,0.2147,0.1574,84.55,89.64,1,0,0,0,0,2.23,0.0348,0,0,0,2,1,0,0,3,4,1,0,0,0,0.1323,0,0.026,0,0.075,"['NORMAL', 'LOW_RISK_PAYMENT', 'NORMAL_PATTERN', 'LOW_VALUE_PAYMENT', 'SIM_BOUND', 'ML_ELEVATED_RISK_DUE_TO_AMOUNT', 'ML_ELEVATED_RISK_DUE_TO_RECEIVER_BAL_AFTER', 'ML_ELEVATED_RISK_DUE_TO_SENDER_BAL_BEFORE', 'ML_ELEVATED_RISK_DUE_TO_IS_SIM_BOUND', 'ML_ELEVATED_RISK_DUE_TO_TIME_TO_PAY_MS', 'SUSPICIOUS_BUT_UNCLEAR', 'NEO4J_UNAVAILABLE', 'MONITORING', 'ELEVATED_ACTIVITY']",2,MONITOR,SOFT_NUDGE,P3,MONITORING,0.5357,0.5357,1.0,1.0,0.9429,0.9429,0.0,0.0,0.0,SUSPICIOUS,SUSPICIOUS_BUT_UNCLEAR,UNKNOWN,UNKNOWN,"['ML elevated risk due to amount', 'ML elevated risk due to receiver_bal_after', 'ML elevated risk due to sender_bal_before', 'ML elevated risk due to is_sim_bound', 'ML elevated risk due to time_to_pay_ms', 'SUSPICIOUS_BUT_UNCLEAR']",TRANSACTION_SUSPECT,True,False,False,1440,2880,AML_MONITORING_QUEUE,MEDIUM
f8eb8001-dc70-480b-8218-3b3780fc9328,U-1018,M-2017,10482.5,INR,PAYMENT,CARD,125043.65,114561.15,738947.24,2026-09-27 09:55:04.479995+00:00,Kolkata,True,1,D-30010,1898,NORMAL,LOW_RISK_PAYMENT,LOW,4,0.0763,1339,88.6892,0.0134,10344.25,89517.5,39517.5,0,0,0,0,1656,1,0,0.0,0.0596,0.1846,0.1583,96.89,75.28,1,0,0,0,0,4.61,0.133,0,0,0,2,1,0,0,3,2,2,0,0,0,0.142,0,0.0134,0,0.1162,"['NORMAL', 'LOW_RISK_PAYMENT', 'NORMAL_PATTERN', 'LOW_VALUE_PAYMENT', 'SIM_BOUND', 'ML_ELEVATED_RISK_DUE_TO_AMOUNT', 'ML_ELEVATED_RISK_DUE_TO_RECEIVER_BAL_AFTER', 'ML_ELEVATED_RISK_DUE_TO_SENDER_BAL_BEFORE', 'ML_ELEVATED_RISK_DUE_TO_IS_SIM_BOUND', 'ML_ELEVATED_RISK_DUE_TO_TIME_TO_PAY_MS', 'SUSPICIOUS_BUT_UNCLEAR', 'NEO4J_UNAVAILABLE', 'MONITORING', 'ELEVATED_ACTIVITY']",2,MONITOR,SOFT_NUDGE,P3,MONITORING,0.5297,0.5297,1.0,1.0,0.9189,0.9189,0.0,0.0,0.0,SUSPICIOUS,SUSPICIOUS_BUT_UNCLEAR,UNKNOWN,UNKNOWN,"['ML elevated risk due to amount', 'ML elevated risk due to receiver_bal_after', 'ML elevated risk due to sender_bal_before', 'ML elevated risk due to is_sim_bound', 'ML elevated risk due to time_to_pay_ms', 'SUSPICIOUS_BUT_UNCLEAR']",TRANSACTION_SUSPECT,True,False,False,1440,2880,AML_MONITORING_QUEUE,MEDIUM
4968d89f-6197-4b74-bf30-dd919481e6aa,U-1052,M-2027,40483.52,INR,P2P,CARD,236160.04,195676.52,523121.19,2026-09-27 09:54:57.464314+00:00,Chennai,False,0,D-30030,742,P3_MONITOR,MILD_VELOCITY,P3,7,0.5031,160,1099.7997,0.0975,44857.08,59516.48,9516.48,0,0,0,0,1495,2,0,0.4002,0.5263,0.5287,0.4002,68.2,52.73,1,0,0,0,1,2.26,0.3687,0,0,2,1,2,0,0,4,5,1,1,0,0,0.2136,0,0.0975,0,0.4834,"['P3_MONITOR', 'MILD_VELOCITY', 'WATCHLIST_PROXIMITY', 'DEVICE_REUSE', 'ML_ELEVATED_RISK_DUE_TO_AMOUNT', 'ML_ELEVATED_RISK_DUE_TO_RECEIVER_BAL_AFTER', 'ML_ELEVATED_RISK_DUE_TO_SENDER_BAL_BEFORE', 'ML_ELEVATED_RISK_DUE_TO_IS_SIM_BOUND', 'ML_ELEVATED_RISK_DUE_TO_TIME_TO_PAY_MS', 'ELEVATED_ACTIVITY_SEQUENCE', 'NEO4J_UNAVAILABLE', 'REALTIME_SCENARIO_GRAPH_FALLBACK', 'MONITORING', 'ELEVATED_ACTIVITY']",2,MONITOR,SOFT_NUDGE,P3,MONITORING,0.5122,0.5122,1.0,1.0,0.5287,0.5287,0.4002,0.4002,0.0,SUSPICIOUS,ELEVATED_ACTIVITY_SEQUENCE,MEDIUM,UNKNOWN,"['ML elevated risk due to amount', 'ML elevated risk due to receiver_bal_after', 'ML elevated risk due to sender_bal_before', 'ML elevated risk due to is_sim_bound', 'ML elevated risk due to time_to_pay_ms', 'ELEVATED_ACTIVITY_SEQUENCE']",TRANSACTION_SUSPECT,True,False,False,1440,2880,AML_MONITORING_QUEUE,MEDIUM
339312b7-389c-4fd3-bdc2-2d23cf0bac8d,U-1010,M-2004,11572.55,INR,TRANSFER,UPI,58492.77,46920.22,46418.21,2026-09-27 09:54:54.792018+00:00,Kolkata,True,1,D-30019,1102,NORMAL,LOW_RISK_PAYMENT,LOW,4,0.2267,384,85.0342,0.0376,11153.04,88427.45,38427.45,0,1,0,0,454,1,0,0.0,0.2795,0.1997,0.1914,80.03,92.72,1,0,0,0,0,5.97,0.0402,0,0,0,1,1,0,0,3,4,3,0,0,0,0.1006,0,0.0376,0,0.1452,"['NORMAL', 'LOW_RISK_PAYMENT', 'NORMAL_PATTERN', 'LOW_VALUE_PAYMENT', 'SIM_BOUND', 'ML_ELEVATED_RISK_DUE_TO_AMOUNT', 'ML_ELEVATED_RISK_DUE_TO_RECEIVER_BAL_AFTER', 'ML_ELEVATED_RISK_DUE_TO_SENDER_BAL_BEFORE', 'ML_ELEVATED_RISK_DUE_TO_IS_SIM_BOUND', 'ML_ELEVATED_RISK_DUE_TO_TIME_TO_PAY_MS', 'SUSPICIOUS_BUT_UNCLEAR', 'NEO4J_UNAVAILABLE', 'CLEARED']",2,ALLOW,ALLOW,INFO,CLEARED,0.4928,0.4928,1.0,1.0,0.771,0.771,0.0,0.0,0.0,SUSPICIOUS,SUSPICIOUS_BUT_UNCLEAR,UNKNOWN,UNKNOWN,"['ML elevated risk due to amount', 'ML elevated risk due to receiver_bal_after', 'ML elevated risk due to sender_bal_before', 'ML elevated risk due to is_sim_bound', 'ML elevated risk due to time_to_pay_ms', 'SUSPICIOUS_BUT_UNCLEAR']",TRANSACTION_MONITOR,False,False,False,10080,20160,AML_INFO_QUEUE,LOW
7f39c561-c9c5-42c4-a415-a827d389fee5,U-1069,M-2034,49299.91,INR,STRUCTURING,NEFT,83274.41,33974.5,336414.51,2026-09-27 09:54:48.148358+00:00,Chennai,True,1,D-30047,345,P2_REVIEW,STRUCTURING,P2,18,0.7266,41,2261.9566,0.0411,47351.94,50700.09,700.09,0,1,0,1,128,5,3,0.7289,0.8506,0.722,0.7289,48.32,49.89,0,1,1,1,1,1.38,0.6824,3,3,6,3,5,1,1,16,4,0,1,1,1,0.6423,1,0.6423,1,0.7735,"['P2_REVIEW', 'STRUCTURING', 'NEAR_THRESHOLD', 'HIGH_VALUE_TRANSFER', 'ML_ELEVATED_RISK_DUE_TO_AMOUNT', 'ML_ELEVATED_RISK_DUE_TO_RECEIVER_BAL_AFTER', 'ML_ELEVATED_RISK_DUE_TO_SENDER_BAL_BEFORE', 'ML_ELEVATED_RISK_DUE_TO_IS_SIM_BOUND', 'ML_ELEVATED_RISK_DUE_TO_TIME_TO_PAY_MS', 'LAUNDERING_FLOW', 'NEO4J_UNAVAILABLE', 'REALTIME_SCENARIO_GRAPH_FALLBACK', 'MONITORING', 'ELEVATED_ACTIVITY']",1,MONITOR,SOFT_NUDGE,P3,MONITORING,0.6263,0.6263,1.0,1.0,0.722,0.722,0.7289,0.7289,0.0,SUSPICIOUS,LAUNDERING_FLOW,HIGH,UNKNOWN,"['ML elevated risk due to amount', 'ML elevated risk due to receiver_bal_after', 'ML elevated risk due to sender_bal_before', 'ML elevated risk due to is_sim_bound', 'ML elevated risk due to time_to_pay_ms', 'LAUNDERING_FLOW', 'Connected to mule cluster']",TRANSACTION_SUSPECT,True,False,False,1440,2880,AML_MONITORING_QUEUE,MEDIUM
00470f83-ce33-4fac-833b-31f5d2db89dc,U-1001,M-2003,9049.22,INR,TRANSFER,UPI,91898.79,82849.57,369256.59,2026-09-27 09:54:42.347182+00:00,Chennai,True,1,D-30021,1813,NORMAL,LOW_RISK_PAYMENT,LOW,4,0.0953,763,83.2552,0.1069,8175.2,90950.78,40950.78,0,0,0,0,750,1,0,0.0,0.2709,0.1749,0.1803,93.59,86.44,1,0,0,0,0,2.3,0.0347,0,0,0,2,1,0,0,3,2,1,0,0,0,0.0509,0,0.1069,0,0.117,"['NORMAL', 'LOW_RISK_PAYMENT', 'NORMAL_PATTERN', 'LOW_VALUE_PAYMENT', 'SIM_BOUND', 'ML_ELEVATED_RISK_DUE_TO_AMOUNT', 'ML_ELEVATED_RISK_DUE_TO_RECEIVER_BAL_AFTER', 'ML_ELEVATED_RISK_DUE_TO_SENDER_BAL_BEFORE', 'ML_ELEVATED_RISK_DUE_TO_IS_SIM_BOUND', 'ML_ELEVATED_RISK_DUE_TO_TIME_TO_PAY_MS', 'SUSPICIOUS_BUT_UNCLEAR', 'NEO4J_UNAVAILABLE', 'MONITORING', 'ELEVATED_ACTIVITY']",2,MONITOR,SOFT_NUDGE,P3,MONITORING,0.5205,0.5205,1.0,1.0,0.8821,0.8821,0.0,0.0,0.0,SUSPICIOUS,SUSPICIOUS_BUT_UNCLEAR,UNKNOWN,UNKNOWN,"['ML elevated risk due to amount', 'ML elevated risk due to receiver_bal_after', 'ML elevated risk due to sender_bal_before', 'ML elevated risk due to is_sim_bound', 'ML elevated risk due to time_to_pay_ms', 'SUSPICIOUS_BUT_UNCLEAR']",TRANSACTION_SUSPECT,True,False,False,1440,2880,AML_MONITORING_QUEUE,MEDIUM
3a84dc6e-7dd4-45d2-8e3a-cfb9cf03cc87,U-1022,M-2006,844.97,INR,P2P,CARD,186602.48,185757.51,484085.13,2026-09-27 09:54:39.250276+00:00,Pune,True,1,D-30023,1865,NORMAL,LOW_RISK_PAYMENT,LOW,2,0.2153,306,6.7033,0.0091,837.36,99155.03,49155.03,0,0,0,0,624,1,1,0.0,0.0927,0.0616,0.0819,80.94,79.38,1,0,0,0,0,6.73,0.0726,0,0,0,2,1,0,0,1,4,1,0,0,0,0.0502,0,0.0091,0,0.0989,"['NORMAL', 'LOW_RISK_PAYMENT', 'NORMAL_PATTERN', 'LOW_VALUE_PAYMENT', 'SIM_BOUND', 'ML_ELEVATED_RISK_DUE_TO_AMOUNT', 'ML_ELEVATED_RISK_DUE_TO_RECEIVER_BAL_AFTER', 'ML_ELEVATED_RISK_DUE_TO_SENDER_BAL_BEFORE', 'ML_ELEVATED_RISK_DUE_TO_IS_SIM_BOUND', 'ML_ELEVATED_RISK_DUE_TO_TIME_TO_PAY_MS', 'SUSPICIOUS_BUT_UNCLEAR', 'NEO4J_UNAVAILABLE', 'CLEARED']",2,ALLOW,ALLOW,INFO,CLEARED,0.224,0.224,0.0,0.0,0.8961,0.8961,0.0,0.0,0.0,ALLOW,SUSPICIOUS_BUT_UNCLEAR,UNKNOWN,UNKNOWN,"['ML elevated risk due to amount', 'ML elevated risk due to receiver_bal_after', 'ML elevated risk due to sender_bal_before', 'ML elevated risk due to is_sim_bound', 'ML elevated risk due to time_to_pay_ms', 'SUSPICIOUS_BUT_UNCLEAR']",TRANSACTION_MONITOR,False,False,False,10080,20160,AML_INFO_QUEUE,LOW
9ed8ac1b-fe98-4526-a578-2a011bfafef0,U-1041,M-2029,19912.37,INR,PAYMENT,IMPS,136010.18,116097.81,682757.28,2026-09-27 09:54:33.306649+00:00,Pune,False,0,D-30027,654,P3_MONITOR,MILD_VELOCITY,P3,8,0.5057,152,523.6221,0.2566,15846.18,80087.63,30087.63,0,0,0,0,1476,3,0,0.5204,0.4721,0.485,0.5204,69.72,56.06,1,0,1,0,0,4.19,0.2989,0,0,0,1,1,0,0,4,5,1,0,0,0,0.2072,0,0.2566,1,0.3205,"['P3_MONITOR', 'MILD_VELOCITY', 'WATCHLIST_PROXIMITY', 'DEVICE_REUSE', 'ML_ELEVATED_RISK_DUE_TO_AMOUNT', 'ML_ELEVATED_RISK_DUE_TO_RECEIVER_BAL_AFTER', 'ML_ELEVATED_RISK_DUE_TO_SENDER_BAL_BEFORE', 'ML_ELEVATED_RISK_DUE_TO_IS_SIM_BOUND', 'ML_ELEVATED_RISK_DUE_TO_TIME_TO_PAY_MS', 'SUSPICIOUS_BUT_UNCLEAR', 'NEO4J_UNAVAILABLE', 'REALTIME_SCENARIO_GRAPH_FALLBACK', 'MONITORING', 'ELEVATED_ACTIVITY']",2,MONITOR,SOFT_NUDGE,P3,MONITORING,0.5295,0.5295,1.0,1.0,0.5018,0.5018,0.5204,0.5204,0.0,SUSPICIOUS,SUSPICIOUS_BUT_UNCLEAR,MEDIUM,UNKNOWN,"['ML elevated risk due to amount', 'ML elevated risk due to receiver_bal_after', 'ML elevated risk due to sender_bal_before', 'ML elevated risk due to is_sim_bound', 'ML elevated risk due to time_to_pay_ms', 'SUSPICIOUS_BUT_UNCLEAR']",TRANSACTION_SUSPECT,True,False,False,1440,2880,AML_MONITORING_QUEUE,MEDIUM
631fb385-e7ec-4cef-a7dd-b47d69f37554,U-1003,M-2016,1190.57,INR,PAYMENT,UPI,193268.87,192078.3,86637.07,2026-09-27 09:54:30.328418+00:00,Delhi,True,1,D-30022,1782,NORMAL,LOW_RISK_PAYMENT,LOW,8,0.2107,1237,11.387,0.0485,1135.5,98809.43,48809.43,0,0,0,0,770,1,0,0.0,0.1091,0.0822,0.2011,78.69,93.34,1,0,0,0,0,4.91,0.0761,0,0,0,2,1,0,0,3,3,2,0,0,0,0.0498,0,0.0485,0,0.0708,"['NORMAL', 'LOW_RISK_PAYMENT', 'NORMAL_PATTERN', 'LOW_VALUE_PAYMENT', 'SIM_BOUND', 'ML_ELEVATED_RISK_DUE_TO_AMOUNT', 'ML_ELEVATED_RISK_DUE_TO_RECEIVER_BAL_AFTER', 'ML_ELEVATED_RISK_DUE_TO_SENDER_BAL_BEFORE', 'ML_ELEVATED_RISK_DUE_TO_IS_SIM_BOUND', 'ML_ELEVATED_RISK_DUE_TO_TIME_TO_PAY_MS', 'SUSPICIOUS_BUT_UNCLEAR', 'NEO4J_UNAVAILABLE', 'CLEARED']",2,ALLOW,ALLOW,INFO,CLEARED,0.2185,0.2185,0.0,0.0,0.874,0.874,0.0,0.0,0.0,ALLOW,SUSPICIOUS_BUT_UNCLEAR,UNKNOWN,UNKNOWN,"['ML elevated risk due to amount', 'ML elevated risk due to receiver_bal_after', 'ML elevated risk due to sender_bal_before', 'ML elevated risk due to is_sim_bound', 'ML elevated risk due to time_to_pay_ms', 'SUSPICIOUS_BUT_UNCLEAR']",TRANSACTION_MONITOR,False,False,False,10080,20160,AML_INFO_QUEUE,LOW
eb793afd-1deb-41c0-b8e7-22514696798c,U-1081,U-1099,101875.74,INR,GATHER_SCATTER,NEFT,104567.15,2691.41,319905.62,2026-09-27 09:53:58.444591+00:00,Pune,False,0,D-30092,53,P1_CRITICAL,GATHER_SCATTER,P1,25,0.9743,0,30703.6053,0.079,110611.11,1875.74,51875.74,1,0,0,0,12,15,7,0.9824,0.9699,0.9814,0.9824,18.81,21.62,0,1,1,0,1,1.87,0.935,10,10,10,8,8,1,1,27,6,0,1,1,1,0.9284,0,0.079,1,0.9617,"['P1_CRITICAL', 'GATHER_SCATTER', 'RAPID_DRAIN', 'MULE_CLUSTER', 'SIM_NOT_BOUND', 'ML_ELEVATED_RISK_DUE_TO_AMOUNT', 'ML_ELEVATED_RISK_DUE_TO_RECEIVER_BAL_AFTER', 'ML_ELEVATED_RISK_DUE_TO_SENDER_BAL_BEFORE', 'ML_ELEVATED_RISK_DUE_TO_IS_SIM_BOUND', 'ML_ELEVATED_RISK_DUE_TO_TIME_TO_PAY_MS', 'HIGH_VALUE_TRANSFER', 'VERY_HIGH_VALUE_TRANSACTION', 'NEO4J_UNAVAILABLE', 'REALTIME_SCENARIO_GRAPH_FALLBACK', 'CRITICAL_RISK', 'URGENT_REVIEW']",1,BLOCK,BLOCK,P1,BLOCKED,0.9918,0.9918,1.0,1.0,0.9814,0.9814,0.9824,0.9824,1.0,SUSPICIOUS,GATHER_SCATTER,CRITICAL,UNKNOWN,"['Critical mule laundering pattern detected', 'ML elevated risk due to amount', 'ML elevated risk due to receiver_bal_after', 'ML elevated risk due to sender_bal_before', 'ML elevated risk due to is_sim_bound', 'ML elevated risk due to time_to_pay_ms', 'GATHER_SCATTER', 'Connected to mule cluster']",TRANSACTION_SUSPECT,False,True,True,15,20,AML_CRITICAL_QUEUE,CRITICAL
4c84843b-f9ba-41e3-866a-ca7534524dea,U-1046,M-2024,35313.07,INR,PAYMENT,CARD,59091.04,23777.97,238214.82,2026-09-27 09:53:41.760366+00:00,Hyderabad,True,1,D-30040,317,P3_MONITOR,MILD_VELOCITY,P3,8,0.4175,89,461.6293,0.1194,40099.97,64686.93,14686.93,0,0,0,0,99,2,0,0.4197,0.5869,0.3694,0.4197,76.68,56.55,1,0,0,0,1,4.16,0.3472,1,1,1,2,2,0,0,4,3,0,1,0,0,0.287,0,0.1194,1,0.4538,"['P3_MONITOR', 'MILD_VELOCITY', 'WATCHLIST_PROXIMITY', 'DEVICE_REUSE', 'ML_ELEVATED_RISK_DUE_TO_AMOUNT', 'ML_ELEVATED_RISK_DUE_TO_RECEIVER_BAL_AFTER', 'ML_ELEVATED_RISK_DUE_TO_SENDER_BAL_BEFORE', 'ML_ELEVATED_RISK_DUE_TO_IS_SIM_BOUND', 'ML_ELEVATED_RISK_DUE_TO_TIME_TO_PAY_MS', 'SUSPICIOUS_BUT_UNCLEAR', 'NEO4J_UNAVAILABLE', 'REALTIME_SCENARIO_GRAPH_FALLBACK', 'MONITORING', 'ELEVATED_ACTIVITY']",2,MONITOR,SOFT_NUDGE,P3,MONITORING,0.5098,0.5098,1.0,1.0,0.5036,0.5036,0.4197,0.4197,0.0,SUSPICIOUS,SUSPICIOUS_BUT_UNCLEAR,MEDIUM,UNKNOWN,"['ML elevated risk due to amount', 'ML elevated risk due to receiver_bal_after', 'ML elevated risk due to sender_bal_before', 'ML elevated risk due to is_sim_bound', 'ML elevated risk due to time_to_pay_ms', 'SUSPICIOUS_BUT_UNCLEAR', 'Connected to mule cluster']",TRANSACTION_SUSPECT,True,False,False,1440,2880,AML_MONITORING_QUEUE,MEDIUM
13948685-027f-422b-9667-8e6a0c79b85a,U-1059,M-2037,83763.02,INR,LAYERING_STEP,IMPS,242120.23,158357.21,398485.44,2026-09-27 09:53:21.235131+00:00,Mumbai,True,1,D-30065,259,P2_REVIEW,LAYERING,P2,9,0.6078,13,3343.2295,0.0599,79031.79,16236.98,33763.02,0,0,0,0,164,5,3,0.8403,0.8448,0.7607,0.8403,56.95,45.4,0,1,1,0,1,0.35,0.5091,4,4,3,4,4,1,1,10,2,0,1,1,1,0.8105,0,0.0599,1,0.7959,"['P2_REVIEW', 'LAYERING', 'LAYERING_CHAIN', 'MULE_CLUSTER', 'SHORT_FORWARDING_DELAY', 'SIM_NOT_BOUND', 'ML_ELEVATED_RISK_DUE_TO_AMOUNT', 'ML_ELEVATED_RISK_DUE_TO_RECEIVER_BAL_AFTER', 'ML_ELEVATED_RISK_DUE_TO_SENDER_BAL_BEFORE', 'ML_ELEVATED_RISK_DUE_TO_IS_SIM_BOUND', 'ML_ELEVATED_RISK_DUE_TO_TIME_TO_PAY_MS', 'LAUNDERING_FLOW', 'HIGH_VALUE_TRANSFER', 'NEO4J_UNAVAILABLE', 'REALTIME_SCENARIO_GRAPH_FALLBACK', 'MONITORING', 'ELEVATED_ACTIVITY']",1,MONITOR,SOFT_NUDGE,P3,MONITORING,0.6582,0.6582,1.0,1.0,0.7607,0.7607,0.8403,0.8403,0.0,SUSPICIOUS,LAUNDERING_FLOW,HIGH,UNKNOWN,"['ML elevated risk due to amount', 'ML elevated risk due to receiver_bal_after', 'ML elevated risk due to sender_bal_before', 'ML elevated risk due to is_sim_bound', 'ML elevated risk due to time_to_pay_ms', 'LAUNDERING_FLOW', 'Connected to mule cluster']",TRANSACTION_SUSPECT,True,False,False,1440,2880,AML_MONITORING_QUEUE,MEDIUM
5e9b4027-fbb7-43c3-954c-8ed5fa47b239,U-1029,U-1036,11341.4,INR,PAYMENT,NETBANKING,76899.33,65557.93,313047.09,2026-09-27 09:53:15.381832+00:00,Mumbai,True,1,D-30007,1220,NORMAL,LOW_RISK_PAYMENT,LOW,3,0.0864,873,60.1981,0.0803,10498.55,88658.6,38658.6,0,0,0,0,878,0,0,0.0,0.1536,0.0628,0.0655,83.02,87.97,1,0,0,0,0,5.78,0.0708,0,0,0,1,1,0,0,1,2,0,0,0,0,0.1201,0,0.0803,0,0.076,"['NORMAL', 'LOW_RISK_PAYMENT', 'NORMAL_PATTERN', 'LOW_VALUE_PAYMENT', 'SIM_BOUND', 'ML_ELEVATED_RISK_DUE_TO_AMOUNT', 'ML_ELEVATED_RISK_DUE_TO_RECEIVER_BAL_AFTER', 'ML_ELEVATED_RISK_DUE_TO_SENDER_BAL_BEFORE', 'ML_ELEVATED_RISK_DUE_TO_IS_SIM_BOUND', 'ML_ELEVATED_RISK_DUE_TO_TIME_TO_PAY_MS', 'NEO4J_UNAVAILABLE', 'CLEARED']",2,ALLOW,ALLOW,INFO,CLEARED,0.3,0.3,1.0,1.0,0.0,0.0,0.0,0.0,0.0,SUSPICIOUS,INSUFFICIENT_HISTORY,UNKNOWN,UNKNOWN,"['ML elevated risk due to amount', 'ML elevated risk due to receiver_bal_after', 'ML elevated risk due to sender_bal_before', 'ML elevated risk due to is_sim_bound', 'ML elevated risk due to time_to_pay_ms']",TRANSACTION_MONITOR,False,False,False,10080,20160,AML_INFO_QUEUE,LOW
d70a7bfc-6f74-4097-85cc-e198ba052854,U-1008,M-2013,8908.51,INR,TRANSFER,UPI,61899.32,52990.81,583009.82,2026-09-27 09:53:08.671478+00:00,Delhi,True,1,D-30023,647,NORMAL,LOW_RISK_PAYMENT,LOW,6,0.2455,361,39.8686,0.1222,7938.27,91091.49,41091.49,0,0,0,0,1694,1,0,0.0,0.086,0.0575,0.2723,88.72,77.11,1,0,0,0,0,2.83,0.0323,0,0,0,1,1,0,0,3,1,3,0,0,0,0.1054,0,0.1222,0,0.0954,"['NORMAL', 'LOW_RISK_PAYMENT', 'NORMAL_PATTERN', 'LOW_VALUE_PAYMENT', 'SIM_BOUND', 'ML_ELEVATED_RISK_DUE_TO_AMOUNT', 'ML_ELEVATED_RISK_DUE_TO_RECEIVER_BAL_AFTER', 'ML_ELEVATED_RISK_DUE_TO_SENDER_BAL_BEFORE', 'ML_ELEVATED_RISK_DUE_TO_IS_SIM_BOUND', 'ML_ELEVATED_RISK_DUE_TO_TIME_TO_PAY_MS', 'SUSPICIOUS_BUT_UNCLEAR', 'NEO4J_UNAVAILABLE', 'MONITORING', 'ELEVATED_ACTIVITY']",2,MONITOR,SOFT_NUDGE,P3,MONITORING,0.5009,0.5009,1.0,1.0,0.8037,0.8037,0.0,0.0,0.0,SUSPICIOUS,SUSPICIOUS_BUT_UNCLEAR,UNKNOWN,UNKNOWN,"['ML elevated risk due to amount', 'ML elevated risk due to receiver_bal_after', 'ML elevated risk due to sender_bal_before', 'ML elevated risk due to is_sim_bound', 'ML elevated risk due to time_to_pay_ms', 'SUSPICIOUS_BUT_UNCLEAR']",TRANSACTION_SUSPECT,True,False,False,1440,2880,AML_MONITORING_QUEUE,MEDIUM
d715157e-b79c-4b2e-8fe1-0183b166f4d1,U-1008,U-1030,13588.4,INR,BILL,CARD,87280.23,73691.83,578954.02,2026-09-27 09:52:59.554740+00:00,Pune,True,1,D-30023,1399,NORMAL,LOW_RISK_PAYMENT,LOW,4,0.2734,1294,71.3301,0.1183,12150.56,86411.6,36411.6,0,0,0,0,1706,1,0,0.0,0.2955,0.1268,0.2484,95.48,78.26,1,0,0,0,0,3.09,0.1295,0,0,0,2,1,0,0,3,2,0,0,0,0,0.0475,0,0.1183,0,0.0848,"['NORMAL', 'LOW_RISK_PAYMENT', 'NORMAL_PATTERN', 'LOW_VALUE_PAYMENT', 'SIM_BOUND', 'ML_ELEVATED_RISK_DUE_TO_AMOUNT', 'ML_ELEVATED_RISK_DUE_TO_RECEIVER_BAL_AFTER', 'ML_ELEVATED_RISK_DUE_TO_SENDER_BAL_BEFORE', 'ML_ELEVATED_RISK_DUE_TO_IS_SIM_BOUND', 'ML_ELEVATED_RISK_DUE_TO_TIME_TO_PAY_MS', 'SUSPICIOUS_BUT_UNCLEAR', 'NEO4J_UNAVAILABLE', 'CLEARED']",2,ALLOW,ALLOW,INFO,CLEARED,0.4923,0.4923,1.0,1.0,0.7694,0.7694,0.0,0.0,0.0,SUSPICIOUS,SUSPICIOUS_BUT_UNCLEAR,UNKNOWN,UNKNOWN,"['ML elevated risk due to amount', 'ML elevated risk due to receiver_bal_after', 'ML elevated risk due to sender_bal_before', 'ML elevated risk due to is_sim_bound', 'ML elevated risk due to time_to_pay_ms', 'SUSPICIOUS_BUT_UNCLEAR']",TRANSACTION_MONITOR,False,False,False,10080,20160,AML_INFO_QUEUE,LOW
7c7799a1-4a34-4644-b86a-4a289f1ae4b7,U-1009,M-2019,10677.69,INR,TRANSFER,UPI,43035.97,32358.28,591145.21,2026-09-27 09:52:56.633908+00:00,Pune,True,1,D-30010,887,NORMAL,LOW_RISK_PAYMENT,LOW,3,0.1125,1066,98.9665,0.0027,10648.42,89322.31,39322.31,0,1,0,0,2294,1,0,0.0,0.1162,0.0346,0.1227,94.03,86.11,1,0,0,0,0,5.57,0.0939,0,0,0,2,1,0,0,1,3,0,0,0,0,0.1495,0,0.0027,0,0.0511,"['NORMAL', 'LOW_RISK_PAYMENT', 'NORMAL_PATTERN', 'LOW_VALUE_PAYMENT', 'SIM_BOUND', 'ML_ELEVATED_RISK_DUE_TO_AMOUNT', 'ML_ELEVATED_RISK_DUE_TO_RECEIVER_BAL_AFTER', 'ML_ELEVATED_RISK_DUE_TO_SENDER_BAL_BEFORE', 'ML_ELEVATED_RISK_DUE_TO_IS_SIM_BOUND', 'ML_ELEVATED_RISK_DUE_TO_TIME_TO_PAY_MS', 'SUSPICIOUS_BUT_UNCLEAR', 'NEO4J_UNAVAILABLE', 'CLEARED']",2,ALLOW,ALLOW,INFO,CLEARED,0.4881,0.4881,1.0,1.0,0.7525,0.7525,0.0,0.0,0.0,SUSPICIOUS,SUSPICIOUS_BUT_UNCLEAR,UNKNOWN,UNKNOWN,"['ML elevated risk due to amount', 'ML elevated risk due to receiver_bal_after', 'ML elevated risk due to sender_bal_before', 'ML elevated risk due to is_sim_bound', 'ML elevated risk due to time_to_pay_ms', 'SUSPICIOUS_BUT_UNCLEAR']",TRANSACTION_MONITOR,False,False,False,10080,20160,AML_INFO_QUEUE,LOW
c5b5d054-5c6f-486e-bd7d-3d8a5a680951,U-1008,U-1032,8442.58,INR,PAYMENT,UPI,175174.21,166731.63,662929.87,2026-09-27 09:52:53.540178+00:00,Delhi,True,1,D-30006,448,NORMAL,LOW_RISK_PAYMENT,LOW,2,0.2983,1360,84.6642,0.0053,8487.85,91557.42,41557.42,0,0,0,0,2132,0,1,0.0,0.0901,0.1945,0.1726,82.52,75.59,1,0,0,0,0,5.89,0.1094,0,0,0,2,1,0,0,1,3,1,0,0,0,0.1163,0,0.0053,0,0.0715,"['NORMAL', 'LOW_RISK_PAYMENT', 'NORMAL_PATTERN', 'LOW_VALUE_PAYMENT', 'SIM_BOUND', 'ML_ELEVATED_RISK_DUE_TO_AMOUNT', 'ML_ELEVATED_RISK_DUE_TO_RECEIVER_BAL_AFTER', 'ML_ELEVATED_RISK_DUE_TO_SENDER_BAL_BEFORE', 'ML_ELEVATED_RISK_DUE_TO_IS_SIM_BOUND', 'ML_ELEVATED_RISK_DUE_TO_TIME_TO_PAY_MS', 'SUSPICIOUS_BUT_UNCLEAR', 'NEO4J_UNAVAILABLE', 'CLEARED']",2,ALLOW,ALLOW,INFO,CLEARED,0.1923,0.1923,0.0,0.0,0.769,0.769,0.0,0.0,0.0,ALLOW,SUSPICIOUS_BUT_UNCLEAR,UNKNOWN,UNKNOWN,"['ML elevated risk due to amount', 'ML elevated risk due to receiver_bal_after', 'ML elevated risk due to sender_bal_before', 'ML elevated risk due to is_sim_bound', 'ML elevated risk due to time_to_pay_ms', 'SUSPICIOUS_BUT_UNCLEAR']",TRANSACTION_MONITOR,False,False,False,10080,20160,AML_INFO_QUEUE,LOW
b6a8afd1-e782-4162-af78-4be8123210f8,U-1006,M-2008,1158.94,INR,TRANSFER,CARD,178417.56,177258.62,711040.48,2026-09-27 09:52:50.510362+00:00,Chennai,True,1,D-30021,366,NORMAL,LOW_RISK_PAYMENT,LOW,4,0.0765,584,11.1014,0.0759,1254.17,98841.06,48841.06,0,0,0,0,1418,1,1,0.0,0.0589,0.056,0.0846,94.84,78.26,1,0,0,0,0,4.56,0.105,0,0,0,1,1,0,0,3,2,1,0,0,0,0.0921,0,0.0759,0,0.0633,"['NORMAL', 'LOW_RISK_PAYMENT', 'NORMAL_PATTERN', 'LOW_VALUE_PAYMENT', 'SIM_BOUND', 'ML_ELEVATED_RISK_DUE_TO_AMOUNT', 'ML_ELEVATED_RISK_DUE_TO_RECEIVER_BAL_AFTER', 'ML_ELEVATED_RISK_DUE_TO_SENDER_BAL_BEFORE', 'ML_ELEVATED_RISK_DUE_TO_IS_SIM_BOUND', 'ML_ELEVATED_RISK_DUE_TO_TIME_TO_PAY_MS', 'SUSPICIOUS_BUT_UNCLEAR', 'NEO4J_UNAVAILABLE', 'CLEARED']",2,ALLOW,ALLOW,INFO,CLEARED,0.2409,0.2409,0.0,0.0,0.9636,0.9636,0.0,0.0,0.0,ALLOW,SUSPICIOUS_BUT_UNCLEAR,UNKNOWN,UNKNOWN,"['ML elevated risk due to amount', 'ML elevated risk due to receiver_bal_after', 'ML elevated risk due to sender_bal_before', 'ML elevated risk due to is_sim_bound', 'ML elevated risk due to time_to_pay_ms', 'SUSPICIOUS_BUT_UNCLEAR']",TRANSACTION_MONITOR,False,False,False,10080,20160,AML_INFO_QUEUE,LOW
b011f1e2-c8ab-4c08-bf15-32cd95b69445,U-1010,M-2014,14427.71,INR,P2P,UPI,234395.93,219968.22,96441.64,2026-09-27 09:52:47.332975+00:00,Hyderabad,True,1,D-30003,1158,NORMAL,LOW_RISK_PAYMENT,LOW,3,0.2464,946,73.4197,0.0399,15028.06,85572.29,35572.29,0,0,0,0,1460,0,0,0.0,0.2938,0.0249,0.0563,82.3,74.69,1,0,0,0,0,2.24,0.036,0,0,0,1,1,0,0,1,2,0,0,0,0,0.111,0,0.0399,0,0.1195,"['NORMAL', 'LOW_RISK_PAYMENT', 'NORMAL_PATTERN', 'LOW_VALUE_PAYMENT', 'SIM_BOUND', 'ML_ELEVATED_RISK_DUE_TO_AMOUNT', 'ML_ELEVATED_RISK_DUE_TO_RECEIVER_BAL_AFTER', 'ML_ELEVATED_RISK_DUE_TO_SENDER_BAL_BEFORE', 'ML_ELEVATED_RISK_DUE_TO_IS_SIM_BOUND', 'ML_ELEVATED_RISK_DUE_TO_TIME_TO_PAY_MS', 'SUSPICIOUS_BUT_UNCLEAR', 'NEO4J_UNAVAILABLE', 'CLEARED']",2,ALLOW,ALLOW,INFO,CLEARED,0.4826,0.4826,1.0,1.0,0.7304,0.7304,0.0,0.0,0.0,SUSPICIOUS,SUSPICIOUS_BUT_UNCLEAR,UNKNOWN,UNKNOWN,"['ML elevated risk due to amount', 'ML elevated risk due to receiver_bal_after', 'ML elevated risk due to sender_bal_before', 'ML elevated risk due to is_sim_bound', 'ML elevated risk due to time_to_pay_ms', 'SUSPICIOUS_BUT_UNCLEAR']",TRANSACTION_MONITOR,False,False,False,10080,20160,AML_INFO_QUEUE,LOW
de769c83-b5ea-47ba-85cd-9756996959b7,U-1028,M-2008,8547.59,INR,TRANSFER,NETBANKING,198455.05,189907.46,310919.92,2026-09-27 09:52:39.404604+00:00,Hyderabad,True,1,D-30002,1918,NORMAL,LOW_RISK_PAYMENT,LOW,8,0.1859,468,43.7353,0.044,8940.81,91452.41,41452.41,0,0,0,0,528,0,0,0.0,0.0825,0.1552,0.2143,78.51,85.62,1,0,0,0,0,3.4,0.038,0,0,0,1,1,0,0,3,1,0,0,0,0,0.1147,0,0.044,0,0.0616,"['NORMAL', 'LOW_RISK_PAYMENT', 'NORMAL_PATTERN', 'LOW_VALUE_PAYMENT', 'SIM_BOUND', 'ML_ELEVATED_RISK_DUE_TO_AMOUNT', 'ML_ELEVATED_RISK_DUE_TO_RECEIVER_BAL_AFTER', 'ML_ELEVATED_RISK_DUE_TO_SENDER_BAL_BEFORE', 'ML_ELEVATED_RISK_DUE_TO_IS_SIM_BOUND', 'ML_ELEVATED_RISK_DUE_TO_TIME_TO_PAY_MS', 'SUSPICIOUS_BUT_UNCLEAR', 'NEO4J_UNAVAILABLE', 'MONITORING', 'ELEVATED_ACTIVITY']",2,MONITOR,SOFT_NUDGE,P3,MONITORING,0.5067,0.5067,1.0,1.0,0.8267,0.8267,0.0,0.0,0.0,SUSPICIOUS,SUSPICIOUS_BUT_UNCLEAR,UNKNOWN,UNKNOWN,"['ML elevated risk due to amount', 'ML elevated risk due to receiver_bal_after', 'ML elevated risk due to sender_bal_before', 'ML elevated risk due to is_sim_bound', 'ML elevated risk due to time_to_pay_ms', 'SUSPICIOUS_BUT_UNCLEAR']",TRANSACTION_SUSPECT,True,False,False,1440,2880,AML_MONITORING_QUEUE,MEDIUM
7a8666f0-b535-4c64-9da5-d91afa719b87,U-1027,M-2019,10282.15,INR,TRANSFER,UPI,58236.59,47954.44,721475.07,2026-09-27 09:52:32.370052+00:00,Delhi,True,1,D-30019,828,NORMAL,LOW_RISK_PAYMENT,LOW,2,0.28,743,79.3816,0.0482,9809.65,89717.85,39717.85,0,0,0,0,345,1,0,0.0,0.2323,0.2474,0.2174,97.23,92.73,1,0,0,0,0,6.91,0.0451,0,0,0,2,1,0,0,1,1,3,0,0,0,0.0942,0,0.0482,0,0.1198,"['NORMAL', 'LOW_RISK_PAYMENT', 'NORMAL_PATTERN', 'LOW_VALUE_PAYMENT', 'SIM_BOUND', 'ML_ELEVATED_RISK_DUE_TO_AMOUNT', 'ML_ELEVATED_RISK_DUE_TO_RECEIVER_BAL_AFTER', 'ML_ELEVATED_RISK_DUE_TO_SENDER_BAL_BEFORE', 'ML_ELEVATED_RISK_DUE_TO_IS_SIM_BOUND', 'ML_ELEVATED_RISK_DUE_TO_TIME_TO_PAY_MS', 'SUSPICIOUS_BUT_UNCLEAR', 'NEO4J_UNAVAILABLE', 'MONITORING', 'ELEVATED_ACTIVITY']",2,MONITOR,SOFT_NUDGE,P3,MONITORING,0.5074,0.5074,1.0,1.0,0.8296,0.8296,0.0,0.0,0.0,SUSPICIOUS,SUSPICIOUS_BUT_UNCLEAR,UNKNOWN,UNKNOWN,"['ML elevated risk due to amount', 'ML elevated risk due to receiver_bal_after', 'ML elevated risk due to sender_bal_before', 'ML elevated risk due to is_sim_bound', 'ML elevated risk due to time_to_pay_ms', 'SUSPICIOUS_BUT_UNCLEAR']",TRANSACTION_SUSPECT,True,False,False,1440,2880,AML_MONITORING_QUEUE,MEDIUM
92c030d1-de1f-4aa4-a60d-6436bada15dc,U-1057,M-2032,49235.12,INR,STRUCTURING,UPI,227281.69,178046.57,596609.35,2026-09-27 09:52:25.654721+00:00,Mumbai,False,0,D-30066,235,P2_REVIEW,STRUCTURING,P2,11,0.7874,23,6122.9672,0.0689,52876.76,50764.88,764.88,0,1,0,1,115,6,2,0.7506,0.7313,0.7,0.7506,31.03,38.62,0,1,1,0,1,2.32,0.5646,4,4,4,6,5,1,1,15,6,0,1,1,1,0.6333,1,0.6333,1,0.8449,"['P2_REVIEW', 'STRUCTURING', 'NEAR_THRESHOLD', 'HIGH_VALUE_TRANSFER', 'ML_ELEVATED_RISK_DUE_TO_AMOUNT', 'ML_ELEVATED_RISK_DUE_TO_RECEIVER_BAL_AFTER', 'ML_ELEVATED_RISK_DUE_TO_SENDER_BAL_BEFORE', 'ML_ELEVATED_RISK_DUE_TO_IS_SIM_BOUND', 'ML_ELEVATED_RISK_DUE_TO_TIME_TO_PAY_MS', 'LAUNDERING_FLOW', 'NEO4J_UNAVAILABLE', 'REALTIME_SCENARIO_GRAPH_FALLBACK', 'MONITORING', 'ELEVATED_ACTIVITY']",1,MONITOR,SOFT_NUDGE,P3,MONITORING,0.6251,0.6251,1.0,1.0,0.7,0.7,0.7506,0.7506,0.0,SUSPICIOUS,LAUNDERING_FLOW,HIGH,UNKNOWN,"['ML elevated risk due to amount', 'ML elevated risk due to receiver_bal_after', 'ML elevated risk due to sender_bal_before', 'ML elevated risk due to is_sim_bound', 'ML elevated risk due to time_to_pay_ms', 'LAUNDERING_FLOW', 'Connected to mule cluster']",TRANSACTION_SUSPECT,True,False,False,1440,2880,AML_MONITORING_QUEUE,MEDIUM
40473c72-947c-466a-9680-109ba50368f2,U-1021,U-1032,11040.11,INR,P2P,CARD,211450.06,200409.95,657704.65,2026-09-27 09:52:18.906802+00:00,Chennai,True,1,D-30020,1534,NORMAL,LOW_RISK_PAYMENT,LOW,6,0.2793,963,60.9219,0.0714,10304.37,88959.89,38959.89,0,0,0,0,2222,1,0,0.0,0.2112,0.242,0.2895,95.78,92.08,1,0,0,0,0,2.59,0.148,0,0,0,2,1,0,0,3,1,2,0,0,0,0.1445,0,0.0714,0,0.0949,"['NORMAL', 'LOW_RISK_PAYMENT', 'NORMAL_PATTERN', 'LOW_VALUE_PAYMENT', 'SIM_BOUND', 'ML_ELEVATED_RISK_DUE_TO_AMOUNT', 'ML_ELEVATED_RISK_DUE_TO_RECEIVER_BAL_AFTER', 'ML_ELEVATED_RISK_DUE_TO_SENDER_BAL_BEFORE', 'ML_ELEVATED_RISK_DUE_TO_IS_SIM_BOUND', 'ML_ELEVATED_RISK_DUE_TO_TIME_TO_PAY_MS', 'SUSPICIOUS_BUT_UNCLEAR', 'NEO4J_UNAVAILABLE', 'MONITORING', 'ELEVATED_ACTIVITY']",2,MONITOR,SOFT_NUDGE,P3,MONITORING,0.5361,0.5361,1.0,1.0,0.9442,0.9442,0.0,0.0,0.0,SUSPICIOUS,SUSPICIOUS_BUT_UNCLEAR,UNKNOWN,UNKNOWN,"['ML elevated risk due to amount', 'ML elevated risk due to receiver_bal_after', 'ML elevated risk due to sender_bal_before', 'ML elevated risk due to is_sim_bound', 'ML elevated risk due to time_to_pay_ms', 'SUSPICIOUS_BUT_UNCLEAR']",TRANSACTION_SUSPECT,True,False,False,1440,2880,AML_MONITORING_QUEUE,MEDIUM
4595abe3-ee72-48de-bc9d-e51cb8ff7276,U-1028,M-2003,2513.32,INR,PAYMENT,UPI,62323.08,59809.76,194573.81,2026-09-27 09:52:15.925341+00:00,Bengaluru,True,1,D-30021,1443,NORMAL,LOW_RISK_PAYMENT,LOW,6,0.1397,638,24.7453,0.0725,2709.8,97486.68,47486.68,0,0,0,0,1196,0,1,0.0,0.1826,0.1399,0.0909,90.79,94.61,1,0,0,0,0,2.7,0.1494,0,0,0,1,1,0,0,3,1,3,0,0,0,0.0416,0,0.0725,0,0.0984,"['NORMAL', 'LOW_RISK_PAYMENT', 'NORMAL_PATTERN', 'LOW_VALUE_PAYMENT', 'SIM_BOUND', 'ML_ELEVATED_RISK_DUE_TO_AMOUNT', 'ML_ELEVATED_RISK_DUE_TO_RECEIVER_BAL_AFTER', 'ML_ELEVATED_RISK_DUE_TO_SENDER_BAL_BEFORE', 'ML_ELEVATED_RISK_DUE_TO_IS_SIM_BOUND', 'ML_ELEVATED_RISK_DUE_TO_TIME_TO_PAY_MS', 'SUSPICIOUS_BUT_UNCLEAR', 'NEO4J_UNAVAILABLE', 'CLEARED']",2,ALLOW,ALLOW,INFO,CLEARED,0.4778,0.4778,1.0,1.0,0.711,0.711,0.0,0.0,0.0,SUSPICIOUS,SUSPICIOUS_BUT_UNCLEAR,UNKNOWN,UNKNOWN,"['ML elevated risk due to amount', 'ML elevated risk due to receiver_bal_after', 'ML elevated risk due to sender_bal_before', 'ML elevated risk due to is_sim_bound', 'ML elevated risk due to time_to_pay_ms', 'SUSPICIOUS_BUT_UNCLEAR']",TRANSACTION_MONITOR,False,False,False,10080,20160,AML_INFO_QUEUE,LOW
4ae8e0e3-1d28-42b0-83cd-b4cf5d1db120,U-1015,U-1034,5968.98,INR,P2P,NETBANKING,172460.02,166491.04,302463.36,2026-09-27 09:52:12.991570+00:00,Kolkata,True,1,D-30017,577,NORMAL,LOW_RISK_PAYMENT,LOW,6,0.1772,592,46.6067,0.0641,5609.63,94031.02,44031.02,0,0,0,0,915,1,1,0.0,0.2536,0.166,0.1755,82.3,86.45,1,0,0,0,0,6.24,0.0703,0,0,0,1,1,0,0,3,1,3,0,0,0,0.157,0,0.0641,0,0.0705,"['NORMAL', 'LOW_RISK_PAYMENT', 'NORMAL_PATTERN', 'LOW_VALUE_PAYMENT', 'SIM_BOUND', 'ML_ELEVATED_RISK_DUE_TO_AMOUNT', 'ML_ELEVATED_RISK_DUE_TO_RECEIVER_BAL_AFTER', 'ML_ELEVATED_RISK_DUE_TO_SENDER_BAL_BEFORE', 'ML_ELEVATED_RISK_DUE_TO_IS_SIM_BOUND', 'ML_ELEVATED_RISK_DUE_TO_TIME_TO_PAY_MS', 'SUSPICIOUS_BUT_UNCLEAR', 'NEO4J_UNAVAILABLE', 'CLEARED']",2,ALLOW,ALLOW,INFO,CLEARED,0.2271,0.2271,0.0,0.0,0.9082,0.9082,0.0,0.0,0.0,ALLOW,SUSPICIOUS_BUT_UNCLEAR,UNKNOWN,UNKNOWN,"['ML elevated risk due to amount', 'ML elevated risk due to receiver_bal_after', 'ML elevated risk due to sender_bal_before', 'ML elevated risk due to is_sim_bound', 'ML elevated risk due to time_to_pay_ms', 'SUSPICIOUS_BUT_UNCLEAR']",TRANSACTION_MONITOR,False,False,False,10080,20160,AML_INFO_QUEUE,LOW
d7d36a10-cc79-4120-b204-c67e626035de,U-1040,M-2025,39084.77,INR,P2P,IMPS,209864.85,170780.08,600075.45,2026-09-27 09:52:06.124723+00:00,Mumbai,True,1,D-30029,1141,P3_MONITOR,MILD_VELOCITY,P3,4,0.5422,163,844.5471,0.0702,42035.07,60915.23,10915.23,0,0,0,0,662,3,1,0.5247,0.4891,0.3809,0.5247,82.95,76.43,1,0,0,0,0,2.41,0.2123,1,1,2,1,2,0,0,4,5,1,1,0,0,0.3981,0,0.0702,0,0.3273,"['P3_MONITOR', 'MILD_VELOCITY', 'WATCHLIST_PROXIMITY', 'DEVICE_REUSE', 'ML_ELEVATED_RISK_DUE_TO_AMOUNT', 'ML_ELEVATED_RISK_DUE_TO_RECEIVER_BAL_AFTER', 'ML_ELEVATED_RISK_DUE_TO_SENDER_BAL_BEFORE', 'ML_ELEVATED_RISK_DUE_TO_IS_SIM_BOUND', 'ML_ELEVATED_RISK_DUE_TO_TIME_TO_PAY_MS', 'SUSPICIOUS_BUT_UNCLEAR', 'NEO4J_UNAVAILABLE', 'REALTIME_SCENARIO_GRAPH_FALLBACK', 'MONITORING', 'ELEVATED_ACTIVITY']",2,MONITOR,SOFT_NUDGE,P3,MONITORING,0.5302,0.5302,1.0,1.0,0.5011,0.5011,0.5247,0.5247,0.0,SUSPICIOUS,SUSPICIOUS_BUT_UNCLEAR,MEDIUM,UNKNOWN,"['ML elevated risk due to amount', 'ML elevated risk due to receiver_bal_after', 'ML elevated risk due to sender_bal_before', 'ML elevated risk due to is_sim_bound', 'ML elevated risk due to time_to_pay_ms', 'SUSPICIOUS_BUT_UNCLEAR', 'Connected to mule cluster']",TRANSACTION_SUSPECT,True,False,False,1440,2880,AML_MONITORING_QUEUE,MEDIUM
a043e0fa-1a51-4d8f-9ff1-188e5bbe19de,U-1028,M-2006,13820.96,INR,BILL,UPI,133428.2,119607.24,358809.18,2026-09-27 09:52:02.488606+00:00,Mumbai,True,1,D-30004,1359,NORMAL,LOW_RISK_PAYMENT,LOW,4,0.0948,957,97.9139,0.0976,15315.16,86179.04,36179.04,0,0,0,0,2332,1,0,0.0,0.2696,0.0552,0.3383,83.13,80.28,1,0,0,0,0,6.32,0.0579,0,0,0,1,1,0,0,3,4,2,0,0,0,0.049,0,0.0976,0,0.1417,"['NORMAL', 'LOW_RISK_PAYMENT', 'NORMAL_PATTERN', 'LOW_VALUE_PAYMENT', 'SIM_BOUND', 'ML_ELEVATED_RISK_DUE_TO_AMOUNT', 'ML_ELEVATED_RISK_DUE_TO_RECEIVER_BAL_AFTER', 'ML_ELEVATED_RISK_DUE_TO_SENDER_BAL_BEFORE', 'ML_ELEVATED_RISK_DUE_TO_IS_SIM_BOUND', 'ML_ELEVATED_RISK_DUE_TO_TIME_TO_PAY_MS', 'SUSPICIOUS_BUT_UNCLEAR', 'NEO4J_UNAVAILABLE', 'CLEARED']",2,ALLOW,ALLOW,INFO,CLEARED,0.4755,0.4755,1.0,1.0,0.7019,0.7019,0.0,0.0,0.0,SUSPICIOUS,SUSPICIOUS_BUT_UNCLEAR,UNKNOWN,UNKNOWN,"['ML elevated risk due to amount', 'ML elevated risk due to receiver_bal_after', 'ML elevated risk due to sender_bal_before', 'ML elevated risk due to is_sim_bound', 'ML elevated risk due to time_to_pay_ms', 'SUSPICIOUS_BUT_UNCLEAR']",TRANSACTION_MONITOR,False,False,False,10080,20160,AML_INFO_QUEUE,LOW
815611e2-8a93-4133-a056-f33dbdc80fef,U-1016,U-1037,6959.79,INR,BILL,NETBANKING,222600.81,215641.02,770884.31,2026-09-27 09:51:59.839004+00:00,Chennai,True,1,D-30007,1282,NORMAL,LOW_RISK_PAYMENT,LOW,2,0.2398,1262,45.3524,0.0919,6374.16,93040.21,43040.21,0,0,0,0,356,0,1,0.0,0.3429,0.2379,0.0532,86.8,86.92,1,0,0,0,0,6.85,0.1029,0,0,0,2,1,0,0,1,4,2,0,0,0,0.1516,0,0.0919,0,0.0518,"['NORMAL', 'LOW_RISK_PAYMENT', 'NORMAL_PATTERN', 'LOW_VALUE_PAYMENT', 'SIM_BOUND', 'ML_ELEVATED_RISK_DUE_TO_AMOUNT', 'ML_ELEVATED_RISK_DUE_TO_RECEIVER_BAL_AFTER', 'ML_ELEVATED_RISK_DUE_TO_SENDER_BAL_BEFORE', 'ML_ELEVATED_RISK_DUE_TO_IS_SIM_BOUND', 'ML_ELEVATED_RISK_DUE_TO_TIME_TO_PAY_MS', 'NEO4J_UNAVAILABLE', 'CLEARED']",2,ALLOW,ALLOW,INFO,CLEARED,0.3,0.3,1.0,1.0,0.0,0.0,0.0,0.0,0.0,SUSPICIOUS,INSUFFICIENT_HISTORY,UNKNOWN,UNKNOWN,"['ML elevated risk due to amount', 'ML elevated risk due to receiver_bal_after', 'ML elevated risk due to sender_bal_before', 'ML elevated risk due to is_sim_bound', 'ML elevated risk due to time_to_pay_ms']",TRANSACTION_MONITOR,False,False,False,10080,20160,AML_INFO_QUEUE,LOW
12472d19-7945-45da-861f-f6cc1f37c301,U-1045,M-2028,44443.08,INR,P2P,CARD,140657.9,96214.82,799991.87,2026-09-27 09:51:53.356327+00:00,Kolkata,True,1,D-30033,1076,P3_MONITOR,MILD_VELOCITY,P3,6,0.354,150,923.4292,0.1388,51604.22,55556.92,5556.92,0,0,0,0,561,3,2,0.498,0.5159,0.4746,0.498,81.57,74.39,1,0,1,0,0,2.16,0.1809,1,1,0,1,2,0,0,4,4,1,1,0,0,0.2136,0,0.1388,0,0.3475,"['P3_MONITOR', 'MILD_VELOCITY', 'WATCHLIST_PROXIMITY', 'DEVICE_REUSE', 'ML_ELEVATED_RISK_DUE_TO_AMOUNT', 'ML_ELEVATED_RISK_DUE_TO_RECEIVER_BAL_AFTER', 'ML_ELEVATED_RISK_DUE_TO_SENDER_BAL_BEFORE', 'ML_ELEVATED_RISK_DUE_TO_IS_SIM_BOUND', 'ML_ELEVATED_RISK_DUE_TO_TIME_TO_PAY_MS', 'NEO4J_UNAVAILABLE', 'REALTIME_SCENARIO_GRAPH_FALLBACK', 'MONITORING', 'ELEVATED_ACTIVITY']",4,MONITOR,SOFT_NUDGE,P3,MONITORING,0.5239,0.5239,1.0,1.0,0.4971,0.4971,0.498,0.498,0.0,SUSPICIOUS,NONE,MEDIUM,UNKNOWN,"['ML elevated risk due to amount', 'ML elevated risk due to receiver_bal_after', 'ML elevated risk due to sender_bal_before', 'ML elevated risk due to is_sim_bound', 'ML elevated risk due to time_to_pay_ms', 'Connected to mule cluster']",TRANSACTION_SUSPECT,True,False,False,1440,2880,AML_MONITORING_QUEUE,MEDIUM
56e2f70f-cab2-45ed-8bbc-268a39af93ef,U-1003,M-2001,9962.43,INR,P2P,NETBANKING,246048.57,236086.14,570062.68,2026-09-27 09:51:46.367995+00:00,Kolkata,True,1,D-30001,807,NORMAL,LOW_RISK_PAYMENT,LOW,6,0.1515,1423,75.6024,0.0889,9148.91,90037.57,40037.57,0,0,0,0,1342,0,1,0.0,0.0692,0.0155,0.2041,89.49,78.82,1,0,0,0,0,2.38,0.146,0,0,0,1,1,0,0,3,2,1,0,0,0,0.0502,0,0.0889,0,0.104,"['NORMAL', 'LOW_RISK_PAYMENT', 'NORMAL_PATTERN', 'LOW_VALUE_PAYMENT', 'SIM_BOUND', 'ML_ELEVATED_RISK_DUE_TO_AMOUNT', 'ML_ELEVATED_RISK_DUE_TO_RECEIVER_BAL_AFTER', 'ML_ELEVATED_RISK_DUE_TO_SENDER_BAL_BEFORE', 'ML_ELEVATED_RISK_DUE_TO_IS_SIM_BOUND', 'ML_ELEVATED_RISK_DUE_TO_TIME_TO_PAY_MS', 'SUSPICIOUS_BUT_UNCLEAR', 'NEO4J_UNAVAILABLE', 'MONITORING', 'ELEVATED_ACTIVITY']",2,MONITOR,SOFT_NUDGE,P3,MONITORING,0.5095,0.5095,1.0,1.0,0.8382,0.8382,0.0,0.0,0.0,SUSPICIOUS,SUSPICIOUS_BUT_UNCLEAR,UNKNOWN,UNKNOWN,"['ML elevated risk due to amount', 'ML elevated risk due to receiver_bal_after', 'ML elevated risk due to sender_bal_before', 'ML elevated risk due to is_sim_bound', 'ML elevated risk due to time_to_pay_ms', 'SUSPICIOUS_BUT_UNCLEAR']",TRANSACTION_SUSPECT,True,False,False,1440,2880,AML_MONITORING_QUEUE,MEDIUM
ab780604-e7e1-491b-8dcc-ff1a0061452c,U-1041,M-2023,32242.15,INR,PAYMENT,UPI,123592.02,91349.87,343554.56,2026-09-27 09:51:39.387826+00:00,Hyderabad,True,1,D-30043,191,P3_MONITOR,MILD_VELOCITY,P3,6,0.46,196,529.5549,0.0379,31064.28,67757.85,17757.85,0,0,0,0,156,3,1,0.5248,0.4543,0.3908,0.5248,83.5,76.05,1,0,0,0,1,2.92,0.2555,1,1,0,2,1,0,0,4,4,1,1,0,0,0.2538,0,0.0379,0,0.4551,"['P3_MONITOR', 'MILD_VELOCITY', 'WATCHLIST_PROXIMITY', 'DEVICE_REUSE', 'ML_ELEVATED_RISK_DUE_TO_AMOUNT', 'ML_ELEVATED_RISK_DUE_TO_RECEIVER_BAL_AFTER', 'ML_ELEVATED_RISK_DUE_TO_SENDER_BAL_BEFORE', 'ML_ELEVATED_RISK_DUE_TO_IS_SIM_BOUND', 'ML_ELEVATED_RISK_DUE_TO_TIME_TO_PAY_MS', 'SUSPICIOUS_BUT_UNCLEAR', 'NEO4J_UNAVAILABLE', 'REALTIME_SCENARIO_GRAPH_FALLBACK', 'MONITORING', 'ELEVATED_ACTIVITY']",2,MONITOR,SOFT_NUDGE,P3,MONITORING,0.5304,0.5304,1.0,1.0,0.5016,0.5016,0.5248,0.5248,0.0,SUSPICIOUS,SUSPICIOUS_BUT_UNCLEAR,MEDIUM,UNKNOWN,"['ML elevated risk due to amount', 'ML elevated risk due to receiver_bal_after', 'ML elevated risk due to sender_bal_before', 'ML elevated risk due to is_sim_bound', 'ML elevated risk due to time_to_pay_ms', 'SUSPICIOUS_BUT_UNCLEAR', 'Connected to mule cluster']",TRANSACTION_SUSPECT,True,False,False,1440,2880,AML_MONITORING_QUEUE,MEDIUM
4b1db40a-33ea-490c-b4c5-d960072d200f,U-1015,M-2016,8474.35,INR,PAYMENT,CARD,213320.1,204845.75,752423.76,2026-09-27 09:51:32.625177+00:00,Hyderabad,True,1,D-30010,392,NORMAL,LOW_RISK_PAYMENT,LOW,4,0.0892,1278,40.3507,0.1127,7616.32,91525.65,41525.65,0,0,0,0,834,1,0,0.0,0.2152,0.0864,0.1902,97.34,84.18,1,0,0,0,0,5.64,0.0957,0,0,0,2,1,0,0,3,2,0,0,0,0,0.078,0,0.1127,0,0.0649,"['NORMAL', 'LOW_RISK_PAYMENT', 'NORMAL_PATTERN', 'LOW_VALUE_PAYMENT', 'SIM_BOUND', 'ML_ELEVATED_RISK_DUE_TO_AMOUNT', 'ML_ELEVATED_RISK_DUE_TO_RECEIVER_BAL_AFTER', 'ML_ELEVATED_RISK_DUE_TO_SENDER_BAL_BEFORE', 'ML_ELEVATED_RISK_DUE_TO_IS_SIM_BOUND', 'ML_ELEVATED_RISK_DUE_TO_TIME_TO_PAY_MS', 'SUSPICIOUS_BUT_UNCLEAR', 'NEO4J_UNAVAILABLE', 'MONITORING', 'ELEVATED_ACTIVITY']",2,MONITOR,SOFT_NUDGE,P3,MONITORING,0.5164,0.5164,1.0,1.0,0.8658,0.8658,0.0,0.0,0.0,SUSPICIOUS,SUSPICIOUS_BUT_UNCLEAR,UNKNOWN,UNKNOWN,"['ML elevated risk due to amount', 'ML elevated risk due to receiver_bal_after', 'ML elevated risk due to sender_bal_before', 'ML elevated risk due to is_sim_bound', 'ML elevated risk due to time_to_pay_ms', 'SUSPICIOUS_BUT_UNCLEAR']",TRANSACTION_SUSPECT,True,False,False,1440,2880,AML_MONITORING_QUEUE,MEDIUM
45e7a4d7-fa3c-4c8b-9016-f97257cb7c2c,U-1000,U-1038,11035.41,INR,BILL,CARD,48468.15,37432.74,349027.28,2026-09-27 09:51:29.991023+00:00,Delhi,True,1,D-30019,800,NORMAL,LOW_RISK_PAYMENT,LOW,3,0.2921,678,103.0168,0.0008,11026.6,88964.59,38964.59,0,0,0,0,1670,1,1,0.0,0.1688,0.2412,0.3446,78.36,94.13,1,0,0,0,0,6.82,0.0838,0,0,0,2,1,0,0,1,3,3,0,0,0,0.0789,0,0.0008,0,0.1488,"['NORMAL', 'LOW_RISK_PAYMENT', 'NORMAL_PATTERN', 'LOW_VALUE_PAYMENT', 'SIM_BOUND', 'ML_ELEVATED_RISK_DUE_TO_AMOUNT', 'ML_ELEVATED_RISK_DUE_TO_RECEIVER_BAL_AFTER', 'ML_ELEVATED_RISK_DUE_TO_SENDER_BAL_BEFORE', 'ML_ELEVATED_RISK_DUE_TO_IS_SIM_BOUND', 'ML_ELEVATED_RISK_DUE_TO_TIME_TO_PAY_MS', 'NEO4J_UNAVAILABLE', 'CLEARED']",2,ALLOW,ALLOW,INFO,CLEARED,0.3,0.3,1.0,1.0,0.0,0.0,0.0,0.0,0.0,SUSPICIOUS,INSUFFICIENT_HISTORY,UNKNOWN,UNKNOWN,"['ML elevated risk due to amount', 'ML elevated risk due to receiver_bal_after', 'ML elevated risk due to sender_bal_before', 'ML elevated risk due to is_sim_bound', 'ML elevated risk due to time_to_pay_ms']",TRANSACTION_MONITOR,False,False,False,10080,20160,AML_INFO_QUEUE,LOW
f45981b5-640e-4798-8397-dc614a24f921,U-1025,M-2007,3534.46,INR,BILL,CARD,153117.74,149583.28,285122.65,2026-09-27 09:51:27.374206+00:00,Chennai,True,1,D-30016,708,NORMAL,LOW_RISK_PAYMENT,LOW,2,0.256,641,17.6093,0.0323,3652.44,96465.54,46465.54,0,1,0,0,787,0,0,0.0,0.1016,0.1099,0.29,86.93,86.03,1,0,0,0,0,6.2,0.1072,0,0,0,1,1,0,0,1,2,1,0,0,0,0.1536,0,0.0323,0,0.042,"['NORMAL', 'LOW_RISK_PAYMENT', 'NORMAL_PATTERN', 'LOW_VALUE_PAYMENT', 'SIM_BOUND', 'ML_ELEVATED_RISK_DUE_TO_AMOUNT', 'ML_ELEVATED_RISK_DUE_TO_RECEIVER_BAL_AFTER', 'ML_ELEVATED_RISK_DUE_TO_SENDER_BAL_BEFORE', 'ML_ELEVATED_RISK_DUE_TO_IS_SIM_BOUND', 'ML_ELEVATED_RISK_DUE_TO_TIME_TO_PAY_MS', 'NEO4J_UNAVAILABLE', 'CLEARED']",2,ALLOW,ALLOW,INFO,CLEARED,0.3,0.3,1.0,1.0,0.0,0.0,0.0,0.0,0.0,SUSPICIOUS,INSUFFICIENT_HISTORY,UNKNOWN,UNKNOWN,"['ML elevated risk due to amount', 'ML elevated risk due to receiver_bal_after', 'ML elevated risk due to sender_bal_before', 'ML elevated risk due to is_sim_bound', 'ML elevated risk due to time_to_pay_ms']",TRANSACTION_MONITOR,False,False,False,10080,20160,AML_INFO_QUEUE,LOW
a13450bc-9a67-479e-bd75-a02087e3fff6,U-1060,U-1073,47543.12,INR,LAYERING_STEP,IMPS,167641.89,120098.77,371643.33,2026-09-27 09:51:19.950958+00:00,Mumbai,True,1,D-30066,72,P2_REVIEW,LAYERING,P2,18,0.7675,41,2469.6505,0.1066,42963.8,52456.88,2456.88,0,0,0,0,75,5,5,0.8786,0.759,0.7516,0.8786,62.11,41.59,0,1,1,1,1,0.88,0.6555,2,2,6,8,5,1,1,10,5,0,1,1,1,0.8485,0,0.1066,1,0.8229,"['P2_REVIEW', 'LAYERING', 'LAYERING_CHAIN', 'MULE_CLUSTER', 'SHORT_FORWARDING_DELAY', 'SIM_NOT_BOUND', 'ML_ELEVATED_RISK_DUE_TO_AMOUNT', 'ML_ELEVATED_RISK_DUE_TO_RECEIVER_BAL_AFTER', 'ML_ELEVATED_RISK_DUE_TO_SENDER_BAL_BEFORE', 'ML_ELEVATED_RISK_DUE_TO_IS_SIM_BOUND', 'ML_ELEVATED_RISK_DUE_TO_TIME_TO_PAY_MS', 'REALTIME_SCENARIO_BEHAVIOR_FALLBACK', 'LAUNDERING_FLOW', 'NEO4J_UNAVAILABLE', 'REALTIME_SCENARIO_GRAPH_FALLBACK', 'MONITORING', 'ELEVATED_ACTIVITY']",1,MONITOR,SOFT_NUDGE,P3,MONITORING,0.5913,0.5913,0.759,0.759,0.7516,0.7516,0.8786,0.8786,0.0,ALLOW,LAUNDERING_FLOW,HIGH,UNKNOWN,"['ML elevated risk due to amount', 'ML elevated risk due to receiver_bal_after', 'ML elevated risk due to sender_bal_before', 'ML elevated risk due to is_sim_bound', 'ML elevated risk due to time_to_pay_ms', 'Realtime scenario behavior fallback', 'LAUNDERING_FLOW', 'Connected to mule cluster']",TRANSACTION_SUSPECT,True,False,False,1440,2880,AML_MONITORING_QUEUE,MEDIUM
33979b7f-c5b0-479b-9dc9-a8848e1e407a,U-1014,M-2019,10405.69,INR,PAYMENT,CARD,65903.79,55498.1,422739.8,2026-09-27 09:51:13.161926+00:00,Hyderabad,True,1,D-30004,1457,NORMAL,LOW_RISK_PAYMENT,LOW,4,0.214,1409,45.0856,0.1024,9439.15,89594.31,39594.31,0,0,0,0,1648,0,0,0.0,0.1836,0.1251,0.316,93.61,89.6,1,0,0,0,0,2.74,0.1387,0,0,0,1,1,0,0,3,2,3,0,0,0,0.0636,0,0.1024,0,0.0464,"['NORMAL', 'LOW_RISK_PAYMENT', 'NORMAL_PATTERN', 'LOW_VALUE_PAYMENT', 'SIM_BOUND', 'ML_ELEVATED_RISK_DUE_TO_AMOUNT', 'ML_ELEVATED_RISK_DUE_TO_RECEIVER_BAL_AFTER', 'ML_ELEVATED_RISK_DUE_TO_SENDER_BAL_BEFORE', 'ML_ELEVATED_RISK_DUE_TO_IS_SIM_BOUND', 'ML_ELEVATED_RISK_DUE_TO_TIME_TO_PAY_MS', 'SUSPICIOUS_BUT_UNCLEAR', 'NEO4J_UNAVAILABLE', 'MONITORING', 'ELEVATED_ACTIVITY']",2,MONITOR,SOFT_NUDGE,P3,MONITORING,0.5059,0.5059,1.0,1.0,0.8235,0.8235,0.0,0.0,0.0,SUSPICIOUS,SUSPICIOUS_BUT_UNCLEAR,UNKNOWN,UNKNOWN,"['ML elevated risk due to amount', 'ML elevated risk due to receiver_bal_after', 'ML elevated risk due to sender_bal_before', 'ML elevated risk due to is_sim_bound', 'ML elevated risk due to time_to_pay_ms', 'SUSPICIOUS_BUT_UNCLEAR']",TRANSACTION_SUSPECT,True,False,False,1440,2880,AML_MONITORING_QUEUE,MEDIUM
1b2ac67b-deb3-4186-8941-7bcdd3eb7b6f,U-1003,U-1033,4041.32,INR,PAYMENT,CARD,7146.84,3105.52,328984.52,2026-09-27 09:51:06.074233+00:00,Hyderabad,True,1,D-30010,1539,NORMAL,LOW_RISK_PAYMENT,LOW,4,0.0767,1255,29.643,0.0315,3917.87,95958.68,45958.68,0,1,0,0,710,0,0,0.0,0.1745,0.2265,0.1503,93.38,86.15,1,0,0,0,0,4.39,0.1061,0,0,0,1,1,0,0,3,2,1,0,0,0,0.0488,0,0.0315,0,0.1254,"['NORMAL', 'LOW_RISK_PAYMENT', 'NORMAL_PATTERN', 'LOW_VALUE_PAYMENT', 'SIM_BOUND', 'ML_ELEVATED_RISK_DUE_TO_AMOUNT', 'ML_ELEVATED_RISK_DUE_TO_RECEIVER_BAL_AFTER', 'ML_ELEVATED_RISK_DUE_TO_SENDER_BAL_BEFORE', 'ML_ELEVATED_RISK_DUE_TO_IS_SIM_BOUND', 'ML_ELEVATED_RISK_DUE_TO_TIME_TO_PAY_MS', 'SUSPICIOUS_BUT_UNCLEAR', 'NEO4J_UNAVAILABLE', 'MONITORING', 'ELEVATED_ACTIVITY']",2,MONITOR,SOFT_NUDGE,P3,MONITORING,0.5092,0.5092,1.0,1.0,0.837,0.837,0.0,0.0,0.0,SUSPICIOUS,SUSPICIOUS_BUT_UNCLEAR,UNKNOWN,UNKNOWN,"['ML elevated risk due to amount', 'ML elevated risk due to receiver_bal_after', 'ML elevated risk due to sender_bal_before', 'ML elevated risk due to is_sim_bound', 'ML elevated risk due to time_to_pay_ms', 'SUSPICIOUS_BUT_UNCLEAR']",TRANSACTION_SUSPECT,True,False,False,1440,2880,AML_MONITORING_QUEUE,MEDIUM
f9d2bdc8-0a56-41f2-a822-72e2708a6f1b,U-1002,U-1038,8723.22,INR,P2P,UPI,142876.26,134153.04,63787.95,2026-09-27 09:51:03.535080+00:00,Delhi,True,1,D-30000,858,NORMAL,LOW_RISK_PAYMENT,LOW,2,0.2872,630,58.8136,0.0611,9291.31,91276.78,41276.78,0,0,0,0,448,0,0,0.0,0.1358,0.0573,0.0527,88.18,92.07,1,0,0,0,0,6.5,0.1427,0,0,0,2,1,0,0,1,4,1,0,0,0,0.1415,0,0.0611,0,0.1539,"['NORMAL', 'LOW_RISK_PAYMENT', 'NORMAL_PATTERN', 'LOW_VALUE_PAYMENT', 'SIM_BOUND', 'ML_ELEVATED_RISK_DUE_TO_AMOUNT', 'ML_ELEVATED_RISK_DUE_TO_RECEIVER_BAL_AFTER', 'ML_ELEVATED_RISK_DUE_TO_SENDER_BAL_BEFORE', 'ML_ELEVATED_RISK_DUE_TO_IS_SIM_BOUND', 'ML_ELEVATED_RISK_DUE_TO_TIME_TO_PAY_MS', 'NEO4J_UNAVAILABLE', 'CLEARED']",2,ALLOW,ALLOW,INFO,CLEARED,0.3,0.3,1.0,1.0,0.0,0.0,0.0,0.0,0.0,SUSPICIOUS,INSUFFICIENT_HISTORY,UNKNOWN,UNKNOWN,"['ML elevated risk due to amount', 'ML elevated risk due to receiver_bal_after', 'ML elevated risk due to sender_bal_before', 'ML elevated risk due to is_sim_bound', 'ML elevated risk due to time_to_pay_ms']",TRANSACTION_MONITOR,False,False,False,10080,20160,AML_INFO_QUEUE,LOW
c5613267-f2e2-45c9-8848-d4d3e97b1bbc,U-1084,M-2042,341059.02,INR,GATHER_SCATTER,IMPS,365035.94,23976.92,35335.32,2026-09-27 09:50:55.421725+00:00,Chennai,False,0,D-30073,220,P1_CRITICAL,GATHER_SCATTER,P1,32,0.9343,2,45955.1767,0.1053,381198.74,241059.02,291059.02,0,1,0,0,14,20,10,0.9668,0.9128,0.9294,0.9668,25.97,21.94,0,1,1,1,1,1.84,0.7724,6,6,24,8,12,1,1,41,10,0,1,1,1,0.9658,0,0.1053,1,0.902,"['P1_CRITICAL', 'GATHER_SCATTER', 'RAPID_DRAIN', 'MULE_CLUSTER', 'SIM_NOT_BOUND', 'ML_ELEVATED_RISK_DUE_TO_AMOUNT', 'ML_ELEVATED_RISK_DUE_TO_RECEIVER_BAL_AFTER', 'ML_ELEVATED_RISK_DUE_TO_SENDER_BAL_BEFORE', 'ML_ELEVATED_RISK_DUE_TO_IS_SIM_BOUND', 'ML_ELEVATED_RISK_DUE_TO_TIME_TO_PAY_MS', 'HIGH_VALUE_TRANSFER', 'VERY_HIGH_VALUE_TRANSACTION', 'NEO4J_UNAVAILABLE', 'REALTIME_SCENARIO_GRAPH_FALLBACK', 'CRITICAL_RISK', 'URGENT_REVIEW']",1,BLOCK,BLOCK,P1,BLOCKED,0.9757,0.9757,1.0,1.0,0.9294,0.9294,0.9668,0.9668,1.0,SUSPICIOUS,GATHER_SCATTER,CRITICAL,UNKNOWN,"['Critical mule laundering pattern detected', 'ML elevated risk due to amount', 'ML elevated risk due to receiver_bal_after', 'ML elevated risk due to sender_bal_before', 'ML elevated risk due to is_sim_bound', 'ML elevated risk due to time_to_pay_ms', 'GATHER_SCATTER', 'Connected to mule cluster']",TRANSACTION_SUSPECT,False,True,True,15,20,AML_CRITICAL_QUEUE,CRITICAL
637d8c73-42bf-4bad-b81f-944af8a36b5c,U-1055,U-1075,48983.67,INR,STRUCTURING,IMPS,222102.08,173118.41,361913.12,2026-09-27 09:50:47.839181+00:00,Delhi,False,0,D-30051,225,P2_REVIEW,STRUCTURING,P2,15,0.7258,7,1907.2188,0.0204,48006.55,51016.33,1016.33,0,1,0,1,114,5,3,0.8749,0.7373,0.8446,0.8749,60.99,60.42,0,1,1,0,1,1.79,0.6208,2,2,6,8,2,1,1,10,2,0,1,1,1,0.6638,1,0.6638,1,0.8649,"['P2_REVIEW', 'STRUCTURING', 'NEAR_THRESHOLD', 'HIGH_VALUE_TRANSFER', 'ML_ELEVATED_RISK_DUE_TO_AMOUNT', 'ML_ELEVATED_RISK_DUE_TO_RECEIVER_BAL_AFTER', 'ML_ELEVATED_RISK_DUE_TO_SENDER_BAL_BEFORE', 'ML_ELEVATED_RISK_DUE_TO_IS_SIM_BOUND', 'ML_ELEVATED_RISK_DUE_TO_TIME_TO_PAY_MS', 'LAUNDERING_FLOW', 'NEO4J_UNAVAILABLE', 'REALTIME_SCENARIO_GRAPH_FALLBACK', 'MONITORING', 'ELEVATED_ACTIVITY']",1,MONITOR,SOFT_NUDGE,P3,MONITORING,0.6861,0.6861,1.0,1.0,0.8446,0.8446,0.8749,0.8749,0.0,SUSPICIOUS,LAUNDERING_FLOW,HIGH,UNKNOWN,"['ML elevated risk due to amount', 'ML elevated risk due to receiver_bal_after', 'ML elevated risk due to sender_bal_before', 'ML elevated risk due to is_sim_bound', 'ML elevated risk due to time_to_pay_ms', 'LAUNDERING_FLOW', 'Connected to mule cluster']",TRANSACTION_SUSPECT,True,False,False,1440,2880,AML_MONITORING_QUEUE,MEDIUM
86697090-3504-4ca4-ba52-0b22c252d65e,U-1015,M-2001,11173.35,INR,TRANSFER,UPI,64687.27,53513.92,662090.25,2026-09-27 09:50:40.638907+00:00,Mumbai,True,1,D-30018,615,NORMAL,LOW_RISK_PAYMENT,LOW,3,0.2276,529,85.6942,0.0779,12117.05,88826.65,38826.65,0,0,0,0,1534,0,0,0.0,0.0814,0.1975,0.1208,95.93,87.81,1,0,0,0,0,6.85,0.0961,0,0,0,2,1,0,0,1,3,3,0,0,0,0.0936,0,0.0779,0,0.0785,"['NORMAL', 'LOW_RISK_PAYMENT', 'NORMAL_PATTERN', 'LOW_VALUE_PAYMENT', 'SIM_BOUND', 'ML_ELEVATED_RISK_DUE_TO_AMOUNT', 'ML_ELEVATED_RISK_DUE_TO_RECEIVER_BAL_AFTER', 'ML_ELEVATED_RISK_DUE_TO_SENDER_BAL_BEFORE', 'ML_ELEVATED_RISK_DUE_TO_IS_SIM_BOUND', 'ML_ELEVATED_RISK_DUE_TO_TIME_TO_PAY_MS', 'SUSPICIOUS_BUT_UNCLEAR', 'NEO4J_UNAVAILABLE', 'MONITORING', 'ELEVATED_ACTIVITY']",2,MONITOR,SOFT_NUDGE,P3,MONITORING,0.5089,0.5089,1.0,1.0,0.8355,0.8355,0.0,0.0,0.0,SUSPICIOUS,SUSPICIOUS_BUT_UNCLEAR,UNKNOWN,UNKNOWN,"['ML elevated risk due to amount', 'ML elevated risk due to receiver_bal_after', 'ML elevated risk due to sender_bal_before', 'ML elevated risk due to is_sim_bound', 'ML elevated risk due to time_to_pay_ms', 'SUSPICIOUS_BUT_UNCLEAR']",TRANSACTION_SUSPECT,True,False,False,1440,2880,AML_MONITORING_QUEUE,MEDIUM
67dd23b4-d493-4f0b-9f19-2de4634ac52f,U-1006,M-2012,4064.02,INR,BILL,UPI,142396.88,138332.86,700727.28,2026-09-27 09:50:11.389140+00:00,Kolkata,True,1,D-30001,633,NORMAL,LOW_RISK_PAYMENT,LOW,2,0.1925,366,21.4335,0.0818,4425.85,95935.98,45935.98,0,0,0,0,2209,1,0,0.0,0.2657,0.1224,0.0922,95.29,89.26,1,0,0,0,0,2.16,0.1333,0,0,0,2,1,0,0,1,4,3,0,0,0,0.1231,0,0.0818,0,0.1576,"['NORMAL', 'LOW_RISK_PAYMENT', 'NORMAL_PATTERN', 'LOW_VALUE_PAYMENT', 'SIM_BOUND', 'ML_ELEVATED_RISK_DUE_TO_AMOUNT', 'ML_ELEVATED_RISK_DUE_TO_RECEIVER_BAL_AFTER', 'ML_ELEVATED_RISK_DUE_TO_SENDER_BAL_BEFORE', 'ML_ELEVATED_RISK_DUE_TO_IS_SIM_BOUND', 'ML_ELEVATED_RISK_DUE_TO_TIME_TO_PAY_MS', 'SUSPICIOUS_BUT_UNCLEAR', 'NEO4J_UNAVAILABLE', 'MONITORING', 'ELEVATED_ACTIVITY']",2,MONITOR,SOFT_NUDGE,P3,MONITORING,0.5119,0.5119,1.0,1.0,0.8477,0.8477,0.0,0.0,0.0,SUSPICIOUS,SUSPICIOUS_BUT_UNCLEAR,UNKNOWN,UNKNOWN,"['ML elevated risk due to amount', 'ML elevated risk due to receiver_bal_after', 'ML elevated risk due to sender_bal_before', 'ML elevated risk due to is_sim_bound', 'ML elevated risk due to time_to_pay_ms', 'SUSPICIOUS_BUT_UNCLEAR']",TRANSACTION_SUSPECT,True,False,False,1440,2880,AML_MONITORING_QUEUE,MEDIUM
67d7559b-eb5f-48cf-8719-2801737df363,U-1003,M-2006,11544.55,INR,BILL,NETBANKING,244066.32,232521.77,183471.46,2026-09-27 09:50:07.360961+00:00,Hyderabad,True,1,D-30013,1619,NORMAL,LOW_RISK_PAYMENT,LOW,3,0.1527,647,83.2801,0.0566,10926.06,88455.45,38455.45,0,0,0,0,822,1,0,0.0,0.2942,0.1819,0.2364,78.54,82.8,1,0,0,0,0,4.02,0.0395,0,0,0,1,1,0,0,1,4,3,0,0,0,0.0566,0,0.0566,0,0.1239,"['NORMAL', 'LOW_RISK_PAYMENT', 'NORMAL_PATTERN', 'LOW_VALUE_PAYMENT', 'SIM_BOUND', 'ML_ELEVATED_RISK_DUE_TO_AMOUNT', 'ML_ELEVATED_RISK_DUE_TO_RECEIVER_BAL_AFTER', 'ML_ELEVATED_RISK_DUE_TO_SENDER_BAL_BEFORE', 'ML_ELEVATED_RISK_DUE_TO_IS_SIM_BOUND', 'ML_ELEVATED_RISK_DUE_TO_TIME_TO_PAY_MS', 'NEO4J_UNAVAILABLE', 'CLEARED']",2,ALLOW,ALLOW,INFO,CLEARED,0.3,0.3,1.0,1.0,0.0,0.0,0.0,0.0,0.0,SUSPICIOUS,INSUFFICIENT_HISTORY,UNKNOWN,UNKNOWN,"['ML elevated risk due to amount', 'ML elevated risk due to receiver_bal_after', 'ML elevated risk due to sender_bal_before', 'ML elevated risk due to is_sim_bound', 'ML elevated risk due to time_to_pay_ms']",TRANSACTION_MONITOR,False,False,False,10080,20160,AML_INFO_QUEUE,LOW
b0c308a2-b25e-4312-8980-cabee479036a,U-1028,M-2018,12286.86,INR,BILL,CARD,49646.68,37359.82,61746.04,2026-09-27 09:50:04.342413+00:00,Chennai,True,1,D-30016,1426,NORMAL,LOW_RISK_PAYMENT,LOW,2,0.097,992,80.4366,0.0049,12226.44,87713.14,37713.14,0,0,0,0,537,0,1,0.0,0.1698,0.1091,0.2703,87.78,80.59,1,0,0,0,0,3.32,0.0301,0,0,0,2,1,0,0,1,4,0,0,0,0,0.1079,0,0.0049,0,0.05,"['NORMAL', 'LOW_RISK_PAYMENT', 'NORMAL_PATTERN', 'LOW_VALUE_PAYMENT', 'SIM_BOUND', 'ML_ELEVATED_RISK_DUE_TO_AMOUNT', 'ML_ELEVATED_RISK_DUE_TO_RECEIVER_BAL_AFTER', 'ML_ELEVATED_RISK_DUE_TO_SENDER_BAL_BEFORE', 'ML_ELEVATED_RISK_DUE_TO_IS_SIM_BOUND', 'ML_ELEVATED_RISK_DUE_TO_TIME_TO_PAY_MS', 'NEO4J_UNAVAILABLE', 'CLEARED']",2,ALLOW,ALLOW,INFO,CLEARED,0.3,0.3,1.0,1.0,0.0,0.0,0.0,0.0,0.0,SUSPICIOUS,INSUFFICIENT_HISTORY,UNKNOWN,UNKNOWN,"['ML elevated risk due to amount', 'ML elevated risk due to receiver_bal_after', 'ML elevated risk due to sender_bal_before', 'ML elevated risk due to is_sim_bound', 'ML elevated risk due to time_to_pay_ms']",TRANSACTION_MONITOR,False,False,False,10080,20160,AML_INFO_QUEUE,LOW
ca2eccf9-f172-4d0a-b6a8-1e4d98029762,U-1020,U-1032,8492.55,INR,P2P,UPI,29717.1,21224.55,685869.24,2026-09-27 09:49:55.676751+00:00,Bengaluru,True,1,D-30010,1302,NORMAL,LOW_RISK_PAYMENT,LOW,2,0.2143,828,38.5327,0.0595,8015.25,91507.45,41507.45,0,1,0,0,840,0,1,0.0,0.2199,0.152,0.3288,80.14,83.18,1,0,0,0,0,5.89,0.0826,0,0,0,1,1,0,0,1,4,3,0,0,0,0.0577,0,0.0595,0,0.1556,"['NORMAL', 'LOW_RISK_PAYMENT', 'NORMAL_PATTERN', 'LOW_VALUE_PAYMENT', 'SIM_BOUND', 'ML_ELEVATED_RISK_DUE_TO_AMOUNT', 'ML_ELEVATED_RISK_DUE_TO_RECEIVER_BAL_AFTER', 'ML_ELEVATED_RISK_DUE_TO_SENDER_BAL_BEFORE', 'ML_ELEVATED_RISK_DUE_TO_IS_SIM_BOUND', 'ML_ELEVATED_RISK_DUE_TO_TIME_TO_PAY_MS', 'SUSPICIOUS_BUT_UNCLEAR', 'NEO4J_UNAVAILABLE', 'MONITORING', 'ELEVATED_ACTIVITY']",2,MONITOR,SOFT_NUDGE,P3,MONITORING,0.5295,0.5295,1.0,1.0,0.9179,0.9179,0.0,0.0,0.0,SUSPICIOUS,SUSPICIOUS_BUT_UNCLEAR,UNKNOWN,UNKNOWN,"['ML elevated risk due to amount', 'ML elevated risk due to receiver_bal_after', 'ML elevated risk due to sender_bal_before', 'ML elevated risk due to is_sim_bound', 'ML elevated risk due to time_to_pay_ms', 'SUSPICIOUS_BUT_UNCLEAR']",TRANSACTION_SUSPECT,True,False,False,1440,2880,AML_MONITORING_QUEUE,MEDIUM
f5b180b9-49ff-442d-bd6b-1718cc5fd670,U-1040,M-2023,37597.94,INR,TRANSFER,UPI,153396.04,115798.1,464632.8,2026-09-27 09:49:45.627107+00:00,Mumbai,True,1,D-30037,425,P3_MONITOR,MILD_VELOCITY,P3,5,0.4711,74,568.6887,0.1461,32805.45,62402.06,12402.06,0,0,0,0,446,3,1,0.4299,0.4839,0.4952,0.4299,69.7,61.54,1,0,0,0,0,4.6,0.2714,1,1,1,3,1,0,0,4,5,1,1,0,0,0.343,0,0.1461,1,0.4971,"['P3_MONITOR', 'MILD_VELOCITY', 'WATCHLIST_PROXIMITY', 'DEVICE_REUSE', 'ML_ELEVATED_RISK_DUE_TO_AMOUNT', 'ML_ELEVATED_RISK_DUE_TO_RECEIVER_BAL_AFTER', 'ML_ELEVATED_RISK_DUE_TO_SENDER_BAL_BEFORE', 'ML_ELEVATED_RISK_DUE_TO_IS_SIM_BOUND', 'ML_ELEVATED_RISK_DUE_TO_TIME_TO_PAY_MS', 'SUSPICIOUS_BUT_UNCLEAR', 'NEO4J_UNAVAILABLE', 'REALTIME_SCENARIO_GRAPH_FALLBACK', 'MONITORING', 'ELEVATED_ACTIVITY']",2,MONITOR,SOFT_NUDGE,P3,MONITORING,0.5116,0.5116,1.0,1.0,0.5025,0.5025,0.4299,0.4299,0.0,SUSPICIOUS,SUSPICIOUS_BUT_UNCLEAR,MEDIUM,UNKNOWN,"['ML elevated risk due to amount', 'ML elevated risk due to receiver_bal_after', 'ML elevated risk due to sender_bal_before', 'ML elevated risk due to is_sim_bound', 'ML elevated risk due to time_to_pay_ms', 'SUSPICIOUS_BUT_UNCLEAR', 'Connected to mule cluster']",TRANSACTION_SUSPECT,True,False,False,1440,2880,AML_MONITORING_QUEUE,MEDIUM
ba6ddad1-dd39-45b8-be9c-db6a31d0357b,U-1082,M-2049,369037.86,INR,GATHER_SCATTER,IMPS,401747.93,32710.07,259262.14,2026-09-27 09:49:38.378526+00:00,Kolkata,False,0,D-30079,185,P1_CRITICAL,GATHER_SCATTER,P1,33,0.9186,5,41273.5873,0.0807,401454.07,269037.86,319037.86,0,1,0,0,50,10,11,0.9554,0.9371,0.9761,0.9554,28.19,5.6,0,1,1,0,1,1.08,0.7846,12,12,16,12,12,1,1,42,8,0,1,1,1,0.9552,0,0.0807,1,0.9426,"['P1_CRITICAL', 'GATHER_SCATTER', 'RAPID_DRAIN', 'MULE_CLUSTER', 'SIM_NOT_BOUND', 'ML_ELEVATED_RISK_DUE_TO_AMOUNT', 'ML_ELEVATED_RISK_DUE_TO_RECEIVER_BAL_AFTER', 'ML_ELEVATED_RISK_DUE_TO_SENDER_BAL_BEFORE', 'ML_ELEVATED_RISK_DUE_TO_IS_SIM_BOUND', 'ML_ELEVATED_RISK_DUE_TO_TIME_TO_PAY_MS', 'HIGH_VALUE_TRANSFER', 'VERY_HIGH_VALUE_TRANSACTION', 'NEO4J_UNAVAILABLE', 'REALTIME_SCENARIO_GRAPH_FALLBACK', 'CRITICAL_RISK', 'URGENT_REVIEW']",1,BLOCK,BLOCK,P1,BLOCKED,0.9851,0.9851,1.0,1.0,0.9761,0.9761,0.9554,0.9554,1.0,SUSPICIOUS,GATHER_SCATTER,CRITICAL,UNKNOWN,"['Critical mule laundering pattern detected', 'ML elevated risk due to amount', 'ML elevated risk due to receiver_bal_after', 'ML elevated risk due to sender_bal_before', 'ML elevated risk due to is_sim_bound', 'ML elevated risk due to time_to_pay_ms', 'GATHER_SCATTER', 'Connected to mule cluster']",TRANSACTION_SUSPECT,False,True,True,15,20,AML_CRITICAL_QUEUE,CRITICAL
c48bbeaa-f0a6-498e-931f-8a16e68b03bc,U-1021,M-2012,14444.56,INR,P2P,CARD,79290.65,64846.09,387291.69,2026-09-27 09:49:32.131860+00:00,Chennai,True,1,D-30018,1621,NORMAL,LOW_RISK_PAYMENT,LOW,4,0.1243,982,64.0895,0.0029,14486.27,85555.44,35555.44,0,0,0,0,2199,1,1,0.0,0.2559,0.1088,0.1907,84.06,88.15,1,0,0,0,0,3.44,0.1024,0,0,0,1,1,0,0,3,3,1,0,0,0,0.0959,0,0.0029,0,0.0458,"['NORMAL', 'LOW_RISK_PAYMENT', 'NORMAL_PATTERN', 'LOW_VALUE_PAYMENT', 'SIM_BOUND', 'ML_ELEVATED_RISK_DUE_TO_AMOUNT', 'ML_ELEVATED_RISK_DUE_TO_RECEIVER_BAL_AFTER', 'ML_ELEVATED_RISK_DUE_TO_SENDER_BAL_BEFORE', 'ML_ELEVATED_RISK_DUE_TO_IS_SIM_BOUND', 'ML_ELEVATED_RISK_DUE_TO_TIME_TO_PAY_MS', 'SUSPICIOUS_BUT_UNCLEAR', 'NEO4J_UNAVAILABLE', 'MONITORING', 'ELEVATED_ACTIVITY']",2,MONITOR,SOFT_NUDGE,P3,MONITORING,0.5378,0.5378,1.0,1.0,0.9514,0.9514,0.0,0.0,0.0,SUSPICIOUS,SUSPICIOUS_BUT_UNCLEAR,UNKNOWN,UNKNOWN,"['ML elevated risk due to amount', 'ML elevated risk due to receiver_bal_after', 'ML elevated risk due to sender_bal_before', 'ML elevated risk due to is_sim_bound', 'ML elevated risk due to time_to_pay_ms', 'SUSPICIOUS_BUT_UNCLEAR']",TRANSACTION_SUSPECT,True,False,False,1440,2880,AML_MONITORING_QUEUE,MEDIUM
2c900e35-f2c8-461f-94db-1edc55295449,U-1018,U-1030,4696.79,INR,TRANSFER,NETBANKING,109201.84,104505.05,667088.83,2026-09-27 09:49:25.646747+00:00,Mumbai,True,1,D-30015,542,NORMAL,LOW_RISK_PAYMENT,LOW,2,0.2749,1236,22.5745,0.0066,4665.97,95303.21,45303.21,0,1,0,0,1897,0,0,0.0,0.0572,0.0785,0.1615,80.69,75.95,1,0,0,0,0,3.15,0.0896,0,0,0,2,1,0,0,1,3,0,0,0,0,0.0448,0,0.0066,0,0.1575,"['NORMAL', 'LOW_RISK_PAYMENT', 'NORMAL_PATTERN', 'LOW_VALUE_PAYMENT', 'SIM_BOUND', 'ML_ELEVATED_RISK_DUE_TO_AMOUNT', 'ML_ELEVATED_RISK_DUE_TO_RECEIVER_BAL_AFTER', 'ML_ELEVATED_RISK_DUE_TO_SENDER_BAL_BEFORE', 'ML_ELEVATED_RISK_DUE_TO_IS_SIM_BOUND', 'ML_ELEVATED_RISK_DUE_TO_TIME_TO_PAY_MS', 'SUSPICIOUS_BUT_UNCLEAR', 'NEO4J_UNAVAILABLE', 'MONITORING', 'ELEVATED_ACTIVITY']",2,MONITOR,SOFT_NUDGE,P3,MONITORING,0.5225,0.5225,1.0,1.0,0.8902,0.8902,0.0,0.0,0.0,SUSPICIOUS,SUSPICIOUS_BUT_UNCLEAR,UNKNOWN,UNKNOWN,"['ML elevated risk due to amount', 'ML elevated risk due to receiver_bal_after', 'ML elevated risk due to sender_bal_before', 'ML elevated risk due to is_sim_bound', 'ML elevated risk due to time_to_pay_ms', 'SUSPICIOUS_BUT_UNCLEAR']",TRANSACTION_SUSPECT,True,False,False,1440,2880,AML_MONITORING_QUEUE,MEDIUM
82a4f651-1145-4a1e-b15f-5bf1e42b514c,U-1023,M-2002,3971.25,INR,PAYMENT,NETBANKING,19513.9,15542.65,475519.06,2026-09-27 09:49:19.447767+00:00,Bengaluru,True,1,D-30000,598,NORMAL,LOW_RISK_PAYMENT,LOW,2,0.0985,869,22.2019,0.021,3889.48,96028.75,46028.75,0,0,0,0,525,1,0,0.0,0.076,0.0901,0.1414,79.16,86.16,1,0,0,0,0,3.3,0.0392,0,0,0,2,1,0,0,1,4,2,0,0,0,0.1472,0,0.021,0,0.0536,"['NORMAL', 'LOW_RISK_PAYMENT', 'NORMAL_PATTERN', 'LOW_VALUE_PAYMENT', 'SIM_BOUND', 'ML_ELEVATED_RISK_DUE_TO_AMOUNT', 'ML_ELEVATED_RISK_DUE_TO_RECEIVER_BAL_AFTER', 'ML_ELEVATED_RISK_DUE_TO_SENDER_BAL_BEFORE', 'ML_ELEVATED_RISK_DUE_TO_IS_SIM_BOUND', 'ML_ELEVATED_RISK_DUE_TO_TIME_TO_PAY_MS', 'SUSPICIOUS_BUT_UNCLEAR', 'NEO4J_UNAVAILABLE', 'MONITORING', 'ELEVATED_ACTIVITY']",2,MONITOR,SOFT_NUDGE,P3,MONITORING,0.5218,0.5218,1.0,1.0,0.8872,0.8872,0.0,0.0,0.0,SUSPICIOUS,SUSPICIOUS_BUT_UNCLEAR,UNKNOWN,UNKNOWN,"['ML elevated risk due to amount', 'ML elevated risk due to receiver_bal_after', 'ML elevated risk due to sender_bal_before', 'ML elevated risk due to is_sim_bound', 'ML elevated risk due to time_to_pay_ms', 'SUSPICIOUS_BUT_UNCLEAR']",TRANSACTION_SUSPECT,True,False,False,1440,2880,AML_MONITORING_QUEUE,MEDIUM
b581b55e-a222-457b-9488-91d6f8d0ad26,U-1046,M-2026,34857.22,INR,P2P,UPI,237092.34,202235.12,273188.78,2026-09-27 09:49:16.557392+00:00,Delhi,True,1,D-30038,222,P3_MONITOR,MILD_VELOCITY,P3,4,0.3741,119,449.244,0.1576,41377.41,65142.78,15142.78,0,0,0,0,1353,1,0,0.3538,0.4753,0.4311,0.3538,62.06,69.63,0,1,0,0,0,4.19,0.3591,0,0,1,1,2,0,0,4,3,1,1,0,0,0.2195,0,0.1576,1,0.472,"['P3_MONITOR', 'MILD_VELOCITY', 'WATCHLIST_PROXIMITY', 'DEVICE_REUSE', 'ML_ELEVATED_RISK_DUE_TO_AMOUNT', 'ML_ELEVATED_RISK_DUE_TO_RECEIVER_BAL_AFTER', 'ML_ELEVATED_RISK_DUE_TO_SENDER_BAL_BEFORE', 'ML_ELEVATED_RISK_DUE_TO_IS_SIM_BOUND', 'ML_ELEVATED_RISK_DUE_TO_TIME_TO_PAY_MS', 'SUSPICIOUS_BUT_UNCLEAR', 'NEO4J_UNAVAILABLE', 'REALTIME_SCENARIO_GRAPH_FALLBACK', 'CLEARED']",2,ALLOW,ALLOW,INFO,CLEARED,0.4967,0.4967,1.0,1.0,0.5038,0.5038,0.3538,0.3538,0.0,SUSPICIOUS,SUSPICIOUS_BUT_UNCLEAR,MEDIUM,UNKNOWN,"['ML elevated risk due to amount', 'ML elevated risk due to receiver_bal_after', 'ML elevated risk due to sender_bal_before', 'ML elevated risk due to is_sim_bound', 'ML elevated risk due to time_to_pay_ms', 'SUSPICIOUS_BUT_UNCLEAR']",TRANSACTION_MONITOR,False,False,False,10080,20160,AML_INFO_QUEUE,LOW
f7bccc27-e2c3-461a-8546-3af6ec20c285,U-1001,U-1036,10697.4,INR,PAYMENT,UPI,55610.74,44913.34,491223.81,2026-09-27 09:49:09.339406+00:00,Pune,True,1,D-30020,1808,NORMAL,LOW_RISK_PAYMENT,LOW,2,0.0824,526,48.5474,0.0911,9804.44,89302.6,39302.6,0,0,0,0,1842,0,0,0.0,0.2823,0.1347,0.2648,89.23,90.94,1,0,0,0,0,4.44,0.0572,0,0,0,1,1,0,0,1,4,1,0,0,0,0.0577,0,0.0911,0,0.1314,"['NORMAL', 'LOW_RISK_PAYMENT', 'NORMAL_PATTERN', 'LOW_VALUE_PAYMENT', 'SIM_BOUND', 'ML_ELEVATED_RISK_DUE_TO_AMOUNT', 'ML_ELEVATED_RISK_DUE_TO_RECEIVER_BAL_AFTER', 'ML_ELEVATED_RISK_DUE_TO_SENDER_BAL_BEFORE', 'ML_ELEVATED_RISK_DUE_TO_IS_SIM_BOUND', 'ML_ELEVATED_RISK_DUE_TO_TIME_TO_PAY_MS', 'SUSPICIOUS_BUT_UNCLEAR', 'NEO4J_UNAVAILABLE', 'MONITORING', 'ELEVATED_ACTIVITY']",2,MONITOR,SOFT_NUDGE,P3,MONITORING,0.5226,0.5226,1.0,1.0,0.8904,0.8904,0.0,0.0,0.0,SUSPICIOUS,SUSPICIOUS_BUT_UNCLEAR,UNKNOWN,UNKNOWN,"['ML elevated risk due to amount', 'ML elevated risk due to receiver_bal_after', 'ML elevated risk due to sender_bal_before', 'ML elevated risk due to is_sim_bound', 'ML elevated risk due to time_to_pay_ms', 'SUSPICIOUS_BUT_UNCLEAR']",TRANSACTION_SUSPECT,True,False,False,1440,2880,AML_MONITORING_QUEUE,MEDIUM
7a21e3c2-d9a8-464b-a724-29527472022a,U-1014,M-2010,11703.62,INR,P2P,UPI,19203.47,7499.85,549664.56,2026-09-27 09:49:03.323814+00:00,Pune,True,1,D-30016,1720,NORMAL,LOW_RISK_PAYMENT,LOW,2,0.1213,1345,56.8716,0.0376,12160.57,88296.38,38296.38,0,0,0,0,851,0,0,0.0,0.3197,0.1904,0.2759,97.4,91.81,1,0,0,0,0,2.89,0.1368,0,0,0,1,1,0,0,1,2,2,0,0,0,0.0631,0,0.0376,0,0.0645,"['NORMAL', 'LOW_RISK_PAYMENT', 'NORMAL_PATTERN', 'LOW_VALUE_PAYMENT', 'SIM_BOUND', 'ML_ELEVATED_RISK_DUE_TO_AMOUNT', 'ML_ELEVATED_RISK_DUE_TO_RECEIVER_BAL_AFTER', 'ML_ELEVATED_RISK_DUE_TO_SENDER_BAL_BEFORE', 'ML_ELEVATED_RISK_DUE_TO_IS_SIM_BOUND', 'ML_ELEVATED_RISK_DUE_TO_TIME_TO_PAY_MS', 'SUSPICIOUS_BUT_UNCLEAR', 'NEO4J_UNAVAILABLE', 'MONITORING', 'ELEVATED_ACTIVITY']",2,MONITOR,SOFT_NUDGE,P3,MONITORING,0.5073,0.5073,1.0,1.0,0.8291,0.8291,0.0,0.0,0.0,SUSPICIOUS,SUSPICIOUS_BUT_UNCLEAR,UNKNOWN,UNKNOWN,"['ML elevated risk due to amount', 'ML elevated risk due to receiver_bal_after', 'ML elevated risk due to sender_bal_before', 'ML elevated risk due to is_sim_bound', 'ML elevated risk due to time_to_pay_ms', 'SUSPICIOUS_BUT_UNCLEAR']",TRANSACTION_SUSPECT,True,False,False,1440,2880,AML_MONITORING_QUEUE,MEDIUM
ac9f9361-6479-4354-96d1-a4f3f31589c3,U-1021,U-1030,250.82,INR,BILL,NETBANKING,100706.89,100456.07,341162.66,2026-09-27 09:48:55.091251+00:00,Kolkata,True,1,D-30014,1319,NORMAL,LOW_RISK_PAYMENT,LOW,2,0.1231,904,1.2287,0.0123,247.78,99749.18,49749.18,0,0,0,0,1761,1,1,0.0,0.2079,0.1276,0.152,90.97,85.36,1,0,0,0,0,4.36,0.0967,0,0,0,1,1,0,0,1,3,1,0,0,0,0.0727,0,0.0123,0,0.1298,"['NORMAL', 'LOW_RISK_PAYMENT', 'NORMAL_PATTERN', 'LOW_VALUE_PAYMENT', 'SIM_BOUND', 'ML_ELEVATED_RISK_DUE_TO_AMOUNT', 'ML_ELEVATED_RISK_DUE_TO_RECEIVER_BAL_AFTER', 'ML_ELEVATED_RISK_DUE_TO_SENDER_BAL_BEFORE', 'ML_ELEVATED_RISK_DUE_TO_IS_SIM_BOUND', 'ML_ELEVATED_RISK_DUE_TO_TIME_TO_PAY_MS', 'SUSPICIOUS_BUT_UNCLEAR', 'NEO4J_UNAVAILABLE', 'MONITORING', 'ELEVATED_ACTIVITY']",2,MONITOR,SOFT_NUDGE,P3,MONITORING,0.5217,0.5217,1.0,1.0,0.8867,0.8867,0.0,0.0,0.0,SUSPICIOUS,SUSPICIOUS_BUT_UNCLEAR,UNKNOWN,UNKNOWN,"['ML elevated risk due to amount', 'ML elevated risk due to receiver_bal_after', 'ML elevated risk due to sender_bal_before', 'ML elevated risk due to is_sim_bound', 'ML elevated risk due to time_to_pay_ms', 'SUSPICIOUS_BUT_UNCLEAR']",TRANSACTION_SUSPECT,True,False,False,1440,2880,AML_MONITORING_QUEUE,MEDIUM
a11fe057-7896-494a-82a9-bff8df01cfaa,U-1013,U-1039,7310.77,INR,P2P,CARD,38179.51,30868.74,201980.13,2026-09-27 09:48:51.802778+00:00,Bengaluru,True,1,D-30013,374,NORMAL,LOW_RISK_PAYMENT,LOW,2,0.1674,895,53.034,0.0099,7239.16,92689.23,42689.23,0,0,0,0,286,0,1,0.0,0.1758,0.0469,0.274,81.78,77.38,1,0,0,0,0,2.92,0.0204,0,0,0,2,1,0,0,1,1,3,0,0,0,0.1355,0,0.0099,0,0.1192,"['NORMAL', 'LOW_RISK_PAYMENT', 'NORMAL_PATTERN', 'LOW_VALUE_PAYMENT', 'SIM_BOUND', 'ML_ELEVATED_RISK_DUE_TO_AMOUNT', 'ML_ELEVATED_RISK_DUE_TO_RECEIVER_BAL_AFTER', 'ML_ELEVATED_RISK_DUE_TO_SENDER_BAL_BEFORE', 'ML_ELEVATED_RISK_DUE_TO_IS_SIM_BOUND', 'ML_ELEVATED_RISK_DUE_TO_TIME_TO_PAY_MS', 'SUSPICIOUS_BUT_UNCLEAR', 'NEO4J_UNAVAILABLE', 'CLEARED']",2,ALLOW,ALLOW,INFO,CLEARED,0.4968,0.4968,1.0,1.0,0.787,0.787,0.0,0.0,0.0,SUSPICIOUS,SUSPICIOUS_BUT_UNCLEAR,UNKNOWN,UNKNOWN,"['ML elevated risk due to amount', 'ML elevated risk due to receiver_bal_after', 'ML elevated risk due to sender_bal_before', 'ML elevated risk due to is_sim_bound', 'ML elevated risk due to time_to_pay_ms', 'SUSPICIOUS_BUT_UNCLEAR']",TRANSACTION_MONITOR,False,False,False,10080,20160,AML_INFO_QUEUE,LOW
7ae655d1-2334-4766-a40a-23ef2bdbc9f6,U-1045,M-2028,44353.82,INR,PAYMENT,IMPS,144167.67,99813.85,636121.19,2026-09-27 09:48:47.933327+00:00,Bengaluru,True,1,D-30025,476,P3_MONITOR,MILD_VELOCITY,P3,5,0.5316,197,1047.5314,0.11,49838.01,55646.18,5646.18,0,1,0,0,445,1,2,0.5051,0.6289,0.4009,0.5051,74.48,78.04,1,1,1,0,0,2.36,0.1833,1,1,2,2,1,0,0,4,4,1,1,0,0,0.2756,0,0.11,0,0.3013,"['P3_MONITOR', 'MILD_VELOCITY', 'WATCHLIST_PROXIMITY', 'DEVICE_REUSE', 'ML_ELEVATED_RISK_DUE_TO_AMOUNT', 'ML_ELEVATED_RISK_DUE_TO_RECEIVER_BAL_AFTER', 'ML_ELEVATED_RISK_DUE_TO_SENDER_BAL_BEFORE', 'ML_ELEVATED_RISK_DUE_TO_IS_SIM_BOUND', 'ML_ELEVATED_RISK_DUE_TO_TIME_TO_PAY_MS', 'SUSPICIOUS_BUT_UNCLEAR', 'NEO4J_UNAVAILABLE', 'REALTIME_SCENARIO_GRAPH_FALLBACK', 'MONITORING', 'ELEVATED_ACTIVITY']",2,MONITOR,SOFT_NUDGE,P3,MONITORING,0.5262,0.5262,1.0,1.0,0.5007,0.5007,0.5051,0.5051,0.0,SUSPICIOUS,SUSPICIOUS_BUT_UNCLEAR,MEDIUM,UNKNOWN,"['ML elevated risk due to amount', 'ML elevated risk due to receiver_bal_after', 'ML elevated risk due to sender_bal_before', 'ML elevated risk due to is_sim_bound', 'ML elevated risk due to time_to_pay_ms', 'SUSPICIOUS_BUT_UNCLEAR', 'Connected to mule cluster']",TRANSACTION_SUSPECT,True,False,False,1440,2880,AML_MONITORING_QUEUE,MEDIUM
bd276fbf-c782-47ea-ab32-919bb92ad005,U-1051,M-2029,43696.57,INR,PAYMENT,IMPS,233330.2,189633.63,578238.25,2026-09-27 09:47:08.872404+00:00,Kolkata,True,1,D-30044,790,P3_MONITOR,MILD_VELOCITY,P3,6,0.5142,230,1279.075,0.0003,43681.73,56303.43,6303.43,0,0,0,0,249,1,0,0.5331,0.5839,0.4718,0.5331,74.46,66.17,1,0,1,0,0,2.65,0.327,0,0,2,3,2,0,0,5,2,0,1,0,0,0.3577,0,0.0003,1,0.4413,"['P3_MONITOR', 'MILD_VELOCITY', 'WATCHLIST_PROXIMITY', 'DEVICE_REUSE', 'ML_ELEVATED_RISK_DUE_TO_AMOUNT', 'ML_ELEVATED_RISK_DUE_TO_RECEIVER_BAL_AFTER', 'ML_ELEVATED_RISK_DUE_TO_SENDER_BAL_BEFORE', 'ML_ELEVATED_RISK_DUE_TO_IS_SIM_BOUND', 'ML_ELEVATED_RISK_DUE_TO_TIME_TO_PAY_MS', 'NEO4J_UNAVAILABLE', 'REALTIME_SCENARIO_GRAPH_FALLBACK', 'MONITORING', 'ELEVATED_ACTIVITY']",2,MONITOR,SOFT_NUDGE,P3,MONITORING,0.5311,0.5311,1.0,1.0,0.4979,0.4979,0.5331,0.5331,0.0,SUSPICIOUS,NONE,MEDIUM,UNKNOWN,"['ML elevated risk due to amount', 'ML elevated risk due to receiver_bal_after', 'ML elevated risk due to sender_bal_before', 'ML elevated risk due to is_sim_bound', 'ML elevated risk due to time_to_pay_ms']",TRANSACTION_SUSPECT,True,False,False,1440,2880,AML_MONITORING_QUEUE,MEDIUM
cf492899-9c54-4218-ba63-e725f8486fcb,U-1002,M-2009,5617.24,INR,PAYMENT,UPI,225753.23,220135.99,218885.18,2026-09-27 09:47:02.119588+00:00,Bengaluru,True,1,D-30011,1651,NORMAL,LOW_RISK_PAYMENT,LOW,2,0.2976,1114,28.9965,0.1256,4990.59,94382.76,44382.76,0,0,0,0,1026,0,0,0.0,0.3386,0.0372,0.2924,84.66,84.88,1,0,0,0,0,4.48,0.1331,0,0,0,2,1,0,0,1,2,0,0,0,0,0.0646,0,0.1256,0,0.1474,"['NORMAL', 'LOW_RISK_PAYMENT', 'NORMAL_PATTERN', 'LOW_VALUE_PAYMENT', 'SIM_BOUND', 'ML_ELEVATED_RISK_DUE_TO_AMOUNT', 'ML_ELEVATED_RISK_DUE_TO_RECEIVER_BAL_AFTER', 'ML_ELEVATED_RISK_DUE_TO_SENDER_BAL_BEFORE', 'ML_ELEVATED_RISK_DUE_TO_IS_SIM_BOUND', 'ML_ELEVATED_RISK_DUE_TO_TIME_TO_PAY_MS', 'SUSPICIOUS_BUT_UNCLEAR', 'NEO4J_UNAVAILABLE', 'MONITORING', 'ELEVATED_ACTIVITY']",2,MONITOR,SOFT_NUDGE,P3,MONITORING,0.52,0.52,1.0,1.0,0.8801,0.8801,0.0,0.0,0.0,SUSPICIOUS,SUSPICIOUS_BUT_UNCLEAR,UNKNOWN,UNKNOWN,"['ML elevated risk due to amount', 'ML elevated risk due to receiver_bal_after', 'ML elevated risk due to sender_bal_before', 'ML elevated risk due to is_sim_bound', 'ML elevated risk due to time_to_pay_ms', 'SUSPICIOUS_BUT_UNCLEAR']",TRANSACTION_SUSPECT,True,False,False,1440,2880,AML_MONITORING_QUEUE,MEDIUM
e01e0c66-7c32-45d3-af89-dca74838fa06,U-1014,M-2018,13787.47,INR,BILL,NETBANKING,159755.36,145967.89,163908.08,2026-09-27 09:46:59.149784+00:00,Hyderabad,True,1,D-30019,1601,NORMAL,LOW_RISK_PAYMENT,LOW,12,0.2012,394,112.5872,0.0051,13858.36,86212.53,36212.53,0,0,0,0,1625,1,0,0.0,0.2666,0.1114,0.1,78.03,75.33,1,0,0,0,0,2.5,0.0881,0,0,0,1,1,0,0,3,2,2,0,0,0,0.1181,0,0.0051,0,0.1531,"['NORMAL', 'LOW_RISK_PAYMENT', 'NORMAL_PATTERN', 'LOW_VALUE_PAYMENT', 'SIM_BOUND', 'ML_ELEVATED_RISK_DUE_TO_AMOUNT', 'ML_ELEVATED_RISK_DUE_TO_RECEIVER_BAL_AFTER', 'ML_ELEVATED_RISK_DUE_TO_SENDER_BAL_BEFORE', 'ML_ELEVATED_RISK_DUE_TO_IS_SIM_BOUND', 'ML_ELEVATED_RISK_DUE_TO_TIME_TO_PAY_MS', 'SUSPICIOUS_BUT_UNCLEAR', 'NEO4J_UNAVAILABLE', 'CLEARED']",2,ALLOW,ALLOW,INFO,CLEARED,0.2482,0.2482,0.0,0.0,0.993,0.993,0.0,0.0,0.0,ALLOW,SUSPICIOUS_BUT_UNCLEAR,UNKNOWN,UNKNOWN,"['ML elevated risk due to amount', 'ML elevated risk due to receiver_bal_after', 'ML elevated risk due to sender_bal_before', 'ML elevated risk due to is_sim_bound', 'ML elevated risk due to time_to_pay_ms', 'SUSPICIOUS_BUT_UNCLEAR']",TRANSACTION_MONITOR,False,False,False,10080,20160,AML_INFO_QUEUE,LOW
fbed0b2c-88f0-4d0d-afba-ee168c56d40c,U-1022,M-2003,10855.26,INR,PAYMENT,UPI,60273.78,49418.52,429745.13,2026-09-27 09:46:52.655962+00:00,Chennai,True,1,D-30007,1321,NORMAL,LOW_RISK_PAYMENT,LOW,6,0.2952,649,101.0099,0.0961,12009.56,89144.74,39144.74,0,1,0,0,1426,1,0,0.0,0.0943,0.0365,0.2181,91.26,79.92,1,0,0,0,0,2.71,0.0521,0,0,0,2,1,0,0,3,1,0,0,0,0,0.0503,0,0.0961,0,0.144,"['NORMAL', 'LOW_RISK_PAYMENT', 'NORMAL_PATTERN', 'LOW_VALUE_PAYMENT', 'SIM_BOUND', 'ML_ELEVATED_RISK_DUE_TO_AMOUNT', 'ML_ELEVATED_RISK_DUE_TO_RECEIVER_BAL_AFTER', 'ML_ELEVATED_RISK_DUE_TO_SENDER_BAL_BEFORE', 'ML_ELEVATED_RISK_DUE_TO_IS_SIM_BOUND', 'ML_ELEVATED_RISK_DUE_TO_TIME_TO_PAY_MS', 'SUSPICIOUS_BUT_UNCLEAR', 'NEO4J_UNAVAILABLE', 'MONITORING', 'ELEVATED_ACTIVITY']",2,MONITOR,SOFT_NUDGE,P3,MONITORING,0.5183,0.5183,1.0,1.0,0.8732,0.8732,0.0,0.0,0.0,SUSPICIOUS,SUSPICIOUS_BUT_UNCLEAR,UNKNOWN,UNKNOWN,"['ML elevated risk due to amount', 'ML elevated risk due to receiver_bal_after', 'ML elevated risk due to sender_bal_before', 'ML elevated risk due to is_sim_bound', 'ML elevated risk due to time_to_pay_ms', 'SUSPICIOUS_BUT_UNCLEAR']",TRANSACTION_SUSPECT,True,False,False,1440,2880,AML_MONITORING_QUEUE,MEDIUM
d7cc3239-4040-4f59-aefc-e49252e55010,U-1014,M-2000,118.81,INR,PAYMENT,CARD,120830.43,120711.62,356043.0,2026-09-27 09:46:46.506045+00:00,Delhi,True,1,D-30002,448,NORMAL,LOW_RISK_PAYMENT,LOW,10,0.1441,1438,1.2122,0.1005,132.09,99881.19,49881.19,0,0,0,0,974,1,0,0.0,0.0633,0.2421,0.1809,96.23,91.75,1,0,0,0,0,5.37,0.0911,0,0,0,1,1,0,0,3,3,3,0,0,0,0.1195,0,0.1005,0,0.1279,"['NORMAL', 'LOW_RISK_PAYMENT', 'NORMAL_PATTERN', 'LOW_VALUE_PAYMENT', 'SIM_BOUND', 'ML_ELEVATED_RISK_DUE_TO_AMOUNT', 'ML_ELEVATED_RISK_DUE_TO_RECEIVER_BAL_AFTER', 'ML_ELEVATED_RISK_DUE_TO_SENDER_BAL_BEFORE', 'ML_ELEVATED_RISK_DUE_TO_IS_SIM_BOUND', 'ML_ELEVATED_RISK_DUE_TO_TIME_TO_PAY_MS', 'SUSPICIOUS_BUT_UNCLEAR', 'NEO4J_UNAVAILABLE', 'MONITORING', 'ELEVATED_ACTIVITY']",2,MONITOR,SOFT_NUDGE,P3,MONITORING,0.5493,0.5493,1.0,1.0,0.997,0.997,0.0,0.0,0.0,SUSPICIOUS,SUSPICIOUS_BUT_UNCLEAR,UNKNOWN,UNKNOWN,"['ML elevated risk due to amount', 'ML elevated risk due to receiver_bal_after', 'ML elevated risk due to sender_bal_before', 'ML elevated risk due to is_sim_bound', 'ML elevated risk due to time_to_pay_ms', 'SUSPICIOUS_BUT_UNCLEAR']",TRANSACTION_SUSPECT,True,False,False,1440,2880,AML_MONITORING_QUEUE,MEDIUM
ba502dab-f613-454d-a550-3392782157c2,U-1001,M-2013,9735.76,INR,TRANSFER,CARD,106692.03,96956.27,15578.88,2026-09-27 09:46:43.653260+00:00,Hyderabad,True,1,D-30023,1715,NORMAL,LOW_RISK_PAYMENT,LOW,10,0.113,1407,90.0136,0.0344,10082.29,90264.24,40264.24,0,1,0,0,1504,1,1,0.0,0.3219,0.1055,0.1764,90.95,95.23,1,0,0,0,0,5.21,0.043,0,0,0,1,1,0,0,3,4,2,0,0,0,0.0794,0,0.0344,0,0.1139,"['NORMAL', 'LOW_RISK_PAYMENT', 'NORMAL_PATTERN', 'LOW_VALUE_PAYMENT', 'SIM_BOUND', 'ML_ELEVATED_RISK_DUE_TO_AMOUNT', 'ML_ELEVATED_RISK_DUE_TO_RECEIVER_BAL_AFTER', 'ML_ELEVATED_RISK_DUE_TO_SENDER_BAL_BEFORE', 'ML_ELEVATED_RISK_DUE_TO_IS_SIM_BOUND', 'ML_ELEVATED_RISK_DUE_TO_TIME_TO_PAY_MS', 'SUSPICIOUS_BUT_UNCLEAR', 'NEO4J_UNAVAILABLE', 'CLEARED']",2,ALLOW,ALLOW,INFO,CLEARED,0.456,0.456,1.0,1.0,0.6239,0.6239,0.0,0.0,0.0,SUSPICIOUS,SUSPICIOUS_BUT_UNCLEAR,UNKNOWN,UNKNOWN,"['ML elevated risk due to amount', 'ML elevated risk due to receiver_bal_after', 'ML elevated risk due to sender_bal_before', 'ML elevated risk due to is_sim_bound', 'ML elevated risk due to time_to_pay_ms', 'SUSPICIOUS_BUT_UNCLEAR']",TRANSACTION_MONITOR,False,False,False,10080,20160,AML_INFO_QUEUE,LOW
12262773-966e-44e5-9c9b-c9af2336e949,U-1019,M-2003,6662.67,INR,BILL,UPI,84862.28,78199.61,327467.8,2026-09-27 09:46:37.150347+00:00,Delhi,True,1,D-30002,441,NORMAL,LOW_RISK_PAYMENT,LOW,2,0.1516,897,48.5083,0.0131,6750.85,93337.33,43337.33,0,0,0,0,1703,0,0,0.0,0.2597,0.1834,0.1021,80.43,85.25,1,0,0,0,0,6.4,0.0697,0,0,0,1,1,0,0,1,2,3,0,0,0,0.0754,0,0.0131,0,0.1177,"['NORMAL', 'LOW_RISK_PAYMENT', 'NORMAL_PATTERN', 'LOW_VALUE_PAYMENT', 'SIM_BOUND', 'ML_ELEVATED_RISK_DUE_TO_AMOUNT', 'ML_ELEVATED_RISK_DUE_TO_RECEIVER_BAL_AFTER', 'ML_ELEVATED_RISK_DUE_TO_SENDER_BAL_BEFORE', 'ML_ELEVATED_RISK_DUE_TO_IS_SIM_BOUND', 'ML_ELEVATED_RISK_DUE_TO_TIME_TO_PAY_MS', 'SUSPICIOUS_BUT_UNCLEAR', 'NEO4J_UNAVAILABLE', 'MONITORING', 'ELEVATED_ACTIVITY']",2,MONITOR,SOFT_NUDGE,P3,MONITORING,0.5115,0.5115,1.0,1.0,0.846,0.846,0.0,0.0,0.0,SUSPICIOUS,SUSPICIOUS_BUT_UNCLEAR,UNKNOWN,UNKNOWN,"['ML elevated risk due to amount', 'ML elevated risk due to receiver_bal_after', 'ML elevated risk due to sender_bal_before', 'ML elevated risk due to is_sim_bound', 'ML elevated risk due to time_to_pay_ms', 'SUSPICIOUS_BUT_UNCLEAR']",TRANSACTION_SUSPECT,True,False,False,1440,2880,AML_MONITORING_QUEUE,MEDIUM
a8def7b5-d6c8-4f17-a607-1f1a85fc9717,U-1020,M-2014,7140.64,INR,PAYMENT,NETBANKING,188349.76,181209.12,95321.61,2026-09-27 09:46:33.971332+00:00,Mumbai,True,1,D-30002,921,NORMAL,LOW_RISK_PAYMENT,LOW,6,0.2296,724,38.3074,0.0284,7349.08,92859.36,42859.36,0,1,0,0,815,0,1,0.0,0.1766,0.0095,0.1853,93.68,88.96,1,0,0,0,0,5.51,0.1176,0,0,0,2,1,0,0,3,1,3,0,0,0,0.0577,0,0.0284,0,0.0521,"['NORMAL', 'LOW_RISK_PAYMENT', 'NORMAL_PATTERN', 'LOW_VALUE_PAYMENT', 'SIM_BOUND', 'ML_ELEVATED_RISK_DUE_TO_AMOUNT', 'ML_ELEVATED_RISK_DUE_TO_RECEIVER_BAL_AFTER', 'ML_ELEVATED_RISK_DUE_TO_SENDER_BAL_BEFORE', 'ML_ELEVATED_RISK_DUE_TO_IS_SIM_BOUND', 'ML_ELEVATED_RISK_DUE_TO_TIME_TO_PAY_MS', 'SUSPICIOUS_BUT_UNCLEAR', 'NEO4J_UNAVAILABLE', 'CLEARED']",2,ALLOW,ALLOW,INFO,CLEARED,0.2428,0.2428,0.0,0.0,0.9713,0.9713,0.0,0.0,0.0,ALLOW,SUSPICIOUS_BUT_UNCLEAR,UNKNOWN,UNKNOWN,"['ML elevated risk due to amount', 'ML elevated risk due to receiver_bal_after', 'ML elevated risk due to sender_bal_before', 'ML elevated risk due to is_sim_bound', 'ML elevated risk due to time_to_pay_ms', 'SUSPICIOUS_BUT_UNCLEAR']",TRANSACTION_MONITOR,False,False,False,10080,20160,AML_INFO_QUEUE,LOW
23b8e30a-a84c-4ca9-a99c-4f17e88a0463,U-1052,M-2021,37716.72,INR,PAYMENT,CARD,232433.74,194717.02,651180.51,2026-09-27 09:46:27.621989+00:00,Delhi,True,1,D-30026,385,P3_MONITOR,MILD_VELOCITY,P3,6,0.5225,140,479.0083,0.0874,41327.88,62283.28,12283.28,0,1,0,0,1031,3,2,0.4311,0.5445,0.5117,0.4311,78.56,63.76,1,1,1,0,0,4.64,0.2559,0,0,0,3,2,0,0,5,2,0,1,0,0,0.2031,0,0.0874,1,0.4684,"['P3_MONITOR', 'MILD_VELOCITY', 'WATCHLIST_PROXIMITY', 'DEVICE_REUSE', 'ML_ELEVATED_RISK_DUE_TO_AMOUNT', 'ML_ELEVATED_RISK_DUE_TO_RECEIVER_BAL_AFTER', 'ML_ELEVATED_RISK_DUE_TO_SENDER_BAL_BEFORE', 'ML_ELEVATED_RISK_DUE_TO_IS_SIM_BOUND', 'ML_ELEVATED_RISK_DUE_TO_TIME_TO_PAY_MS', 'ELEVATED_ACTIVITY_SEQUENCE', 'NEO4J_UNAVAILABLE', 'REALTIME_SCENARIO_GRAPH_FALLBACK', 'MONITORING', 'ELEVATED_ACTIVITY']",2,MONITOR,SOFT_NUDGE,P3,MONITORING,0.5141,0.5141,1.0,1.0,0.5117,0.5117,0.4311,0.4311,0.0,SUSPICIOUS,ELEVATED_ACTIVITY_SEQUENCE,MEDIUM,UNKNOWN,"['ML elevated risk due to amount', 'ML elevated risk due to receiver_bal_after', 'ML elevated risk due to sender_bal_before', 'ML elevated risk due to is_sim_bound', 'ML elevated risk due to time_to_pay_ms', 'ELEVATED_ACTIVITY_SEQUENCE']",TRANSACTION_SUSPECT,True,False,False,1440,2880,AML_MONITORING_QUEUE,MEDIUM
e8497a6a-16e3-400a-aa04-0ce476fb7b05,U-1028,M-2009,9122.1,INR,TRANSFER,UPI,222662.39,213540.29,446637.14,2026-09-27 09:46:20.919968+00:00,Kolkata,True,1,D-30004,720,NORMAL,LOW_RISK_PAYMENT,LOW,8,0.1958,653,93.0816,0.0421,8753.32,90877.9,40877.9,0,0,0,0,1872,0,1,0.0,0.3013,0.1861,0.0819,91.03,82.06,1,0,0,0,0,2.63,0.1457,0,0,0,1,1,0,0,3,2,1,0,0,0,0.1027,0,0.0421,0,0.0606,"['NORMAL', 'LOW_RISK_PAYMENT', 'NORMAL_PATTERN', 'LOW_VALUE_PAYMENT', 'SIM_BOUND', 'ML_ELEVATED_RISK_DUE_TO_AMOUNT', 'ML_ELEVATED_RISK_DUE_TO_RECEIVER_BAL_AFTER', 'ML_ELEVATED_RISK_DUE_TO_SENDER_BAL_BEFORE', 'ML_ELEVATED_RISK_DUE_TO_IS_SIM_BOUND', 'ML_ELEVATED_RISK_DUE_TO_TIME_TO_PAY_MS', 'SUSPICIOUS_BUT_UNCLEAR', 'NEO4J_UNAVAILABLE', 'MONITORING', 'ELEVATED_ACTIVITY']",2,MONITOR,SOFT_NUDGE,P3,MONITORING,0.5219,0.5219,1.0,1.0,0.8875,0.8875,0.0,0.0,0.0,SUSPICIOUS,SUSPICIOUS_BUT_UNCLEAR,UNKNOWN,UNKNOWN,"['ML elevated risk due to amount', 'ML elevated risk due to receiver_bal_after', 'ML elevated risk due to sender_bal_before', 'ML elevated risk due to is_sim_bound', 'ML elevated risk due to time_to_pay_ms', 'SUSPICIOUS_BUT_UNCLEAR']",TRANSACTION_SUSPECT,True,False,False,1440,2880,AML_MONITORING_QUEUE,MEDIUM
5b4e144e-7bbd-48b9-944f-9b30f6485538,U-1027,M-2008,13767.12,INR,P2P,UPI,103894.54,90127.42,556627.77,2026-09-27 09:46:13.314065+00:00,Pune,True,1,D-30005,1437,NORMAL,LOW_RISK_PAYMENT,LOW,10,0.1613,1276,58.2559,0.0672,12899.64,86232.88,36232.88,0,0,0,0,948,0,0,0.0,0.2656,0.0722,0.2323,82.74,88.75,1,0,0,0,0,3.65,0.1071,0,0,0,2,1,0,0,3,1,0,0,0,0,0.1392,0,0.0672,0,0.0647,"['NORMAL', 'LOW_RISK_PAYMENT', 'NORMAL_PATTERN', 'LOW_VALUE_PAYMENT', 'SIM_BOUND', 'ML_ELEVATED_RISK_DUE_TO_AMOUNT', 'ML_ELEVATED_RISK_DUE_TO_RECEIVER_BAL_AFTER', 'ML_ELEVATED_RISK_DUE_TO_SENDER_BAL_BEFORE', 'ML_ELEVATED_RISK_DUE_TO_IS_SIM_BOUND', 'ML_ELEVATED_RISK_DUE_TO_TIME_TO_PAY_MS', 'SUSPICIOUS_BUT_UNCLEAR', 'NEO4J_UNAVAILABLE', 'MONITORING', 'ELEVATED_ACTIVITY']",2,MONITOR,SOFT_NUDGE,P3,MONITORING,0.5064,0.5064,1.0,1.0,0.8255,0.8255,0.0,0.0,0.0,SUSPICIOUS,SUSPICIOUS_BUT_UNCLEAR,UNKNOWN,UNKNOWN,"['ML elevated risk due to amount', 'ML elevated risk due to receiver_bal_after', 'ML elevated risk due to sender_bal_before', 'ML elevated risk due to is_sim_bound', 'ML elevated risk due to time_to_pay_ms', 'SUSPICIOUS_BUT_UNCLEAR']",TRANSACTION_SUSPECT,True,False,False,1440,2880,AML_MONITORING_QUEUE,MEDIUM
d86c354f-f3f2-4069-82c3-63e19ea63471,U-1001,M-2014,12333.78,INR,TRANSFER,CARD,88898.68,76564.9,509817.15,2026-09-27 09:46:10.410357+00:00,Hyderabad,True,1,D-30007,1132,NORMAL,LOW_RISK_PAYMENT,LOW,8,0.2901,387,99.6088,0.0807,13417.08,87666.22,37666.22,0,0,0,0,1100,0,1,0.0,0.0956,0.1781,0.3134,93.49,85.26,1,0,0,0,0,3.36,0.1465,0,0,0,2,1,0,0,3,3,3,0,0,0,0.0639,0,0.0807,0,0.1384,"['NORMAL', 'LOW_RISK_PAYMENT', 'NORMAL_PATTERN', 'LOW_VALUE_PAYMENT', 'SIM_BOUND', 'ML_ELEVATED_RISK_DUE_TO_AMOUNT', 'ML_ELEVATED_RISK_DUE_TO_RECEIVER_BAL_AFTER', 'ML_ELEVATED_RISK_DUE_TO_SENDER_BAL_BEFORE', 'ML_ELEVATED_RISK_DUE_TO_IS_SIM_BOUND', 'ML_ELEVATED_RISK_DUE_TO_TIME_TO_PAY_MS', 'SUSPICIOUS_BUT_UNCLEAR', 'NEO4J_UNAVAILABLE', 'CLEARED']",2,ALLOW,ALLOW,INFO,CLEARED,0.47,0.47,1.0,1.0,0.6802,0.6802,0.0,0.0,0.0,SUSPICIOUS,SUSPICIOUS_BUT_UNCLEAR,UNKNOWN,UNKNOWN,"['ML elevated risk due to amount', 'ML elevated risk due to receiver_bal_after', 'ML elevated risk due to sender_bal_before', 'ML elevated risk due to is_sim_bound', 'ML elevated risk due to time_to_pay_ms', 'SUSPICIOUS_BUT_UNCLEAR']",TRANSACTION_MONITOR,False,False,False,10080,20160,AML_INFO_QUEUE,LOW
edc04d5d-bdd5-42b9-9c71-9f31f5255dce,U-1059,U-1071,64842.18,INR,LAYERING_STEP,UPI,246051.05,181208.87,754225.75,2026-09-27 09:46:04.167932+00:00,Pune,True,1,D-30089,265,P2_REVIEW,LAYERING,P2,16,0.6325,9,3509.3019,0.1239,57694.34,35157.82,14842.18,0,1,0,0,154,5,5,0.8231,0.8717,0.8069,0.8231,59.13,43.05,0,1,1,1,1,2.44,0.656,4,4,8,4,5,1,1,13,2,0,1,1,1,0.6139,0,0.1239,1,0.8232,"['P2_REVIEW', 'LAYERING', 'LAYERING_CHAIN', 'MULE_CLUSTER', 'SHORT_FORWARDING_DELAY', 'SIM_NOT_BOUND', 'ML_ELEVATED_RISK_DUE_TO_AMOUNT', 'ML_ELEVATED_RISK_DUE_TO_RECEIVER_BAL_AFTER', 'ML_ELEVATED_RISK_DUE_TO_SENDER_BAL_BEFORE', 'ML_ELEVATED_RISK_DUE_TO_IS_SIM_BOUND', 'ML_ELEVATED_RISK_DUE_TO_TIME_TO_PAY_MS', 'LAUNDERING_FLOW', 'HIGH_VALUE_TRANSFER', 'NEO4J_UNAVAILABLE', 'REALTIME_SCENARIO_GRAPH_FALLBACK', 'MONITORING', 'ELEVATED_ACTIVITY']",1,MONITOR,SOFT_NUDGE,P3,MONITORING,0.6663,0.6663,1.0,1.0,0.8069,0.8069,0.8231,0.8231,0.0,SUSPICIOUS,LAUNDERING_FLOW,HIGH,UNKNOWN,"['ML elevated risk due to amount', 'ML elevated risk due to receiver_bal_after', 'ML elevated risk due to sender_bal_before', 'ML elevated risk due to is_sim_bound', 'ML elevated risk due to time_to_pay_ms', 'LAUNDERING_FLOW', 'Connected to mule cluster']",TRANSACTION_SUSPECT,True,False,False,1440,2880,AML_MONITORING_QUEUE,MEDIUM
ccea0d56-70a5-44c0-bc0c-3814007bfcee,U-1014,M-2004,3840.46,INR,TRANSFER,NETBANKING,162330.38,158489.92,468340.52,2026-09-27 09:46:01.185777+00:00,Bengaluru,True,1,D-30020,1601,NORMAL,LOW_RISK_PAYMENT,LOW,8,0.052,947,21.1504,0.0202,3919.51,96159.54,46159.54,0,0,0,0,1070,0,0,0.0,0.1981,0.0849,0.0862,92.09,83.21,1,0,0,0,0,6.82,0.0399,0,0,0,1,1,0,0,3,1,2,0,0,0,0.0537,0,0.0202,0,0.0492,"['NORMAL', 'LOW_RISK_PAYMENT', 'NORMAL_PATTERN', 'LOW_VALUE_PAYMENT', 'SIM_BOUND', 'ML_ELEVATED_RISK_DUE_TO_AMOUNT', 'ML_ELEVATED_RISK_DUE_TO_RECEIVER_BAL_AFTER', 'ML_ELEVATED_RISK_DUE_TO_SENDER_BAL_BEFORE', 'ML_ELEVATED_RISK_DUE_TO_IS_SIM_BOUND', 'ML_ELEVATED_RISK_DUE_TO_TIME_TO_PAY_MS', 'SUSPICIOUS_BUT_UNCLEAR', 'NEO4J_UNAVAILABLE', 'CLEARED']",2,ALLOW,ALLOW,INFO,CLEARED,0.2485,0.2485,0.0,0.0,0.9939,0.9939,0.0,0.0,0.0,ALLOW,SUSPICIOUS_BUT_UNCLEAR,UNKNOWN,UNKNOWN,"['ML elevated risk due to amount', 'ML elevated risk due to receiver_bal_after', 'ML elevated risk due to sender_bal_before', 'ML elevated risk due to is_sim_bound', 'ML elevated risk due to time_to_pay_ms', 'SUSPICIOUS_BUT_UNCLEAR']",TRANSACTION_MONITOR,False,False,False,10080,20160,AML_INFO_QUEUE,LOW
dd22bccd-ce73-4fcb-96e7-ed8930cc4cdd,U-1008,M-2007,13401.44,INR,TRANSFER,NETBANKING,147677.72,134276.28,46553.95,2026-09-27 09:45:55.093643+00:00,Hyderabad,True,1,D-30003,1174,NORMAL,LOW_RISK_PAYMENT,LOW,8,0.2884,1097,111.7916,0.1012,14911.06,86598.56,36598.56,0,0,0,0,534,0,0,0.0,0.1706,0.0826,0.1245,89.33,92.53,1,0,0,0,0,6.04,0.0963,0,0,0,2,1,0,0,3,4,2,0,0,0,0.1023,0,0.1012,0,0.0442,"['NORMAL', 'LOW_RISK_PAYMENT', 'NORMAL_PATTERN', 'LOW_VALUE_PAYMENT', 'SIM_BOUND', 'ML_ELEVATED_RISK_DUE_TO_AMOUNT', 'ML_ELEVATED_RISK_DUE_TO_RECEIVER_BAL_AFTER', 'ML_ELEVATED_RISK_DUE_TO_SENDER_BAL_BEFORE', 'ML_ELEVATED_RISK_DUE_TO_IS_SIM_BOUND', 'ML_ELEVATED_RISK_DUE_TO_TIME_TO_PAY_MS', 'SUSPICIOUS_BUT_UNCLEAR', 'NEO4J_UNAVAILABLE', 'MONITORING', 'ELEVATED_ACTIVITY']",2,MONITOR,SOFT_NUDGE,P3,MONITORING,0.518,0.518,1.0,1.0,0.8719,0.8719,0.0,0.0,0.0,SUSPICIOUS,SUSPICIOUS_BUT_UNCLEAR,UNKNOWN,UNKNOWN,"['ML elevated risk due to amount', 'ML elevated risk due to receiver_bal_after', 'ML elevated risk due to sender_bal_before', 'ML elevated risk due to is_sim_bound', 'ML elevated risk due to time_to_pay_ms', 'SUSPICIOUS_BUT_UNCLEAR']",TRANSACTION_SUSPECT,True,False,False,1440,2880,AML_MONITORING_QUEUE,MEDIUM
c6c9af3e-e52b-45e1-afb6-8349a85ccae3,U-1027,M-2007,8711.21,INR,P2P,NETBANKING,48510.97,39799.76,108345.83,2026-09-27 09:45:49.506064+00:00,Hyderabad,True,1,D-30007,813,NORMAL,LOW_RISK_PAYMENT,LOW,8,0.1504,519,39.8511,0.0882,9553.96,91288.79,41288.79,0,0,0,0,1516,1,1,0.0,0.2986,0.23,0.3212,83.84,83.04,1,0,0,0,0,3.59,0.026,0,0,0,2,1,0,0,3,3,2,0,0,0,0.1067,0,0.0882,0,0.0695,"['NORMAL', 'LOW_RISK_PAYMENT', 'NORMAL_PATTERN', 'LOW_VALUE_PAYMENT', 'SIM_BOUND', 'ML_ELEVATED_RISK_DUE_TO_AMOUNT', 'ML_ELEVATED_RISK_DUE_TO_RECEIVER_BAL_AFTER', 'ML_ELEVATED_RISK_DUE_TO_SENDER_BAL_BEFORE', 'ML_ELEVATED_RISK_DUE_TO_IS_SIM_BOUND', 'ML_ELEVATED_RISK_DUE_TO_TIME_TO_PAY_MS', 'SUSPICIOUS_BUT_UNCLEAR', 'NEO4J_UNAVAILABLE', 'MONITORING', 'ELEVATED_ACTIVITY']",2,MONITOR,SOFT_NUDGE,P3,MONITORING,0.5062,0.5062,1.0,1.0,0.825,0.825,0.0,0.0,0.0,SUSPICIOUS,SUSPICIOUS_BUT_UNCLEAR,UNKNOWN,UNKNOWN,"['ML elevated risk due to amount', 'ML elevated risk due to receiver_bal_after', 'ML elevated risk due to sender_bal_before', 'ML elevated risk due to is_sim_bound', 'ML elevated risk due to time_to_pay_ms', 'SUSPICIOUS_BUT_UNCLEAR']",TRANSACTION_SUSPECT,True,False,False,1440,2880,AML_MONITORING_QUEUE,MEDIUM
b1147c5b-7e01-45da-90ef-1e7d3a61fa7a,U-1081,U-1095,391628.84,INR,GATHER_SCATTER,NEFT,425055.54,33426.7,70757.46,2026-09-27 09:45:42.809088+00:00,Pune,False,0,D-30085,195,P1_CRITICAL,GATHER_SCATTER,P1,31,0.9214,4,43593.1144,0.1065,438310.22,291628.84,341628.84,0,1,0,0,26,16,14,0.9389,0.9166,0.9006,0.9389,9.5,6.38,0,1,1,0,1,0.44,0.8144,7,7,20,11,12,1,1,27,10,0,1,1,1,0.9365,0,0.1065,1,0.953,"['P1_CRITICAL', 'GATHER_SCATTER', 'RAPID_DRAIN', 'MULE_CLUSTER', 'SIM_NOT_BOUND', 'ML_ELEVATED_RISK_DUE_TO_AMOUNT', 'ML_ELEVATED_RISK_DUE_TO_RECEIVER_BAL_AFTER', 'ML_ELEVATED_RISK_DUE_TO_SENDER_BAL_BEFORE', 'ML_ELEVATED_RISK_DUE_TO_IS_SIM_BOUND', 'ML_ELEVATED_RISK_DUE_TO_TIME_TO_PAY_MS', 'HIGH_VALUE_TRANSFER', 'VERY_HIGH_VALUE_TRANSACTION', 'NEO4J_UNAVAILABLE', 'REALTIME_SCENARIO_GRAPH_FALLBACK', 'CRITICAL_RISK', 'URGENT_REVIEW']",1,BLOCK,BLOCK,P1,BLOCKED,0.9629,0.9629,1.0,1.0,0.9006,0.9006,0.9389,0.9389,1.0,SUSPICIOUS,GATHER_SCATTER,CRITICAL,UNKNOWN,"['Critical mule laundering pattern detected', 'ML elevated risk due to amount', 'ML elevated risk due to receiver_bal_after', 'ML elevated risk due to sender_bal_before', 'ML elevated risk due to is_sim_bound', 'ML elevated risk due to time_to_pay_ms', 'GATHER_SCATTER', 'Connected to mule cluster']",TRANSACTION_SUSPECT,False,True,True,15,20,AML_CRITICAL_QUEUE,CRITICAL
3e2bcda2-ecba-4657-a81a-8f8ab1745692,U-1008,M-2018,13283.23,INR,TRANSFER,UPI,212560.6,199277.37,251586.76,2026-09-27 09:45:36.390503+00:00,Delhi,True,1,D-30009,608,NORMAL,LOW_RISK_PAYMENT,LOW,6,0.1232,846,80.6757,0.0166,13065.87,86716.77,36716.77,0,0,0,0,1263,0,0,0.0,0.1785,0.1987,0.0749,79.23,87.45,1,0,0,0,0,3.44,0.0722,0,0,0,2,1,0,0,3,3,1,0,0,0,0.1582,0,0.0166,0,0.1544,"['NORMAL', 'LOW_RISK_PAYMENT', 'NORMAL_PATTERN', 'LOW_VALUE_PAYMENT', 'SIM_BOUND', 'ML_ELEVATED_RISK_DUE_TO_AMOUNT', 'ML_ELEVATED_RISK_DUE_TO_RECEIVER_BAL_AFTER', 'ML_ELEVATED_RISK_DUE_TO_SENDER_BAL_BEFORE', 'ML_ELEVATED_RISK_DUE_TO_IS_SIM_BOUND', 'ML_ELEVATED_RISK_DUE_TO_TIME_TO_PAY_MS', 'SUSPICIOUS_BUT_UNCLEAR', 'NEO4J_UNAVAILABLE', 'MONITORING', 'ELEVATED_ACTIVITY']",4,MONITOR,SOFT_NUDGE,P3,MONITORING,0.5369,0.5369,1.0,1.0,0.9476,0.9476,0.0,0.0,0.0,SUSPICIOUS,SUSPICIOUS_BUT_UNCLEAR,UNKNOWN,UNKNOWN,"['ML elevated risk due to amount', 'ML elevated risk due to receiver_bal_after', 'ML elevated risk due to sender_bal_before', 'ML elevated risk due to is_sim_bound', 'ML elevated risk due to time_to_pay_ms', 'SUSPICIOUS_BUT_UNCLEAR']",TRANSACTION_SUSPECT,True,False,False,1440,2880,AML_MONITORING_QUEUE,MEDIUM
2ea128fb-9842-4c3a-8bbc-82a7b8108de9,U-1016,M-2002,14118.28,INR,BILL,NETBANKING,123926.84,109808.56,225192.12,2026-09-27 09:45:33.483523+00:00,Bengaluru,True,1,D-30014,573,NORMAL,LOW_RISK_PAYMENT,LOW,8,0.1075,534,72.9601,0.0187,13858.65,85881.72,35881.72,0,0,0,0,907,0,1,0.0,0.1552,0.0945,0.3342,86.82,74.71,1,0,0,0,0,5.22,0.0311,0,0,0,1,1,0,0,3,4,1,0,0,0,0.0908,0,0.0187,0,0.1079,"['NORMAL', 'LOW_RISK_PAYMENT', 'NORMAL_PATTERN', 'LOW_VALUE_PAYMENT', 'SIM_BOUND', 'ML_ELEVATED_RISK_DUE_TO_AMOUNT', 'ML_ELEVATED_RISK_DUE_TO_RECEIVER_BAL_AFTER', 'ML_ELEVATED_RISK_DUE_TO_SENDER_BAL_BEFORE', 'ML_ELEVATED_RISK_DUE_TO_IS_SIM_BOUND', 'ML_ELEVATED_RISK_DUE_TO_TIME_TO_PAY_MS', 'SUSPICIOUS_BUT_UNCLEAR', 'NEO4J_UNAVAILABLE', 'CLEARED']",2,ALLOW,ALLOW,INFO,CLEARED,0.4871,0.4871,1.0,1.0,0.7483,0.7483,0.0,0.0,0.0,SUSPICIOUS,SUSPICIOUS_BUT_UNCLEAR,UNKNOWN,UNKNOWN,"['ML elevated risk due to amount', 'ML elevated risk due to receiver_bal_after', 'ML elevated risk due to sender_bal_before', 'ML elevated risk due to is_sim_bound', 'ML elevated risk due to time_to_pay_ms', 'SUSPICIOUS_BUT_UNCLEAR']",TRANSACTION_MONITOR,False,False,False,10080,20160,AML_INFO_QUEUE,LOW
2964637e-a6e7-4aeb-99f7-ae5245ab7a17,U-1004,U-1035,5637.81,INR,P2P,UPI,147603.8,141965.99,706112.6,2026-09-27 09:45:27.190114+00:00,Chennai,True,1,D-30009,400,NORMAL,LOW_RISK_PAYMENT,LOW,14,0.254,515,49.0386,0.1019,6277.57,94362.19,44362.19,0,0,0,0,2095,0,1,0.0,0.1306,0.009,0.3086,97.56,92.6,1,0,0,0,0,2.64,0.1177,0,0,0,2,1,0,0,3,1,2,0,0,0,0.0671,0,0.1019,0,0.0824,"['NORMAL', 'LOW_RISK_PAYMENT', 'NORMAL_PATTERN', 'LOW_VALUE_PAYMENT', 'SIM_BOUND', 'ML_ELEVATED_RISK_DUE_TO_AMOUNT', 'ML_ELEVATED_RISK_DUE_TO_RECEIVER_BAL_AFTER', 'ML_ELEVATED_RISK_DUE_TO_SENDER_BAL_BEFORE', 'ML_ELEVATED_RISK_DUE_TO_IS_SIM_BOUND', 'ML_ELEVATED_RISK_DUE_TO_TIME_TO_PAY_MS', 'SUSPICIOUS_BUT_UNCLEAR', 'NEO4J_UNAVAILABLE', 'MONITORING', 'ELEVATED_ACTIVITY']",2,MONITOR,SOFT_NUDGE,P3,MONITORING,0.5101,0.5101,1.0,1.0,0.8402,0.8402,0.0,0.0,0.0,SUSPICIOUS,SUSPICIOUS_BUT_UNCLEAR,UNKNOWN,UNKNOWN,"['ML elevated risk due to amount', 'ML elevated risk due to receiver_bal_after', 'ML elevated risk due to sender_bal_before', 'ML elevated risk due to is_sim_bound', 'ML elevated risk due to time_to_pay_ms', 'SUSPICIOUS_BUT_UNCLEAR']",TRANSACTION_SUSPECT,True,False,False,1440,2880,AML_MONITORING_QUEUE,MEDIUM
54ce1dc1-3927-4250-a31f-e0aa9fc43d3e,U-1009,M-2003,8524.95,INR,PAYMENT,UPI,40332.84,31807.89,50378.27,2026-09-27 09:45:20.429371+00:00,Hyderabad,True,1,D-30009,1133,NORMAL,LOW_RISK_PAYMENT,LOW,8,0.1747,848,68.8522,0.0835,9302.11,91475.05,41475.05,0,0,0,0,1849,1,0,0.0,0.059,0.1069,0.2528,79.35,93.66,1,0,0,0,0,2.79,0.0513,0,0,0,2,1,0,0,3,4,1,0,0,0,0.0815,0,0.0835,0,0.1313,"['NORMAL', 'LOW_RISK_PAYMENT', 'NORMAL_PATTERN', 'LOW_VALUE_PAYMENT', 'SIM_BOUND', 'ML_ELEVATED_RISK_DUE_TO_AMOUNT', 'ML_ELEVATED_RISK_DUE_TO_RECEIVER_BAL_AFTER', 'ML_ELEVATED_RISK_DUE_TO_SENDER_BAL_BEFORE', 'ML_ELEVATED_RISK_DUE_TO_IS_SIM_BOUND', 'ML_ELEVATED_RISK_DUE_TO_TIME_TO_PAY_MS', 'SUSPICIOUS_BUT_UNCLEAR', 'NEO4J_UNAVAILABLE', 'MONITORING', 'ELEVATED_ACTIVITY']",4,MONITOR,SOFT_NUDGE,P3,MONITORING,0.5092,0.5092,1.0,1.0,0.8368,0.8368,0.0,0.0,0.0,SUSPICIOUS,SUSPICIOUS_BUT_UNCLEAR,UNKNOWN,UNKNOWN,"['ML elevated risk due to amount', 'ML elevated risk due to receiver_bal_after', 'ML elevated risk due to sender_bal_before', 'ML elevated risk due to is_sim_bound', 'ML elevated risk due to time_to_pay_ms', 'SUSPICIOUS_BUT_UNCLEAR']",TRANSACTION_SUSPECT,True,False,False,1440,2880,AML_MONITORING_QUEUE,MEDIUM
afae50d1-195e-4c5c-bb62-56c67259c0a2,U-1080,M-2047,48996.82,INR,STRUCTURING,UPI,55214.91,6218.09,737056.46,2026-09-27 09:45:13.926245+00:00,Chennai,False,0,D-30048,10,P1_CRITICAL,STRUCTURING,P1,30,0.8874,5,10713.9829,0.0296,50489.75,51003.18,1003.18,0,1,0,1,54,12,15,0.9312,0.9559,0.974,0.9312,18.86,15.56,0,1,1,1,1,1.13,0.8763,6,6,29,7,6,1,1,23,9,0,1,1,1,0.9208,1,0.9208,1,0.9353,"['P1_CRITICAL', 'STRUCTURING', 'NEAR_THRESHOLD', 'HIGH_VALUE_TRANSFER', 'ML_ELEVATED_RISK_DUE_TO_AMOUNT', 'ML_ELEVATED_RISK_DUE_TO_RECEIVER_BAL_AFTER', 'ML_ELEVATED_RISK_DUE_TO_SENDER_BAL_BEFORE', 'ML_ELEVATED_RISK_DUE_TO_IS_SIM_BOUND', 'ML_ELEVATED_RISK_DUE_TO_TIME_TO_PAY_MS', 'GATHER_SCATTER', 'NEO4J_UNAVAILABLE', 'REALTIME_SCENARIO_GRAPH_FALLBACK', 'CRITICAL_RISK', 'URGENT_REVIEW']",1,BLOCK,BLOCK,P1,BLOCKED,0.9797,0.9797,1.0,1.0,0.974,0.974,0.9312,0.9312,1.0,SUSPICIOUS,GATHER_SCATTER,CRITICAL,UNKNOWN,"['Critical mule laundering pattern detected', 'ML elevated risk due to amount', 'ML elevated risk due to receiver_bal_after', 'ML elevated risk due to sender_bal_before', 'ML elevated risk due to is_sim_bound', 'ML elevated risk due to time_to_pay_ms', 'GATHER_SCATTER', 'Connected to mule cluster']",TRANSACTION_SUSPECT,False,True,True,15,20,AML_CRITICAL_QUEUE,CRITICAL
73e337c3-2808-4214-ba61-a35a16ad0a36,U-1015,M-2002,7927.11,INR,P2P,NETBANKING,89449.09,81521.98,770042.13,2026-09-27 09:45:06.879775+00:00,Delhi,True,1,D-30008,1045,NORMAL,LOW_RISK_PAYMENT,LOW,10,0.1108,713,86.9681,0.0337,7668.8,92072.89,42072.89,0,1,0,0,685,0,0,0.0,0.1606,0.2324,0.0986,87.43,75.95,1,0,0,0,0,5.46,0.0813,0,0,0,2,1,0,0,3,4,2,0,0,0,0.1228,0,0.0337,0,0.0731,"['NORMAL', 'LOW_RISK_PAYMENT', 'NORMAL_PATTERN', 'LOW_VALUE_PAYMENT', 'SIM_BOUND', 'ML_ELEVATED_RISK_DUE_TO_AMOUNT', 'ML_ELEVATED_RISK_DUE_TO_RECEIVER_BAL_AFTER', 'ML_ELEVATED_RISK_DUE_TO_SENDER_BAL_BEFORE', 'ML_ELEVATED_RISK_DUE_TO_IS_SIM_BOUND', 'ML_ELEVATED_RISK_DUE_TO_TIME_TO_PAY_MS', 'SUSPICIOUS_BUT_UNCLEAR', 'NEO4J_UNAVAILABLE', 'MONITORING', 'ELEVATED_ACTIVITY']",2,MONITOR,SOFT_NUDGE,P3,MONITORING,0.5236,0.5236,1.0,1.0,0.8945,0.8945,0.0,0.0,0.0,SUSPICIOUS,SUSPICIOUS_BUT_UNCLEAR,UNKNOWN,UNKNOWN,"['ML elevated risk due to amount', 'ML elevated risk due to receiver_bal_after', 'ML elevated risk due to sender_bal_before', 'ML elevated risk due to is_sim_bound', 'ML elevated risk due to time_to_pay_ms', 'SUSPICIOUS_BUT_UNCLEAR']",TRANSACTION_SUSPECT,True,False,False,1440,2880,AML_MONITORING_QUEUE,MEDIUM
d6fced3d-ee5c-49d6-bbd1-794493313edb,U-1021,M-2016,4021.86,INR,PAYMENT,CARD,212404.47,208382.61,135734.9,2026-09-27 09:45:00.576370+00:00,Chennai,True,1,D-30015,1816,NORMAL,LOW_RISK_PAYMENT,LOW,6,0.2315,321,20.1609,0.0418,4197.49,95978.14,45978.14,0,1,0,0,2101,0,1,0.0,0.269,0.1962,0.1405,86.71,79.3,1,0,0,0,0,6.43,0.123,0,0,0,2,1,0,0,3,1,3,0,0,0,0.084,0,0.0418,0,0.0736,"['NORMAL', 'LOW_RISK_PAYMENT', 'NORMAL_PATTERN', 'LOW_VALUE_PAYMENT', 'SIM_BOUND', 'ML_ELEVATED_RISK_DUE_TO_AMOUNT', 'ML_ELEVATED_RISK_DUE_TO_RECEIVER_BAL_AFTER', 'ML_ELEVATED_RISK_DUE_TO_SENDER_BAL_BEFORE', 'ML_ELEVATED_RISK_DUE_TO_IS_SIM_BOUND', 'ML_ELEVATED_RISK_DUE_TO_TIME_TO_PAY_MS', 'SUSPICIOUS_BUT_UNCLEAR', 'NEO4J_UNAVAILABLE', 'MONITORING', 'ELEVATED_ACTIVITY']",2,MONITOR,SOFT_NUDGE,P3,MONITORING,0.5165,0.5165,1.0,1.0,0.8662,0.8662,0.0,0.0,0.0,SUSPICIOUS,SUSPICIOUS_BUT_UNCLEAR,UNKNOWN,UNKNOWN,"['ML elevated risk due to amount', 'ML elevated risk due to receiver_bal_after', 'ML elevated risk due to sender_bal_before', 'ML elevated risk due to is_sim_bound', 'ML elevated risk due to time_to_pay_ms', 'SUSPICIOUS_BUT_UNCLEAR']",TRANSACTION_SUSPECT,True,False,False,1440,2880,AML_MONITORING_QUEUE,MEDIUM
fe3660ff-4809-4e93-a83f-50c1698970e1,U-1007,M-2015,520.12,INR,PAYMENT,UPI,114811.28,114291.16,587804.63,2026-09-27 09:44:54.553959+00:00,Kolkata,True,1,D-30023,1973,NORMAL,LOW_RISK_PAYMENT,LOW,14,0.2943,618,5.1475,0.0434,498.5,99479.88,49479.88,0,0,0,0,1539,0,0,0.0,0.2638,0.0057,0.0865,81.65,76.62,1,0,0,0,0,2.64,0.0675,0,0,0,2,1,0,0,3,1,0,0,0,0,0.1071,0,0.0434,0,0.1585,"['NORMAL', 'LOW_RISK_PAYMENT', 'NORMAL_PATTERN', 'LOW_VALUE_PAYMENT', 'SIM_BOUND', 'ML_ELEVATED_RISK_DUE_TO_AMOUNT', 'ML_ELEVATED_RISK_DUE_TO_RECEIVER_BAL_AFTER', 'ML_ELEVATED_RISK_DUE_TO_SENDER_BAL_BEFORE', 'ML_ELEVATED_RISK_DUE_TO_IS_SIM_BOUND', 'ML_ELEVATED_RISK_DUE_TO_TIME_TO_PAY_MS', 'SUSPICIOUS_BUT_UNCLEAR', 'NEO4J_UNAVAILABLE', 'MONITORING', 'ELEVATED_ACTIVITY']",2,MONITOR,SOFT_NUDGE,P3,MONITORING,0.5296,0.5296,1.0,1.0,0.9185,0.9185,0.0,0.0,0.0,SUSPICIOUS,SUSPICIOUS_BUT_UNCLEAR,UNKNOWN,UNKNOWN,"['ML elevated risk due to amount', 'ML elevated risk due to receiver_bal_after', 'ML elevated risk due to sender_bal_before', 'ML elevated risk due to is_sim_bound', 'ML elevated risk due to time_to_pay_ms', 'SUSPICIOUS_BUT_UNCLEAR']",TRANSACTION_SUSPECT,True,False,False,1440,2880,AML_MONITORING_QUEUE,MEDIUM
d7951c44-12c3-465e-90ff-f987279936cd,U-1013,U-1038,1847.84,INR,BILL,UPI,34923.16,33075.32,397650.61,2026-09-27 09:44:48.608061+00:00,Hyderabad,True,1,D-30003,1637,NORMAL,LOW_RISK_PAYMENT,LOW,12,0.2593,1181,17.2988,0.0863,1701.06,98152.16,48152.16,0,0,0,0,1042,0,0,0.0,0.1388,0.1736,0.2409,82.54,88.38,1,0,0,0,0,6.45,0.1134,0,0,0,2,1,0,0,3,4,2,0,0,0,0.1367,0,0.0863,0,0.1471,"['NORMAL', 'LOW_RISK_PAYMENT', 'NORMAL_PATTERN', 'LOW_VALUE_PAYMENT', 'SIM_BOUND', 'ML_ELEVATED_RISK_DUE_TO_AMOUNT', 'ML_ELEVATED_RISK_DUE_TO_RECEIVER_BAL_AFTER', 'ML_ELEVATED_RISK_DUE_TO_SENDER_BAL_BEFORE', 'ML_ELEVATED_RISK_DUE_TO_IS_SIM_BOUND', 'ML_ELEVATED_RISK_DUE_TO_TIME_TO_PAY_MS', 'SUSPICIOUS_BUT_UNCLEAR', 'NEO4J_UNAVAILABLE', 'MONITORING', 'ELEVATED_ACTIVITY']",4,MONITOR,SOFT_NUDGE,P3,MONITORING,0.5232,0.5232,1.0,1.0,0.893,0.893,0.0,0.0,0.0,SUSPICIOUS,SUSPICIOUS_BUT_UNCLEAR,UNKNOWN,UNKNOWN,"['ML elevated risk due to amount', 'ML elevated risk due to receiver_bal_after', 'ML elevated risk due to sender_bal_before', 'ML elevated risk due to is_sim_bound', 'ML elevated risk due to time_to_pay_ms', 'SUSPICIOUS_BUT_UNCLEAR']",TRANSACTION_SUSPECT,True,False,False,1440,2880,AML_MONITORING_QUEUE,MEDIUM
4ac79d7b-fd0e-4269-a25e-3a4712bf5b59,U-1006,U-1038,12121.21,INR,TRANSFER,NETBANKING,151299.98,139178.77,408568.77,2026-09-27 09:44:42.200448+00:00,Delhi,True,1,D-30011,596,NORMAL,LOW_RISK_PAYMENT,LOW,4,0.1853,1182,56.9794,0.0883,13294.54,87878.79,37878.79,0,0,0,0,408,1,1,0.0,0.1641,0.1933,0.2896,80.97,87.42,1,0,0,0,0,2.4,0.1041,0,0,0,2,1,0,0,3,4,3,0,0,0,0.0525,0,0.0883,0,0.1221,"['NORMAL', 'LOW_RISK_PAYMENT', 'NORMAL_PATTERN', 'LOW_VALUE_PAYMENT', 'SIM_BOUND', 'ML_ELEVATED_RISK_DUE_TO_AMOUNT', 'ML_ELEVATED_RISK_DUE_TO_RECEIVER_BAL_AFTER', 'ML_ELEVATED_RISK_DUE_TO_SENDER_BAL_BEFORE', 'ML_ELEVATED_RISK_DUE_TO_IS_SIM_BOUND', 'ML_ELEVATED_RISK_DUE_TO_TIME_TO_PAY_MS', 'SUSPICIOUS_BUT_UNCLEAR', 'NEO4J_UNAVAILABLE', 'MONITORING', 'ELEVATED_ACTIVITY']",2,MONITOR,SOFT_NUDGE,P3,MONITORING,0.5175,0.5175,1.0,1.0,0.8701,0.8701,0.0,0.0,0.0,SUSPICIOUS,SUSPICIOUS_BUT_UNCLEAR,UNKNOWN,UNKNOWN,"['ML elevated risk due to amount', 'ML elevated risk due to receiver_bal_after', 'ML elevated risk due to sender_bal_before', 'ML elevated risk due to is_sim_bound', 'ML elevated risk due to time_to_pay_ms', 'SUSPICIOUS_BUT_UNCLEAR']",TRANSACTION_SUSPECT,True,False,False,1440,2880,AML_MONITORING_QUEUE,MEDIUM
f6244500-6031-4ad6-be92-9a5bb4d2ac85,U-1045,M-2027,34161.49,INR,PAYMENT,UPI,132864.62,98703.13,465808.48,2026-09-27 09:44:39.214617+00:00,Pune,True,1,D-30033,673,P3_MONITOR,MILD_VELOCITY,P3,6,0.3674,112,504.0065,0.0369,32946.44,65838.51,15838.51,0,1,0,0,1422,3,0,0.3582,0.5584,0.467,0.3582,80.84,64.03,0,1,1,0,0,2.8,0.2972,1,1,0,2,2,0,0,5,5,0,1,0,0,0.2119,0,0.0369,1,0.426,"['P3_MONITOR', 'MILD_VELOCITY', 'WATCHLIST_PROXIMITY', 'DEVICE_REUSE', 'ML_ELEVATED_RISK_DUE_TO_AMOUNT', 'ML_ELEVATED_RISK_DUE_TO_RECEIVER_BAL_AFTER', 'ML_ELEVATED_RISK_DUE_TO_SENDER_BAL_BEFORE', 'ML_ELEVATED_RISK_DUE_TO_IS_SIM_BOUND', 'ML_ELEVATED_RISK_DUE_TO_TIME_TO_PAY_MS', 'SUSPICIOUS_BUT_UNCLEAR', 'NEO4J_UNAVAILABLE', 'REALTIME_SCENARIO_GRAPH_FALLBACK', 'CLEARED']",2,ALLOW,ALLOW,INFO,CLEARED,0.4975,0.4975,1.0,1.0,0.5035,0.5035,0.3582,0.3582,0.0,SUSPICIOUS,SUSPICIOUS_BUT_UNCLEAR,MEDIUM,UNKNOWN,"['ML elevated risk due to amount', 'ML elevated risk due to receiver_bal_after', 'ML elevated risk due to sender_bal_before', 'ML elevated risk due to is_sim_bound', 'ML elevated risk due to time_to_pay_ms', 'SUSPICIOUS_BUT_UNCLEAR', 'Connected to mule cluster']",TRANSACTION_MONITOR,False,False,False,10080,20160,AML_INFO_QUEUE,LOW
4116f72e-b184-4d27-a57b-86b623dbb73e,U-1063,M-2041,86994.46,INR,LAYERING_STEP,UPI,265809.68,178815.22,186779.42,2026-09-27 09:44:32.428080+00:00,Bengaluru,False,0,D-30063,125,P2_REVIEW,LAYERING,P2,9,0.71,45,3817.5302,0.1848,73426.96,13005.54,36994.46,0,1,0,0,46,7,2,0.8798,0.7705,0.8157,0.8798,37.88,40.6,0,1,1,0,1,1.43,0.5662,2,2,6,7,6,1,1,10,2,0,1,1,1,0.7686,0,0.1848,1,0.8644,"['P2_REVIEW', 'LAYERING', 'LAYERING_CHAIN', 'MULE_CLUSTER', 'SHORT_FORWARDING_DELAY', 'SIM_NOT_BOUND', 'ML_ELEVATED_RISK_DUE_TO_AMOUNT', 'ML_ELEVATED_RISK_DUE_TO_RECEIVER_BAL_AFTER', 'ML_ELEVATED_RISK_DUE_TO_SENDER_BAL_BEFORE', 'ML_ELEVATED_RISK_DUE_TO_IS_SIM_BOUND', 'ML_ELEVATED_RISK_DUE_TO_TIME_TO_PAY_MS', 'LAUNDERING_FLOW', 'HIGH_VALUE_TRANSFER', 'NEO4J_UNAVAILABLE', 'REALTIME_SCENARIO_GRAPH_FALLBACK', 'MONITORING', 'ELEVATED_ACTIVITY']",1,MONITOR,SOFT_NUDGE,P3,MONITORING,0.6799,0.6799,1.0,1.0,0.8157,0.8157,0.8798,0.8798,0.0,SUSPICIOUS,LAUNDERING_FLOW,HIGH,UNKNOWN,"['ML elevated risk due to amount', 'ML elevated risk due to receiver_bal_after', 'ML elevated risk due to sender_bal_before', 'ML elevated risk due to is_sim_bound', 'ML elevated risk due to time_to_pay_ms', 'LAUNDERING_FLOW', 'Connected to mule cluster']",TRANSACTION_SUSPECT,True,False,False,1440,2880,AML_MONITORING_QUEUE,MEDIUM
d4678398-9a5c-4c5f-90a5-b5b74cc0c768,U-1020,U-1031,10216.35,INR,PAYMENT,UPI,63545.12,53328.77,597318.44,2026-09-27 09:44:26.152497+00:00,Hyderabad,True,1,D-30019,1161,NORMAL,LOW_RISK_PAYMENT,LOW,4,0.1509,676,56.4981,0.0711,10998.77,89783.65,39783.65,0,0,0,0,2212,1,0,0.0,0.3084,0.1953,0.1957,86.29,86.76,1,0,0,0,0,6.98,0.0643,0,0,0,1,1,0,0,3,2,2,0,0,0,0.078,0,0.0711,0,0.119,"['NORMAL', 'LOW_RISK_PAYMENT', 'NORMAL_PATTERN', 'LOW_VALUE_PAYMENT', 'SIM_BOUND', 'ML_ELEVATED_RISK_DUE_TO_AMOUNT', 'ML_ELEVATED_RISK_DUE_TO_RECEIVER_BAL_AFTER', 'ML_ELEVATED_RISK_DUE_TO_SENDER_BAL_BEFORE', 'ML_ELEVATED_RISK_DUE_TO_IS_SIM_BOUND', 'ML_ELEVATED_RISK_DUE_TO_TIME_TO_PAY_MS', 'SUSPICIOUS_BUT_UNCLEAR', 'NEO4J_UNAVAILABLE', 'MONITORING', 'ELEVATED_ACTIVITY']",2,MONITOR,SOFT_NUDGE,P3,MONITORING,0.5435,0.5435,1.0,1.0,0.974,0.974,0.0,0.0,0.0,SUSPICIOUS,SUSPICIOUS_BUT_UNCLEAR,UNKNOWN,UNKNOWN,"['ML elevated risk due to amount', 'ML elevated risk due to receiver_bal_after', 'ML elevated risk due to sender_bal_before', 'ML elevated risk due to is_sim_bound', 'ML elevated risk due to time_to_pay_ms', 'SUSPICIOUS_BUT_UNCLEAR']",TRANSACTION_SUSPECT,True,False,False,1440,2880,AML_MONITORING_QUEUE,MEDIUM
44d710b8-f2a7-4fd6-aa81-598048dd28ab,U-1013,U-1037,8783.8,INR,TRANSFER,NETBANKING,240942.69,232158.89,63802.32,2026-09-27 09:44:18.790537+00:00,Delhi,True,1,D-30022,1327,NORMAL,LOW_RISK_PAYMENT,LOW,10,0.29,1425,94.9751,0.0292,8534.43,91216.2,41216.2,0,0,0,0,1121,1,0,0.0,0.3232,0.0986,0.2742,90.11,90.67,1,0,0,0,0,2.47,0.0598,0,0,0,1,1,0,0,3,2,1,0,0,0,0.1108,0,0.0292,0,0.09,"['NORMAL', 'LOW_RISK_PAYMENT', 'NORMAL_PATTERN', 'LOW_VALUE_PAYMENT', 'SIM_BOUND', 'ML_ELEVATED_RISK_DUE_TO_AMOUNT', 'ML_ELEVATED_RISK_DUE_TO_RECEIVER_BAL_AFTER', 'ML_ELEVATED_RISK_DUE_TO_SENDER_BAL_BEFORE', 'ML_ELEVATED_RISK_DUE_TO_IS_SIM_BOUND', 'ML_ELEVATED_RISK_DUE_TO_TIME_TO_PAY_MS', 'SUSPICIOUS_BUT_UNCLEAR', 'NEO4J_UNAVAILABLE', 'MONITORING', 'ELEVATED_ACTIVITY']",2,MONITOR,SOFT_NUDGE,P3,MONITORING,0.5337,0.5337,1.0,1.0,0.9349,0.9349,0.0,0.0,0.0,SUSPICIOUS,SUSPICIOUS_BUT_UNCLEAR,UNKNOWN,UNKNOWN,"['ML elevated risk due to amount', 'ML elevated risk due to receiver_bal_after', 'ML elevated risk due to sender_bal_before', 'ML elevated risk due to is_sim_bound', 'ML elevated risk due to time_to_pay_ms', 'SUSPICIOUS_BUT_UNCLEAR']",TRANSACTION_SUSPECT,True,False,False,1440,2880,AML_MONITORING_QUEUE,MEDIUM
d649b070-7071-4196-b658-32842b8d68b2,U-1024,U-1031,14542.33,INR,PAYMENT,UPI,56101.07,41558.74,122726.23,2026-09-27 09:44:12.363702+00:00,Delhi,True,1,D-30020,857,NORMAL,LOW_RISK_PAYMENT,LOW,10,0.0805,542,116.3244,0.1159,13032.38,85457.67,35457.67,0,0,0,0,1222,0,1,0.0,0.0966,0.0172,0.314,94.9,91.51,1,0,0,0,0,6.95,0.0343,0,0,0,2,1,0,0,3,2,1,0,0,0,0.0476,0,0.1159,0,0.1355,"['NORMAL', 'LOW_RISK_PAYMENT', 'NORMAL_PATTERN', 'LOW_VALUE_PAYMENT', 'SIM_BOUND', 'ML_ELEVATED_RISK_DUE_TO_AMOUNT', 'ML_ELEVATED_RISK_DUE_TO_RECEIVER_BAL_AFTER', 'ML_ELEVATED_RISK_DUE_TO_SENDER_BAL_BEFORE', 'ML_ELEVATED_RISK_DUE_TO_IS_SIM_BOUND', 'ML_ELEVATED_RISK_DUE_TO_TIME_TO_PAY_MS', 'SUSPICIOUS_BUT_UNCLEAR', 'NEO4J_UNAVAILABLE', 'MONITORING', 'ELEVATED_ACTIVITY']",2,MONITOR,SOFT_NUDGE,P3,MONITORING,0.5451,0.5451,1.0,1.0,0.9803,0.9803,0.0,0.0,0.0,SUSPICIOUS,SUSPICIOUS_BUT_UNCLEAR,UNKNOWN,UNKNOWN,"['ML elevated risk due to amount', 'ML elevated risk due to receiver_bal_after', 'ML elevated risk due to sender_bal_before', 'ML elevated risk due to is_sim_bound', 'ML elevated risk due to time_to_pay_ms', 'SUSPICIOUS_BUT_UNCLEAR']",TRANSACTION_SUSPECT,True,False,False,1440,2880,AML_MONITORING_QUEUE,MEDIUM
13f96d71-f024-4697-91f5-8b1df94bf5bb,U-1052,M-2025,33666.11,INR,P2P,UPI,141305.98,107639.87,676570.04,2026-09-27 09:44:04.298036+00:00,Mumbai,True,1,D-30021,888,P3_MONITOR,MILD_VELOCITY,P3,6,0.3711,225,836.6063,0.0593,35786.78,66333.89,16333.89,0,0,0,0,271,1,2,0.4834,0.6288,0.4014,0.4834,67.22,67.75,1,0,0,0,0,3.49,0.3473,1,1,1,2,2,0,0,4,5,1,1,0,0,0.3481,0,0.0593,0,0.4142,"['P3_MONITOR', 'MILD_VELOCITY', 'WATCHLIST_PROXIMITY', 'DEVICE_REUSE', 'ML_ELEVATED_RISK_DUE_TO_AMOUNT', 'ML_ELEVATED_RISK_DUE_TO_RECEIVER_BAL_AFTER', 'ML_ELEVATED_RISK_DUE_TO_SENDER_BAL_BEFORE', 'ML_ELEVATED_RISK_DUE_TO_IS_SIM_BOUND', 'ML_ELEVATED_RISK_DUE_TO_TIME_TO_PAY_MS', 'NEO4J_UNAVAILABLE', 'REALTIME_SCENARIO_GRAPH_FALLBACK', 'MONITORING', 'ELEVATED_ACTIVITY']",2,MONITOR,SOFT_NUDGE,P3,MONITORING,0.5203,0.5203,1.0,1.0,0.4946,0.4946,0.4834,0.4834,0.0,SUSPICIOUS,NONE,MEDIUM,UNKNOWN,"['ML elevated risk due to amount', 'ML elevated risk due to receiver_bal_after', 'ML elevated risk due to sender_bal_before', 'ML elevated risk due to is_sim_bound', 'ML elevated risk due to time_to_pay_ms', 'Connected to mule cluster']",TRANSACTION_SUSPECT,True,False,False,1440,2880,AML_MONITORING_QUEUE,MEDIUM
089944d7-c441-4be3-8fdd-4ad1c0f6d798,U-1001,U-1034,8241.14,INR,TRANSFER,NETBANKING,153838.84,145597.7,514183.24,2026-09-27 09:44:01.276336+00:00,Mumbai,True,1,D-30016,460,NORMAL,LOW_RISK_PAYMENT,LOW,6,0.1252,396,85.1001,0.0314,7989.87,91758.86,41758.86,0,0,0,0,1554,0,0,0.0,0.202,0.0324,0.3295,90.2,85.53,1,0,0,0,0,6.18,0.1319,0,0,0,2,1,0,0,3,4,0,0,0,0,0.1208,0,0.0314,0,0.0634,"['NORMAL', 'LOW_RISK_PAYMENT', 'NORMAL_PATTERN', 'LOW_VALUE_PAYMENT', 'SIM_BOUND', 'ML_ELEVATED_RISK_DUE_TO_AMOUNT', 'ML_ELEVATED_RISK_DUE_TO_RECEIVER_BAL_AFTER', 'ML_ELEVATED_RISK_DUE_TO_SENDER_BAL_BEFORE', 'ML_ELEVATED_RISK_DUE_TO_IS_SIM_BOUND', 'ML_ELEVATED_RISK_DUE_TO_TIME_TO_PAY_MS', 'SUSPICIOUS_BUT_UNCLEAR', 'NEO4J_UNAVAILABLE', 'CLEARED']",2,ALLOW,ALLOW,INFO,CLEARED,0.497,0.497,1.0,1.0,0.7881,0.7881,0.0,0.0,0.0,SUSPICIOUS,SUSPICIOUS_BUT_UNCLEAR,UNKNOWN,UNKNOWN,"['ML elevated risk due to amount', 'ML elevated risk due to receiver_bal_after', 'ML elevated risk due to sender_bal_before', 'ML elevated risk due to is_sim_bound', 'ML elevated risk due to time_to_pay_ms', 'SUSPICIOUS_BUT_UNCLEAR']",TRANSACTION_MONITOR,False,False,False,10080,20160,AML_INFO_QUEUE,LOW
4a00d757-e522-4079-bfbb-d87efb8c5ab5,U-1004,U-1036,11785.2,INR,BILL,UPI,127273.6,115488.4,447324.97,2026-09-27 09:43:57.776480+00:00,Hyderabad,True,1,D-30012,592,NORMAL,LOW_RISK_PAYMENT,LOW,12,0.1015,485,53.1998,0.1265,10462.17,88214.8,38214.8,0,0,0,0,1816,0,0,0.0,0.1342,0.1017,0.3383,95.28,86.61,1,0,0,0,0,3.4,0.1235,0,0,0,1,1,0,0,3,2,0,0,0,0,0.1501,0,0.1265,0,0.1336,"['NORMAL', 'LOW_RISK_PAYMENT', 'NORMAL_PATTERN', 'LOW_VALUE_PAYMENT', 'SIM_BOUND', 'ML_ELEVATED_RISK_DUE_TO_AMOUNT', 'ML_ELEVATED_RISK_DUE_TO_RECEIVER_BAL_AFTER', 'ML_ELEVATED_RISK_DUE_TO_SENDER_BAL_BEFORE', 'ML_ELEVATED_RISK_DUE_TO_IS_SIM_BOUND', 'ML_ELEVATED_RISK_DUE_TO_TIME_TO_PAY_MS', 'SUSPICIOUS_BUT_UNCLEAR', 'NEO4J_UNAVAILABLE', 'CLEARED']",2,ALLOW,ALLOW,INFO,CLEARED,0.4879,0.4879,1.0,1.0,0.7514,0.7514,0.0,0.0,0.0,SUSPICIOUS,SUSPICIOUS_BUT_UNCLEAR,UNKNOWN,UNKNOWN,"['ML elevated risk due to amount', 'ML elevated risk due to receiver_bal_after', 'ML elevated risk due to sender_bal_before', 'ML elevated risk due to is_sim_bound', 'ML elevated risk due to time_to_pay_ms', 'SUSPICIOUS_BUT_UNCLEAR']",TRANSACTION_MONITOR,False,False,False,10080,20160,AML_INFO_QUEUE,LOW
f484b5ab-cd8c-427c-a8ee-a921941db8bf,U-1007,M-2018,2948.83,INR,TRANSFER,NETBANKING,186221.8,183272.97,453619.3,2026-09-27 09:43:54.690279+00:00,Mumbai,True,1,D-30000,629,NORMAL,LOW_RISK_PAYMENT,LOW,12,0.297,796,13.0686,0.1123,2651.06,97051.17,47051.17,0,0,0,0,2011,0,1,0.0,0.1678,0.2018,0.2659,84.84,74.7,1,0,0,0,0,2.6,0.037,0,0,0,2,1,0,0,3,2,2,0,0,0,0.0491,0,0.1123,0,0.1023,"['NORMAL', 'LOW_RISK_PAYMENT', 'NORMAL_PATTERN', 'LOW_VALUE_PAYMENT', 'SIM_BOUND', 'ML_ELEVATED_RISK_DUE_TO_AMOUNT', 'ML_ELEVATED_RISK_DUE_TO_RECEIVER_BAL_AFTER', 'ML_ELEVATED_RISK_DUE_TO_SENDER_BAL_BEFORE', 'ML_ELEVATED_RISK_DUE_TO_IS_SIM_BOUND', 'ML_ELEVATED_RISK_DUE_TO_TIME_TO_PAY_MS', 'SUSPICIOUS_BUT_UNCLEAR', 'NEO4J_UNAVAILABLE', 'CLEARED']",2,ALLOW,ALLOW,INFO,CLEARED,0.1924,0.1924,0.0,0.0,0.7695,0.7695,0.0,0.0,0.0,ALLOW,SUSPICIOUS_BUT_UNCLEAR,UNKNOWN,UNKNOWN,"['ML elevated risk due to amount', 'ML elevated risk due to receiver_bal_after', 'ML elevated risk due to sender_bal_before', 'ML elevated risk due to is_sim_bound', 'ML elevated risk due to time_to_pay_ms', 'SUSPICIOUS_BUT_UNCLEAR']",TRANSACTION_MONITOR,False,False,False,10080,20160,AML_INFO_QUEUE,LOW
297b1932-9a27-4c0e-b66b-94889fe5c5a7,U-1052,M-2022,40865.93,INR,PAYMENT,UPI,191968.35,151102.42,308502.8,2026-09-27 09:43:51.701481+00:00,Mumbai,True,1,D-30039,246,P3_MONITOR,MILD_VELOCITY,P3,8,0.5317,65,771.3146,0.0061,40618.07,59134.07,9134.07,0,1,0,0,678,1,0,0.5324,0.5769,0.4976,0.5324,66.54,65.64,1,1,1,0,1,3.5,0.293,0,0,2,3,1,0,0,4,3,0,1,0,0,0.2269,0,0.0061,0,0.3883,"['P3_MONITOR', 'MILD_VELOCITY', 'WATCHLIST_PROXIMITY', 'DEVICE_REUSE', 'ML_ELEVATED_RISK_DUE_TO_AMOUNT', 'ML_ELEVATED_RISK_DUE_TO_RECEIVER_BAL_AFTER', 'ML_ELEVATED_RISK_DUE_TO_SENDER_BAL_BEFORE', 'ML_ELEVATED_RISK_DUE_TO_IS_SIM_BOUND', 'ML_ELEVATED_RISK_DUE_TO_TIME_TO_PAY_MS', 'REALTIME_SCENARIO_BEHAVIOR_FALLBACK', 'NEO4J_UNAVAILABLE', 'REALTIME_SCENARIO_GRAPH_FALLBACK', 'CLEARED']",2,ALLOW,ALLOW,INFO,CLEARED,0.4041,0.4041,0.5769,0.5769,0.4983,0.4983,0.5324,0.5324,0.0,ALLOW,NONE,MEDIUM,UNKNOWN,"['ML elevated risk due to amount', 'ML elevated risk due to receiver_bal_after', 'ML elevated risk due to sender_bal_before', 'ML elevated risk due to is_sim_bound', 'ML elevated risk due to time_to_pay_ms', 'Realtime scenario behavior fallback']",TRANSACTION_MONITOR,False,False,False,10080,20160,AML_INFO_QUEUE,LOW
a72f6639-214e-48a7-8e5d-99f5c35663d0,U-1015,M-2013,4857.13,INR,TRANSFER,NETBANKING,110157.83,105300.7,617723.59,2026-09-27 09:43:44.554228+00:00,Mumbai,True,1,D-30011,394,NORMAL,LOW_RISK_PAYMENT,LOW,8,0.1936,463,32.0671,0.0018,4848.21,95142.87,45142.87,0,0,0,0,1295,1,1,0.0,0.1691,0.0467,0.2881,91.33,93.69,1,0,0,0,0,3.64,0.1361,0,0,0,1,1,0,0,3,1,1,0,0,0,0.0428,0,0.0018,0,0.1021,"['NORMAL', 'LOW_RISK_PAYMENT', 'NORMAL_PATTERN', 'LOW_VALUE_PAYMENT', 'SIM_BOUND', 'ML_ELEVATED_RISK_DUE_TO_AMOUNT', 'ML_ELEVATED_RISK_DUE_TO_RECEIVER_BAL_AFTER', 'ML_ELEVATED_RISK_DUE_TO_SENDER_BAL_BEFORE', 'ML_ELEVATED_RISK_DUE_TO_IS_SIM_BOUND', 'ML_ELEVATED_RISK_DUE_TO_TIME_TO_PAY_MS', 'SUSPICIOUS_BUT_UNCLEAR', 'NEO4J_UNAVAILABLE', 'MONITORING', 'ELEVATED_ACTIVITY']",2,MONITOR,SOFT_NUDGE,P3,MONITORING,0.5351,0.5351,1.0,1.0,0.9404,0.9404,0.0,0.0,0.0,SUSPICIOUS,SUSPICIOUS_BUT_UNCLEAR,UNKNOWN,UNKNOWN,"['ML elevated risk due to amount', 'ML elevated risk due to receiver_bal_after', 'ML elevated risk due to sender_bal_before', 'ML elevated risk due to is_sim_bound', 'ML elevated risk due to time_to_pay_ms', 'SUSPICIOUS_BUT_UNCLEAR']",TRANSACTION_SUSPECT,True,False,False,1440,2880,AML_MONITORING_QUEUE,MEDIUM
17365517-a0ae-4d45-b184-00eab3438e39,U-1003,M-2018,3821.71,INR,PAYMENT,UPI,84764.74,80943.03,744316.19,2026-09-27 09:43:38.171999+00:00,Kolkata,True,1,D-30019,851,NORMAL,LOW_RISK_PAYMENT,LOW,8,0.061,856,17.1049,0.0463,4007.28,96178.29,46178.29,0,0,0,0,1493,0,1,0.0,0.2032,0.227,0.312,89.48,93.6,1,0,0,0,0,4.06,0.0343,0,0,0,2,1,0,0,3,3,3,0,0,0,0.1115,0,0.0463,0,0.1155,"['NORMAL', 'LOW_RISK_PAYMENT', 'NORMAL_PATTERN', 'LOW_VALUE_PAYMENT', 'SIM_BOUND', 'ML_ELEVATED_RISK_DUE_TO_AMOUNT', 'ML_ELEVATED_RISK_DUE_TO_RECEIVER_BAL_AFTER', 'ML_ELEVATED_RISK_DUE_TO_SENDER_BAL_BEFORE', 'ML_ELEVATED_RISK_DUE_TO_IS_SIM_BOUND', 'ML_ELEVATED_RISK_DUE_TO_TIME_TO_PAY_MS', 'SUSPICIOUS_BUT_UNCLEAR', 'NEO4J_UNAVAILABLE', 'MONITORING', 'ELEVATED_ACTIVITY']",2,MONITOR,SOFT_NUDGE,P3,MONITORING,0.5455,0.5455,1.0,1.0,0.9822,0.9822,0.0,0.0,0.0,SUSPICIOUS,SUSPICIOUS_BUT_UNCLEAR,UNKNOWN,UNKNOWN,"['ML elevated risk due to amount', 'ML elevated risk due to receiver_bal_after', 'ML elevated risk due to sender_bal_before', 'ML elevated risk due to is_sim_bound', 'ML elevated risk due to time_to_pay_ms', 'SUSPICIOUS_BUT_UNCLEAR']",TRANSACTION_SUSPECT,True,False,False,1440,2880,AML_MONITORING_QUEUE,MEDIUM
05e02282-8a7f-4b22-9f1a-a4085f47a8b1,U-1027,M-2006,12877.71,INR,BILL,UPI,68034.54,55156.83,614697.01,2026-09-27 09:43:32.662493+00:00,Pune,True,1,D-30021,1006,NORMAL,LOW_RISK_PAYMENT,LOW,6,0.2186,1382,138.0511,0.0685,12052.26,87122.29,37122.29,0,1,0,0,1651,0,0,0.0,0.271,0.2479,0.1739,78.58,82.64,1,0,0,0,0,4.03,0.0785,0,0,0,1,1,0,0,3,2,1,0,0,0,0.0974,0,0.0685,0,0.0834,"['NORMAL', 'LOW_RISK_PAYMENT', 'NORMAL_PATTERN', 'LOW_VALUE_PAYMENT', 'SIM_BOUND', 'ML_ELEVATED_RISK_DUE_TO_AMOUNT', 'ML_ELEVATED_RISK_DUE_TO_RECEIVER_BAL_AFTER', 'ML_ELEVATED_RISK_DUE_TO_SENDER_BAL_BEFORE', 'ML_ELEVATED_RISK_DUE_TO_IS_SIM_BOUND', 'ML_ELEVATED_RISK_DUE_TO_TIME_TO_PAY_MS', 'SUSPICIOUS_BUT_UNCLEAR', 'NEO4J_UNAVAILABLE', 'MONITORING', 'ELEVATED_ACTIVITY']",4,MONITOR,SOFT_NUDGE,P3,MONITORING,0.525,0.525,1.0,1.0,0.8999,0.8999,0.0,0.0,0.0,SUSPICIOUS,SUSPICIOUS_BUT_UNCLEAR,UNKNOWN,UNKNOWN,"['ML elevated risk due to amount', 'ML elevated risk due to receiver_bal_after', 'ML elevated risk due to sender_bal_before', 'ML elevated risk due to is_sim_bound', 'ML elevated risk due to time_to_pay_ms', 'SUSPICIOUS_BUT_UNCLEAR']",TRANSACTION_SUSPECT,True,False,False,1440,2880,AML_MONITORING_QUEUE,MEDIUM
ad5b55a0-3099-41f0-8c19-84c33c0ca1cd,U-1013,U-1038,428.22,INR,P2P,CARD,234641.2,234212.98,101672.37,2026-09-27 09:43:24.955715+00:00,Bengaluru,True,1,D-30008,923,NORMAL,LOW_RISK_PAYMENT,LOW,8,0.215,719,3.1025,0.1267,380.05,99571.78,49571.78,0,0,0,0,1310,0,0,0.0,0.2391,0.051,0.0845,91.37,78.23,1,0,0,0,0,5.09,0.1297,0,0,0,2,1,0,0,3,3,2,0,0,0,0.1179,0,0.1267,0,0.0666,"['NORMAL', 'LOW_RISK_PAYMENT', 'NORMAL_PATTERN', 'LOW_VALUE_PAYMENT', 'SIM_BOUND', 'ML_ELEVATED_RISK_DUE_TO_AMOUNT', 'ML_ELEVATED_RISK_DUE_TO_RECEIVER_BAL_AFTER', 'ML_ELEVATED_RISK_DUE_TO_SENDER_BAL_BEFORE', 'ML_ELEVATED_RISK_DUE_TO_IS_SIM_BOUND', 'ML_ELEVATED_RISK_DUE_TO_TIME_TO_PAY_MS', 'SUSPICIOUS_BUT_UNCLEAR', 'NEO4J_UNAVAILABLE', 'MONITORING', 'ELEVATED_ACTIVITY']",2,MONITOR,SOFT_NUDGE,P3,MONITORING,0.5386,0.5386,1.0,1.0,0.9544,0.9544,0.0,0.0,0.0,SUSPICIOUS,SUSPICIOUS_BUT_UNCLEAR,UNKNOWN,UNKNOWN,"['ML elevated risk due to amount', 'ML elevated risk due to receiver_bal_after', 'ML elevated risk due to sender_bal_before', 'ML elevated risk due to is_sim_bound', 'ML elevated risk due to time_to_pay_ms', 'SUSPICIOUS_BUT_UNCLEAR']",TRANSACTION_SUSPECT,True,False,False,1440,2880,AML_MONITORING_QUEUE,MEDIUM
72fd6d44-6b95-4599-af6e-184e713b191b,U-1086,U-1093,222476.45,INR,LAYERING_STEP,IMPS,232811.69,10335.24,71997.18,2026-09-27 09:43:16.540426+00:00,Pune,False,0,D-30074,271,P1_CRITICAL,LAYERING,P1,37,0.9556,3,19922.5196,0.0549,235402.24,122476.45,172476.45,1,1,0,0,17,16,10,0.9181,0.9397,0.9509,0.9181,17.57,23.16,0,1,1,0,1,2.26,0.7773,9,9,25,10,12,1,1,23,9,0,1,1,1,0.9324,0,0.0549,1,0.9221,"['P1_CRITICAL', 'LAYERING', 'LAYERING_CHAIN', 'MULE_CLUSTER', 'SHORT_FORWARDING_DELAY', 'SIM_NOT_BOUND', 'ML_ELEVATED_RISK_DUE_TO_AMOUNT', 'ML_ELEVATED_RISK_DUE_TO_RECEIVER_BAL_AFTER', 'ML_ELEVATED_RISK_DUE_TO_SENDER_BAL_BEFORE', 'ML_ELEVATED_RISK_DUE_TO_IS_SIM_BOUND', 'ML_ELEVATED_RISK_DUE_TO_TIME_TO_PAY_MS', 'GATHER_SCATTER', 'HIGH_VALUE_TRANSFER', 'VERY_HIGH_VALUE_TRANSACTION', 'NEO4J_UNAVAILABLE', 'REALTIME_SCENARIO_GRAPH_FALLBACK', 'CRITICAL_RISK', 'URGENT_REVIEW']",1,BLOCK,BLOCK,P1,BLOCKED,0.9713,0.9713,1.0,1.0,0.9509,0.9509,0.9181,0.9181,1.0,SUSPICIOUS,GATHER_SCATTER,CRITICAL,UNKNOWN,"['Critical mule laundering pattern detected', 'ML elevated risk due to amount', 'ML elevated risk due to receiver_bal_after', 'ML elevated risk due to sender_bal_before', 'ML elevated risk due to is_sim_bound', 'ML elevated risk due to time_to_pay_ms', 'GATHER_SCATTER', 'Connected to mule cluster']",TRANSACTION_SUSPECT,False,True,True,15,20,AML_CRITICAL_QUEUE,CRITICAL
a8d3a17b-da1e-4c1a-87f6-6633d59a0571,U-1005,M-2009,8332.65,INR,P2P,NETBANKING,222010.88,213678.23,392634.46,2026-09-27 09:43:09.400605+00:00,Hyderabad,True,1,D-30024,413,NORMAL,LOW_RISK_PAYMENT,LOW,10,0.2393,742,35.2989,0.0548,8816.06,91667.35,41667.35,0,0,0,0,1926,1,0,0.0,0.1958,0.0066,0.1644,89.02,93.8,1,0,0,0,0,3.82,0.0883,0,0,0,2,1,0,0,3,4,0,0,0,0,0.1415,0,0.0548,0,0.085,"['NORMAL', 'LOW_RISK_PAYMENT', 'NORMAL_PATTERN', 'LOW_VALUE_PAYMENT', 'SIM_BOUND', 'ML_ELEVATED_RISK_DUE_TO_AMOUNT', 'ML_ELEVATED_RISK_DUE_TO_RECEIVER_BAL_AFTER', 'ML_ELEVATED_RISK_DUE_TO_SENDER_BAL_BEFORE', 'ML_ELEVATED_RISK_DUE_TO_IS_SIM_BOUND', 'ML_ELEVATED_RISK_DUE_TO_TIME_TO_PAY_MS', 'SUSPICIOUS_BUT_UNCLEAR', 'NEO4J_UNAVAILABLE', 'MONITORING', 'ELEVATED_ACTIVITY']",2,MONITOR,SOFT_NUDGE,P3,MONITORING,0.5231,0.5231,1.0,1.0,0.8925,0.8925,0.0,0.0,0.0,SUSPICIOUS,SUSPICIOUS_BUT_UNCLEAR,UNKNOWN,UNKNOWN,"['ML elevated risk due to amount', 'ML elevated risk due to receiver_bal_after', 'ML elevated risk due to sender_bal_before', 'ML elevated risk due to is_sim_bound', 'ML elevated risk due to time_to_pay_ms', 'SUSPICIOUS_BUT_UNCLEAR']",TRANSACTION_SUSPECT,True,False,False,1440,2880,AML_MONITORING_QUEUE,MEDIUM
f435e94e-fbe2-4f78-8b34-5dbd60c51021,U-1049,M-2022,42307.76,INR,PAYMENT,CARD,235828.15,193520.39,287928.04,2026-09-27 09:43:05.267272+00:00,Hyderabad,True,1,D-30040,280,P3_MONITOR,MILD_VELOCITY,P3,6,0.5209,116,703.0848,0.2543,33729.53,57692.24,7692.24,0,1,0,0,1296,3,2,0.442,0.5223,0.4989,0.442,83.36,61.24,1,0,0,0,0,1.33,0.336,1,1,0,1,1,0,0,5,2,0,1,0,0,0.3762,0,0.2543,0,0.4906,"['P3_MONITOR', 'MILD_VELOCITY', 'WATCHLIST_PROXIMITY', 'DEVICE_REUSE', 'ML_ELEVATED_RISK_DUE_TO_AMOUNT', 'ML_ELEVATED_RISK_DUE_TO_RECEIVER_BAL_AFTER', 'ML_ELEVATED_RISK_DUE_TO_SENDER_BAL_BEFORE', 'ML_ELEVATED_RISK_DUE_TO_IS_SIM_BOUND', 'ML_ELEVATED_RISK_DUE_TO_TIME_TO_PAY_MS', 'SUSPICIOUS_BUT_UNCLEAR', 'NEO4J_UNAVAILABLE', 'REALTIME_SCENARIO_GRAPH_FALLBACK', 'MONITORING', 'ELEVATED_ACTIVITY']",2,MONITOR,SOFT_NUDGE,P3,MONITORING,0.5194,0.5194,1.0,1.0,0.524,0.524,0.442,0.442,0.0,SUSPICIOUS,SUSPICIOUS_BUT_UNCLEAR,MEDIUM,UNKNOWN,"['ML elevated risk due to amount', 'ML elevated risk due to receiver_bal_after', 'ML elevated risk due to sender_bal_before', 'ML elevated risk due to is_sim_bound', 'ML elevated risk due to time_to_pay_ms', 'SUSPICIOUS_BUT_UNCLEAR', 'Connected to mule cluster']",TRANSACTION_SUSPECT,True,False,False,1440,2880,AML_MONITORING_QUEUE,MEDIUM
4a4bd4c9-6348-4600-9be5-443bad8e434c,U-1018,M-2002,5449.83,INR,PAYMENT,CARD,68022.49,62572.66,446894.58,2026-09-27 09:42:58.375577+00:00,Bengaluru,True,1,D-30013,1372,NORMAL,LOW_RISK_PAYMENT,LOW,14,0.2,491,49.2657,0.0322,5631.3,94550.17,44550.17,0,0,0,0,439,0,0,0.0,0.1509,0.2338,0.2563,81.33,91.72,1,0,0,0,0,2.01,0.1218,0,0,0,2,1,0,0,3,4,1,0,0,0,0.1515,0,0.0322,0,0.0603,"['NORMAL', 'LOW_RISK_PAYMENT', 'NORMAL_PATTERN', 'LOW_VALUE_PAYMENT', 'SIM_BOUND', 'ML_ELEVATED_RISK_DUE_TO_AMOUNT', 'ML_ELEVATED_RISK_DUE_TO_RECEIVER_BAL_AFTER', 'ML_ELEVATED_RISK_DUE_TO_SENDER_BAL_BEFORE', 'ML_ELEVATED_RISK_DUE_TO_IS_SIM_BOUND', 'ML_ELEVATED_RISK_DUE_TO_TIME_TO_PAY_MS', 'SUSPICIOUS_BUT_UNCLEAR', 'NEO4J_UNAVAILABLE', 'MONITORING', 'ELEVATED_ACTIVITY']",2,MONITOR,SOFT_NUDGE,P3,MONITORING,0.5191,0.5191,1.0,1.0,0.8765,0.8765,0.0,0.0,0.0,SUSPICIOUS,SUSPICIOUS_BUT_UNCLEAR,UNKNOWN,UNKNOWN,"['ML elevated risk due to amount', 'ML elevated risk due to receiver_bal_after', 'ML elevated risk due to sender_bal_before', 'ML elevated risk due to is_sim_bound', 'ML elevated risk due to time_to_pay_ms', 'SUSPICIOUS_BUT_UNCLEAR']",TRANSACTION_SUSPECT,True,False,False,1440,2880,AML_MONITORING_QUEUE,MEDIUM
2ac9f025-f6c6-435e-a54e-f2727e5ba6ff,U-1012,M-2001,1959.0,INR,PAYMENT,NETBANKING,95677.28,93718.28,105071.26,2026-09-27 09:42:51.697846+00:00,Hyderabad,True,1,D-30003,868,NORMAL,LOW_RISK_PAYMENT,LOW,6,0.1021,1194,9.0122,0.0172,1993.2,98041.0,48041.0,0,0,0,0,499,0,0,0.0,0.2172,0.1342,0.2536,95.39,91.17,1,0,0,0,0,4.18,0.0852,0,0,0,1,1,0,0,3,1,0,0,0,0,0.1411,0,0.0172,0,0.0709,"['NORMAL', 'LOW_RISK_PAYMENT', 'NORMAL_PATTERN', 'LOW_VALUE_PAYMENT', 'SIM_BOUND', 'ML_ELEVATED_RISK_DUE_TO_AMOUNT', 'ML_ELEVATED_RISK_DUE_TO_RECEIVER_BAL_AFTER', 'ML_ELEVATED_RISK_DUE_TO_SENDER_BAL_BEFORE', 'ML_ELEVATED_RISK_DUE_TO_IS_SIM_BOUND', 'ML_ELEVATED_RISK_DUE_TO_TIME_TO_PAY_MS', 'SUSPICIOUS_BUT_UNCLEAR', 'NEO4J_UNAVAILABLE', 'MONITORING', 'ELEVATED_ACTIVITY']",2,MONITOR,SOFT_NUDGE,P3,MONITORING,0.5049,0.5049,1.0,1.0,0.8195,0.8195,0.0,0.0,0.0,SUSPICIOUS,SUSPICIOUS_BUT_UNCLEAR,UNKNOWN,UNKNOWN,"['ML elevated risk due to amount', 'ML elevated risk due to receiver_bal_after', 'ML elevated risk due to sender_bal_before', 'ML elevated risk due to is_sim_bound', 'ML elevated risk due to time_to_pay_ms', 'SUSPICIOUS_BUT_UNCLEAR']",TRANSACTION_SUSPECT,True,False,False,1440,2880,AML_MONITORING_QUEUE,MEDIUM
3d540ed4-fce9-4705-9634-8c252caf5cae,U-1012,M-2008,9268.54,INR,TRANSFER,CARD,249579.86,240311.32,523381.04,2026-09-27 09:42:48.821868+00:00,Pune,True,1,D-30006,873,NORMAL,LOW_RISK_PAYMENT,LOW,4,0.1383,772,86.6284,0.0389,8921.35,90731.46,40731.46,0,0,0,0,1034,1,0,0.0,0.1136,0.1098,0.243,80.01,84.71,1,0,0,0,0,6.46,0.1223,0,0,0,1,1,0,0,3,2,3,0,0,0,0.1446,0,0.0389,0,0.144,"['NORMAL', 'LOW_RISK_PAYMENT', 'NORMAL_PATTERN', 'LOW_VALUE_PAYMENT', 'SIM_BOUND', 'ML_ELEVATED_RISK_DUE_TO_AMOUNT', 'ML_ELEVATED_RISK_DUE_TO_RECEIVER_BAL_AFTER', 'ML_ELEVATED_RISK_DUE_TO_SENDER_BAL_BEFORE', 'ML_ELEVATED_RISK_DUE_TO_IS_SIM_BOUND', 'ML_ELEVATED_RISK_DUE_TO_TIME_TO_PAY_MS', 'SUSPICIOUS_BUT_UNCLEAR', 'NEO4J_UNAVAILABLE', 'CLEARED']",2,ALLOW,ALLOW,INFO,CLEARED,0.4924,0.4924,1.0,1.0,0.7698,0.7698,0.0,0.0,0.0,SUSPICIOUS,SUSPICIOUS_BUT_UNCLEAR,UNKNOWN,UNKNOWN,"['ML elevated risk due to amount', 'ML elevated risk due to receiver_bal_after', 'ML elevated risk due to sender_bal_before', 'ML elevated risk due to is_sim_bound', 'ML elevated risk due to time_to_pay_ms', 'SUSPICIOUS_BUT_UNCLEAR']",TRANSACTION_MONITOR,False,False,False,10080,20160,AML_INFO_QUEUE,LOW
c7636f17-3ca9-49ae-9849-26623775178b,U-1004,U-1031,1818.1,INR,PAYMENT,UPI,113655.69,111837.59,572975.01,2026-09-27 09:42:45.799918+00:00,Chennai,True,1,D-30013,445,NORMAL,LOW_RISK_PAYMENT,LOW,10,0.2859,428,8.6914,0.1067,2035.25,98181.9,48181.9,0,0,0,0,2004,0,0,0.0,0.318,0.1205,0.3077,91.05,84.7,1,0,0,0,0,3.21,0.046,0,0,0,2,1,0,0,3,4,2,0,0,0,0.0876,0,0.1067,0,0.0971,"['NORMAL', 'LOW_RISK_PAYMENT', 'NORMAL_PATTERN', 'LOW_VALUE_PAYMENT', 'SIM_BOUND', 'ML_ELEVATED_RISK_DUE_TO_AMOUNT', 'ML_ELEVATED_RISK_DUE_TO_RECEIVER_BAL_AFTER', 'ML_ELEVATED_RISK_DUE_TO_SENDER_BAL_BEFORE', 'ML_ELEVATED_RISK_DUE_TO_IS_SIM_BOUND', 'ML_ELEVATED_RISK_DUE_TO_TIME_TO_PAY_MS', 'SUSPICIOUS_BUT_UNCLEAR', 'NEO4J_UNAVAILABLE', 'CLEARED']",2,ALLOW,ALLOW,INFO,CLEARED,0.4689,0.4689,1.0,1.0,0.6756,0.6756,0.0,0.0,0.0,SUSPICIOUS,SUSPICIOUS_BUT_UNCLEAR,UNKNOWN,UNKNOWN,"['ML elevated risk due to amount', 'ML elevated risk due to receiver_bal_after', 'ML elevated risk due to sender_bal_before', 'ML elevated risk due to is_sim_bound', 'ML elevated risk due to time_to_pay_ms', 'SUSPICIOUS_BUT_UNCLEAR']",TRANSACTION_MONITOR,False,False,False,10080,20160,AML_INFO_QUEUE,LOW
81f27c11-26d6-4180-9f03-d66775e522b1,U-1043,M-2031,35586.77,INR,P2P,UPI,237222.46,201635.69,758311.74,2026-09-27 09:42:38.640626+00:00,Delhi,True,1,D-30029,622,P3_MONITOR,MILD_VELOCITY,P3,6,0.4367,154,470.2832,0.0679,33325.04,64413.23,14413.23,0,0,0,0,667,3,0,0.4938,0.5054,0.4621,0.4938,65.43,53.63,1,0,1,0,1,4.55,0.2455,1,1,0,3,1,0,0,5,5,1,1,0,0,0.3586,0,0.0679,0,0.3349,"['P3_MONITOR', 'MILD_VELOCITY', 'WATCHLIST_PROXIMITY', 'DEVICE_REUSE', 'ML_ELEVATED_RISK_DUE_TO_AMOUNT', 'ML_ELEVATED_RISK_DUE_TO_RECEIVER_BAL_AFTER', 'ML_ELEVATED_RISK_DUE_TO_SENDER_BAL_BEFORE', 'ML_ELEVATED_RISK_DUE_TO_IS_SIM_BOUND', 'ML_ELEVATED_RISK_DUE_TO_TIME_TO_PAY_MS', 'SUSPICIOUS_BUT_UNCLEAR', 'NEO4J_UNAVAILABLE', 'REALTIME_SCENARIO_GRAPH_FALLBACK', 'MONITORING', 'ELEVATED_ACTIVITY']",2,MONITOR,SOFT_NUDGE,P3,MONITORING,0.5242,0.5242,1.0,1.0,0.5018,0.5018,0.4938,0.4938,0.0,SUSPICIOUS,SUSPICIOUS_BUT_UNCLEAR,MEDIUM,UNKNOWN,"['ML elevated risk due to amount', 'ML elevated risk due to receiver_bal_after', 'ML elevated risk due to sender_bal_before', 'ML elevated risk due to is_sim_bound', 'ML elevated risk due to time_to_pay_ms', 'SUSPICIOUS_BUT_UNCLEAR', 'Connected to mule cluster']",TRANSACTION_SUSPECT,True,False,False,1440,2880,AML_MONITORING_QUEUE,MEDIUM
402a9b8b-d8fe-42ac-8d0b-01707fd61d27,U-1083,M-2046,258256.21,INR,GATHER_SCATTER,IMPS,262698.45,4442.24,356126.35,2026-09-27 09:42:31.188853+00:00,Bengaluru,False,0,D-30061,58,P1_CRITICAL,GATHER_SCATTER,P1,21,0.9831,2,39599.7568,0.1066,233378.31,158256.21,208256.21,1,1,0,0,56,14,11,0.9543,0.9578,0.9019,0.9543,7.21,6.04,0,1,1,0,1,1.8,0.7228,13,13,20,8,12,1,1,44,10,0,1,1,1,0.9243,0,0.1066,1,0.9177,"['P1_CRITICAL', 'GATHER_SCATTER', 'RAPID_DRAIN', 'MULE_CLUSTER', 'SIM_NOT_BOUND', 'ML_ELEVATED_RISK_DUE_TO_AMOUNT', 'ML_ELEVATED_RISK_DUE_TO_RECEIVER_BAL_AFTER', 'ML_ELEVATED_RISK_DUE_TO_SENDER_BAL_BEFORE', 'ML_ELEVATED_RISK_DUE_TO_IS_SIM_BOUND', 'ML_ELEVATED_RISK_DUE_TO_TIME_TO_PAY_MS', 'HIGH_VALUE_TRANSFER', 'VERY_HIGH_VALUE_TRANSACTION', 'NEO4J_UNAVAILABLE', 'REALTIME_SCENARIO_GRAPH_FALLBACK', 'CRITICAL_RISK', 'URGENT_REVIEW']",1,BLOCK,BLOCK,P1,BLOCKED,0.9663,0.9663,1.0,1.0,0.9019,0.9019,0.9543,0.9543,1.0,SUSPICIOUS,GATHER_SCATTER,CRITICAL,UNKNOWN,"['Critical mule laundering pattern detected', 'ML elevated risk due to amount', 'ML elevated risk due to receiver_bal_after', 'ML elevated risk due to sender_bal_before', 'ML elevated risk due to is_sim_bound', 'ML elevated risk due to time_to_pay_ms', 'GATHER_SCATTER', 'Connected to mule cluster']",TRANSACTION_SUSPECT,False,True,True,15,20,AML_CRITICAL_QUEUE,CRITICAL
5a9f7e81-9e90-40d4-a514-79f63d0fb2bc,U-1053,M-2020,15505.64,INR,P2P,CARD,96500.23,80994.59,57242.51,2026-09-27 09:42:24.800021+00:00,Bengaluru,True,1,D-30022,1086,P3_MONITOR,MILD_VELOCITY,P3,6,0.539,190,347.9615,0.0686,16647.63,84494.36,34494.36,0,0,0,0,430,3,2,0.5344,0.5997,0.4343,0.5344,65.83,73.58,0,1,1,0,0,4.56,0.1875,0,0,0,3,1,0,0,5,2,0,0,0,0,0.2409,0,0.0686,0,0.4996,"['P3_MONITOR', 'MILD_VELOCITY', 'WATCHLIST_PROXIMITY', 'DEVICE_REUSE', 'ML_ELEVATED_RISK_DUE_TO_AMOUNT', 'ML_ELEVATED_RISK_DUE_TO_RECEIVER_BAL_AFTER', 'ML_ELEVATED_RISK_DUE_TO_SENDER_BAL_BEFORE', 'ML_ELEVATED_RISK_DUE_TO_IS_SIM_BOUND', 'ML_ELEVATED_RISK_DUE_TO_TIME_TO_PAY_MS', 'SUSPICIOUS_BUT_UNCLEAR', 'NEO4J_UNAVAILABLE', 'REALTIME_SCENARIO_GRAPH_FALLBACK', 'MONITORING', 'ELEVATED_ACTIVITY']",6,MONITOR,SOFT_NUDGE,P3,MONITORING,0.5321,0.5321,1.0,1.0,0.5008,0.5008,0.5344,0.5344,0.0,SUSPICIOUS,SUSPICIOUS_BUT_UNCLEAR,MEDIUM,UNKNOWN,"['ML elevated risk due to amount', 'ML elevated risk due to receiver_bal_after', 'ML elevated risk due to sender_bal_before', 'ML elevated risk due to is_sim_bound', 'ML elevated risk due to time_to_pay_ms', 'SUSPICIOUS_BUT_UNCLEAR']",TRANSACTION_SUSPECT,True,False,False,1440,2880,AML_MONITORING_QUEUE,MEDIUM
6898bf32-c359-4ddf-a1c3-e5dee1d73075,U-1069,U-1076,49271.27,INR,STRUCTURING,IMPS,154209.27,104938.0,554530.54,2026-09-27 09:42:18.209898+00:00,Delhi,True,1,D-30052,231,P2_REVIEW,STRUCTURING,P2,13,0.6644,35,3803.1911,0.0122,49877.97,50728.73,728.73,0,1,0,1,49,4,6,0.8496,0.7783,0.8074,0.8496,58.71,35.25,0,1,1,1,1,1.41,0.7424,3,3,3,7,2,1,1,9,3,0,1,1,1,0.6557,1,0.6557,1,0.7762,"['P2_REVIEW', 'STRUCTURING', 'NEAR_THRESHOLD', 'HIGH_VALUE_TRANSFER', 'ML_ELEVATED_RISK_DUE_TO_AMOUNT', 'ML_ELEVATED_RISK_DUE_TO_RECEIVER_BAL_AFTER', 'ML_ELEVATED_RISK_DUE_TO_SENDER_BAL_BEFORE', 'ML_ELEVATED_RISK_DUE_TO_IS_SIM_BOUND', 'ML_ELEVATED_RISK_DUE_TO_TIME_TO_PAY_MS', 'LAUNDERING_FLOW', 'NEO4J_UNAVAILABLE', 'REALTIME_SCENARIO_GRAPH_FALLBACK', 'MONITORING', 'ELEVATED_ACTIVITY']",1,MONITOR,SOFT_NUDGE,P3,MONITORING,0.6718,0.6718,1.0,1.0,0.8074,0.8074,0.8496,0.8496,0.0,SUSPICIOUS,LAUNDERING_FLOW,HIGH,UNKNOWN,"['ML elevated risk due to amount', 'ML elevated risk due to receiver_bal_after', 'ML elevated risk due to sender_bal_before', 'ML elevated risk due to is_sim_bound', 'ML elevated risk due to time_to_pay_ms', 'LAUNDERING_FLOW', 'Connected to mule cluster']",TRANSACTION_SUSPECT,True,False,False,1440,2880,AML_MONITORING_QUEUE,MEDIUM
93410733-419f-436b-a7a5-1fa246ecba74,U-1041,M-2024,42712.33,INR,PAYMENT,CARD,205720.85,163008.52,765538.57,2026-09-27 09:42:15.263755+00:00,Chennai,True,1,D-30033,943,P3_MONITOR,MILD_VELOCITY,P3,4,0.5124,108,808.7946,0.1683,51356.74,57287.67,7287.67,0,0,0,0,1272,2,0,0.3583,0.5071,0.3815,0.3583,64.88,60.47,0,0,0,0,1,2.4,0.2195,0,0,2,3,1,0,0,4,2,0,1,0,0,0.2313,0,0.1683,0,0.4699,"['P3_MONITOR', 'MILD_VELOCITY', 'WATCHLIST_PROXIMITY', 'DEVICE_REUSE', 'ML_ELEVATED_RISK_DUE_TO_AMOUNT', 'ML_ELEVATED_RISK_DUE_TO_RECEIVER_BAL_AFTER', 'ML_ELEVATED_RISK_DUE_TO_SENDER_BAL_BEFORE', 'ML_ELEVATED_RISK_DUE_TO_IS_SIM_BOUND', 'ML_ELEVATED_RISK_DUE_TO_TIME_TO_PAY_MS', 'SUSPICIOUS_BUT_UNCLEAR', 'NEO4J_UNAVAILABLE', 'REALTIME_SCENARIO_GRAPH_FALLBACK', 'CLEARED']",2,ALLOW,ALLOW,INFO,CLEARED,0.4968,0.4968,1.0,1.0,0.5007,0.5007,0.3583,0.3583,0.0,SUSPICIOUS,SUSPICIOUS_BUT_UNCLEAR,MEDIUM,UNKNOWN,"['ML elevated risk due to amount', 'ML elevated risk due to receiver_bal_after', 'ML elevated risk due to sender_bal_before', 'ML elevated risk due to is_sim_bound', 'ML elevated risk due to time_to_pay_ms', 'SUSPICIOUS_BUT_UNCLEAR']",TRANSACTION_MONITOR,False,False,False,10080,20160,AML_INFO_QUEUE,LOW
53d4a675-13d4-44fb-af06-4254fdc4a012,U-1018,M-2000,1522.11,INR,TRANSFER,CARD,105107.55,103585.44,655414.65,2026-09-27 09:42:08.525988+00:00,Chennai,True,1,D-30011,1452,NORMAL,LOW_RISK_PAYMENT,LOW,12,0.143,1037,7.1764,0.0473,1597.65,98477.89,48477.89,0,0,0,0,2215,0,1,0.0,0.1304,0.1352,0.2492,91.61,95.88,1,0,0,0,0,2.39,0.1019,0,0,0,2,1,0,0,3,3,1,0,0,0,0.1163,0,0.0473,0,0.1587,"['NORMAL', 'LOW_RISK_PAYMENT', 'NORMAL_PATTERN', 'LOW_VALUE_PAYMENT', 'SIM_BOUND', 'ML_ELEVATED_RISK_DUE_TO_AMOUNT', 'ML_ELEVATED_RISK_DUE_TO_RECEIVER_BAL_AFTER', 'ML_ELEVATED_RISK_DUE_TO_SENDER_BAL_BEFORE', 'ML_ELEVATED_RISK_DUE_TO_IS_SIM_BOUND', 'ML_ELEVATED_RISK_DUE_TO_TIME_TO_PAY_MS', 'SUSPICIOUS_BUT_UNCLEAR', 'NEO4J_UNAVAILABLE', 'MONITORING', 'ELEVATED_ACTIVITY']",2,MONITOR,SOFT_NUDGE,P3,MONITORING,0.5041,0.5041,1.0,1.0,0.8163,0.8163,0.0,0.0,0.0,SUSPICIOUS,SUSPICIOUS_BUT_UNCLEAR,UNKNOWN,UNKNOWN,"['ML elevated risk due to amount', 'ML elevated risk due to receiver_bal_after', 'ML elevated risk due to sender_bal_before', 'ML elevated risk due to is_sim_bound', 'ML elevated risk due to time_to_pay_ms', 'SUSPICIOUS_BUT_UNCLEAR']",TRANSACTION_SUSPECT,True,False,False,1440,2880,AML_MONITORING_QUEUE,MEDIUM
19f32006-eb66-4d0f-9487-0f6453701001,U-1018,M-2008,14337.87,INR,BILL,NETBANKING,92075.64,77737.77,584015.07,2026-09-27 09:42:01.737538+00:00,Chennai,True,1,D-30006,1866,NORMAL,LOW_RISK_PAYMENT,LOW,10,0.2468,838,108.9206,0.0011,14321.7,85662.13,35662.13,0,0,0,0,1318,0,1,0.0,0.1203,0.0284,0.0712,88.58,77.97,1,0,0,0,0,5.94,0.0588,0,0,0,2,1,0,0,3,4,2,0,0,0,0.0713,0,0.0011,0,0.0567,"['NORMAL', 'LOW_RISK_PAYMENT', 'NORMAL_PATTERN', 'LOW_VALUE_PAYMENT', 'SIM_BOUND', 'ML_ELEVATED_RISK_DUE_TO_AMOUNT', 'ML_ELEVATED_RISK_DUE_TO_RECEIVER_BAL_AFTER', 'ML_ELEVATED_RISK_DUE_TO_SENDER_BAL_BEFORE', 'ML_ELEVATED_RISK_DUE_TO_IS_SIM_BOUND', 'ML_ELEVATED_RISK_DUE_TO_TIME_TO_PAY_MS', 'SUSPICIOUS_BUT_UNCLEAR', 'NEO4J_UNAVAILABLE', 'MONITORING', 'ELEVATED_ACTIVITY']",2,MONITOR,SOFT_NUDGE,P3,MONITORING,0.5192,0.5192,1.0,1.0,0.877,0.877,0.0,0.0,0.0,SUSPICIOUS,SUSPICIOUS_BUT_UNCLEAR,UNKNOWN,UNKNOWN,"['ML elevated risk due to amount', 'ML elevated risk due to receiver_bal_after', 'ML elevated risk due to sender_bal_before', 'ML elevated risk due to is_sim_bound', 'ML elevated risk due to time_to_pay_ms', 'SUSPICIOUS_BUT_UNCLEAR']",TRANSACTION_SUSPECT,True,False,False,1440,2880,AML_MONITORING_QUEUE,MEDIUM
f36d2512-7e1c-4dfe-bc8f-a21f9711dfb3,U-1062,M-2040,58093.53,INR,GATHER_SCATTER,NEFT,302448.21,244354.68,715121.34,2026-09-27 09:41:54.812630+00:00,Chennai,False,0,D-30058,37,P2_REVIEW,GATHER_SCATTER,P2,9,0.6519,6,4272.4059,0.0971,64342.86,41906.47,8093.53,0,1,0,0,19,5,6,0.875,0.8743,0.8473,0.875,35.36,54.65,0,1,1,0,1,0.75,0.6547,4,4,5,3,4,1,1,9,3,0,1,1,1,0.7463,0,0.0971,1,0.7196,"['P2_REVIEW', 'GATHER_SCATTER', 'RAPID_DRAIN', 'MULE_CLUSTER', 'SIM_NOT_BOUND', 'ML_ELEVATED_RISK_DUE_TO_AMOUNT', 'ML_ELEVATED_RISK_DUE_TO_RECEIVER_BAL_AFTER', 'ML_ELEVATED_RISK_DUE_TO_SENDER_BAL_BEFORE', 'ML_ELEVATED_RISK_DUE_TO_IS_SIM_BOUND', 'ML_ELEVATED_RISK_DUE_TO_TIME_TO_PAY_MS', 'LAUNDERING_FLOW', 'HIGH_VALUE_TRANSFER', 'NEO4J_UNAVAILABLE', 'REALTIME_SCENARIO_GRAPH_FALLBACK', 'MONITORING', 'ELEVATED_ACTIVITY']",2,MONITOR,SOFT_NUDGE,P3,MONITORING,0.6868,0.6868,1.0,1.0,0.8473,0.8473,0.875,0.875,0.0,SUSPICIOUS,LAUNDERING_FLOW,HIGH,UNKNOWN,"['ML elevated risk due to amount', 'ML elevated risk due to receiver_bal_after', 'ML elevated risk due to sender_bal_before', 'ML elevated risk due to is_sim_bound', 'ML elevated risk due to time_to_pay_ms', 'LAUNDERING_FLOW', 'Connected to mule cluster']",TRANSACTION_SUSPECT,True,False,False,1440,2880,AML_MONITORING_QUEUE,MEDIUM
3295deec-89ce-47d1-9c37-3b74c79f3c31,U-1042,M-2031,44933.15,INR,P2P,IMPS,154601.15,109668.0,74954.77,2026-09-27 09:41:46.934818+00:00,Kolkata,False,0,D-30032,975,P3_MONITOR,MILD_VELOCITY,P3,8,0.4392,178,620.7566,0.016,44224.0,55066.85,5066.85,0,0,0,0,1410,2,2,0.3794,0.4896,0.5184,0.3794,58.59,74.54,1,1,0,0,0,1.82,0.2176,1,1,0,1,1,0,0,7,2,0,1,0,0,0.3111,0,0.016,0,0.4167,"['P3_MONITOR', 'MILD_VELOCITY', 'WATCHLIST_PROXIMITY', 'DEVICE_REUSE', 'ML_ELEVATED_RISK_DUE_TO_AMOUNT', 'ML_ELEVATED_RISK_DUE_TO_RECEIVER_BAL_AFTER', 'ML_ELEVATED_RISK_DUE_TO_SENDER_BAL_BEFORE', 'ML_ELEVATED_RISK_DUE_TO_IS_SIM_BOUND', 'ML_ELEVATED_RISK_DUE_TO_TIME_TO_PAY_MS', 'ELEVATED_ACTIVITY_SEQUENCE', 'NEO4J_UNAVAILABLE', 'REALTIME_SCENARIO_GRAPH_FALLBACK', 'MONITORING', 'ELEVATED_ACTIVITY']",2,MONITOR,SOFT_NUDGE,P3,MONITORING,0.5055,0.5055,1.0,1.0,0.5184,0.5184,0.3794,0.3794,0.0,SUSPICIOUS,ELEVATED_ACTIVITY_SEQUENCE,MEDIUM,UNKNOWN,"['ML elevated risk due to amount', 'ML elevated risk due to receiver_bal_after', 'ML elevated risk due to sender_bal_before', 'ML elevated risk due to is_sim_bound', 'ML elevated risk due to time_to_pay_ms', 'ELEVATED_ACTIVITY_SEQUENCE', 'Connected to mule cluster']",TRANSACTION_SUSPECT,True,False,False,1440,2880,AML_MONITORING_QUEUE,MEDIUM
80eec64e-1f3e-43e2-82b2-7eb288625a69,U-1005,M-2002,14348.74,INR,TRANSFER,CARD,115972.22,101623.48,544833.93,2026-09-27 09:41:41.413687+00:00,Delhi,True,1,D-30016,1743,NORMAL,LOW_RISK_PAYMENT,LOW,8,0.263,426,81.1791,0.0256,14725.92,85651.26,35651.26,0,1,0,0,1245,1,1,0.0,0.1502,0.1017,0.1289,93.16,87.86,1,0,0,0,0,6.24,0.0253,0,0,0,2,1,0,0,3,1,2,0,0,0,0.1057,0,0.0256,0,0.1096,"['NORMAL', 'LOW_RISK_PAYMENT', 'NORMAL_PATTERN', 'LOW_VALUE_PAYMENT', 'SIM_BOUND', 'ML_ELEVATED_RISK_DUE_TO_AMOUNT', 'ML_ELEVATED_RISK_DUE_TO_RECEIVER_BAL_AFTER', 'ML_ELEVATED_RISK_DUE_TO_SENDER_BAL_BEFORE', 'ML_ELEVATED_RISK_DUE_TO_IS_SIM_BOUND', 'ML_ELEVATED_RISK_DUE_TO_TIME_TO_PAY_MS', 'SUSPICIOUS_BUT_UNCLEAR', 'NEO4J_UNAVAILABLE', 'MONITORING', 'ELEVATED_ACTIVITY']",2,MONITOR,SOFT_NUDGE,P3,MONITORING,0.5298,0.5298,1.0,1.0,0.9194,0.9194,0.0,0.0,0.0,SUSPICIOUS,SUSPICIOUS_BUT_UNCLEAR,UNKNOWN,UNKNOWN,"['ML elevated risk due to amount', 'ML elevated risk due to receiver_bal_after', 'ML elevated risk due to sender_bal_before', 'ML elevated risk due to is_sim_bound', 'ML elevated risk due to time_to_pay_ms', 'SUSPICIOUS_BUT_UNCLEAR']",TRANSACTION_SUSPECT,True,False,False,1440,2880,AML_MONITORING_QUEUE,MEDIUM
997b1814-1d14-44fa-a7e8-cacf6cba765e,U-1010,M-2016,5539.68,INR,BILL,CARD,172400.44,166860.76,81033.3,2026-09-27 09:41:38.488355+00:00,Chennai,True,1,D-30021,1584,NORMAL,LOW_RISK_PAYMENT,LOW,12,0.1378,512,38.0014,0.0403,5772.57,94460.32,44460.32,0,0,0,0,2057,1,0,0.0,0.1916,0.007,0.3004,92.61,87.5,1,0,0,0,0,3.68,0.0952,0,0,0,2,1,0,0,3,4,0,0,0,0,0.1576,0,0.0403,0,0.0486,"['NORMAL', 'LOW_RISK_PAYMENT', 'NORMAL_PATTERN', 'LOW_VALUE_PAYMENT', 'SIM_BOUND', 'ML_ELEVATED_RISK_DUE_TO_AMOUNT', 'ML_ELEVATED_RISK_DUE_TO_RECEIVER_BAL_AFTER', 'ML_ELEVATED_RISK_DUE_TO_SENDER_BAL_BEFORE', 'ML_ELEVATED_RISK_DUE_TO_IS_SIM_BOUND', 'ML_ELEVATED_RISK_DUE_TO_TIME_TO_PAY_MS', 'SUSPICIOUS_BUT_UNCLEAR', 'NEO4J_UNAVAILABLE', 'CLEARED']",2,ALLOW,ALLOW,INFO,CLEARED,0.2285,0.2285,0.0,0.0,0.9141,0.9141,0.0,0.0,0.0,ALLOW,SUSPICIOUS_BUT_UNCLEAR,UNKNOWN,UNKNOWN,"['ML elevated risk due to amount', 'ML elevated risk due to receiver_bal_after', 'ML elevated risk due to sender_bal_before', 'ML elevated risk due to is_sim_bound', 'ML elevated risk due to time_to_pay_ms', 'SUSPICIOUS_BUT_UNCLEAR']",TRANSACTION_MONITOR,False,False,False,10080,20160,AML_INFO_QUEUE,LOW
45b4cfc6-a589-4c92-9e44-cd13f271d953,U-1054,M-2030,23916.25,INR,P2P,UPI,146582.15,122665.9,349994.0,2026-09-27 09:41:32.004973+00:00,Hyderabad,True,1,D-30031,630,P3_MONITOR,MILD_VELOCITY,P3,4,0.3899,151,326.1017,0.1061,21622.14,76083.75,26083.75,0,0,0,0,1411,3,0,0.5206,0.5686,0.4978,0.5206,62.94,62.64,1,1,0,0,0,3.15,0.282,1,1,1,3,2,0,0,4,4,0,0,0,0,0.3118,0,0.1061,0,0.4179,"['P3_MONITOR', 'MILD_VELOCITY', 'WATCHLIST_PROXIMITY', 'DEVICE_REUSE', 'ML_ELEVATED_RISK_DUE_TO_AMOUNT', 'ML_ELEVATED_RISK_DUE_TO_RECEIVER_BAL_AFTER', 'ML_ELEVATED_RISK_DUE_TO_SENDER_BAL_BEFORE', 'ML_ELEVATED_RISK_DUE_TO_IS_SIM_BOUND', 'ML_ELEVATED_RISK_DUE_TO_TIME_TO_PAY_MS', 'ELEVATED_ACTIVITY_SEQUENCE', 'NEO4J_UNAVAILABLE', 'REALTIME_SCENARIO_GRAPH_FALLBACK', 'MONITORING', 'ELEVATED_ACTIVITY']",2,MONITOR,SOFT_NUDGE,P3,MONITORING,0.5286,0.5286,1.0,1.0,0.4978,0.4978,0.5206,0.5206,0.0,SUSPICIOUS,ELEVATED_ACTIVITY_SEQUENCE,MEDIUM,UNKNOWN,"['ML elevated risk due to amount', 'ML elevated risk due to receiver_bal_after', 'ML elevated risk due to sender_bal_before', 'ML elevated risk due to is_sim_bound', 'ML elevated risk due to time_to_pay_ms', 'ELEVATED_ACTIVITY_SEQUENCE', 'Connected to mule cluster']",TRANSACTION_SUSPECT,True,False,False,1440,2880,AML_MONITORING_QUEUE,MEDIUM
d8106c6b-84e5-4546-b593-c465fa51de6c,U-1066,M-2036,68977.29,INR,GATHER_SCATTER,NEFT,338541.46,269564.17,774772.42,2026-09-27 09:41:25.249658+00:00,Kolkata,False,0,D-30079,188,P2_REVIEW,GATHER_SCATTER,P2,13,0.6323,18,3389.7899,0.047,72378.52,31022.71,18977.29,0,0,0,0,17,6,3,0.8572,0.8323,0.6737,0.8572,33.2,35.21,0,1,1,0,1,0.7,0.7137,3,3,7,6,5,1,1,9,6,0,1,1,1,0.7208,0,0.047,1,0.7347,"['P2_REVIEW', 'GATHER_SCATTER', 'RAPID_DRAIN', 'MULE_CLUSTER', 'SIM_NOT_BOUND', 'ML_ELEVATED_RISK_DUE_TO_AMOUNT', 'ML_ELEVATED_RISK_DUE_TO_RECEIVER_BAL_AFTER', 'ML_ELEVATED_RISK_DUE_TO_SENDER_BAL_BEFORE', 'ML_ELEVATED_RISK_DUE_TO_IS_SIM_BOUND', 'ML_ELEVATED_RISK_DUE_TO_TIME_TO_PAY_MS', 'LAUNDERING_FLOW', 'HIGH_VALUE_TRANSFER', 'NEO4J_UNAVAILABLE', 'REALTIME_SCENARIO_GRAPH_FALLBACK', 'MONITORING', 'ELEVATED_ACTIVITY']",1,MONITOR,SOFT_NUDGE,P3,MONITORING,0.6399,0.6399,1.0,1.0,0.6737,0.6737,0.8572,0.8572,0.0,SUSPICIOUS,LAUNDERING_FLOW,HIGH,UNKNOWN,"['ML elevated risk due to amount', 'ML elevated risk due to receiver_bal_after', 'ML elevated risk due to sender_bal_before', 'ML elevated risk due to is_sim_bound', 'ML elevated risk due to time_to_pay_ms', 'LAUNDERING_FLOW', 'Connected to mule cluster']",TRANSACTION_SUSPECT,True,False,False,1440,2880,AML_MONITORING_QUEUE,MEDIUM
d69a71f1-426c-487b-a80e-25a71d52b415,U-1047,M-2026,32885.01,INR,PAYMENT,IMPS,222987.42,190102.41,181921.32,2026-09-27 09:41:21.914641+00:00,Hyderabad,False,0,D-30023,533,P3_MONITOR,MILD_VELOCITY,P3,8,0.4245,209,1108.7154,0.1698,39609.01,67114.99,17114.99,0,0,0,0,1253,1,1,0.359,0.6282,0.5069,0.359,60.49,56.17,0,1,0,0,1,1.88,0.2544,1,1,1,2,2,0,0,4,5,0,1,0,0,0.3018,0,0.1698,0,0.4919,"['P3_MONITOR', 'MILD_VELOCITY', 'WATCHLIST_PROXIMITY', 'DEVICE_REUSE', 'ML_ELEVATED_RISK_DUE_TO_AMOUNT', 'ML_ELEVATED_RISK_DUE_TO_RECEIVER_BAL_AFTER', 'ML_ELEVATED_RISK_DUE_TO_SENDER_BAL_BEFORE', 'ML_ELEVATED_RISK_DUE_TO_IS_SIM_BOUND', 'ML_ELEVATED_RISK_DUE_TO_TIME_TO_PAY_MS', 'ELEVATED_ACTIVITY_SEQUENCE', 'NEO4J_UNAVAILABLE', 'REALTIME_SCENARIO_GRAPH_FALLBACK', 'CLEARED']",2,ALLOW,ALLOW,INFO,CLEARED,0.4985,0.4985,1.0,1.0,0.5069,0.5069,0.359,0.359,0.0,SUSPICIOUS,ELEVATED_ACTIVITY_SEQUENCE,MEDIUM,UNKNOWN,"['ML elevated risk due to amount', 'ML elevated risk due to receiver_bal_after', 'ML elevated risk due to sender_bal_before', 'ML elevated risk due to is_sim_bound', 'ML elevated risk due to time_to_pay_ms', 'ELEVATED_ACTIVITY_SEQUENCE', 'Connected to mule cluster']",TRANSACTION_MONITOR,False,False,False,10080,20160,AML_INFO_QUEUE,LOW
9c70a110-aa39-4356-a2c5-0bf2878c4d8f,U-1060,M-2033,49765.02,INR,STRUCTURING,UPI,182830.85,133065.83,334756.22,2026-09-27 09:41:15.279346+00:00,Delhi,False,0,D-30060,314,P2_REVIEW,STRUCTURING,P2,10,0.6817,21,2561.6911,0.0191,48833.17,50234.98,234.98,0,0,0,1,38,5,5,0.7976,0.7707,0.7408,0.7976,32.57,39.47,0,1,1,0,1,0.19,0.7085,5,5,5,3,6,1,1,16,2,0,1,1,1,0.6996,1,0.6996,1,0.8355,"['P2_REVIEW', 'STRUCTURING', 'NEAR_THRESHOLD', 'HIGH_VALUE_TRANSFER', 'ML_ELEVATED_RISK_DUE_TO_AMOUNT', 'ML_ELEVATED_RISK_DUE_TO_RECEIVER_BAL_AFTER', 'ML_ELEVATED_RISK_DUE_TO_SENDER_BAL_BEFORE', 'ML_ELEVATED_RISK_DUE_TO_IS_SIM_BOUND', 'ML_ELEVATED_RISK_DUE_TO_TIME_TO_PAY_MS', 'REALTIME_SCENARIO_BEHAVIOR_FALLBACK', 'LAUNDERING_FLOW', 'NEO4J_UNAVAILABLE', 'REALTIME_SCENARIO_GRAPH_FALLBACK', 'MONITORING', 'ELEVATED_ACTIVITY']",1,MONITOR,SOFT_NUDGE,P3,MONITORING,0.5759,0.5759,0.7707,0.7707,0.7408,0.7408,0.7976,0.7976,0.0,ALLOW,LAUNDERING_FLOW,HIGH,UNKNOWN,"['ML elevated risk due to amount', 'ML elevated risk due to receiver_bal_after', 'ML elevated risk due to sender_bal_before', 'ML elevated risk due to is_sim_bound', 'ML elevated risk due to time_to_pay_ms', 'Realtime scenario behavior fallback', 'LAUNDERING_FLOW', 'Connected to mule cluster']",TRANSACTION_SUSPECT,True,False,False,1440,2880,AML_MONITORING_QUEUE,MEDIUM
b18b8ad5-102b-4131-af4d-489e9aeea52f,U-1023,M-2009,10701.02,INR,TRANSFER,NETBANKING,153408.9,142707.88,515957.37,2026-09-27 09:41:08.394557+00:00,Bengaluru,True,1,D-30024,1571,NORMAL,LOW_RISK_PAYMENT,LOW,8,0.1444,456,47.5363,0.0247,10972.33,89298.98,39298.98,0,0,0,0,1285,0,0,0.0,0.3356,0.2448,0.1699,85.78,75.44,1,0,0,0,0,4.54,0.055,0,0,0,1,1,0,0,3,1,1,0,0,0,0.1069,0,0.0247,0,0.0832,"['NORMAL', 'LOW_RISK_PAYMENT', 'NORMAL_PATTERN', 'LOW_VALUE_PAYMENT', 'SIM_BOUND', 'ML_ELEVATED_RISK_DUE_TO_AMOUNT', 'ML_ELEVATED_RISK_DUE_TO_RECEIVER_BAL_AFTER', 'ML_ELEVATED_RISK_DUE_TO_SENDER_BAL_BEFORE', 'ML_ELEVATED_RISK_DUE_TO_IS_SIM_BOUND', 'ML_ELEVATED_RISK_DUE_TO_TIME_TO_PAY_MS', 'SUSPICIOUS_BUT_UNCLEAR', 'NEO4J_UNAVAILABLE', 'MONITORING', 'ELEVATED_ACTIVITY']",4,MONITOR,SOFT_NUDGE,P3,MONITORING,0.5328,0.5328,1.0,1.0,0.9312,0.9312,0.0,0.0,0.0,SUSPICIOUS,SUSPICIOUS_BUT_UNCLEAR,UNKNOWN,UNKNOWN,"['ML elevated risk due to amount', 'ML elevated risk due to receiver_bal_after', 'ML elevated risk due to sender_bal_before', 'ML elevated risk due to is_sim_bound', 'ML elevated risk due to time_to_pay_ms', 'SUSPICIOUS_BUT_UNCLEAR']",TRANSACTION_SUSPECT,True,False,False,1440,2880,AML_MONITORING_QUEUE,MEDIUM
aa8c65df-c8a8-4b96-98b8-251ffcec7edf,U-1001,M-2003,9352.34,INR,BILL,NETBANKING,177632.51,168280.17,745525.6,2026-09-27 09:41:05.484597+00:00,Hyderabad,True,1,D-30017,358,NORMAL,LOW_RISK_PAYMENT,LOW,4,0.176,486,101.9303,0.03,9641.76,90647.66,40647.66,0,0,0,0,505,0,0,0.0,0.2836,0.1785,0.3061,80.44,83.59,1,0,0,0,0,5.46,0.0751,0,0,0,2,1,0,0,3,4,3,0,0,0,0.1067,0,0.03,0,0.0742,"['NORMAL', 'LOW_RISK_PAYMENT', 'NORMAL_PATTERN', 'LOW_VALUE_PAYMENT', 'SIM_BOUND', 'ML_ELEVATED_RISK_DUE_TO_AMOUNT', 'ML_ELEVATED_RISK_DUE_TO_RECEIVER_BAL_AFTER', 'ML_ELEVATED_RISK_DUE_TO_SENDER_BAL_BEFORE', 'ML_ELEVATED_RISK_DUE_TO_IS_SIM_BOUND', 'ML_ELEVATED_RISK_DUE_TO_TIME_TO_PAY_MS', 'SUSPICIOUS_BUT_UNCLEAR', 'NEO4J_UNAVAILABLE', 'CLEARED']",2,ALLOW,ALLOW,INFO,CLEARED,0.2156,0.2156,0.0,0.0,0.8623,0.8623,0.0,0.0,0.0,ALLOW,SUSPICIOUS_BUT_UNCLEAR,UNKNOWN,UNKNOWN,"['ML elevated risk due to amount', 'ML elevated risk due to receiver_bal_after', 'ML elevated risk due to sender_bal_before', 'ML elevated risk due to is_sim_bound', 'ML elevated risk due to time_to_pay_ms', 'SUSPICIOUS_BUT_UNCLEAR']",TRANSACTION_MONITOR,False,False,False,10080,20160,AML_INFO_QUEUE,LOW
69668de5-0995-4785-b8f2-6d47a51ea81d,U-1054,M-2022,38407.97,INR,P2P,IMPS,269519.22,231111.25,5534.78,2026-09-27 09:40:58.827203+00:00,Bengaluru,True,1,D-30030,844,P3_MONITOR,MILD_VELOCITY,P3,8,0.4444,189,853.5918,0.0106,38003.69,61592.03,11592.03,0,0,0,0,1420,2,1,0.5328,0.4611,0.3938,0.5328,68.71,76.69,0,0,0,0,0,1.81,0.3585,1,1,0,1,2,0,0,4,3,1,1,0,0,0.3723,0,0.0106,1,0.41,"['P3_MONITOR', 'MILD_VELOCITY', 'WATCHLIST_PROXIMITY', 'DEVICE_REUSE', 'ML_ELEVATED_RISK_DUE_TO_AMOUNT', 'ML_ELEVATED_RISK_DUE_TO_RECEIVER_BAL_AFTER', 'ML_ELEVATED_RISK_DUE_TO_SENDER_BAL_BEFORE', 'ML_ELEVATED_RISK_DUE_TO_IS_SIM_BOUND', 'ML_ELEVATED_RISK_DUE_TO_TIME_TO_PAY_MS', 'NEO4J_UNAVAILABLE', 'REALTIME_SCENARIO_GRAPH_FALLBACK', 'MONITORING', 'ELEVATED_ACTIVITY']",2,MONITOR,SOFT_NUDGE,P3,MONITORING,0.5306,0.5306,1.0,1.0,0.4961,0.4961,0.5328,0.5328,0.0,SUSPICIOUS,NONE,MEDIUM,UNKNOWN,"['ML elevated risk due to amount', 'ML elevated risk due to receiver_bal_after', 'ML elevated risk due to sender_bal_before', 'ML elevated risk due to is_sim_bound', 'ML elevated risk due to time_to_pay_ms', 'Connected to mule cluster']",TRANSACTION_SUSPECT,True,False,False,1440,2880,AML_MONITORING_QUEUE,MEDIUM
64dd9124-341f-4e66-a62e-dd5c2a2de0ef,U-1001,U-1030,12353.49,INR,PAYMENT,UPI,240994.98,228641.49,686422.6,2026-09-27 09:40:52.523683+00:00,Chennai,True,1,D-30023,482,NORMAL,LOW_RISK_PAYMENT,LOW,2,0.1229,1262,54.0868,0.0487,11779.88,87646.51,37646.51,0,0,0,0,2332,0,1,0.0,0.0952,0.134,0.2217,91.41,84.72,1,0,0,0,0,2.61,0.0278,0,0,0,1,1,0,0,1,1,1,0,0,0,0.1348,0,0.0487,0,0.1182,"['NORMAL', 'LOW_RISK_PAYMENT', 'NORMAL_PATTERN', 'LOW_VALUE_PAYMENT', 'SIM_BOUND', 'ML_ELEVATED_RISK_DUE_TO_AMOUNT', 'ML_ELEVATED_RISK_DUE_TO_RECEIVER_BAL_AFTER', 'ML_ELEVATED_RISK_DUE_TO_SENDER_BAL_BEFORE', 'ML_ELEVATED_RISK_DUE_TO_IS_SIM_BOUND', 'ML_ELEVATED_RISK_DUE_TO_TIME_TO_PAY_MS', 'SUSPICIOUS_BUT_UNCLEAR', 'NEO4J_UNAVAILABLE', 'MONITORING', 'ELEVATED_ACTIVITY']",2,MONITOR,SOFT_NUDGE,P3,MONITORING,0.5171,0.5171,1.0,1.0,0.8686,0.8686,0.0,0.0,0.0,SUSPICIOUS,SUSPICIOUS_BUT_UNCLEAR,UNKNOWN,UNKNOWN,"['ML elevated risk due to amount', 'ML elevated risk due to receiver_bal_after', 'ML elevated risk due to sender_bal_before', 'ML elevated risk due to is_sim_bound', 'ML elevated risk due to time_to_pay_ms', 'SUSPICIOUS_BUT_UNCLEAR']",TRANSACTION_SUSPECT,True,False,False,1440,2880,AML_MONITORING_QUEUE,MEDIUM
b8dda9c9-c77b-4a82-91a2-bbc7d6d56295,U-1084,U-1099,162923.8,INR,GATHER_SCATTER,UPI,180949.06,18025.26,147003.07,2026-09-27 09:40:44.342763+00:00,Hyderabad,False,0,D-30057,49,P1_CRITICAL,GATHER_SCATTER,P1,29,0.9004,0,16603.348,0.1015,147912.41,62923.8,112923.8,0,1,0,0,36,19,14,0.9717,0.961,0.9394,0.9717,5.2,21.38,0,1,1,1,1,1.31,0.8368,11,11,16,9,9,1,1,43,5,0,1,1,1,0.9681,0,0.1015,1,0.9205,"['P1_CRITICAL', 'GATHER_SCATTER', 'RAPID_DRAIN', 'MULE_CLUSTER', 'SIM_NOT_BOUND', 'ML_ELEVATED_RISK_DUE_TO_AMOUNT', 'ML_ELEVATED_RISK_DUE_TO_RECEIVER_BAL_AFTER', 'ML_ELEVATED_RISK_DUE_TO_SENDER_BAL_BEFORE', 'ML_ELEVATED_RISK_DUE_TO_IS_SIM_BOUND', 'ML_ELEVATED_RISK_DUE_TO_TIME_TO_PAY_MS', 'REALTIME_SCENARIO_BEHAVIOR_FALLBACK', 'HIGH_VALUE_TRANSFER', 'VERY_HIGH_VALUE_TRANSACTION', 'NEO4J_UNAVAILABLE', 'REALTIME_SCENARIO_GRAPH_FALLBACK', 'CRITICAL_RISK', 'URGENT_REVIEW']",1,BLOCK,BLOCK,P1,BLOCKED,0.9675,0.9675,0.961,0.961,0.9394,0.9394,0.9717,0.9717,1.0,ALLOW,GATHER_SCATTER,CRITICAL,UNKNOWN,"['Critical mule laundering pattern detected', 'ML elevated risk due to amount', 'ML elevated risk due to receiver_bal_after', 'ML elevated risk due to sender_bal_before', 'ML elevated risk due to is_sim_bound', 'ML elevated risk due to time_to_pay_ms', 'Realtime scenario behavior fallback', 'GATHER_SCATTER', 'Connected to mule cluster']",TRANSACTION_SUSPECT,False,True,True,15,20,AML_CRITICAL_QUEUE,CRITICAL
3d176246-3f15-4896-9f28-f183267e1e8c,U-1041,M-2022,24467.49,INR,P2P,IMPS,218812.77,194345.28,490360.01,2026-09-27 09:40:38.028920+00:00,Mumbai,True,1,D-30039,321,P3_MONITOR,MILD_VELOCITY,P3,4,0.4928,165,333.5621,0.0306,23740.26,75532.51,25532.51,0,1,0,0,1013,1,2,0.4393,0.6202,0.5082,0.4393,67.93,60.51,0,0,0,0,1,4.71,0.2375,0,0,0,3,2,0,0,4,5,0,0,0,0,0.2615,0,0.0306,0,0.3749,"['P3_MONITOR', 'MILD_VELOCITY', 'WATCHLIST_PROXIMITY', 'DEVICE_REUSE', 'ML_ELEVATED_RISK_DUE_TO_AMOUNT', 'ML_ELEVATED_RISK_DUE_TO_RECEIVER_BAL_AFTER', 'ML_ELEVATED_RISK_DUE_TO_SENDER_BAL_BEFORE', 'ML_ELEVATED_RISK_DUE_TO_IS_SIM_BOUND', 'ML_ELEVATED_RISK_DUE_TO_TIME_TO_PAY_MS', 'ELEVATED_ACTIVITY_SEQUENCE', 'NEO4J_UNAVAILABLE', 'REALTIME_SCENARIO_GRAPH_FALLBACK', 'MONITORING', 'ELEVATED_ACTIVITY']",2,MONITOR,SOFT_NUDGE,P3,MONITORING,0.5149,0.5149,1.0,1.0,0.5082,0.5082,0.4393,0.4393,0.0,SUSPICIOUS,ELEVATED_ACTIVITY_SEQUENCE,MEDIUM,UNKNOWN,"['ML elevated risk due to amount', 'ML elevated risk due to receiver_bal_after', 'ML elevated risk due to sender_bal_before', 'ML elevated risk due to is_sim_bound', 'ML elevated risk due to time_to_pay_ms', 'ELEVATED_ACTIVITY_SEQUENCE']",TRANSACTION_SUSPECT,True,False,False,1440,2880,AML_MONITORING_QUEUE,MEDIUM
7fd4734b-351d-4e13-8fc0-57478babb968,U-1016,M-2016,7687.81,INR,PAYMENT,CARD,120793.69,113105.88,21366.86,2026-09-27 09:40:35.087174+00:00,Pune,True,1,D-30004,950,NORMAL,LOW_RISK_PAYMENT,LOW,6,0.2064,311,34.0264,0.102,6976.21,92312.19,42312.19,0,0,0,0,809,1,1,0.0,0.3397,0.0387,0.1705,86.9,79.78,1,0,0,0,0,3.93,0.0278,0,0,0,1,1,0,0,3,4,1,0,0,0,0.1071,0,0.102,0,0.0799,"['NORMAL', 'LOW_RISK_PAYMENT', 'NORMAL_PATTERN', 'LOW_VALUE_PAYMENT', 'SIM_BOUND', 'ML_ELEVATED_RISK_DUE_TO_AMOUNT', 'ML_ELEVATED_RISK_DUE_TO_RECEIVER_BAL_AFTER', 'ML_ELEVATED_RISK_DUE_TO_SENDER_BAL_BEFORE', 'ML_ELEVATED_RISK_DUE_TO_IS_SIM_BOUND', 'ML_ELEVATED_RISK_DUE_TO_TIME_TO_PAY_MS', 'SUSPICIOUS_BUT_UNCLEAR', 'NEO4J_UNAVAILABLE', 'CLEARED']",2,ALLOW,ALLOW,INFO,CLEARED,0.4747,0.4747,1.0,1.0,0.6987,0.6987,0.0,0.0,0.0,SUSPICIOUS,SUSPICIOUS_BUT_UNCLEAR,UNKNOWN,UNKNOWN,"['ML elevated risk due to amount', 'ML elevated risk due to receiver_bal_after', 'ML elevated risk due to sender_bal_before', 'ML elevated risk due to is_sim_bound', 'ML elevated risk due to time_to_pay_ms', 'SUSPICIOUS_BUT_UNCLEAR']",TRANSACTION_MONITOR,False,False,False,10080,20160,AML_INFO_QUEUE,LOW
82c4ef48-864e-4e9e-b9a5-8cf8ce4e7190,U-1024,U-1038,7510.31,INR,P2P,UPI,138740.05,131229.74,351191.2,2026-09-27 09:40:29.754625+00:00,Pune,True,1,D-30020,1462,NORMAL,LOW_RISK_PAYMENT,LOW,8,0.2855,861,43.7437,0.0734,6996.45,92489.69,42489.69,0,0,0,0,1234,1,0,0.0,0.1137,0.0203,0.2078,84.72,89.48,1,0,0,0,0,6.97,0.0273,0,0,0,1,1,0,0,3,2,0,0,0,0,0.0751,0,0.0734,0,0.1327,"['NORMAL', 'LOW_RISK_PAYMENT', 'NORMAL_PATTERN', 'LOW_VALUE_PAYMENT', 'SIM_BOUND', 'ML_ELEVATED_RISK_DUE_TO_AMOUNT', 'ML_ELEVATED_RISK_DUE_TO_RECEIVER_BAL_AFTER', 'ML_ELEVATED_RISK_DUE_TO_SENDER_BAL_BEFORE', 'ML_ELEVATED_RISK_DUE_TO_IS_SIM_BOUND', 'ML_ELEVATED_RISK_DUE_TO_TIME_TO_PAY_MS', 'SUSPICIOUS_BUT_UNCLEAR', 'NEO4J_UNAVAILABLE', 'MONITORING', 'ELEVATED_ACTIVITY']",2,MONITOR,SOFT_NUDGE,P3,MONITORING,0.5487,0.5487,1.0,1.0,0.9947,0.9947,0.0,0.0,0.0,SUSPICIOUS,SUSPICIOUS_BUT_UNCLEAR,UNKNOWN,UNKNOWN,"['ML elevated risk due to amount', 'ML elevated risk due to receiver_bal_after', 'ML elevated risk due to sender_bal_before', 'ML elevated risk due to is_sim_bound', 'ML elevated risk due to time_to_pay_ms', 'SUSPICIOUS_BUT_UNCLEAR']",TRANSACTION_SUSPECT,True,False,False,1440,2880,AML_MONITORING_QUEUE,MEDIUM
626b32f9-c39f-4bdd-9f7e-93fc36343141,U-1009,U-1038,14992.74,INR,TRANSFER,NETBANKING,204932.72,189939.98,146195.86,2026-09-27 09:40:23.391720+00:00,Kolkata,True,1,D-30023,1142,NORMAL,LOW_RISK_PAYMENT,LOW,6,0.0644,423,77.4324,0.1057,16764.68,85007.26,35007.26,0,0,0,0,1652,0,1,0.0,0.0977,0.2493,0.1199,96.74,82.9,1,0,0,0,0,5.32,0.0412,0,0,0,1,1,0,0,3,3,1,0,0,0,0.0511,0,0.1057,0,0.0823,"['NORMAL', 'LOW_RISK_PAYMENT', 'NORMAL_PATTERN', 'LOW_VALUE_PAYMENT', 'SIM_BOUND', 'ML_ELEVATED_RISK_DUE_TO_AMOUNT', 'ML_ELEVATED_RISK_DUE_TO_RECEIVER_BAL_AFTER', 'ML_ELEVATED_RISK_DUE_TO_SENDER_BAL_BEFORE', 'ML_ELEVATED_RISK_DUE_TO_IS_SIM_BOUND', 'ML_ELEVATED_RISK_DUE_TO_TIME_TO_PAY_MS', 'SUSPICIOUS_BUT_UNCLEAR', 'NEO4J_UNAVAILABLE', 'MONITORING', 'ELEVATED_ACTIVITY']",2,MONITOR,SOFT_NUDGE,P3,MONITORING,0.5235,0.5235,1.0,1.0,0.8941,0.8941,0.0,0.0,0.0,SUSPICIOUS,SUSPICIOUS_BUT_UNCLEAR,UNKNOWN,UNKNOWN,"['ML elevated risk due to amount', 'ML elevated risk due to receiver_bal_after', 'ML elevated risk due to sender_bal_before', 'ML elevated risk due to is_sim_bound', 'ML elevated risk due to time_to_pay_ms', 'SUSPICIOUS_BUT_UNCLEAR']",TRANSACTION_SUSPECT,True,False,False,1440,2880,AML_MONITORING_QUEUE,MEDIUM
8fcafe30-173a-41f6-97d9-94cc85b87da0,U-1003,M-2016,11445.69,INR,BILL,UPI,48645.86,37200.17,141759.42,2026-09-27 09:40:17.052551+00:00,Mumbai,True,1,D-30023,1972,NORMAL,LOW_RISK_PAYMENT,LOW,6,0.2806,969,72.0078,0.0177,11246.29,88554.31,38554.31,0,0,0,0,500,0,1,0.0,0.212,0.103,0.1669,83.25,86.8,1,0,0,0,0,4.23,0.0737,0,0,0,1,1,0,0,3,3,3,0,0,0,0.1204,0,0.0177,0,0.1085,"['NORMAL', 'LOW_RISK_PAYMENT', 'NORMAL_PATTERN', 'LOW_VALUE_PAYMENT', 'SIM_BOUND', 'ML_ELEVATED_RISK_DUE_TO_AMOUNT', 'ML_ELEVATED_RISK_DUE_TO_RECEIVER_BAL_AFTER', 'ML_ELEVATED_RISK_DUE_TO_SENDER_BAL_BEFORE', 'ML_ELEVATED_RISK_DUE_TO_IS_SIM_BOUND', 'ML_ELEVATED_RISK_DUE_TO_TIME_TO_PAY_MS', 'SUSPICIOUS_BUT_UNCLEAR', 'NEO4J_UNAVAILABLE', 'MONITORING', 'ELEVATED_ACTIVITY']",2,MONITOR,SOFT_NUDGE,P3,MONITORING,0.5465,0.5465,1.0,1.0,0.9862,0.9862,0.0,0.0,0.0,SUSPICIOUS,SUSPICIOUS_BUT_UNCLEAR,UNKNOWN,UNKNOWN,"['ML elevated risk due to amount', 'ML elevated risk due to receiver_bal_after', 'ML elevated risk due to sender_bal_before', 'ML elevated risk due to is_sim_bound', 'ML elevated risk due to time_to_pay_ms', 'SUSPICIOUS_BUT_UNCLEAR']",TRANSACTION_SUSPECT,True,False,False,1440,2880,AML_MONITORING_QUEUE,MEDIUM
9da73d0b-40e1-4dc5-89d7-2fc12093d5c9,U-1010,U-1036,10153.36,INR,TRANSFER,CARD,166534.39,156381.03,502358.81,2026-09-27 09:40:14.134078+00:00,Mumbai,True,1,D-30005,1216,NORMAL,LOW_RISK_PAYMENT,LOW,10,0.2033,876,65.0955,0.0546,9627.34,89846.64,39846.64,0,0,0,0,1966,0,0,0.0,0.3134,0.0628,0.3058,97.14,85.53,1,0,0,0,0,5.48,0.1098,0,0,0,2,1,0,0,3,1,0,0,0,0,0.0405,0,0.0546,0,0.1011,"['NORMAL', 'LOW_RISK_PAYMENT', 'NORMAL_PATTERN', 'LOW_VALUE_PAYMENT', 'SIM_BOUND', 'ML_ELEVATED_RISK_DUE_TO_AMOUNT', 'ML_ELEVATED_RISK_DUE_TO_RECEIVER_BAL_AFTER', 'ML_ELEVATED_RISK_DUE_TO_SENDER_BAL_BEFORE', 'ML_ELEVATED_RISK_DUE_TO_IS_SIM_BOUND', 'ML_ELEVATED_RISK_DUE_TO_TIME_TO_PAY_MS', 'SUSPICIOUS_BUT_UNCLEAR', 'NEO4J_UNAVAILABLE', 'CLEARED']",4,ALLOW,ALLOW,INFO,CLEARED,0.2345,0.2345,0.0,0.0,0.938,0.938,0.0,0.0,0.0,ALLOW,SUSPICIOUS_BUT_UNCLEAR,UNKNOWN,UNKNOWN,"['ML elevated risk due to amount', 'ML elevated risk due to receiver_bal_after', 'ML elevated risk due to sender_bal_before', 'ML elevated risk due to is_sim_bound', 'ML elevated risk due to time_to_pay_ms', 'SUSPICIOUS_BUT_UNCLEAR']",TRANSACTION_MONITOR,False,False,False,10080,20160,AML_INFO_QUEUE,LOW
09828ec7-fbf1-42b9-bb9e-0b9bf66b8ca2,U-1042,M-2029,17804.44,INR,PAYMENT,CARD,66493.42,48688.98,385042.11,2026-09-27 09:40:07.448140+00:00,Bengaluru,True,1,D-30039,693,P3_MONITOR,MILD_VELOCITY,P3,8,0.4602,152,247.426,0.0012,17783.52,82195.56,32195.56,0,0,0,0,1059,2,2,0.3985,0.4966,0.4552,0.3985,61.66,67.03,0,0,1,0,0,3.09,0.3333,1,1,0,3,1,0,0,5,5,1,0,0,0,0.2605,0,0.0012,1,0.3851,"['P3_MONITOR', 'MILD_VELOCITY', 'WATCHLIST_PROXIMITY', 'DEVICE_REUSE', 'ML_ELEVATED_RISK_DUE_TO_AMOUNT', 'ML_ELEVATED_RISK_DUE_TO_RECEIVER_BAL_AFTER', 'ML_ELEVATED_RISK_DUE_TO_SENDER_BAL_BEFORE', 'ML_ELEVATED_RISK_DUE_TO_IS_SIM_BOUND', 'ML_ELEVATED_RISK_DUE_TO_TIME_TO_PAY_MS', 'SUSPICIOUS_BUT_UNCLEAR', 'NEO4J_UNAVAILABLE', 'REALTIME_SCENARIO_GRAPH_FALLBACK', 'MONITORING', 'ELEVATED_ACTIVITY']",2,MONITOR,SOFT_NUDGE,P3,MONITORING,0.5056,0.5056,1.0,1.0,0.5035,0.5035,0.3985,0.3985,0.0,SUSPICIOUS,SUSPICIOUS_BUT_UNCLEAR,MEDIUM,UNKNOWN,"['ML elevated risk due to amount', 'ML elevated risk due to receiver_bal_after', 'ML elevated risk due to sender_bal_before', 'ML elevated risk due to is_sim_bound', 'ML elevated risk due to time_to_pay_ms', 'SUSPICIOUS_BUT_UNCLEAR', 'Connected to mule cluster']",TRANSACTION_SUSPECT,True,False,False,1440,2880,AML_MONITORING_QUEUE,MEDIUM
b70c2e88-be98-4934-8846-9ebe60999102,U-1018,M-2018,8160.43,INR,P2P,NETBANKING,60019.0,51858.57,602132.06,2026-09-27 09:40:01.157349+00:00,Kolkata,True,1,D-30011,980,NORMAL,LOW_RISK_PAYMENT,LOW,8,0.0864,817,55.7835,0.0012,8150.82,91839.57,41839.57,0,0,0,0,2016,0,0,0.0,0.0978,0.1762,0.1572,90.14,95.46,1,0,0,0,0,3.43,0.0555,0,0,0,2,1,0,0,3,3,3,0,0,0,0.1153,0,0.0012,0,0.1448,"['NORMAL', 'LOW_RISK_PAYMENT', 'NORMAL_PATTERN', 'LOW_VALUE_PAYMENT', 'SIM_BOUND', 'ML_ELEVATED_RISK_DUE_TO_AMOUNT', 'ML_ELEVATED_RISK_DUE_TO_RECEIVER_BAL_AFTER', 'ML_ELEVATED_RISK_DUE_TO_SENDER_BAL_BEFORE', 'ML_ELEVATED_RISK_DUE_TO_IS_SIM_BOUND', 'ML_ELEVATED_RISK_DUE_TO_TIME_TO_PAY_MS', 'SUSPICIOUS_BUT_UNCLEAR', 'NEO4J_UNAVAILABLE', 'MONITORING', 'ELEVATED_ACTIVITY']",2,MONITOR,SOFT_NUDGE,P3,MONITORING,0.5366,0.5366,1.0,1.0,0.9466,0.9466,0.0,0.0,0.0,SUSPICIOUS,SUSPICIOUS_BUT_UNCLEAR,UNKNOWN,UNKNOWN,"['ML elevated risk due to amount', 'ML elevated risk due to receiver_bal_after', 'ML elevated risk due to sender_bal_before', 'ML elevated risk due to is_sim_bound', 'ML elevated risk due to time_to_pay_ms', 'SUSPICIOUS_BUT_UNCLEAR']",TRANSACTION_SUSPECT,True,False,False,1440,2880,AML_MONITORING_QUEUE,MEDIUM
0368027c-4cb2-4746-a2ff-c0eaa7a6da3b,U-1024,M-2006,6260.54,INR,P2P,NETBANKING,142317.84,136057.3,60206.2,2026-09-27 09:39:54.488739+00:00,Pune,True,1,D-30021,602,NORMAL,LOW_RISK_PAYMENT,LOW,6,0.0516,1378,31.6339,0.1317,5531.99,93739.46,43739.46,0,0,0,0,1500,0,0,0.0,0.1224,0.1402,0.2208,97.84,90.16,1,0,0,0,0,4.15,0.0372,0,0,0,1,1,0,0,3,1,3,0,0,0,0.0989,0,0.1317,0,0.1006,"['NORMAL', 'LOW_RISK_PAYMENT', 'NORMAL_PATTERN', 'LOW_VALUE_PAYMENT', 'SIM_BOUND', 'ML_ELEVATED_RISK_DUE_TO_AMOUNT', 'ML_ELEVATED_RISK_DUE_TO_RECEIVER_BAL_AFTER', 'ML_ELEVATED_RISK_DUE_TO_SENDER_BAL_BEFORE', 'ML_ELEVATED_RISK_DUE_TO_IS_SIM_BOUND', 'ML_ELEVATED_RISK_DUE_TO_TIME_TO_PAY_MS', 'SUSPICIOUS_BUT_UNCLEAR', 'NEO4J_UNAVAILABLE', 'MONITORING', 'ELEVATED_ACTIVITY']",2,MONITOR,SOFT_NUDGE,P3,MONITORING,0.5486,0.5486,1.0,1.0,0.9945,0.9945,0.0,0.0,0.0,SUSPICIOUS,SUSPICIOUS_BUT_UNCLEAR,UNKNOWN,UNKNOWN,"['ML elevated risk due to amount', 'ML elevated risk due to receiver_bal_after', 'ML elevated risk due to sender_bal_before', 'ML elevated risk due to is_sim_bound', 'ML elevated risk due to time_to_pay_ms', 'SUSPICIOUS_BUT_UNCLEAR']",TRANSACTION_SUSPECT,True,False,False,1440,2880,AML_MONITORING_QUEUE,MEDIUM
30fc5fef-1b21-4e34-8556-39a08c070388,U-1014,U-1034,1439.4,INR,PAYMENT,NETBANKING,71330.45,69891.05,766128.69,2026-09-27 09:39:50.941024+00:00,Delhi,True,1,D-30012,1779,NORMAL,LOW_RISK_PAYMENT,LOW,6,0.1697,1158,11.5189,0.0459,1508.72,98560.6,48560.6,0,0,0,0,865,1,0,0.0,0.2961,0.0457,0.2484,83.98,79.73,1,0,0,0,0,4.34,0.1037,0,0,0,1,1,0,0,3,2,1,0,0,0,0.0595,0,0.0459,0,0.062,"['NORMAL', 'LOW_RISK_PAYMENT', 'NORMAL_PATTERN', 'LOW_VALUE_PAYMENT', 'SIM_BOUND', 'ML_ELEVATED_RISK_DUE_TO_AMOUNT', 'ML_ELEVATED_RISK_DUE_TO_RECEIVER_BAL_AFTER', 'ML_ELEVATED_RISK_DUE_TO_SENDER_BAL_BEFORE', 'ML_ELEVATED_RISK_DUE_TO_IS_SIM_BOUND', 'ML_ELEVATED_RISK_DUE_TO_TIME_TO_PAY_MS', 'SUSPICIOUS_BUT_UNCLEAR', 'NEO4J_UNAVAILABLE', 'MONITORING', 'ELEVATED_ACTIVITY']",2,MONITOR,SOFT_NUDGE,P3,MONITORING,0.544,0.544,1.0,1.0,0.9759,0.9759,0.0,0.0,0.0,SUSPICIOUS,SUSPICIOUS_BUT_UNCLEAR,UNKNOWN,UNKNOWN,"['ML elevated risk due to amount', 'ML elevated risk due to receiver_bal_after', 'ML elevated risk due to sender_bal_before', 'ML elevated risk due to is_sim_bound', 'ML elevated risk due to time_to_pay_ms', 'SUSPICIOUS_BUT_UNCLEAR']",TRANSACTION_SUSPECT,True,False,False,1440,2880,AML_MONITORING_QUEUE,MEDIUM
8c705108-4cb0-49a7-958c-0813f492f7d7,U-1014,M-2011,3573.78,INR,BILL,CARD,36368.42,32794.64,476127.2,2026-09-27 09:39:44.291254+00:00,Chennai,True,1,D-30016,1844,NORMAL,LOW_RISK_PAYMENT,LOW,4,0.2343,1303,19.9666,0.0543,3778.9,96426.22,46426.22,0,0,0,0,776,1,0,0.0,0.1508,0.1796,0.093,91.58,81.51,1,0,0,0,0,4.45,0.1327,0,0,0,1,1,0,0,3,1,0,0,0,0,0.0552,0,0.0543,0,0.1256,"['NORMAL', 'LOW_RISK_PAYMENT', 'NORMAL_PATTERN', 'LOW_VALUE_PAYMENT', 'SIM_BOUND', 'ML_ELEVATED_RISK_DUE_TO_AMOUNT', 'ML_ELEVATED_RISK_DUE_TO_RECEIVER_BAL_AFTER', 'ML_ELEVATED_RISK_DUE_TO_SENDER_BAL_BEFORE', 'ML_ELEVATED_RISK_DUE_TO_IS_SIM_BOUND', 'ML_ELEVATED_RISK_DUE_TO_TIME_TO_PAY_MS', 'SUSPICIOUS_BUT_UNCLEAR', 'NEO4J_UNAVAILABLE', 'MONITORING', 'ELEVATED_ACTIVITY']",2,MONITOR,SOFT_NUDGE,P3,MONITORING,0.5228,0.5228,1.0,1.0,0.8912,0.8912,0.0,0.0,0.0,SUSPICIOUS,SUSPICIOUS_BUT_UNCLEAR,UNKNOWN,UNKNOWN,"['ML elevated risk due to amount', 'ML elevated risk due to receiver_bal_after', 'ML elevated risk due to sender_bal_before', 'ML elevated risk due to is_sim_bound', 'ML elevated risk due to time_to_pay_ms', 'SUSPICIOUS_BUT_UNCLEAR']",TRANSACTION_SUSPECT,True,False,False,1440,2880,AML_MONITORING_QUEUE,MEDIUM
f408216c-a785-4214-b40e-1c5ebc414db0,U-1013,U-1039,13801.23,INR,PAYMENT,CARD,134472.64,120671.41,400882.51,2026-09-27 09:39:40.773780+00:00,Delhi,True,1,D-30007,983,NORMAL,LOW_RISK_PAYMENT,LOW,6,0.0803,1227,69.7352,0.1014,12530.49,86198.77,36198.77,0,1,0,0,1810,1,1,0.0,0.2067,0.0803,0.1786,81.89,90.81,1,0,0,0,0,6.34,0.0662,0,0,0,1,1,0,0,3,2,0,0,0,0,0.1162,0,0.1014,0,0.0656,"['NORMAL', 'LOW_RISK_PAYMENT', 'NORMAL_PATTERN', 'LOW_VALUE_PAYMENT', 'SIM_BOUND', 'ML_ELEVATED_RISK_DUE_TO_AMOUNT', 'ML_ELEVATED_RISK_DUE_TO_RECEIVER_BAL_AFTER', 'ML_ELEVATED_RISK_DUE_TO_SENDER_BAL_BEFORE', 'ML_ELEVATED_RISK_DUE_TO_IS_SIM_BOUND', 'ML_ELEVATED_RISK_DUE_TO_TIME_TO_PAY_MS', 'SUSPICIOUS_BUT_UNCLEAR', 'NEO4J_UNAVAILABLE', 'MONITORING', 'ELEVATED_ACTIVITY']",2,MONITOR,SOFT_NUDGE,P3,MONITORING,0.5373,0.5373,1.0,1.0,0.949,0.949,0.0,0.0,0.0,SUSPICIOUS,SUSPICIOUS_BUT_UNCLEAR,UNKNOWN,UNKNOWN,"['ML elevated risk due to amount', 'ML elevated risk due to receiver_bal_after', 'ML elevated risk due to sender_bal_before', 'ML elevated risk due to is_sim_bound', 'ML elevated risk due to time_to_pay_ms', 'SUSPICIOUS_BUT_UNCLEAR']",TRANSACTION_SUSPECT,True,False,False,1440,2880,AML_MONITORING_QUEUE,MEDIUM
ccf613a4-cbbc-4583-bc8f-57d5c6eebdb5,U-1007,M-2013,12685.96,INR,PAYMENT,CARD,179527.31,166841.35,155642.75,2026-09-27 09:39:37.671265+00:00,Delhi,True,1,D-30016,1913,NORMAL,LOW_RISK_PAYMENT,LOW,10,0.1748,354,62.6942,0.0696,13635.64,87314.04,37314.04,0,0,0,0,861,0,0,0.0,0.1426,0.2363,0.337,78.74,76.45,1,0,0,0,0,6.8,0.094,0,0,0,1,1,0,0,3,4,0,0,0,0,0.0788,0,0.0696,0,0.0439,"['NORMAL', 'LOW_RISK_PAYMENT', 'NORMAL_PATTERN', 'LOW_VALUE_PAYMENT', 'SIM_BOUND', 'ML_ELEVATED_RISK_DUE_TO_AMOUNT', 'ML_ELEVATED_RISK_DUE_TO_RECEIVER_BAL_AFTER', 'ML_ELEVATED_RISK_DUE_TO_SENDER_BAL_BEFORE', 'ML_ELEVATED_RISK_DUE_TO_IS_SIM_BOUND', 'ML_ELEVATED_RISK_DUE_TO_TIME_TO_PAY_MS', 'SUSPICIOUS_BUT_UNCLEAR', 'NEO4J_UNAVAILABLE', 'CLEARED']",2,ALLOW,ALLOW,INFO,CLEARED,0.2026,0.2026,0.0,0.0,0.8106,0.8106,0.0,0.0,0.0,ALLOW,SUSPICIOUS_BUT_UNCLEAR,UNKNOWN,UNKNOWN,"['ML elevated risk due to amount', 'ML elevated risk due to receiver_bal_after', 'ML elevated risk due to sender_bal_before', 'ML elevated risk due to is_sim_bound', 'ML elevated risk due to time_to_pay_ms', 'SUSPICIOUS_BUT_UNCLEAR']",TRANSACTION_MONITOR,False,False,False,10080,20160,AML_INFO_QUEUE,LOW
71789f66-2e81-428d-b35b-7eedaca94819,U-1009,M-2012,14252.14,INR,P2P,NETBANKING,97398.73,83146.59,68279.59,2026-09-27 09:39:31.079901+00:00,Pune,True,1,D-30007,1884,NORMAL,LOW_RISK_PAYMENT,LOW,4,0.2782,367,60.4662,0.1044,12904.96,85747.86,35747.86,0,0,0,0,1687,0,0,0.0,0.1905,0.2095,0.11,97.99,90.77,1,0,0,0,0,4.79,0.1123,0,0,0,1,1,0,0,3,1,2,0,0,0,0.0718,0,0.1044,0,0.1318,"['NORMAL', 'LOW_RISK_PAYMENT', 'NORMAL_PATTERN', 'LOW_VALUE_PAYMENT', 'SIM_BOUND', 'ML_ELEVATED_RISK_DUE_TO_AMOUNT', 'ML_ELEVATED_RISK_DUE_TO_RECEIVER_BAL_AFTER', 'ML_ELEVATED_RISK_DUE_TO_SENDER_BAL_BEFORE', 'ML_ELEVATED_RISK_DUE_TO_IS_SIM_BOUND', 'ML_ELEVATED_RISK_DUE_TO_TIME_TO_PAY_MS', 'SUSPICIOUS_BUT_UNCLEAR', 'NEO4J_UNAVAILABLE', 'MONITORING', 'ELEVATED_ACTIVITY']",2,MONITOR,SOFT_NUDGE,P3,MONITORING,0.5316,0.5316,1.0,1.0,0.9265,0.9265,0.0,0.0,0.0,SUSPICIOUS,SUSPICIOUS_BUT_UNCLEAR,UNKNOWN,UNKNOWN,"['ML elevated risk due to amount', 'ML elevated risk due to receiver_bal_after', 'ML elevated risk due to sender_bal_before', 'ML elevated risk due to is_sim_bound', 'ML elevated risk due to time_to_pay_ms', 'SUSPICIOUS_BUT_UNCLEAR']",TRANSACTION_SUSPECT,True,False,False,1440,2880,AML_MONITORING_QUEUE,MEDIUM
0683a16f-97e5-4acb-b769-5d3d233a0dcc,U-1017,M-2004,14624.32,INR,P2P,CARD,52883.2,38258.88,540680.54,2026-09-27 09:39:24.217322+00:00,Kolkata,True,1,D-30009,1256,NORMAL,LOW_RISK_PAYMENT,LOW,14,0.1409,357,62.265,0.0839,15964.54,85375.68,35375.68,0,1,0,0,331,0,0,0.0,0.1201,0.1691,0.2625,85.6,82.18,1,0,0,0,0,6.01,0.1017,0,0,0,1,1,0,0,3,1,0,0,0,0,0.1211,0,0.0839,0,0.1414,"['NORMAL', 'LOW_RISK_PAYMENT', 'NORMAL_PATTERN', 'LOW_VALUE_PAYMENT', 'SIM_BOUND', 'ML_ELEVATED_RISK_DUE_TO_AMOUNT', 'ML_ELEVATED_RISK_DUE_TO_RECEIVER_BAL_AFTER', 'ML_ELEVATED_RISK_DUE_TO_SENDER_BAL_BEFORE', 'ML_ELEVATED_RISK_DUE_TO_IS_SIM_BOUND', 'ML_ELEVATED_RISK_DUE_TO_TIME_TO_PAY_MS', 'SUSPICIOUS_BUT_UNCLEAR', 'NEO4J_UNAVAILABLE', 'MONITORING', 'ELEVATED_ACTIVITY']",4,MONITOR,SOFT_NUDGE,P3,MONITORING,0.5113,0.5113,1.0,1.0,0.8452,0.8452,0.0,0.0,0.0,SUSPICIOUS,SUSPICIOUS_BUT_UNCLEAR,UNKNOWN,UNKNOWN,"['ML elevated risk due to amount', 'ML elevated risk due to receiver_bal_after', 'ML elevated risk due to sender_bal_before', 'ML elevated risk due to is_sim_bound', 'ML elevated risk due to time_to_pay_ms', 'SUSPICIOUS_BUT_UNCLEAR']",TRANSACTION_SUSPECT,True,False,False,1440,2880,AML_MONITORING_QUEUE,MEDIUM
0b3442c4-5771-462f-80ae-c1222d59f919,U-1016,M-2015,13968.23,INR,BILL,NETBANKING,66991.94,53023.71,560090.21,2026-09-27 09:39:21.581601+00:00,Chennai,True,1,D-30021,1552,NORMAL,LOW_RISK_PAYMENT,LOW,4,0.2663,884,86.6587,0.0017,13992.02,86031.77,36031.77,0,1,0,0,1511,0,0,0.0,0.1456,0.1185,0.1711,80.73,86.01,1,0,0,0,0,5.55,0.1058,0,0,0,2,1,0,0,3,4,0,0,0,0,0.0612,0,0.0017,0,0.0889,"['NORMAL', 'LOW_RISK_PAYMENT', 'NORMAL_PATTERN', 'LOW_VALUE_PAYMENT', 'SIM_BOUND', 'ML_ELEVATED_RISK_DUE_TO_AMOUNT', 'ML_ELEVATED_RISK_DUE_TO_RECEIVER_BAL_AFTER', 'ML_ELEVATED_RISK_DUE_TO_SENDER_BAL_BEFORE', 'ML_ELEVATED_RISK_DUE_TO_IS_SIM_BOUND', 'ML_ELEVATED_RISK_DUE_TO_TIME_TO_PAY_MS', 'NEO4J_UNAVAILABLE', 'CLEARED']",2,ALLOW,ALLOW,INFO,CLEARED,0.3,0.3,1.0,1.0,0.0,0.0,0.0,0.0,0.0,SUSPICIOUS,INSUFFICIENT_HISTORY,UNKNOWN,UNKNOWN,"['ML elevated risk due to amount', 'ML elevated risk due to receiver_bal_after', 'ML elevated risk due to sender_bal_before', 'ML elevated risk due to is_sim_bound', 'ML elevated risk due to time_to_pay_ms']",TRANSACTION_MONITOR,False,False,False,10080,20160,AML_INFO_QUEUE,LOW
66dec090-5d0c-4c36-8981-6ede0f180b17,U-1042,M-2027,19725.1,INR,TRANSFER,CARD,246413.33,226688.23,223183.86,2026-09-27 09:39:14.828236+00:00,Delhi,True,1,D-30025,639,P3_MONITOR,MILD_VELOCITY,P3,6,0.4193,199,408.9379,0.0319,19115.29,80274.9,30274.9,0,0,0,0,447,1,0,0.4335,0.5374,0.3988,0.4335,68.43,55.7,1,0,1,0,0,1.62,0.2736,0,0,2,3,2,0,0,4,3,1,0,0,0,0.2442,0,0.0319,0,0.435,"['P3_MONITOR', 'MILD_VELOCITY', 'WATCHLIST_PROXIMITY', 'DEVICE_REUSE', 'ML_ELEVATED_RISK_DUE_TO_AMOUNT', 'ML_ELEVATED_RISK_DUE_TO_RECEIVER_BAL_AFTER', 'ML_ELEVATED_RISK_DUE_TO_SENDER_BAL_BEFORE', 'ML_ELEVATED_RISK_DUE_TO_IS_SIM_BOUND', 'ML_ELEVATED_RISK_DUE_TO_TIME_TO_PAY_MS', 'NEO4J_UNAVAILABLE', 'REALTIME_SCENARIO_GRAPH_FALLBACK', 'MONITORING', 'ELEVATED_ACTIVITY']",2,MONITOR,SOFT_NUDGE,P3,MONITORING,0.5114,0.5114,1.0,1.0,0.4988,0.4988,0.4335,0.4335,0.0,SUSPICIOUS,NONE,MEDIUM,UNKNOWN,"['ML elevated risk due to amount', 'ML elevated risk due to receiver_bal_after', 'ML elevated risk due to sender_bal_before', 'ML elevated risk due to is_sim_bound', 'ML elevated risk due to time_to_pay_ms']",TRANSACTION_SUSPECT,True,False,False,1440,2880,AML_MONITORING_QUEUE,MEDIUM
a0b5b7c9-ac7c-480a-bf47-5a8a9f010679,U-1004,M-2011,14712.65,INR,P2P,UPI,219990.66,205278.01,308825.66,2026-09-27 09:39:11.815578+00:00,Delhi,True,1,D-30023,1180,NORMAL,LOW_RISK_PAYMENT,LOW,8,0.0508,571,79.2881,0.026,15105.69,85287.35,35287.35,0,0,0,0,277,0,0,0.0,0.0823,0.1904,0.0565,80.96,83.94,1,0,0,0,0,3.66,0.0578,0,0,0,1,1,0,0,3,3,0,0,0,0,0.0686,0,0.026,0,0.1347,"['NORMAL', 'LOW_RISK_PAYMENT', 'NORMAL_PATTERN', 'LOW_VALUE_PAYMENT', 'SIM_BOUND', 'ML_ELEVATED_RISK_DUE_TO_AMOUNT', 'ML_ELEVATED_RISK_DUE_TO_RECEIVER_BAL_AFTER', 'ML_ELEVATED_RISK_DUE_TO_SENDER_BAL_BEFORE', 'ML_ELEVATED_RISK_DUE_TO_IS_SIM_BOUND', 'ML_ELEVATED_RISK_DUE_TO_TIME_TO_PAY_MS', 'SUSPICIOUS_BUT_UNCLEAR', 'NEO4J_UNAVAILABLE', 'CLEARED']",4,ALLOW,ALLOW,INFO,CLEARED,0.465,0.465,1.0,1.0,0.6601,0.6601,0.0,0.0,0.0,SUSPICIOUS,SUSPICIOUS_BUT_UNCLEAR,UNKNOWN,UNKNOWN,"['ML elevated risk due to amount', 'ML elevated risk due to receiver_bal_after', 'ML elevated risk due to sender_bal_before', 'ML elevated risk due to is_sim_bound', 'ML elevated risk due to time_to_pay_ms', 'SUSPICIOUS_BUT_UNCLEAR']",TRANSACTION_MONITOR,False,False,False,10080,20160,AML_INFO_QUEUE,LOW
5eabdb20-048a-45aa-905a-3dd3ed5b7b2e,U-1065,M-2038,49036.8,INR,GATHER_SCATTER,IMPS,211313.17,162276.37,234683.86,2026-09-27 09:39:04.660413+00:00,Kolkata,False,0,D-30069,104,P2_REVIEW,GATHER_SCATTER,P2,16,0.6291,14,1844.1393,0.0106,48524.03,50963.2,963.2,0,0,0,1,12,3,4,0.7655,0.7784,0.7876,0.7655,31.85,45.57,0,1,1,1,1,2.04,0.4641,5,5,8,3,2,1,1,12,2,0,1,1,1,0.7498,0,0.0106,1,0.8456,"['P2_REVIEW', 'GATHER_SCATTER', 'RAPID_DRAIN', 'MULE_CLUSTER', 'SIM_NOT_BOUND', 'ML_ELEVATED_RISK_DUE_TO_AMOUNT', 'ML_ELEVATED_RISK_DUE_TO_RECEIVER_BAL_AFTER', 'ML_ELEVATED_RISK_DUE_TO_SENDER_BAL_BEFORE', 'ML_ELEVATED_RISK_DUE_TO_IS_SIM_BOUND', 'ML_ELEVATED_RISK_DUE_TO_TIME_TO_PAY_MS', 'LAUNDERING_FLOW', 'NEO4J_UNAVAILABLE', 'REALTIME_SCENARIO_GRAPH_FALLBACK', 'MONITORING', 'ELEVATED_ACTIVITY']",1,MONITOR,SOFT_NUDGE,P3,MONITORING,0.65,0.65,1.0,1.0,0.7876,0.7876,0.7655,0.7655,0.0,SUSPICIOUS,LAUNDERING_FLOW,HIGH,UNKNOWN,"['ML elevated risk due to amount', 'ML elevated risk due to receiver_bal_after', 'ML elevated risk due to sender_bal_before', 'ML elevated risk due to is_sim_bound', 'ML elevated risk due to time_to_pay_ms', 'LAUNDERING_FLOW', 'Connected to mule cluster']",TRANSACTION_SUSPECT,True,False,False,1440,2880,AML_MONITORING_QUEUE,MEDIUM
2e5b5f5d-93a4-46fe-8b5f-8785afe5cf8f,U-1050,M-2030,20721.24,INR,TRANSFER,IMPS,134865.11,114143.87,653199.49,2026-09-27 09:38:57.609916+00:00,Mumbai,True,1,D-30023,359,P3_MONITOR,MILD_VELOCITY,P3,5,0.4619,206,290.4139,0.0112,20492.18,79278.76,29278.76,0,0,0,0,602,1,0,0.3934,0.5427,0.5367,0.3934,61.82,78.48,0,0,0,0,0,3.48,0.3156,0,0,0,1,1,0,0,4,5,1,0,0,0,0.3234,0,0.0112,0,0.4883,"['P3_MONITOR', 'MILD_VELOCITY', 'WATCHLIST_PROXIMITY', 'DEVICE_REUSE', 'ML_ELEVATED_RISK_DUE_TO_AMOUNT', 'ML_ELEVATED_RISK_DUE_TO_RECEIVER_BAL_AFTER', 'ML_ELEVATED_RISK_DUE_TO_SENDER_BAL_BEFORE', 'ML_ELEVATED_RISK_DUE_TO_IS_SIM_BOUND', 'ML_ELEVATED_RISK_DUE_TO_TIME_TO_PAY_MS', 'ELEVATED_ACTIVITY_SEQUENCE', 'NEO4J_UNAVAILABLE', 'REALTIME_SCENARIO_GRAPH_FALLBACK', 'MONITORING', 'ELEVATED_ACTIVITY']",4,MONITOR,SOFT_NUDGE,P3,MONITORING,0.5129,0.5129,1.0,1.0,0.5367,0.5367,0.3934,0.3934,0.0,SUSPICIOUS,ELEVATED_ACTIVITY_SEQUENCE,MEDIUM,UNKNOWN,"['ML elevated risk due to amount', 'ML elevated risk due to receiver_bal_after', 'ML elevated risk due to sender_bal_before', 'ML elevated risk due to is_sim_bound', 'ML elevated risk due to time_to_pay_ms', 'ELEVATED_ACTIVITY_SEQUENCE']",TRANSACTION_SUSPECT,True,False,False,1440,2880,AML_MONITORING_QUEUE,MEDIUM
331633a6-c4fa-4237-b8ff-2911fc1d83cc,U-1020,U-1033,124.49,INR,TRANSFER,NETBANKING,177625.16,177500.67,676077.59,2026-09-27 09:38:54.667402+00:00,Delhi,True,1,D-30014,730,NORMAL,LOW_RISK_PAYMENT,LOW,3,0.2732,956,0.5508,0.0692,116.43,99875.51,49875.51,0,1,0,0,1455,0,0,0.0,0.1409,0.1272,0.2089,85.68,76.79,1,0,0,0,0,5.06,0.039,0,0,0,1,1,0,0,1,4,2,0,0,0,0.1548,0,0.0692,0,0.1296,"['NORMAL', 'LOW_RISK_PAYMENT', 'NORMAL_PATTERN', 'LOW_VALUE_PAYMENT', 'SIM_BOUND', 'ML_ELEVATED_RISK_DUE_TO_AMOUNT', 'ML_ELEVATED_RISK_DUE_TO_RECEIVER_BAL_AFTER', 'ML_ELEVATED_RISK_DUE_TO_SENDER_BAL_BEFORE', 'ML_ELEVATED_RISK_DUE_TO_IS_SIM_BOUND', 'ML_ELEVATED_RISK_DUE_TO_TIME_TO_PAY_MS', 'SUSPICIOUS_BUT_UNCLEAR', 'NEO4J_UNAVAILABLE', 'CLEARED']",2,ALLOW,ALLOW,INFO,CLEARED,0.2334,0.2334,0.0,0.0,0.9335,0.9335,0.0,0.0,0.0,ALLOW,SUSPICIOUS_BUT_UNCLEAR,UNKNOWN,UNKNOWN,"['ML elevated risk due to amount', 'ML elevated risk due to receiver_bal_after', 'ML elevated risk due to sender_bal_before', 'ML elevated risk due to is_sim_bound', 'ML elevated risk due to time_to_pay_ms', 'SUSPICIOUS_BUT_UNCLEAR']",TRANSACTION_MONITOR,False,False,False,10080,20160,AML_INFO_QUEUE,LOW
b119ff50-181b-47c0-9d5c-41284feeecb2,U-1017,M-2006,8617.25,INR,PAYMENT,UPI,87788.27,79171.02,106448.73,2026-09-27 09:38:51.656350+00:00,Hyderabad,True,1,D-30014,1380,NORMAL,LOW_RISK_PAYMENT,LOW,12,0.1547,1148,45.9017,0.012,8515.15,91382.75,41382.75,0,0,0,0,1251,1,0,0.0,0.2664,0.0604,0.2849,94.67,74.4,1,0,0,0,0,4.43,0.0663,0,0,0,2,1,0,0,3,4,3,0,0,0,0.1402,0,0.012,0,0.0476,"['NORMAL', 'LOW_RISK_PAYMENT', 'NORMAL_PATTERN', 'LOW_VALUE_PAYMENT', 'SIM_BOUND', 'ML_ELEVATED_RISK_DUE_TO_AMOUNT', 'ML_ELEVATED_RISK_DUE_TO_RECEIVER_BAL_AFTER', 'ML_ELEVATED_RISK_DUE_TO_SENDER_BAL_BEFORE', 'ML_ELEVATED_RISK_DUE_TO_IS_SIM_BOUND', 'ML_ELEVATED_RISK_DUE_TO_TIME_TO_PAY_MS', 'SUSPICIOUS_BUT_UNCLEAR', 'NEO4J_UNAVAILABLE', 'CLEARED']",2,ALLOW,ALLOW,INFO,CLEARED,0.4834,0.4834,1.0,1.0,0.7338,0.7338,0.0,0.0,0.0,SUSPICIOUS,SUSPICIOUS_BUT_UNCLEAR,UNKNOWN,UNKNOWN,"['ML elevated risk due to amount', 'ML elevated risk due to receiver_bal_after', 'ML elevated risk due to sender_bal_before', 'ML elevated risk due to is_sim_bound', 'ML elevated risk due to time_to_pay_ms', 'SUSPICIOUS_BUT_UNCLEAR']",TRANSACTION_MONITOR,False,False,False,10080,20160,AML_INFO_QUEUE,LOW
13b10ae2-c979-49ba-834b-987327cb4ad2,U-1011,M-2005,7953.63,INR,P2P,NETBANKING,208199.13,200245.5,716828.45,2026-09-27 09:38:45.010865+00:00,Bengaluru,True,1,D-30011,1753,NORMAL,LOW_RISK_PAYMENT,LOW,2,0.1156,382,40.3199,0.0713,7424.37,92046.37,42046.37,0,0,0,0,614,1,0,0.0,0.1589,0.0947,0.304,82.57,80.49,1,0,0,0,0,4.48,0.1436,0,0,0,1,1,0,0,1,4,1,0,0,0,0.0751,0,0.0713,0,0.0605,"['NORMAL', 'LOW_RISK_PAYMENT', 'NORMAL_PATTERN', 'LOW_VALUE_PAYMENT', 'SIM_BOUND', 'ML_ELEVATED_RISK_DUE_TO_AMOUNT', 'ML_ELEVATED_RISK_DUE_TO_RECEIVER_BAL_AFTER', 'ML_ELEVATED_RISK_DUE_TO_SENDER_BAL_BEFORE', 'ML_ELEVATED_RISK_DUE_TO_IS_SIM_BOUND', 'ML_ELEVATED_RISK_DUE_TO_TIME_TO_PAY_MS', 'SUSPICIOUS_BUT_UNCLEAR', 'NEO4J_UNAVAILABLE', 'MONITORING', 'ELEVATED_ACTIVITY']",2,MONITOR,SOFT_NUDGE,P3,MONITORING,0.5256,0.5256,1.0,1.0,0.9023,0.9023,0.0,0.0,0.0,SUSPICIOUS,SUSPICIOUS_BUT_UNCLEAR,UNKNOWN,UNKNOWN,"['ML elevated risk due to amount', 'ML elevated risk due to receiver_bal_after', 'ML elevated risk due to sender_bal_before', 'ML elevated risk due to is_sim_bound', 'ML elevated risk due to time_to_pay_ms', 'SUSPICIOUS_BUT_UNCLEAR']",TRANSACTION_SUSPECT,True,False,False,1440,2880,AML_MONITORING_QUEUE,MEDIUM
f07f8471-ed04-4963-ae70-73051c5e40b8,U-1048,M-2021,22187.86,INR,PAYMENT,CARD,130584.12,108396.26,507740.01,2026-09-27 09:38:15.517534+00:00,Bengaluru,True,1,D-30024,481,P3_MONITOR,MILD_VELOCITY,P3,8,0.4683,75,582.109,0.1396,25788.67,77812.14,27812.14,0,0,0,0,949,3,0,0.3829,0.501,0.4449,0.3829,64.28,78.35,1,1,1,0,0,3.68,0.2831,0,0,2,2,2,0,0,4,2,1,0,0,0,0.3383,0,0.1396,0,0.4827,"['P3_MONITOR', 'MILD_VELOCITY', 'WATCHLIST_PROXIMITY', 'DEVICE_REUSE', 'ML_ELEVATED_RISK_DUE_TO_AMOUNT', 'ML_ELEVATED_RISK_DUE_TO_RECEIVER_BAL_AFTER', 'ML_ELEVATED_RISK_DUE_TO_SENDER_BAL_BEFORE', 'ML_ELEVATED_RISK_DUE_TO_IS_SIM_BOUND', 'ML_ELEVATED_RISK_DUE_TO_TIME_TO_PAY_MS', 'SUSPICIOUS_BUT_UNCLEAR', 'NEO4J_UNAVAILABLE', 'REALTIME_SCENARIO_GRAPH_FALLBACK', 'MONITORING', 'ELEVATED_ACTIVITY']",4,MONITOR,SOFT_NUDGE,P3,MONITORING,0.503,0.503,1.0,1.0,0.5057,0.5057,0.3829,0.3829,0.0,SUSPICIOUS,SUSPICIOUS_BUT_UNCLEAR,MEDIUM,UNKNOWN,"['ML elevated risk due to amount', 'ML elevated risk due to receiver_bal_after', 'ML elevated risk due to sender_bal_before', 'ML elevated risk due to is_sim_bound', 'ML elevated risk due to time_to_pay_ms', 'SUSPICIOUS_BUT_UNCLEAR']",TRANSACTION_SUSPECT,True,False,False,1440,2880,AML_MONITORING_QUEUE,MEDIUM
10343bff-aee6-4334-9a1e-bd1f5529c910,U-1028,M-2006,12918.49,INR,PAYMENT,NETBANKING,110434.14,97515.65,92620.37,2026-09-27 09:38:08.128996+00:00,Bengaluru,True,1,D-30005,1914,NORMAL,LOW_RISK_PAYMENT,LOW,6,0.0802,1268,63.0958,0.0671,12105.72,87081.51,37081.51,0,0,0,0,1287,0,1,0.0,0.196,0.1699,0.2446,87.44,93.63,1,0,0,0,0,4.53,0.0273,0,0,0,1,1,0,0,3,1,3,0,0,0,0.0622,0,0.0671,0,0.1375,"['NORMAL', 'LOW_RISK_PAYMENT', 'NORMAL_PATTERN', 'LOW_VALUE_PAYMENT', 'SIM_BOUND', 'ML_ELEVATED_RISK_DUE_TO_AMOUNT', 'ML_ELEVATED_RISK_DUE_TO_RECEIVER_BAL_AFTER', 'ML_ELEVATED_RISK_DUE_TO_SENDER_BAL_BEFORE', 'ML_ELEVATED_RISK_DUE_TO_IS_SIM_BOUND', 'ML_ELEVATED_RISK_DUE_TO_TIME_TO_PAY_MS', 'SUSPICIOUS_BUT_UNCLEAR', 'NEO4J_UNAVAILABLE', 'MONITORING', 'ELEVATED_ACTIVITY']",2,MONITOR,SOFT_NUDGE,P3,MONITORING,0.5366,0.5366,1.0,1.0,0.9463,0.9463,0.0,0.0,0.0,SUSPICIOUS,SUSPICIOUS_BUT_UNCLEAR,UNKNOWN,UNKNOWN,"['ML elevated risk due to amount', 'ML elevated risk due to receiver_bal_after', 'ML elevated risk due to sender_bal_before', 'ML elevated risk due to is_sim_bound', 'ML elevated risk due to time_to_pay_ms', 'SUSPICIOUS_BUT_UNCLEAR']",TRANSACTION_SUSPECT,True,False,False,1440,2880,AML_MONITORING_QUEUE,MEDIUM
c456fec8-bfa7-445b-bbe5-d627b194fd6c,U-1017,M-2005,836.97,INR,P2P,NETBANKING,199963.69,199126.72,3846.01,2026-09-27 09:38:05.063641+00:00,Kolkata,True,1,D-30016,1728,NORMAL,LOW_RISK_PAYMENT,LOW,10,0.065,1342,3.6334,0.0889,768.65,99163.03,49163.03,0,0,0,0,1727,0,0,0.0,0.2894,0.1535,0.1823,94.29,82.57,1,0,0,0,0,6.09,0.1212,0,0,0,2,1,0,0,3,4,3,0,0,0,0.0597,0,0.0889,0,0.0912,"['NORMAL', 'LOW_RISK_PAYMENT', 'NORMAL_PATTERN', 'LOW_VALUE_PAYMENT', 'SIM_BOUND', 'ML_ELEVATED_RISK_DUE_TO_AMOUNT', 'ML_ELEVATED_RISK_DUE_TO_RECEIVER_BAL_AFTER', 'ML_ELEVATED_RISK_DUE_TO_SENDER_BAL_BEFORE', 'ML_ELEVATED_RISK_DUE_TO_IS_SIM_BOUND', 'ML_ELEVATED_RISK_DUE_TO_TIME_TO_PAY_MS', 'SUSPICIOUS_BUT_UNCLEAR', 'NEO4J_UNAVAILABLE', 'CLEARED']",4,ALLOW,ALLOW,INFO,CLEARED,0.4542,0.4542,1.0,1.0,0.6167,0.6167,0.0,0.0,0.0,SUSPICIOUS,SUSPICIOUS_BUT_UNCLEAR,UNKNOWN,UNKNOWN,"['ML elevated risk due to amount', 'ML elevated risk due to receiver_bal_after', 'ML elevated risk due to sender_bal_before', 'ML elevated risk due to is_sim_bound', 'ML elevated risk due to time_to_pay_ms', 'SUSPICIOUS_BUT_UNCLEAR']",TRANSACTION_MONITOR,False,False,False,10080,20160,AML_INFO_QUEUE,LOW
55520b8d-8469-46e6-8a84-ba2e4fc6b374,U-1029,U-1032,13487.91,INR,TRANSFER,UPI,93938.3,80450.39,538166.93,2026-09-27 09:37:57.621527+00:00,Mumbai,True,1,D-30012,1845,NORMAL,LOW_RISK_PAYMENT,LOW,6,0.0815,604,56.2215,0.0542,14261.16,86512.09,36512.09,0,0,0,0,1969,0,1,0.0,0.2829,0.0698,0.1844,84.61,92.63,1,0,0,0,0,6.31,0.0727,0,0,0,1,1,0,0,3,1,2,0,0,0,0.1319,0,0.0542,0,0.0666,"['NORMAL', 'LOW_RISK_PAYMENT', 'NORMAL_PATTERN', 'LOW_VALUE_PAYMENT', 'SIM_BOUND', 'ML_ELEVATED_RISK_DUE_TO_AMOUNT', 'ML_ELEVATED_RISK_DUE_TO_RECEIVER_BAL_AFTER', 'ML_ELEVATED_RISK_DUE_TO_SENDER_BAL_BEFORE', 'ML_ELEVATED_RISK_DUE_TO_IS_SIM_BOUND', 'ML_ELEVATED_RISK_DUE_TO_TIME_TO_PAY_MS', 'SUSPICIOUS_BUT_UNCLEAR', 'NEO4J_UNAVAILABLE', 'MONITORING', 'ELEVATED_ACTIVITY']",2,MONITOR,SOFT_NUDGE,P3,MONITORING,0.5288,0.5288,1.0,1.0,0.9152,0.9152,0.0,0.0,0.0,SUSPICIOUS,SUSPICIOUS_BUT_UNCLEAR,UNKNOWN,UNKNOWN,"['ML elevated risk due to amount', 'ML elevated risk due to receiver_bal_after', 'ML elevated risk due to sender_bal_before', 'ML elevated risk due to is_sim_bound', 'ML elevated risk due to time_to_pay_ms', 'SUSPICIOUS_BUT_UNCLEAR']",TRANSACTION_SUSPECT,True,False,False,1440,2880,AML_MONITORING_QUEUE,MEDIUM
9989b345-07e2-4af3-97a5-3be9a38f9115,U-1004,M-2004,14396.06,INR,TRANSFER,CARD,153088.25,138692.19,380810.58,2026-09-27 09:37:54.695579+00:00,Mumbai,True,1,D-30010,933,NORMAL,LOW_RISK_PAYMENT,LOW,6,0.1361,342,145.3691,0.1165,12894.46,85603.94,35603.94,0,0,0,0,2087,0,0,0.0,0.1067,0.0677,0.2731,78.62,77.38,1,0,0,0,0,2.29,0.0574,0,0,0,2,1,0,0,3,1,2,0,0,0,0.1281,0,0.1165,0,0.0831,"['NORMAL', 'LOW_RISK_PAYMENT', 'NORMAL_PATTERN', 'LOW_VALUE_PAYMENT', 'SIM_BOUND', 'ML_ELEVATED_RISK_DUE_TO_AMOUNT', 'ML_ELEVATED_RISK_DUE_TO_RECEIVER_BAL_AFTER', 'ML_ELEVATED_RISK_DUE_TO_SENDER_BAL_BEFORE', 'ML_ELEVATED_RISK_DUE_TO_IS_SIM_BOUND', 'ML_ELEVATED_RISK_DUE_TO_TIME_TO_PAY_MS', 'SUSPICIOUS_BUT_UNCLEAR', 'NEO4J_UNAVAILABLE', 'CLEARED']",2,ALLOW,ALLOW,INFO,CLEARED,0.494,0.494,1.0,1.0,0.7758,0.7758,0.0,0.0,0.0,SUSPICIOUS,SUSPICIOUS_BUT_UNCLEAR,UNKNOWN,UNKNOWN,"['ML elevated risk due to amount', 'ML elevated risk due to receiver_bal_after', 'ML elevated risk due to sender_bal_before', 'ML elevated risk due to is_sim_bound', 'ML elevated risk due to time_to_pay_ms', 'SUSPICIOUS_BUT_UNCLEAR']",TRANSACTION_MONITOR,False,False,False,10080,20160,AML_INFO_QUEUE,LOW
70404116-ff99-4aa1-88b3-9249bdefaaf6,U-1048,M-2021,29091.68,INR,PAYMENT,CARD,204010.96,174919.28,596170.92,2026-09-27 09:37:49.963360+00:00,Delhi,True,1,D-30036,489,P3_MONITOR,MILD_VELOCITY,P3,4,0.39,216,422.909,0.1707,35078.36,70908.32,20908.32,0,0,0,0,1070,1,1,0.3843,0.581,0.3915,0.3843,64.49,68.07,1,0,0,0,1,1.37,0.2153,1,1,2,3,1,0,0,4,2,1,1,0,0,0.249,0,0.1707,0,0.3051,"['P3_MONITOR', 'MILD_VELOCITY', 'WATCHLIST_PROXIMITY', 'DEVICE_REUSE', 'ML_ELEVATED_RISK_DUE_TO_AMOUNT', 'ML_ELEVATED_RISK_DUE_TO_RECEIVER_BAL_AFTER', 'ML_ELEVATED_RISK_DUE_TO_SENDER_BAL_BEFORE', 'ML_ELEVATED_RISK_DUE_TO_IS_SIM_BOUND', 'ML_ELEVATED_RISK_DUE_TO_TIME_TO_PAY_MS', 'SUSPICIOUS_BUT_UNCLEAR', 'NEO4J_UNAVAILABLE', 'REALTIME_SCENARIO_GRAPH_FALLBACK', 'MONITORING', 'ELEVATED_ACTIVITY']",2,MONITOR,SOFT_NUDGE,P3,MONITORING,0.503,0.503,1.0,1.0,0.5044,0.5044,0.3843,0.3843,0.0,SUSPICIOUS,SUSPICIOUS_BUT_UNCLEAR,MEDIUM,UNKNOWN,"['ML elevated risk due to amount', 'ML elevated risk due to receiver_bal_after', 'ML elevated risk due to sender_bal_before', 'ML elevated risk due to is_sim_bound', 'ML elevated risk due to time_to_pay_ms', 'SUSPICIOUS_BUT_UNCLEAR', 'Connected to mule cluster']",TRANSACTION_SUSPECT,True,False,False,1440,2880,AML_MONITORING_QUEUE,MEDIUM
40f6e451-8c5f-4894-973a-d2ba7e4a17cd,U-1004,M-2003,14525.43,INR,BILL,CARD,105649.99,91124.56,40022.13,2026-09-27 09:37:43.590542+00:00,Bengaluru,True,1,D-30014,522,NORMAL,LOW_RISK_PAYMENT,LOW,4,0.175,1158,67.1044,0.0042,14586.2,85474.57,35474.57,0,1,0,0,2398,0,0,0.0,0.2419,0.1231,0.1906,78.33,79.98,1,0,0,0,0,2.44,0.1272,0,0,0,2,1,0,0,3,3,1,0,0,0,0.0874,0,0.0042,0,0.1023,"['NORMAL', 'LOW_RISK_PAYMENT', 'NORMAL_PATTERN', 'LOW_VALUE_PAYMENT', 'SIM_BOUND', 'ML_ELEVATED_RISK_DUE_TO_AMOUNT', 'ML_ELEVATED_RISK_DUE_TO_RECEIVER_BAL_AFTER', 'ML_ELEVATED_RISK_DUE_TO_SENDER_BAL_BEFORE', 'ML_ELEVATED_RISK_DUE_TO_IS_SIM_BOUND', 'ML_ELEVATED_RISK_DUE_TO_TIME_TO_PAY_MS', 'SUSPICIOUS_BUT_UNCLEAR', 'NEO4J_UNAVAILABLE', 'MONITORING', 'ELEVATED_ACTIVITY']",2,MONITOR,SOFT_NUDGE,P3,MONITORING,0.5194,0.5194,1.0,1.0,0.8778,0.8778,0.0,0.0,0.0,SUSPICIOUS,SUSPICIOUS_BUT_UNCLEAR,UNKNOWN,UNKNOWN,"['ML elevated risk due to amount', 'ML elevated risk due to receiver_bal_after', 'ML elevated risk due to sender_bal_before', 'ML elevated risk due to is_sim_bound', 'ML elevated risk due to time_to_pay_ms', 'SUSPICIOUS_BUT_UNCLEAR']",TRANSACTION_SUSPECT,True,False,False,1440,2880,AML_MONITORING_QUEUE,MEDIUM
5e659582-296f-4a19-98e6-88f47db09eef,U-1018,M-2019,636.22,INR,P2P,NETBANKING,46532.54,45896.32,411409.05,2026-09-27 09:37:37.163150+00:00,Chennai,True,1,D-30018,410,NORMAL,LOW_RISK_PAYMENT,LOW,6,0.1609,907,3.0567,0.1356,560.24,99363.78,49363.78,0,0,0,0,2083,0,0,0.0,0.0553,0.0488,0.0853,79.38,81.68,1,0,0,0,0,3.05,0.1033,0,0,0,2,1,0,0,3,2,1,0,0,0,0.1401,0,0.1356,0,0.1391,"['NORMAL', 'LOW_RISK_PAYMENT', 'NORMAL_PATTERN', 'LOW_VALUE_PAYMENT', 'SIM_BOUND', 'ML_ELEVATED_RISK_DUE_TO_AMOUNT', 'ML_ELEVATED_RISK_DUE_TO_RECEIVER_BAL_AFTER', 'ML_ELEVATED_RISK_DUE_TO_SENDER_BAL_BEFORE', 'ML_ELEVATED_RISK_DUE_TO_IS_SIM_BOUND', 'ML_ELEVATED_RISK_DUE_TO_TIME_TO_PAY_MS', 'SUSPICIOUS_BUT_UNCLEAR', 'NEO4J_UNAVAILABLE', 'MONITORING', 'ELEVATED_ACTIVITY']",2,MONITOR,SOFT_NUDGE,P3,MONITORING,0.5324,0.5324,1.0,1.0,0.9297,0.9297,0.0,0.0,0.0,SUSPICIOUS,SUSPICIOUS_BUT_UNCLEAR,UNKNOWN,UNKNOWN,"['ML elevated risk due to amount', 'ML elevated risk due to receiver_bal_after', 'ML elevated risk due to sender_bal_before', 'ML elevated risk due to is_sim_bound', 'ML elevated risk due to time_to_pay_ms', 'SUSPICIOUS_BUT_UNCLEAR']",TRANSACTION_SUSPECT,True,False,False,1440,2880,AML_MONITORING_QUEUE,MEDIUM
af8df52e-cc3f-4bfd-9e7d-4816361b13da,U-1007,U-1036,13208.98,INR,P2P,NETBANKING,45801.67,32592.69,725453.45,2026-09-27 09:37:30.763655+00:00,Kolkata,True,1,D-30017,1384,NORMAL,LOW_RISK_PAYMENT,LOW,8,0.0535,911,119.2364,0.0406,12693.04,86791.02,36791.02,0,0,0,0,1162,1,0,0.0,0.06,0.0521,0.2669,88.85,77.56,1,0,0,0,0,4.09,0.0556,0,0,0,1,1,0,0,3,1,0,0,0,0,0.0776,0,0.0406,0,0.0647,"['NORMAL', 'LOW_RISK_PAYMENT', 'NORMAL_PATTERN', 'LOW_VALUE_PAYMENT', 'SIM_BOUND', 'ML_ELEVATED_RISK_DUE_TO_AMOUNT', 'ML_ELEVATED_RISK_DUE_TO_RECEIVER_BAL_AFTER', 'ML_ELEVATED_RISK_DUE_TO_SENDER_BAL_BEFORE', 'ML_ELEVATED_RISK_DUE_TO_IS_SIM_BOUND', 'ML_ELEVATED_RISK_DUE_TO_TIME_TO_PAY_MS', 'SUSPICIOUS_BUT_UNCLEAR', 'NEO4J_UNAVAILABLE', 'MONITORING', 'ELEVATED_ACTIVITY']",2,MONITOR,SOFT_NUDGE,P3,MONITORING,0.5322,0.5322,1.0,1.0,0.9287,0.9287,0.0,0.0,0.0,SUSPICIOUS,SUSPICIOUS_BUT_UNCLEAR,UNKNOWN,UNKNOWN,"['ML elevated risk due to amount', 'ML elevated risk due to receiver_bal_after', 'ML elevated risk due to sender_bal_before', 'ML elevated risk due to is_sim_bound', 'ML elevated risk due to time_to_pay_ms', 'SUSPICIOUS_BUT_UNCLEAR']",TRANSACTION_SUSPECT,True,False,False,1440,2880,AML_MONITORING_QUEUE,MEDIUM
8c6d395e-df75-4508-bb37-be514b1e63f1,U-1005,U-1031,3688.34,INR,P2P,UPI,53816.23,50127.89,54103.12,2026-09-27 09:37:24.267377+00:00,Mumbai,True,1,D-30006,1838,NORMAL,LOW_RISK_PAYMENT,LOW,6,0.0936,990,30.2848,0.0843,4027.98,96311.66,46311.66,0,1,0,0,407,0,0,0.0,0.3166,0.2227,0.182,89.05,75.96,1,0,0,0,0,6.7,0.0683,0,0,0,1,1,0,0,3,3,1,0,0,0,0.0717,0,0.0843,0,0.1375,"['NORMAL', 'LOW_RISK_PAYMENT', 'NORMAL_PATTERN', 'LOW_VALUE_PAYMENT', 'SIM_BOUND', 'ML_ELEVATED_RISK_DUE_TO_AMOUNT', 'ML_ELEVATED_RISK_DUE_TO_RECEIVER_BAL_AFTER', 'ML_ELEVATED_RISK_DUE_TO_SENDER_BAL_BEFORE', 'ML_ELEVATED_RISK_DUE_TO_IS_SIM_BOUND', 'ML_ELEVATED_RISK_DUE_TO_TIME_TO_PAY_MS', 'SUSPICIOUS_BUT_UNCLEAR', 'NEO4J_UNAVAILABLE', 'MONITORING', 'ELEVATED_ACTIVITY']",2,MONITOR,SOFT_NUDGE,P3,MONITORING,0.533,0.533,1.0,1.0,0.9318,0.9318,0.0,0.0,0.0,SUSPICIOUS,SUSPICIOUS_BUT_UNCLEAR,UNKNOWN,UNKNOWN,"['ML elevated risk due to amount', 'ML elevated risk due to receiver_bal_after', 'ML elevated risk due to sender_bal_before', 'ML elevated risk due to is_sim_bound', 'ML elevated risk due to time_to_pay_ms', 'SUSPICIOUS_BUT_UNCLEAR']",TRANSACTION_SUSPECT,True,False,False,1440,2880,AML_MONITORING_QUEUE,MEDIUM
7e90058e-5e93-47d2-b828-88f2be7a9a84,U-1026,U-1030,3099.73,INR,BILL,NETBANKING,228936.04,225836.31,751468.44,2026-09-27 09:37:17.103624+00:00,Pune,True,1,D-30018,1861,NORMAL,LOW_RISK_PAYMENT,LOW,6,0.0748,816,15.7652,0.0196,3161.86,96900.27,46900.27,0,0,0,0,1117,1,0,0.0,0.144,0.1722,0.253,82.52,85.28,1,0,0,0,0,6.38,0.0734,0,0,0,2,1,0,0,3,3,0,0,0,0,0.0576,0,0.0196,0,0.044,"['NORMAL', 'LOW_RISK_PAYMENT', 'NORMAL_PATTERN', 'LOW_VALUE_PAYMENT', 'SIM_BOUND', 'ML_ELEVATED_RISK_DUE_TO_AMOUNT', 'ML_ELEVATED_RISK_DUE_TO_RECEIVER_BAL_AFTER', 'ML_ELEVATED_RISK_DUE_TO_SENDER_BAL_BEFORE', 'ML_ELEVATED_RISK_DUE_TO_IS_SIM_BOUND', 'ML_ELEVATED_RISK_DUE_TO_TIME_TO_PAY_MS', 'SUSPICIOUS_BUT_UNCLEAR', 'NEO4J_UNAVAILABLE', 'MONITORING', 'ELEVATED_ACTIVITY']",2,MONITOR,SOFT_NUDGE,P3,MONITORING,0.5158,0.5158,1.0,1.0,0.8633,0.8633,0.0,0.0,0.0,SUSPICIOUS,SUSPICIOUS_BUT_UNCLEAR,UNKNOWN,UNKNOWN,"['ML elevated risk due to amount', 'ML elevated risk due to receiver_bal_after', 'ML elevated risk due to sender_bal_before', 'ML elevated risk due to is_sim_bound', 'ML elevated risk due to time_to_pay_ms', 'SUSPICIOUS_BUT_UNCLEAR']",TRANSACTION_SUSPECT,True,False,False,1440,2880,AML_MONITORING_QUEUE,MEDIUM
a09e79ad-e520-4674-82c2-cf166c3885c1,U-1079,M-2045,49236.02,INR,STRUCTURING,IMPS,55777.5,6541.48,186659.61,2026-09-27 09:37:10.451369+00:00,Hyderabad,False,0,D-30071,439,P1_CRITICAL,STRUCTURING,P1,39,0.8827,1,16185.1159,0.0072,48885.98,50763.98,763.98,0,1,0,1,46,14,11,0.965,0.9137,0.9723,0.965,25.31,20.37,0,1,1,1,1,2.3,0.8602,8,8,14,6,4,1,1,29,5,0,1,1,1,0.9269,1,0.9269,1,0.9224,"['P1_CRITICAL', 'STRUCTURING', 'NEAR_THRESHOLD', 'HIGH_VALUE_TRANSFER', 'ML_ELEVATED_RISK_DUE_TO_AMOUNT', 'ML_ELEVATED_RISK_DUE_TO_RECEIVER_BAL_AFTER', 'ML_ELEVATED_RISK_DUE_TO_SENDER_BAL_BEFORE', 'ML_ELEVATED_RISK_DUE_TO_IS_SIM_BOUND', 'ML_ELEVATED_RISK_DUE_TO_TIME_TO_PAY_MS', 'GATHER_SCATTER', 'NEO4J_UNAVAILABLE', 'REALTIME_SCENARIO_GRAPH_FALLBACK', 'CRITICAL_RISK', 'URGENT_REVIEW']",1,BLOCK,BLOCK,P1,BLOCKED,0.9861,0.9861,1.0,1.0,0.9723,0.9723,0.965,0.965,1.0,SUSPICIOUS,GATHER_SCATTER,CRITICAL,UNKNOWN,"['Critical mule laundering pattern detected', 'ML elevated risk due to amount', 'ML elevated risk due to receiver_bal_after', 'ML elevated risk due to sender_bal_before', 'ML elevated risk due to is_sim_bound', 'ML elevated risk due to time_to_pay_ms', 'GATHER_SCATTER', 'Connected to mule cluster']",TRANSACTION_SUSPECT,False,True,True,15,20,AML_CRITICAL_QUEUE,CRITICAL
51a9bbbf-5fe2-40fd-8594-c79ae36070f6,U-1023,M-2006,11576.44,INR,BILL,UPI,44683.07,33106.63,195737.38,2026-09-27 09:37:04.045355+00:00,Chennai,True,1,D-30008,1912,NORMAL,LOW_RISK_PAYMENT,LOW,6,0.2578,778,74.1812,0.0372,11161.55,88423.56,38423.56,0,0,0,0,2329,1,0,0.0,0.3342,0.0599,0.2482,91.89,80.84,1,0,0,0,0,3.83,0.064,0,0,0,2,1,0,0,3,4,2,0,0,0,0.0935,0,0.0372,0,0.1559,"['NORMAL', 'LOW_RISK_PAYMENT', 'NORMAL_PATTERN', 'LOW_VALUE_PAYMENT', 'SIM_BOUND', 'ML_ELEVATED_RISK_DUE_TO_AMOUNT', 'ML_ELEVATED_RISK_DUE_TO_RECEIVER_BAL_AFTER', 'ML_ELEVATED_RISK_DUE_TO_SENDER_BAL_BEFORE', 'ML_ELEVATED_RISK_DUE_TO_IS_SIM_BOUND', 'ML_ELEVATED_RISK_DUE_TO_TIME_TO_PAY_MS', 'SUSPICIOUS_BUT_UNCLEAR', 'NEO4J_UNAVAILABLE', 'MONITORING', 'ELEVATED_ACTIVITY']",2,MONITOR,SOFT_NUDGE,P3,MONITORING,0.5371,0.5371,1.0,1.0,0.9483,0.9483,0.0,0.0,0.0,SUSPICIOUS,SUSPICIOUS_BUT_UNCLEAR,UNKNOWN,UNKNOWN,"['ML elevated risk due to amount', 'ML elevated risk due to receiver_bal_after', 'ML elevated risk due to sender_bal_before', 'ML elevated risk due to is_sim_bound', 'ML elevated risk due to time_to_pay_ms', 'SUSPICIOUS_BUT_UNCLEAR']",TRANSACTION_SUSPECT,True,False,False,1440,2880,AML_MONITORING_QUEUE,MEDIUM
75666f88-9f90-4b2a-b3ef-bc7f3c9f944d,U-1018,M-2009,12681.24,INR,BILL,NETBANKING,206256.57,193575.33,239251.83,2026-09-27 09:36:57.707643+00:00,Delhi,True,1,D-30003,1567,NORMAL,LOW_RISK_PAYMENT,LOW,4,0.1129,1095,78.7813,0.0713,13654.81,87318.76,37318.76,0,0,0,0,1994,1,0,0.0,0.3378,0.0355,0.1435,80.36,74.54,1,0,0,0,0,2.32,0.1399,0,0,0,2,1,0,0,3,1,2,0,0,0,0.0598,0,0.0713,0,0.1548,"['NORMAL', 'LOW_RISK_PAYMENT', 'NORMAL_PATTERN', 'LOW_VALUE_PAYMENT', 'SIM_BOUND', 'ML_ELEVATED_RISK_DUE_TO_AMOUNT', 'ML_ELEVATED_RISK_DUE_TO_RECEIVER_BAL_AFTER', 'ML_ELEVATED_RISK_DUE_TO_SENDER_BAL_BEFORE', 'ML_ELEVATED_RISK_DUE_TO_IS_SIM_BOUND', 'ML_ELEVATED_RISK_DUE_TO_TIME_TO_PAY_MS', 'SUSPICIOUS_BUT_UNCLEAR', 'NEO4J_UNAVAILABLE', 'MONITORING', 'ELEVATED_ACTIVITY']",2,MONITOR,SOFT_NUDGE,P3,MONITORING,0.5222,0.5222,1.0,1.0,0.8889,0.8889,0.0,0.0,0.0,SUSPICIOUS,SUSPICIOUS_BUT_UNCLEAR,UNKNOWN,UNKNOWN,"['ML elevated risk due to amount', 'ML elevated risk due to receiver_bal_after', 'ML elevated risk due to sender_bal_before', 'ML elevated risk due to is_sim_bound', 'ML elevated risk due to time_to_pay_ms', 'SUSPICIOUS_BUT_UNCLEAR']",TRANSACTION_SUSPECT,True,False,False,1440,2880,AML_MONITORING_QUEUE,MEDIUM
4f775646-cac2-453b-b620-3dc97a4f9bd8,U-1006,M-2017,7109.17,INR,TRANSFER,NETBANKING,224561.71,217452.54,741755.61,2026-09-27 09:36:51.348020+00:00,Bengaluru,True,1,D-30023,1045,NORMAL,LOW_RISK_PAYMENT,LOW,3,0.0923,1037,56.9707,0.0574,7541.96,92890.83,42890.83,0,0,0,0,625,1,0,0.0,0.1069,0.1701,0.2938,91.04,91.91,1,0,0,0,0,3.9,0.1056,0,0,0,1,1,0,0,1,4,0,0,0,0,0.0412,0,0.0574,0,0.1065,"['NORMAL', 'LOW_RISK_PAYMENT', 'NORMAL_PATTERN', 'LOW_VALUE_PAYMENT', 'SIM_BOUND', 'ML_ELEVATED_RISK_DUE_TO_AMOUNT', 'ML_ELEVATED_RISK_DUE_TO_RECEIVER_BAL_AFTER', 'ML_ELEVATED_RISK_DUE_TO_SENDER_BAL_BEFORE', 'ML_ELEVATED_RISK_DUE_TO_IS_SIM_BOUND', 'ML_ELEVATED_RISK_DUE_TO_TIME_TO_PAY_MS', 'SUSPICIOUS_BUT_UNCLEAR', 'NEO4J_UNAVAILABLE', 'MONITORING', 'ELEVATED_ACTIVITY']",2,MONITOR,SOFT_NUDGE,P3,MONITORING,0.5055,0.5055,1.0,1.0,0.8221,0.8221,0.0,0.0,0.0,SUSPICIOUS,SUSPICIOUS_BUT_UNCLEAR,UNKNOWN,UNKNOWN,"['ML elevated risk due to amount', 'ML elevated risk due to receiver_bal_after', 'ML elevated risk due to sender_bal_before', 'ML elevated risk due to is_sim_bound', 'ML elevated risk due to time_to_pay_ms', 'SUSPICIOUS_BUT_UNCLEAR']",TRANSACTION_SUSPECT,True,False,False,1440,2880,AML_MONITORING_QUEUE,MEDIUM
d1e4dd11-5a20-490f-a6e4-0a212ddb4897,U-1027,M-2006,5382.57,INR,PAYMENT,NETBANKING,196617.56,191234.99,247988.17,2026-09-27 09:36:48.441063+00:00,Pune,True,1,D-30022,402,NORMAL,LOW_RISK_PAYMENT,LOW,4,0.0894,1329,25.4985,0.0706,5027.74,94617.43,44617.43,0,0,0,0,2152,0,1,0.0,0.116,0.0407,0.0585,82.97,93.65,1,0,0,0,0,2.44,0.1247,0,0,0,1,1,0,0,3,3,3,0,0,0,0.093,0,0.0706,0,0.1356,"['NORMAL', 'LOW_RISK_PAYMENT', 'NORMAL_PATTERN', 'LOW_VALUE_PAYMENT', 'SIM_BOUND', 'ML_ELEVATED_RISK_DUE_TO_AMOUNT', 'ML_ELEVATED_RISK_DUE_TO_RECEIVER_BAL_AFTER', 'ML_ELEVATED_RISK_DUE_TO_SENDER_BAL_BEFORE', 'ML_ELEVATED_RISK_DUE_TO_IS_SIM_BOUND', 'ML_ELEVATED_RISK_DUE_TO_TIME_TO_PAY_MS', 'SUSPICIOUS_BUT_UNCLEAR', 'NEO4J_UNAVAILABLE', 'CLEARED']",2,ALLOW,ALLOW,INFO,CLEARED,0.2353,0.2353,0.0,0.0,0.9413,0.9413,0.0,0.0,0.0,ALLOW,SUSPICIOUS_BUT_UNCLEAR,UNKNOWN,UNKNOWN,"['ML elevated risk due to amount', 'ML elevated risk due to receiver_bal_after', 'ML elevated risk due to sender_bal_before', 'ML elevated risk due to is_sim_bound', 'ML elevated risk due to time_to_pay_ms', 'SUSPICIOUS_BUT_UNCLEAR']",TRANSACTION_MONITOR,False,False,False,10080,20160,AML_INFO_QUEUE,LOW
7bcfc678-99e1-4ea7-82ac-a7284e718dfd,U-1017,M-2012,11844.93,INR,P2P,UPI,129202.21,117357.28,13373.16,2026-09-27 09:36:45.534906+00:00,Delhi,True,1,D-30012,1536,NORMAL,LOW_RISK_PAYMENT,LOW,8,0.1328,428,130.5735,0.0086,11744.35,88155.07,38155.07,0,0,0,0,1621,0,1,0.0,0.0974,0.1148,0.2047,78.87,92.12,1,0,0,0,0,2.29,0.078,0,0,0,1,1,0,0,3,3,2,0,0,0,0.05,0,0.0086,0,0.1415,"['NORMAL', 'LOW_RISK_PAYMENT', 'NORMAL_PATTERN', 'LOW_VALUE_PAYMENT', 'SIM_BOUND', 'ML_ELEVATED_RISK_DUE_TO_AMOUNT', 'ML_ELEVATED_RISK_DUE_TO_RECEIVER_BAL_AFTER', 'ML_ELEVATED_RISK_DUE_TO_SENDER_BAL_BEFORE', 'ML_ELEVATED_RISK_DUE_TO_IS_SIM_BOUND', 'ML_ELEVATED_RISK_DUE_TO_TIME_TO_PAY_MS', 'SUSPICIOUS_BUT_UNCLEAR', 'NEO4J_UNAVAILABLE', 'CLEARED']",2,ALLOW,ALLOW,INFO,CLEARED,0.4589,0.4589,1.0,1.0,0.6357,0.6357,0.0,0.0,0.0,SUSPICIOUS,SUSPICIOUS_BUT_UNCLEAR,UNKNOWN,UNKNOWN,"['ML elevated risk due to amount', 'ML elevated risk due to receiver_bal_after', 'ML elevated risk due to sender_bal_before', 'ML elevated risk due to is_sim_bound', 'ML elevated risk due to time_to_pay_ms', 'SUSPICIOUS_BUT_UNCLEAR']",TRANSACTION_MONITOR,False,False,False,10080,20160,AML_INFO_QUEUE,LOW
5661f6a4-2f32-44f3-8746-8b701bcd6fe2,U-1029,M-2011,13715.76,INR,PAYMENT,CARD,176282.79,162567.03,661389.27,2026-09-27 09:36:42.940353+00:00,Kolkata,True,1,D-30018,1461,NORMAL,LOW_RISK_PAYMENT,LOW,4,0.1905,1240,61.7586,0.0106,13863.21,86284.24,36284.24,0,0,0,0,968,1,0,0.0,0.3165,0.0495,0.3033,91.06,82.51,1,0,0,0,0,4.06,0.0899,0,0,0,1,1,0,0,3,1,2,0,0,0,0.0641,0,0.0106,0,0.14,"['NORMAL', 'LOW_RISK_PAYMENT', 'NORMAL_PATTERN', 'LOW_VALUE_PAYMENT', 'SIM_BOUND', 'ML_ELEVATED_RISK_DUE_TO_AMOUNT', 'ML_ELEVATED_RISK_DUE_TO_RECEIVER_BAL_AFTER', 'ML_ELEVATED_RISK_DUE_TO_SENDER_BAL_BEFORE', 'ML_ELEVATED_RISK_DUE_TO_IS_SIM_BOUND', 'ML_ELEVATED_RISK_DUE_TO_TIME_TO_PAY_MS', 'NEO4J_UNAVAILABLE', 'CLEARED']",2,ALLOW,ALLOW,INFO,CLEARED,0.0,0.0,0.0,0.0,0.0,0.0,0.0,0.0,0.0,ALLOW,INSUFFICIENT_HISTORY,UNKNOWN,UNKNOWN,"['ML elevated risk due to amount', 'ML elevated risk due to receiver_bal_after', 'ML elevated risk due to sender_bal_before', 'ML elevated risk due to is_sim_bound', 'ML elevated risk due to time_to_pay_ms']",TRANSACTION_MONITOR,False,False,False,10080,20160,AML_INFO_QUEUE,LOW
7840f507-778d-4420-bbe3-3845f116beac,U-1083,U-1091,444960.67,INR,LAYERING_STEP,UPI,485987.12,41026.45,448739.9,2026-09-27 09:36:35.930696+00:00,Delhi,False,0,D-30079,29,P1_CRITICAL,LAYERING,P1,38,0.9156,0,83146.6846,0.0873,409229.54,344960.67,394960.67,0,1,0,0,23,11,9,0.9248,0.969,0.9811,0.9248,22.33,11.64,0,1,1,0,1,1.81,0.9195,8,8,28,7,8,1,1,35,10,0,1,1,1,0.9652,0,0.0873,1,0.9352,"['P1_CRITICAL', 'LAYERING', 'LAYERING_CHAIN', 'MULE_CLUSTER', 'SHORT_FORWARDING_DELAY', 'SIM_NOT_BOUND', 'ML_ELEVATED_RISK_DUE_TO_AMOUNT', 'ML_ELEVATED_RISK_DUE_TO_RECEIVER_BAL_AFTER', 'ML_ELEVATED_RISK_DUE_TO_SENDER_BAL_BEFORE', 'ML_ELEVATED_RISK_DUE_TO_IS_SIM_BOUND', 'ML_ELEVATED_RISK_DUE_TO_TIME_TO_PAY_MS', 'GATHER_SCATTER', 'HIGH_VALUE_TRANSFER', 'VERY_HIGH_VALUE_TRANSACTION', 'NEO4J_UNAVAILABLE', 'REALTIME_SCENARIO_GRAPH_FALLBACK', 'CRITICAL_RISK', 'URGENT_REVIEW']",1,BLOCK,BLOCK,P1,BLOCKED,0.9802,0.9802,1.0,1.0,0.9811,0.9811,0.9248,0.9248,1.0,SUSPICIOUS,GATHER_SCATTER,CRITICAL,UNKNOWN,"['Critical mule laundering pattern detected', 'ML elevated risk due to amount', 'ML elevated risk due to receiver_bal_after', 'ML elevated risk due to sender_bal_before', 'ML elevated risk due to is_sim_bound', 'ML elevated risk due to time_to_pay_ms', 'GATHER_SCATTER', 'Connected to mule cluster']",TRANSACTION_SUSPECT,False,True,True,15,20,AML_CRITICAL_QUEUE,CRITICAL
8ff5bf91-46a3-4edd-8488-43021db07696,U-1051,M-2022,26114.8,INR,P2P,UPI,222093.11,195978.31,424767.05,2026-09-27 09:36:28.969016+00:00,Chennai,True,1,D-30022,613,P3_MONITOR,MILD_VELOCITY,P3,7,0.4086,128,934.1482,0.1503,30735.18,73885.2,23885.2,0,0,0,0,912,1,1,0.4085,0.649,0.4316,0.4085,79.91,55.71,1,1,1,0,0,2.12,0.3653,1,1,2,1,2,0,0,4,3,1,1,0,0,0.3841,0,0.1503,0,0.3669,"['P3_MONITOR', 'MILD_VELOCITY', 'WATCHLIST_PROXIMITY', 'DEVICE_REUSE', 'ML_ELEVATED_RISK_DUE_TO_AMOUNT', 'ML_ELEVATED_RISK_DUE_TO_RECEIVER_BAL_AFTER', 'ML_ELEVATED_RISK_DUE_TO_SENDER_BAL_BEFORE', 'ML_ELEVATED_RISK_DUE_TO_IS_SIM_BOUND', 'ML_ELEVATED_RISK_DUE_TO_TIME_TO_PAY_MS', 'NEO4J_UNAVAILABLE', 'REALTIME_SCENARIO_GRAPH_FALLBACK', 'MONITORING', 'ELEVATED_ACTIVITY']",2,MONITOR,SOFT_NUDGE,P3,MONITORING,0.5066,0.5066,1.0,1.0,0.4997,0.4997,0.4085,0.4085,0.0,SUSPICIOUS,NONE,MEDIUM,UNKNOWN,"['ML elevated risk due to amount', 'ML elevated risk due to receiver_bal_after', 'ML elevated risk due to sender_bal_before', 'ML elevated risk due to is_sim_bound', 'ML elevated risk due to time_to_pay_ms', 'Connected to mule cluster']",TRANSACTION_SUSPECT,True,False,False,1440,2880,AML_MONITORING_QUEUE,MEDIUM
7b73e2cb-b7f2-4637-8de8-6b9e719acca8,U-1010,U-1033,848.28,INR,P2P,NETBANKING,100535.07,99686.79,738477.71,2026-09-27 09:36:21.805912+00:00,Delhi,True,1,D-30017,936,NORMAL,LOW_RISK_PAYMENT,LOW,8,0.2633,1197,9.1873,0.0074,842.02,99151.72,49151.72,0,0,0,0,437,1,0,0.0,0.3437,0.1198,0.2879,85.78,80.07,1,0,0,0,0,6.78,0.0295,0,0,0,2,1,0,0,3,4,2,0,0,0,0.1334,0,0.0074,0,0.0672,"['NORMAL', 'LOW_RISK_PAYMENT', 'NORMAL_PATTERN', 'LOW_VALUE_PAYMENT', 'SIM_BOUND', 'ML_ELEVATED_RISK_DUE_TO_AMOUNT', 'ML_ELEVATED_RISK_DUE_TO_RECEIVER_BAL_AFTER', 'ML_ELEVATED_RISK_DUE_TO_SENDER_BAL_BEFORE', 'ML_ELEVATED_RISK_DUE_TO_IS_SIM_BOUND', 'ML_ELEVATED_RISK_DUE_TO_TIME_TO_PAY_MS', 'SUSPICIOUS_BUT_UNCLEAR', 'NEO4J_UNAVAILABLE', 'MONITORING', 'ELEVATED_ACTIVITY']",2,MONITOR,SOFT_NUDGE,P3,MONITORING,0.5302,0.5302,1.0,1.0,0.9208,0.9208,0.0,0.0,0.0,SUSPICIOUS,SUSPICIOUS_BUT_UNCLEAR,UNKNOWN,UNKNOWN,"['ML elevated risk due to amount', 'ML elevated risk due to receiver_bal_after', 'ML elevated risk due to sender_bal_before', 'ML elevated risk due to is_sim_bound', 'ML elevated risk due to time_to_pay_ms', 'SUSPICIOUS_BUT_UNCLEAR']",TRANSACTION_SUSPECT,True,False,False,1440,2880,AML_MONITORING_QUEUE,MEDIUM
9dd6fcd2-ff27-4dbe-85ac-e5c176d36a64,U-1025,U-1030,4680.59,INR,P2P,UPI,130724.11,126043.52,595650.38,2026-09-27 09:36:14.335451+00:00,Kolkata,True,1,D-30003,606,NORMAL,LOW_RISK_PAYMENT,LOW,2,0.1897,1219,24.9623,0.0827,4322.92,95319.41,45319.41,0,0,0,0,1892,1,0,0.0,0.1279,0.1434,0.1717,86.16,90.92,1,0,0,0,0,6.94,0.0532,0,0,0,1,1,0,0,1,4,0,0,0,0,0.1567,0,0.0827,0,0.1176,"['NORMAL', 'LOW_RISK_PAYMENT', 'NORMAL_PATTERN', 'LOW_VALUE_PAYMENT', 'SIM_BOUND', 'ML_ELEVATED_RISK_DUE_TO_AMOUNT', 'ML_ELEVATED_RISK_DUE_TO_RECEIVER_BAL_AFTER', 'ML_ELEVATED_RISK_DUE_TO_SENDER_BAL_BEFORE', 'ML_ELEVATED_RISK_DUE_TO_IS_SIM_BOUND', 'ML_ELEVATED_RISK_DUE_TO_TIME_TO_PAY_MS', 'SUSPICIOUS_BUT_UNCLEAR', 'NEO4J_UNAVAILABLE', 'MONITORING', 'ELEVATED_ACTIVITY']",2,MONITOR,SOFT_NUDGE,P3,MONITORING,0.5177,0.5177,1.0,1.0,0.871,0.871,0.0,0.0,0.0,SUSPICIOUS,SUSPICIOUS_BUT_UNCLEAR,UNKNOWN,UNKNOWN,"['ML elevated risk due to amount', 'ML elevated risk due to receiver_bal_after', 'ML elevated risk due to sender_bal_before', 'ML elevated risk due to is_sim_bound', 'ML elevated risk due to time_to_pay_ms', 'SUSPICIOUS_BUT_UNCLEAR']",TRANSACTION_SUSPECT,True,False,False,1440,2880,AML_MONITORING_QUEUE,MEDIUM
3102b060-334a-4c47-89e1-8591dd0ec412,U-1062,U-1074,48923.63,INR,STRUCTURING,NEFT,194510.06,145586.43,242312.32,2026-09-27 09:36:09.888049+00:00,Kolkata,True,1,D-30057,108,P2_REVIEW,STRUCTURING,P2,13,0.6714,17,5768.6788,0.032,47407.15,51076.37,1076.37,0,1,0,1,172,4,3,0.7452,0.841,0.6728,0.7452,46.03,53.92,0,1,1,0,1,0.56,0.6076,5,5,3,4,3,1,1,15,4,0,1,1,1,0.6704,1,0.6704,1,0.784,"['P2_REVIEW', 'STRUCTURING', 'NEAR_THRESHOLD', 'HIGH_VALUE_TRANSFER', 'ML_ELEVATED_RISK_DUE_TO_AMOUNT', 'ML_ELEVATED_RISK_DUE_TO_RECEIVER_BAL_AFTER', 'ML_ELEVATED_RISK_DUE_TO_SENDER_BAL_BEFORE', 'ML_ELEVATED_RISK_DUE_TO_IS_SIM_BOUND', 'ML_ELEVATED_RISK_DUE_TO_TIME_TO_PAY_MS', 'REALTIME_SCENARIO_BEHAVIOR_FALLBACK', 'LAUNDERING_FLOW', 'NEO4J_UNAVAILABLE', 'REALTIME_SCENARIO_GRAPH_FALLBACK', 'MONITORING', 'ELEVATED_ACTIVITY']",1,MONITOR,SOFT_NUDGE,P3,MONITORING,0.5695,0.5695,0.841,0.841,0.6728,0.6728,0.7452,0.7452,0.0,ALLOW,LAUNDERING_FLOW,HIGH,UNKNOWN,"['ML elevated risk due to amount', 'ML elevated risk due to receiver_bal_after', 'ML elevated risk due to sender_bal_before', 'ML elevated risk due to is_sim_bound', 'ML elevated risk due to time_to_pay_ms', 'Realtime scenario behavior fallback', 'LAUNDERING_FLOW', 'Connected to mule cluster']",TRANSACTION_SUSPECT,True,False,False,1440,2880,AML_MONITORING_QUEUE,MEDIUM
27cd8078-1a73-4809-a392-5f8c0af410e0,U-1018,U-1039,6902.01,INR,BILL,CARD,142566.38,135664.37,72398.77,2026-09-27 09:36:03.652653+00:00,Bengaluru,True,1,D-30005,1545,NORMAL,LOW_RISK_PAYMENT,LOW,3,0.0657,1231,34.9421,0.011,6827.19,93097.99,43097.99,0,1,0,0,655,0,1,0.0,0.1302,0.1691,0.1763,92.88,85.79,1,0,0,0,0,5.85,0.029,0,0,0,1,1,0,0,1,2,1,0,0,0,0.0715,0,0.011,0,0.1145,"['NORMAL', 'LOW_RISK_PAYMENT', 'NORMAL_PATTERN', 'LOW_VALUE_PAYMENT', 'SIM_BOUND', 'ML_ELEVATED_RISK_DUE_TO_AMOUNT', 'ML_ELEVATED_RISK_DUE_TO_RECEIVER_BAL_AFTER', 'ML_ELEVATED_RISK_DUE_TO_SENDER_BAL_BEFORE', 'ML_ELEVATED_RISK_DUE_TO_IS_SIM_BOUND', 'ML_ELEVATED_RISK_DUE_TO_TIME_TO_PAY_MS', 'SUSPICIOUS_BUT_UNCLEAR', 'NEO4J_UNAVAILABLE', 'MONITORING', 'ELEVATED_ACTIVITY']",2,MONITOR,SOFT_NUDGE,P3,MONITORING,0.5087,0.5087,1.0,1.0,0.8347,0.8347,0.0,0.0,0.0,SUSPICIOUS,SUSPICIOUS_BUT_UNCLEAR,UNKNOWN,UNKNOWN,"['ML elevated risk due to amount', 'ML elevated risk due to receiver_bal_after', 'ML elevated risk due to sender_bal_before', 'ML elevated risk due to is_sim_bound', 'ML elevated risk due to time_to_pay_ms', 'SUSPICIOUS_BUT_UNCLEAR']",TRANSACTION_SUSPECT,True,False,False,1440,2880,AML_MONITORING_QUEUE,MEDIUM
e0f2862c-3004-4049-a3f9-1c7158328cdc,U-1040,M-2029,23113.42,INR,PAYMENT,UPI,189530.72,166417.3,84279.86,2026-09-27 09:36:00.535752+00:00,Chennai,True,1,D-30036,218,P3_MONITOR,MILD_VELOCITY,P3,5,0.4623,61,454.7469,0.0554,24468.56,76886.58,26886.58,0,0,0,0,636,1,2,0.5387,0.5247,0.4569,0.5387,59.72,77.41,1,0,0,0,0,1.06,0.1863,1,1,1,2,1,0,0,4,4,0,0,0,0,0.3699,0,0.0554,0,0.4731,"['P3_MONITOR', 'MILD_VELOCITY', 'WATCHLIST_PROXIMITY', 'DEVICE_REUSE', 'ML_ELEVATED_RISK_DUE_TO_AMOUNT', 'ML_ELEVATED_RISK_DUE_TO_RECEIVER_BAL_AFTER', 'ML_ELEVATED_RISK_DUE_TO_SENDER_BAL_BEFORE', 'ML_ELEVATED_RISK_DUE_TO_IS_SIM_BOUND', 'ML_ELEVATED_RISK_DUE_TO_TIME_TO_PAY_MS', 'REALTIME_SCENARIO_BEHAVIOR_FALLBACK', 'SUSPICIOUS_BUT_UNCLEAR', 'NEO4J_UNAVAILABLE', 'REALTIME_SCENARIO_GRAPH_FALLBACK', 'CLEARED']",2,ALLOW,ALLOW,INFO,CLEARED,0.3916,0.3916,0.5247,0.5247,0.5057,0.5057,0.5387,0.5387,0.0,ALLOW,SUSPICIOUS_BUT_UNCLEAR,MEDIUM,UNKNOWN,"['ML elevated risk due to amount', 'ML elevated risk due to receiver_bal_after', 'ML elevated risk due to sender_bal_before', 'ML elevated risk due to is_sim_bound', 'ML elevated risk due to time_to_pay_ms', 'Realtime scenario behavior fallback', 'SUSPICIOUS_BUT_UNCLEAR', 'Connected to mule cluster']",TRANSACTION_MONITOR,False,False,False,10080,20160,AML_INFO_QUEUE,LOW
9eab8e9b-d2f2-48a9-a584-2741f81fecf6,U-1027,M-2003,5769.59,INR,P2P,UPI,80611.75,74842.16,155745.61,2026-09-27 09:35:54.076239+00:00,Kolkata,True,1,D-30013,1149,NORMAL,LOW_RISK_PAYMENT,LOW,2,0.2715,1440,29.8473,0.0259,5623.66,94230.41,44230.41,0,1,0,0,1414,1,0,0.0,0.1709,0.1283,0.244,90.21,81.79,1,0,0,0,0,3.72,0.14,0,0,0,1,1,0,0,1,3,2,0,0,0,0.1134,0,0.0259,0,0.0936,"['NORMAL', 'LOW_RISK_PAYMENT', 'NORMAL_PATTERN', 'LOW_VALUE_PAYMENT', 'SIM_BOUND', 'ML_ELEVATED_RISK_DUE_TO_AMOUNT', 'ML_ELEVATED_RISK_DUE_TO_RECEIVER_BAL_AFTER', 'ML_ELEVATED_RISK_DUE_TO_SENDER_BAL_BEFORE', 'ML_ELEVATED_RISK_DUE_TO_IS_SIM_BOUND', 'ML_ELEVATED_RISK_DUE_TO_TIME_TO_PAY_MS', 'SUSPICIOUS_BUT_UNCLEAR', 'NEO4J_UNAVAILABLE', 'MONITORING', 'ELEVATED_ACTIVITY']",2,MONITOR,SOFT_NUDGE,P3,MONITORING,0.5145,0.5145,1.0,1.0,0.8581,0.8581,0.0,0.0,0.0,SUSPICIOUS,SUSPICIOUS_BUT_UNCLEAR,UNKNOWN,UNKNOWN,"['ML elevated risk due to amount', 'ML elevated risk due to receiver_bal_after', 'ML elevated risk due to sender_bal_before', 'ML elevated risk due to is_sim_bound', 'ML elevated risk due to time_to_pay_ms', 'SUSPICIOUS_BUT_UNCLEAR']",TRANSACTION_SUSPECT,True,False,False,1440,2880,AML_MONITORING_QUEUE,MEDIUM
13afda6b-69f8-452a-ac1f-74c542fb7999,U-1043,M-2022,26088.28,INR,TRANSFER,UPI,220263.6,194175.32,668196.01,2026-09-27 09:35:47.189719+00:00,Pune,True,1,D-30033,782,P3_MONITOR,MILD_VELOCITY,P3,8,0.4572,172,406.5152,0.0107,25812.42,73911.72,23911.72,0,0,0,0,1421,3,2,0.4799,0.4828,0.4794,0.4799,58.81,71.61,0,1,1,0,0,4.93,0.2255,0,0,2,3,2,0,0,4,4,1,1,0,0,0.3789,0,0.0107,0,0.3172,"['P3_MONITOR', 'MILD_VELOCITY', 'WATCHLIST_PROXIMITY', 'DEVICE_REUSE', 'ML_ELEVATED_RISK_DUE_TO_AMOUNT', 'ML_ELEVATED_RISK_DUE_TO_RECEIVER_BAL_AFTER', 'ML_ELEVATED_RISK_DUE_TO_SENDER_BAL_BEFORE', 'ML_ELEVATED_RISK_DUE_TO_IS_SIM_BOUND', 'ML_ELEVATED_RISK_DUE_TO_TIME_TO_PAY_MS', 'SUSPICIOUS_BUT_UNCLEAR', 'NEO4J_UNAVAILABLE', 'REALTIME_SCENARIO_GRAPH_FALLBACK', 'MONITORING', 'ELEVATED_ACTIVITY']",2,MONITOR,SOFT_NUDGE,P3,MONITORING,0.521,0.521,1.0,1.0,0.5002,0.5002,0.4799,0.4799,0.0,SUSPICIOUS,SUSPICIOUS_BUT_UNCLEAR,MEDIUM,UNKNOWN,"['ML elevated risk due to amount', 'ML elevated risk due to receiver_bal_after', 'ML elevated risk due to sender_bal_before', 'ML elevated risk due to is_sim_bound', 'ML elevated risk due to time_to_pay_ms', 'SUSPICIOUS_BUT_UNCLEAR']",TRANSACTION_SUSPECT,True,False,False,1440,2880,AML_MONITORING_QUEUE,MEDIUM
3f75d264-5291-43bd-bfe4-fb84fad3bd04,U-1021,M-2013,2427.53,INR,TRANSFER,NETBANKING,101655.38,99227.85,711438.16,2026-09-27 09:35:44.282750+00:00,Mumbai,True,1,D-30024,1601,NORMAL,LOW_RISK_PAYMENT,LOW,4,0.1848,1168,18.2598,0.0336,2511.92,97572.47,47572.47,0,0,0,0,371,0,0,0.0,0.3021,0.0075,0.1187,80.37,77.85,1,0,0,0,0,2.12,0.0441,0,0,0,2,1,0,0,3,2,3,0,0,0,0.1494,0,0.0336,0,0.0684,"['NORMAL', 'LOW_RISK_PAYMENT', 'NORMAL_PATTERN', 'LOW_VALUE_PAYMENT', 'SIM_BOUND', 'ML_ELEVATED_RISK_DUE_TO_AMOUNT', 'ML_ELEVATED_RISK_DUE_TO_RECEIVER_BAL_AFTER', 'ML_ELEVATED_RISK_DUE_TO_SENDER_BAL_BEFORE', 'ML_ELEVATED_RISK_DUE_TO_IS_SIM_BOUND', 'ML_ELEVATED_RISK_DUE_TO_TIME_TO_PAY_MS', 'SUSPICIOUS_BUT_UNCLEAR', 'NEO4J_UNAVAILABLE', 'CLEARED']",2,ALLOW,ALLOW,INFO,CLEARED,0.4729,0.4729,1.0,1.0,0.6918,0.6918,0.0,0.0,0.0,SUSPICIOUS,SUSPICIOUS_BUT_UNCLEAR,UNKNOWN,UNKNOWN,"['ML elevated risk due to amount', 'ML elevated risk due to receiver_bal_after', 'ML elevated risk due to sender_bal_before', 'ML elevated risk due to is_sim_bound', 'ML elevated risk due to time_to_pay_ms', 'SUSPICIOUS_BUT_UNCLEAR']",TRANSACTION_MONITOR,False,False,False,10080,20160,AML_INFO_QUEUE,LOW
26ca4320-1e26-4a52-aa9d-e927856f36a2,U-1023,M-2014,10984.91,INR,PAYMENT,NETBANKING,75498.77,64513.86,462488.11,2026-09-27 09:35:37.772452+00:00,Chennai,True,1,D-30001,1316,NORMAL,LOW_RISK_PAYMENT,LOW,4,0.2987,831,46.8749,0.1301,9720.17,89015.09,39015.09,0,0,0,0,688,0,0,0.0,0.2236,0.0229,0.1155,94.97,85.85,1,0,0,0,0,2.75,0.1349,0,0,0,1,1,0,0,3,2,0,0,0,0,0.1436,0,0.1301,0,0.1115,"['NORMAL', 'LOW_RISK_PAYMENT', 'NORMAL_PATTERN', 'LOW_VALUE_PAYMENT', 'SIM_BOUND', 'ML_ELEVATED_RISK_DUE_TO_AMOUNT', 'ML_ELEVATED_RISK_DUE_TO_RECEIVER_BAL_AFTER', 'ML_ELEVATED_RISK_DUE_TO_SENDER_BAL_BEFORE', 'ML_ELEVATED_RISK_DUE_TO_IS_SIM_BOUND', 'ML_ELEVATED_RISK_DUE_TO_TIME_TO_PAY_MS', 'SUSPICIOUS_BUT_UNCLEAR', 'NEO4J_UNAVAILABLE', 'MONITORING', 'ELEVATED_ACTIVITY']",2,MONITOR,SOFT_NUDGE,P3,MONITORING,0.5403,0.5403,1.0,1.0,0.9611,0.9611,0.0,0.0,0.0,SUSPICIOUS,SUSPICIOUS_BUT_UNCLEAR,UNKNOWN,UNKNOWN,"['ML elevated risk due to amount', 'ML elevated risk due to receiver_bal_after', 'ML elevated risk due to sender_bal_before', 'ML elevated risk due to is_sim_bound', 'ML elevated risk due to time_to_pay_ms', 'SUSPICIOUS_BUT_UNCLEAR']",TRANSACTION_SUSPECT,True,False,False,1440,2880,AML_MONITORING_QUEUE,MEDIUM
7f2bc579-121c-4ec9-b9fe-d0af5ec5db13,U-1043,M-2020,24308.99,INR,TRANSFER,CARD,89998.69,65689.7,754749.37,2026-09-27 09:35:33.801857+00:00,Chennai,False,0,D-30040,711,P3_MONITOR,MILD_VELOCITY,P3,6,0.5473,106,312.7406,0.2203,19921.08,75691.01,25691.01,0,0,0,0,1199,1,2,0.384,0.617,0.4302,0.384,62.58,70.14,1,1,0,0,1,3.92,0.3158,0,0,0,3,2,0,0,4,4,0,0,0,0,0.3087,0,0.2203,0,0.4346,"['P3_MONITOR', 'MILD_VELOCITY', 'WATCHLIST_PROXIMITY', 'DEVICE_REUSE', 'ML_ELEVATED_RISK_DUE_TO_AMOUNT', 'ML_ELEVATED_RISK_DUE_TO_RECEIVER_BAL_AFTER', 'ML_ELEVATED_RISK_DUE_TO_SENDER_BAL_BEFORE', 'ML_ELEVATED_RISK_DUE_TO_IS_SIM_BOUND', 'ML_ELEVATED_RISK_DUE_TO_TIME_TO_PAY_MS', 'SUSPICIOUS_BUT_UNCLEAR', 'NEO4J_UNAVAILABLE', 'REALTIME_SCENARIO_GRAPH_FALLBACK', 'MONITORING', 'ELEVATED_ACTIVITY']",2,MONITOR,SOFT_NUDGE,P3,MONITORING,0.5025,0.5025,1.0,1.0,0.5027,0.5027,0.384,0.384,0.0,SUSPICIOUS,SUSPICIOUS_BUT_UNCLEAR,MEDIUM,UNKNOWN,"['ML elevated risk due to amount', 'ML elevated risk due to receiver_bal_after', 'ML elevated risk due to sender_bal_before', 'ML elevated risk due to is_sim_bound', 'ML elevated risk due to time_to_pay_ms', 'SUSPICIOUS_BUT_UNCLEAR']",TRANSACTION_SUSPECT,True,False,False,1440,2880,AML_MONITORING_QUEUE,MEDIUM
924c9faf-4ac9-4513-b00a-e87e6efdd1ae,U-1017,M-2005,10054.7,INR,TRANSFER,UPI,120584.21,110529.51,346787.7,2026-09-27 09:35:29.933681+00:00,Mumbai,True,1,D-30002,804,NORMAL,LOW_RISK_PAYMENT,LOW,6,0.2505,1169,48.1105,0.103,9115.57,89945.3,39945.3,0,1,0,0,1341,0,0,0.0,0.2393,0.1874,0.3344,82.65,83.38,1,0,0,0,0,3.4,0.0581,0,0,0,1,1,0,0,3,2,3,0,0,0,0.1155,0,0.103,0,0.073,"['NORMAL', 'LOW_RISK_PAYMENT', 'NORMAL_PATTERN', 'LOW_VALUE_PAYMENT', 'SIM_BOUND', 'ML_ELEVATED_RISK_DUE_TO_AMOUNT', 'ML_ELEVATED_RISK_DUE_TO_RECEIVER_BAL_AFTER', 'ML_ELEVATED_RISK_DUE_TO_SENDER_BAL_BEFORE', 'ML_ELEVATED_RISK_DUE_TO_IS_SIM_BOUND', 'ML_ELEVATED_RISK_DUE_TO_TIME_TO_PAY_MS', 'SUSPICIOUS_BUT_UNCLEAR', 'NEO4J_UNAVAILABLE', 'CLEARED']",2,ALLOW,ALLOW,INFO,CLEARED,0.4667,0.4667,1.0,1.0,0.667,0.667,0.0,0.0,0.0,SUSPICIOUS,SUSPICIOUS_BUT_UNCLEAR,UNKNOWN,UNKNOWN,"['ML elevated risk due to amount', 'ML elevated risk due to receiver_bal_after', 'ML elevated risk due to sender_bal_before', 'ML elevated risk due to is_sim_bound', 'ML elevated risk due to time_to_pay_ms', 'SUSPICIOUS_BUT_UNCLEAR']",TRANSACTION_MONITOR,False,False,False,10080,20160,AML_INFO_QUEUE,LOW
f304c2ee-94de-432e-9c63-e6e592327c6a,U-1009,M-2003,9619.34,INR,P2P,CARD,228945.7,219326.36,208282.25,2026-09-27 09:35:21.912029+00:00,Pune,True,1,D-30010,987,NORMAL,LOW_RISK_PAYMENT,LOW,3,0.2071,1389,54.0204,0.043,9223.19,90380.66,40380.66,0,1,0,0,2093,1,1,0.0,0.1857,0.1455,0.2404,88.71,89.59,1,0,0,0,0,3.87,0.1371,0,0,0,1,1,0,0,1,3,0,0,0,0,0.0729,0,0.043,0,0.1106,"['NORMAL', 'LOW_RISK_PAYMENT', 'NORMAL_PATTERN', 'LOW_VALUE_PAYMENT', 'SIM_BOUND', 'ML_ELEVATED_RISK_DUE_TO_AMOUNT', 'ML_ELEVATED_RISK_DUE_TO_RECEIVER_BAL_AFTER', 'ML_ELEVATED_RISK_DUE_TO_SENDER_BAL_BEFORE', 'ML_ELEVATED_RISK_DUE_TO_IS_SIM_BOUND', 'ML_ELEVATED_RISK_DUE_TO_TIME_TO_PAY_MS', 'SUSPICIOUS_BUT_UNCLEAR', 'NEO4J_UNAVAILABLE', 'MONITORING', 'ELEVATED_ACTIVITY']",2,MONITOR,SOFT_NUDGE,P3,MONITORING,0.5284,0.5284,1.0,1.0,0.9135,0.9135,0.0,0.0,0.0,SUSPICIOUS,SUSPICIOUS_BUT_UNCLEAR,UNKNOWN,UNKNOWN,"['ML elevated risk due to amount', 'ML elevated risk due to receiver_bal_after', 'ML elevated risk due to sender_bal_before', 'ML elevated risk due to is_sim_bound', 'ML elevated risk due to time_to_pay_ms', 'SUSPICIOUS_BUT_UNCLEAR']",TRANSACTION_SUSPECT,True,False,False,1440,2880,AML_MONITORING_QUEUE,MEDIUM
cfca2f50-29a8-4174-8f39-f482484a788a,U-1007,M-2017,4023.32,INR,BILL,NETBANKING,224839.14,220815.82,143892.31,2026-09-27 09:35:15.447983+00:00,Mumbai,True,1,D-30004,1091,NORMAL,LOW_RISK_PAYMENT,LOW,6,0.0823,1063,17.1828,0.0041,4039.91,95976.68,45976.68,0,0,0,0,2392,1,0,0.0,0.2311,0.1846,0.2811,92.12,83.89,1,0,0,0,0,6.79,0.1352,0,0,0,1,1,0,0,3,4,2,0,0,0,0.0491,0,0.0041,0,0.1517,"['NORMAL', 'LOW_RISK_PAYMENT', 'NORMAL_PATTERN', 'LOW_VALUE_PAYMENT', 'SIM_BOUND', 'ML_ELEVATED_RISK_DUE_TO_AMOUNT', 'ML_ELEVATED_RISK_DUE_TO_RECEIVER_BAL_AFTER', 'ML_ELEVATED_RISK_DUE_TO_SENDER_BAL_BEFORE', 'ML_ELEVATED_RISK_DUE_TO_IS_SIM_BOUND', 'ML_ELEVATED_RISK_DUE_TO_TIME_TO_PAY_MS', 'SUSPICIOUS_BUT_UNCLEAR', 'NEO4J_UNAVAILABLE', 'MONITORING', 'ELEVATED_ACTIVITY']",2,MONITOR,SOFT_NUDGE,P3,MONITORING,0.5389,0.5389,1.0,1.0,0.9556,0.9556,0.0,0.0,0.0,SUSPICIOUS,SUSPICIOUS_BUT_UNCLEAR,UNKNOWN,UNKNOWN,"['ML elevated risk due to amount', 'ML elevated risk due to receiver_bal_after', 'ML elevated risk due to sender_bal_before', 'ML elevated risk due to is_sim_bound', 'ML elevated risk due to time_to_pay_ms', 'SUSPICIOUS_BUT_UNCLEAR']",TRANSACTION_SUSPECT,True,False,False,1440,2880,AML_MONITORING_QUEUE,MEDIUM
ed870ca0-1ef9-4123-a665-88bf395c9895,U-1045,M-2026,26138.68,INR,P2P,IMPS,96786.56,70647.88,544578.2,2026-09-27 09:34:42.529631+00:00,Mumbai,False,0,D-30041,892,P3_MONITOR,MILD_VELOCITY,P3,7,0.4117,167,336.4404,0.022,25576.5,73861.32,23861.32,0,0,0,0,441,2,0,0.4217,0.649,0.3682,0.4217,78.18,53.48,1,1,0,0,0,3.49,0.182,0,0,1,3,2,0,0,4,5,0,1,0,0,0.3403,0,0.022,1,0.3455,"['P3_MONITOR', 'MILD_VELOCITY', 'WATCHLIST_PROXIMITY', 'DEVICE_REUSE', 'ML_ELEVATED_RISK_DUE_TO_AMOUNT', 'ML_ELEVATED_RISK_DUE_TO_RECEIVER_BAL_AFTER', 'ML_ELEVATED_RISK_DUE_TO_SENDER_BAL_BEFORE', 'ML_ELEVATED_RISK_DUE_TO_IS_SIM_BOUND', 'ML_ELEVATED_RISK_DUE_TO_TIME_TO_PAY_MS', 'SUSPICIOUS_BUT_UNCLEAR', 'NEO4J_UNAVAILABLE', 'REALTIME_SCENARIO_GRAPH_FALLBACK', 'MONITORING', 'ELEVATED_ACTIVITY']",2,MONITOR,SOFT_NUDGE,P3,MONITORING,0.51,0.51,1.0,1.0,0.5028,0.5028,0.4217,0.4217,0.0,SUSPICIOUS,SUSPICIOUS_BUT_UNCLEAR,MEDIUM,UNKNOWN,"['ML elevated risk due to amount', 'ML elevated risk due to receiver_bal_after', 'ML elevated risk due to sender_bal_before', 'ML elevated risk due to is_sim_bound', 'ML elevated risk due to time_to_pay_ms', 'SUSPICIOUS_BUT_UNCLEAR']",TRANSACTION_SUSPECT,True,False,False,1440,2880,AML_MONITORING_QUEUE,MEDIUM
d0bfb7f1-67e9-4eff-92e2-04b3296d378b,U-1026,M-2011,12511.13,INR,P2P,NETBANKING,231013.21,218502.08,188018.68,2026-09-27 09:34:35.648413+00:00,Pune,True,1,D-30012,907,NORMAL,LOW_RISK_PAYMENT,LOW,4,0.2662,827,93.2635,0.0392,13021.87,87488.87,37488.87,0,0,0,0,976,0,0,0.0,0.2334,0.0347,0.0634,96.77,79.81,1,0,0,0,0,4.86,0.0615,0,0,0,1,1,0,0,3,1,3,0,0,0,0.1583,0,0.0392,0,0.0603,"['NORMAL', 'LOW_RISK_PAYMENT', 'NORMAL_PATTERN', 'LOW_VALUE_PAYMENT', 'SIM_BOUND', 'ML_ELEVATED_RISK_DUE_TO_AMOUNT', 'ML_ELEVATED_RISK_DUE_TO_RECEIVER_BAL_AFTER', 'ML_ELEVATED_RISK_DUE_TO_SENDER_BAL_BEFORE', 'ML_ELEVATED_RISK_DUE_TO_IS_SIM_BOUND', 'ML_ELEVATED_RISK_DUE_TO_TIME_TO_PAY_MS', 'SUSPICIOUS_BUT_UNCLEAR', 'NEO4J_UNAVAILABLE', 'MONITORING', 'ELEVATED_ACTIVITY']",2,MONITOR,SOFT_NUDGE,P3,MONITORING,0.5121,0.5121,1.0,1.0,0.8485,0.8485,0.0,0.0,0.0,SUSPICIOUS,SUSPICIOUS_BUT_UNCLEAR,UNKNOWN,UNKNOWN,"['ML elevated risk due to amount', 'ML elevated risk due to receiver_bal_after', 'ML elevated risk due to sender_bal_before', 'ML elevated risk due to is_sim_bound', 'ML elevated risk due to time_to_pay_ms', 'SUSPICIOUS_BUT_UNCLEAR']",TRANSACTION_SUSPECT,True,False,False,1440,2880,AML_MONITORING_QUEUE,MEDIUM
10bfb933-6037-47b0-ba01-ec329bc40953,U-1022,U-1030,5019.26,INR,TRANSFER,UPI,85028.09,80008.83,530615.12,2026-09-27 09:34:21.441805+00:00,Mumbai,True,1,D-30019,750,NORMAL,LOW_RISK_PAYMENT,LOW,4,0.0943,1374,37.0592,0.0116,4961.94,94980.74,44980.74,0,0,0,0,1111,1,0,0.0,0.332,0.0439,0.3365,94.9,74.02,1,0,0,0,0,6.93,0.0596,0,0,0,2,1,0,0,3,2,3,0,0,0,0.1562,0,0.0116,0,0.0427,"['NORMAL', 'LOW_RISK_PAYMENT', 'NORMAL_PATTERN', 'LOW_VALUE_PAYMENT', 'SIM_BOUND', 'ML_ELEVATED_RISK_DUE_TO_AMOUNT', 'ML_ELEVATED_RISK_DUE_TO_RECEIVER_BAL_AFTER', 'ML_ELEVATED_RISK_DUE_TO_SENDER_BAL_BEFORE', 'ML_ELEVATED_RISK_DUE_TO_IS_SIM_BOUND', 'ML_ELEVATED_RISK_DUE_TO_TIME_TO_PAY_MS', 'SUSPICIOUS_BUT_UNCLEAR', 'NEO4J_UNAVAILABLE', 'MONITORING', 'ELEVATED_ACTIVITY']",2,MONITOR,SOFT_NUDGE,P3,MONITORING,0.5263,0.5263,1.0,1.0,0.9052,0.9052,0.0,0.0,0.0,SUSPICIOUS,SUSPICIOUS_BUT_UNCLEAR,UNKNOWN,UNKNOWN,"['ML elevated risk due to amount', 'ML elevated risk due to receiver_bal_after', 'ML elevated risk due to sender_bal_before', 'ML elevated risk due to is_sim_bound', 'ML elevated risk due to time_to_pay_ms', 'SUSPICIOUS_BUT_UNCLEAR']",TRANSACTION_SUSPECT,True,False,False,1440,2880,AML_MONITORING_QUEUE,MEDIUM
068eac0d-8c76-42cd-b023-07f7577c4371,U-1086,U-1092,179400.34,INR,LAYERING_STEP,IMPS,186821.32,7420.98,363364.64,2026-09-27 09:34:14.709522+00:00,Hyderabad,False,0,D-30067,51,P1_CRITICAL,LAYERING,P1,33,0.9603,5,15298.2717,0.0462,188085.95,79400.34,129400.34,1,1,0,0,51,19,11,0.9548,0.9888,0.9127,0.9548,17.83,14.17,0,1,1,0,1,1.83,0.9464,5,5,13,7,6,1,1,25,9,0,1,1,1,0.9807,0,0.0462,1,0.9547,"['P1_CRITICAL', 'LAYERING', 'LAYERING_CHAIN', 'MULE_CLUSTER', 'SHORT_FORWARDING_DELAY', 'SIM_NOT_BOUND', 'ML_ELEVATED_RISK_DUE_TO_AMOUNT', 'ML_ELEVATED_RISK_DUE_TO_RECEIVER_BAL_AFTER', 'ML_ELEVATED_RISK_DUE_TO_SENDER_BAL_BEFORE', 'ML_ELEVATED_RISK_DUE_TO_IS_SIM_BOUND', 'ML_ELEVATED_RISK_DUE_TO_TIME_TO_PAY_MS', 'REALTIME_SCENARIO_BEHAVIOR_FALLBACK', 'GATHER_SCATTER', 'HIGH_VALUE_TRANSFER', 'VERY_HIGH_VALUE_TRANSACTION', 'NEO4J_UNAVAILABLE', 'REALTIME_SCENARIO_GRAPH_FALLBACK', 'CRITICAL_RISK', 'URGENT_REVIEW']",1,BLOCK,BLOCK,P1,BLOCKED,0.9658,0.9658,0.9888,0.9888,0.9127,0.9127,0.9548,0.9548,1.0,ALLOW,GATHER_SCATTER,CRITICAL,UNKNOWN,"['Critical mule laundering pattern detected', 'ML elevated risk due to amount', 'ML elevated risk due to receiver_bal_after', 'ML elevated risk due to sender_bal_before', 'ML elevated risk due to is_sim_bound', 'ML elevated risk due to time_to_pay_ms', 'Realtime scenario behavior fallback', 'GATHER_SCATTER', 'Connected to mule cluster']",TRANSACTION_SUSPECT,False,True,True,15,20,AML_CRITICAL_QUEUE,CRITICAL
ef441342-f791-4076-8fbe-d9a68d586d6b,U-1056,M-2035,77145.08,INR,GATHER_SCATTER,NEFT,294829.19,217684.11,716032.63,2026-09-27 09:34:07.642227+00:00,Mumbai,False,0,D-30068,58,P2_REVIEW,GATHER_SCATTER,P2,11,0.7719,24,3852.7106,0.025,79125.72,22854.92,27145.08,0,1,0,0,113,5,6,0.7576,0.8763,0.6912,0.7576,45.28,31.52,0,1,1,1,1,1.8,0.5227,4,4,6,7,3,1,1,16,4,0,1,1,1,0.6145,0,0.025,1,0.7507,"['P2_REVIEW', 'GATHER_SCATTER', 'RAPID_DRAIN', 'MULE_CLUSTER', 'SIM_NOT_BOUND', 'ML_ELEVATED_RISK_DUE_TO_AMOUNT', 'ML_ELEVATED_RISK_DUE_TO_RECEIVER_BAL_AFTER', 'ML_ELEVATED_RISK_DUE_TO_SENDER_BAL_BEFORE', 'ML_ELEVATED_RISK_DUE_TO_IS_SIM_BOUND', 'ML_ELEVATED_RISK_DUE_TO_TIME_TO_PAY_MS', 'LAUNDERING_FLOW', 'HIGH_VALUE_TRANSFER', 'NEO4J_UNAVAILABLE', 'REALTIME_SCENARIO_GRAPH_FALLBACK', 'MONITORING', 'ELEVATED_ACTIVITY']",1,MONITOR,SOFT_NUDGE,P3,MONITORING,0.6243,0.6243,1.0,1.0,0.6912,0.6912,0.7576,0.7576,0.0,SUSPICIOUS,LAUNDERING_FLOW,HIGH,UNKNOWN,"['ML elevated risk due to amount', 'ML elevated risk due to receiver_bal_after', 'ML elevated risk due to sender_bal_before', 'ML elevated risk due to is_sim_bound', 'ML elevated risk due to time_to_pay_ms', 'LAUNDERING_FLOW', 'Connected to mule cluster']",TRANSACTION_SUSPECT,True,False,False,1440,2880,AML_MONITORING_QUEUE,MEDIUM
9c271fab-9afd-42f4-a7b4-e1116c596561,U-1022,U-1034,9682.31,INR,BILL,UPI,231889.51,222207.2,609180.51,2026-09-27 09:34:01.103236+00:00,Mumbai,True,1,D-30001,672,NORMAL,LOW_RISK_PAYMENT,LOW,2,0.1843,1145,75.8977,0.0238,9918.13,90317.69,40317.69,0,0,0,0,468,1,0,0.0,0.2467,0.1189,0.1394,93.24,74.47,1,0,0,0,0,3.77,0.1448,0,0,0,2,1,0,0,1,3,1,0,0,0,0.0954,0,0.0238,0,0.1047,"['NORMAL', 'LOW_RISK_PAYMENT', 'NORMAL_PATTERN', 'LOW_VALUE_PAYMENT', 'SIM_BOUND', 'ML_ELEVATED_RISK_DUE_TO_AMOUNT', 'ML_ELEVATED_RISK_DUE_TO_RECEIVER_BAL_AFTER', 'ML_ELEVATED_RISK_DUE_TO_SENDER_BAL_BEFORE', 'ML_ELEVATED_RISK_DUE_TO_IS_SIM_BOUND', 'ML_ELEVATED_RISK_DUE_TO_TIME_TO_PAY_MS', 'SUSPICIOUS_BUT_UNCLEAR', 'NEO4J_UNAVAILABLE', 'MONITORING', 'ELEVATED_ACTIVITY']",2,MONITOR,SOFT_NUDGE,P3,MONITORING,0.5149,0.5149,1.0,1.0,0.8596,0.8596,0.0,0.0,0.0,SUSPICIOUS,SUSPICIOUS_BUT_UNCLEAR,UNKNOWN,UNKNOWN,"['ML elevated risk due to amount', 'ML elevated risk due to receiver_bal_after', 'ML elevated risk due to sender_bal_before', 'ML elevated risk due to is_sim_bound', 'ML elevated risk due to time_to_pay_ms', 'SUSPICIOUS_BUT_UNCLEAR']",TRANSACTION_SUSPECT,True,False,False,1440,2880,AML_MONITORING_QUEUE,MEDIUM
e9718c42-452c-4427-b854-ca8df1863e2a,U-1040,M-2020,18946.47,INR,P2P,CARD,144217.52,125271.05,389106.75,2026-09-27 09:33:54.521933+00:00,Hyderabad,True,1,D-30032,292,P3_MONITOR,MILD_VELOCITY,P3,4,0.4488,117,486.5861,0.0774,17585.91,81053.53,31053.53,0,0,0,0,792,1,0,0.462,0.5451,0.3517,0.462,64.68,53.9,1,1,0,0,0,1.97,0.323,0,0,1,1,2,0,0,4,5,1,0,0,0,0.3882,0,0.0774,1,0.4261,"['P3_MONITOR', 'MILD_VELOCITY', 'WATCHLIST_PROXIMITY', 'DEVICE_REUSE', 'ML_ELEVATED_RISK_DUE_TO_AMOUNT', 'ML_ELEVATED_RISK_DUE_TO_RECEIVER_BAL_AFTER', 'ML_ELEVATED_RISK_DUE_TO_SENDER_BAL_BEFORE', 'ML_ELEVATED_RISK_DUE_TO_IS_SIM_BOUND', 'ML_ELEVATED_RISK_DUE_TO_TIME_TO_PAY_MS', 'SUSPICIOUS_BUT_UNCLEAR', 'NEO4J_UNAVAILABLE', 'REALTIME_SCENARIO_GRAPH_FALLBACK', 'MONITORING', 'ELEVATED_ACTIVITY']",2,MONITOR,SOFT_NUDGE,P3,MONITORING,0.5182,0.5182,1.0,1.0,0.5034,0.5034,0.462,0.462,0.0,SUSPICIOUS,SUSPICIOUS_BUT_UNCLEAR,MEDIUM,UNKNOWN,"['ML elevated risk due to amount', 'ML elevated risk due to receiver_bal_after', 'ML elevated risk due to sender_bal_before', 'ML elevated risk due to is_sim_bound', 'ML elevated risk due to time_to_pay_ms', 'SUSPICIOUS_BUT_UNCLEAR']",TRANSACTION_SUSPECT,True,False,False,1440,2880,AML_MONITORING_QUEUE,MEDIUM
41d7c84f-2a33-439f-a83a-bae041ebbf25,U-1003,M-2000,6190.96,INR,BILL,NETBANKING,38420.83,32229.87,447770.27,2026-09-27 09:33:47.555378+00:00,Kolkata,True,1,D-30003,1198,NORMAL,LOW_RISK_PAYMENT,LOW,4,0.2707,1087,32.344,0.0969,6854.89,93809.04,43809.04,0,1,0,0,1900,0,0,0.0,0.1986,0.0707,0.3131,84.77,93.97,1,0,0,0,0,4.49,0.0732,0,0,0,1,1,0,0,3,3,2,0,0,0,0.1035,0,0.0969,0,0.0914,"['NORMAL', 'LOW_RISK_PAYMENT', 'NORMAL_PATTERN', 'LOW_VALUE_PAYMENT', 'SIM_BOUND', 'ML_ELEVATED_RISK_DUE_TO_AMOUNT', 'ML_ELEVATED_RISK_DUE_TO_RECEIVER_BAL_AFTER', 'ML_ELEVATED_RISK_DUE_TO_SENDER_BAL_BEFORE', 'ML_ELEVATED_RISK_DUE_TO_IS_SIM_BOUND', 'ML_ELEVATED_RISK_DUE_TO_TIME_TO_PAY_MS', 'SUSPICIOUS_BUT_UNCLEAR', 'NEO4J_UNAVAILABLE', 'MONITORING', 'ELEVATED_ACTIVITY']",2,MONITOR,SOFT_NUDGE,P3,MONITORING,0.5457,0.5457,1.0,1.0,0.983,0.983,0.0,0.0,0.0,SUSPICIOUS,SUSPICIOUS_BUT_UNCLEAR,UNKNOWN,UNKNOWN,"['ML elevated risk due to amount', 'ML elevated risk due to receiver_bal_after', 'ML elevated risk due to sender_bal_before', 'ML elevated risk due to is_sim_bound', 'ML elevated risk due to time_to_pay_ms', 'SUSPICIOUS_BUT_UNCLEAR']",TRANSACTION_SUSPECT,True,False,False,1440,2880,AML_MONITORING_QUEUE,MEDIUM
ea53f9e6-2fc8-46d7-a01d-d62cb0586b79,U-1061,M-2038,93279.72,INR,GATHER_SCATTER,IMPS,216501.57,123221.85,580160.67,2026-09-27 09:33:39.770277+00:00,Chennai,False,0,D-30064,45,P2_REVIEW,GATHER_SCATTER,P2,11,0.6277,43,6391.3533,0.0269,95857.91,6720.28,43279.72,0,0,0,0,89,7,4,0.7884,0.8263,0.7147,0.7884,49.12,60.23,0,1,1,0,1,1.93,0.7487,5,5,3,5,5,1,1,10,2,0,1,1,1,0.774,0,0.0269,1,0.8183,"['P2_REVIEW', 'GATHER_SCATTER', 'RAPID_DRAIN', 'MULE_CLUSTER', 'SIM_NOT_BOUND', 'ML_ELEVATED_RISK_DUE_TO_AMOUNT', 'ML_ELEVATED_RISK_DUE_TO_RECEIVER_BAL_AFTER', 'ML_ELEVATED_RISK_DUE_TO_SENDER_BAL_BEFORE', 'ML_ELEVATED_RISK_DUE_TO_IS_SIM_BOUND', 'ML_ELEVATED_RISK_DUE_TO_TIME_TO_PAY_MS', 'LAUNDERING_FLOW', 'HIGH_VALUE_TRANSFER', 'NEO4J_UNAVAILABLE', 'REALTIME_SCENARIO_GRAPH_FALLBACK', 'MONITORING', 'ELEVATED_ACTIVITY']",1,MONITOR,SOFT_NUDGE,P3,MONITORING,0.6364,0.6364,1.0,1.0,0.7147,0.7147,0.7884,0.7884,0.0,SUSPICIOUS,LAUNDERING_FLOW,HIGH,UNKNOWN,"['ML elevated risk due to amount', 'ML elevated risk due to receiver_bal_after', 'ML elevated risk due to sender_bal_before', 'ML elevated risk due to is_sim_bound', 'ML elevated risk due to time_to_pay_ms', 'LAUNDERING_FLOW', 'Connected to mule cluster']",TRANSACTION_SUSPECT,True,False,False,1440,2880,AML_MONITORING_QUEUE,MEDIUM
ca7c66ce-bf62-4ca2-adb9-f77f517c37f0,U-1064,M-2037,48907.8,INR,STRUCTURING,IMPS,211483.39,162575.59,389220.93,2026-09-27 09:33:31.670364+00:00,Mumbai,False,0,D-30064,179,P2_REVIEW,STRUCTURING,P2,13,0.6584,23,1865.4395,0.0541,51703.35,51092.2,1092.2,0,0,0,1,136,6,5,0.7694,0.7429,0.7586,0.7694,42.14,59.31,0,1,1,0,1,2.15,0.6102,3,3,7,4,2,1,1,11,6,0,1,1,1,0.7205,1,0.7205,1,0.7985,"['P2_REVIEW', 'STRUCTURING', 'NEAR_THRESHOLD', 'HIGH_VALUE_TRANSFER', 'ML_ELEVATED_RISK_DUE_TO_AMOUNT', 'ML_ELEVATED_RISK_DUE_TO_RECEIVER_BAL_AFTER', 'ML_ELEVATED_RISK_DUE_TO_SENDER_BAL_BEFORE', 'ML_ELEVATED_RISK_DUE_TO_IS_SIM_BOUND', 'ML_ELEVATED_RISK_DUE_TO_TIME_TO_PAY_MS', 'LAUNDERING_FLOW', 'NEO4J_UNAVAILABLE', 'REALTIME_SCENARIO_GRAPH_FALLBACK', 'MONITORING', 'ELEVATED_ACTIVITY']",1,MONITOR,SOFT_NUDGE,P3,MONITORING,0.6435,0.6435,1.0,1.0,0.7586,0.7586,0.7694,0.7694,0.0,SUSPICIOUS,LAUNDERING_FLOW,HIGH,UNKNOWN,"['ML elevated risk due to amount', 'ML elevated risk due to receiver_bal_after', 'ML elevated risk due to sender_bal_before', 'ML elevated risk due to is_sim_bound', 'ML elevated risk due to time_to_pay_ms', 'LAUNDERING_FLOW', 'Connected to mule cluster']",TRANSACTION_SUSPECT,True,False,False,1440,2880,AML_MONITORING_QUEUE,MEDIUM
3f8ef66c-320e-4122-ab5a-8b42016e2cae,U-1026,M-2003,6460.49,INR,PAYMENT,UPI,233614.97,227154.48,230711.31,2026-09-27 09:33:24.495531+00:00,Delhi,True,1,D-30018,1054,NORMAL,LOW_RISK_PAYMENT,LOW,2,0.2457,1218,46.039,0.1011,5867.2,93539.51,43539.51,0,0,0,0,1287,1,0,0.0,0.0954,0.0604,0.1554,87.35,74.54,1,0,0,0,0,3.9,0.0971,0,0,0,2,1,0,0,1,2,2,0,0,0,0.0892,0,0.1011,0,0.0801,"['NORMAL', 'LOW_RISK_PAYMENT', 'NORMAL_PATTERN', 'LOW_VALUE_PAYMENT', 'SIM_BOUND', 'ML_ELEVATED_RISK_DUE_TO_AMOUNT', 'ML_ELEVATED_RISK_DUE_TO_RECEIVER_BAL_AFTER', 'ML_ELEVATED_RISK_DUE_TO_SENDER_BAL_BEFORE', 'ML_ELEVATED_RISK_DUE_TO_IS_SIM_BOUND', 'ML_ELEVATED_RISK_DUE_TO_TIME_TO_PAY_MS', 'SUSPICIOUS_BUT_UNCLEAR', 'NEO4J_UNAVAILABLE', 'MONITORING', 'ELEVATED_ACTIVITY']",2,MONITOR,SOFT_NUDGE,P3,MONITORING,0.5054,0.5054,1.0,1.0,0.8218,0.8218,0.0,0.0,0.0,SUSPICIOUS,SUSPICIOUS_BUT_UNCLEAR,UNKNOWN,UNKNOWN,"['ML elevated risk due to amount', 'ML elevated risk due to receiver_bal_after', 'ML elevated risk due to sender_bal_before', 'ML elevated risk due to is_sim_bound', 'ML elevated risk due to time_to_pay_ms', 'SUSPICIOUS_BUT_UNCLEAR']",TRANSACTION_SUSPECT,True,False,False,1440,2880,AML_MONITORING_QUEUE,MEDIUM
da1a5e04-6f08-4eb2-83a3-0ee80d632ab5,U-1023,M-2009,275.14,INR,BILL,CARD,80325.44,80050.3,620659.16,2026-09-27 09:33:17.328460+00:00,Chennai,True,1,D-30013,490,NORMAL,LOW_RISK_PAYMENT,LOW,2,0.2688,1288,1.5083,0.0622,293.38,99724.86,49724.86,0,1,0,0,2145,0,0,0.0,0.3401,0.0427,0.0917,95.74,85.4,1,0,0,0,0,5.07,0.0589,0,0,0,2,1,0,0,1,3,1,0,0,0,0.0948,0,0.0622,0,0.1128,"['NORMAL', 'LOW_RISK_PAYMENT', 'NORMAL_PATTERN', 'LOW_VALUE_PAYMENT', 'SIM_BOUND', 'ML_ELEVATED_RISK_DUE_TO_AMOUNT', 'ML_ELEVATED_RISK_DUE_TO_RECEIVER_BAL_AFTER', 'ML_ELEVATED_RISK_DUE_TO_SENDER_BAL_BEFORE', 'ML_ELEVATED_RISK_DUE_TO_IS_SIM_BOUND', 'ML_ELEVATED_RISK_DUE_TO_TIME_TO_PAY_MS', 'SUSPICIOUS_BUT_UNCLEAR', 'NEO4J_UNAVAILABLE', 'MONITORING', 'ELEVATED_ACTIVITY']",2,MONITOR,SOFT_NUDGE,P3,MONITORING,0.5261,0.5261,1.0,1.0,0.9042,0.9042,0.0,0.0,0.0,SUSPICIOUS,SUSPICIOUS_BUT_UNCLEAR,UNKNOWN,UNKNOWN,"['ML elevated risk due to amount', 'ML elevated risk due to receiver_bal_after', 'ML elevated risk due to sender_bal_before', 'ML elevated risk due to is_sim_bound', 'ML elevated risk due to time_to_pay_ms', 'SUSPICIOUS_BUT_UNCLEAR']",TRANSACTION_SUSPECT,True,False,False,1440,2880,AML_MONITORING_QUEUE,MEDIUM
50edbf2c-ff9d-4d7f-ae58-64988c413d15,U-1029,U-1035,2724.8,INR,P2P,CARD,184504.09,181779.29,30489.48,2026-09-27 09:33:14.619017+00:00,Pune,True,1,D-30006,1269,NORMAL,LOW_RISK_PAYMENT,LOW,3,0.2251,677,20.1291,0.0156,2682.98,97275.2,47275.2,0,0,0,0,2058,0,1,0.0,0.3023,0.1195,0.1908,94.57,79.12,1,0,0,0,0,5.93,0.0311,0,0,0,2,1,0,0,1,3,2,0,0,0,0.0627,0,0.0156,0,0.0451,"['NORMAL', 'LOW_RISK_PAYMENT', 'NORMAL_PATTERN', 'LOW_VALUE_PAYMENT', 'SIM_BOUND', 'ML_ELEVATED_RISK_DUE_TO_AMOUNT', 'ML_ELEVATED_RISK_DUE_TO_RECEIVER_BAL_AFTER', 'ML_ELEVATED_RISK_DUE_TO_SENDER_BAL_BEFORE', 'ML_ELEVATED_RISK_DUE_TO_IS_SIM_BOUND', 'ML_ELEVATED_RISK_DUE_TO_TIME_TO_PAY_MS', 'NEO4J_UNAVAILABLE', 'CLEARED']",2,ALLOW,ALLOW,INFO,CLEARED,0.0,0.0,0.0,0.0,0.0,0.0,0.0,0.0,0.0,ALLOW,INSUFFICIENT_HISTORY,UNKNOWN,UNKNOWN,"['ML elevated risk due to amount', 'ML elevated risk due to receiver_bal_after', 'ML elevated risk due to sender_bal_before', 'ML elevated risk due to is_sim_bound', 'ML elevated risk due to time_to_pay_ms']",TRANSACTION_MONITOR,False,False,False,10080,20160,AML_INFO_QUEUE,LOW
412c5b70-795b-4c25-a84c-2a3e4653833e,U-1085,U-1096,404481.17,INR,GATHER_SCATTER,NEFT,418614.58,14133.41,28089.17,2026-09-27 09:33:07.509594+00:00,Chennai,False,0,D-30062,24,P1_CRITICAL,GATHER_SCATTER,P1,23,0.9662,5,75787.0332,0.0964,368928.89,304481.17,354481.17,1,1,0,0,55,15,7,0.9803,0.9824,0.9443,0.9803,25.25,10.3,0,1,1,0,1,2.2,0.7084,10,10,25,9,10,1,1,44,10,0,1,1,1,0.91,0,0.0964,1,0.9333,"['P1_CRITICAL', 'GATHER_SCATTER', 'RAPID_DRAIN', 'MULE_CLUSTER', 'SIM_NOT_BOUND', 'ML_ELEVATED_RISK_DUE_TO_AMOUNT', 'ML_ELEVATED_RISK_DUE_TO_RECEIVER_BAL_AFTER', 'ML_ELEVATED_RISK_DUE_TO_SENDER_BAL_BEFORE', 'ML_ELEVATED_RISK_DUE_TO_IS_SIM_BOUND', 'ML_ELEVATED_RISK_DUE_TO_TIME_TO_PAY_MS', 'HIGH_VALUE_TRANSFER', 'VERY_HIGH_VALUE_TRANSACTION', 'NEO4J_UNAVAILABLE', 'REALTIME_SCENARIO_GRAPH_FALLBACK', 'CRITICAL_RISK', 'URGENT_REVIEW']",1,BLOCK,BLOCK,P1,BLOCKED,0.9821,0.9821,1.0,1.0,0.9443,0.9443,0.9803,0.9803,1.0,SUSPICIOUS,GATHER_SCATTER,CRITICAL,UNKNOWN,"['Critical mule laundering pattern detected', 'ML elevated risk due to amount', 'ML elevated risk due to receiver_bal_after', 'ML elevated risk due to sender_bal_before', 'ML elevated risk due to is_sim_bound', 'ML elevated risk due to time_to_pay_ms', 'GATHER_SCATTER', 'Connected to mule cluster']",TRANSACTION_SUSPECT,False,True,True,15,20,AML_CRITICAL_QUEUE,CRITICAL
1e7fb18b-4b5d-4926-b50e-441b58a251f2,U-1005,U-1039,6453.54,INR,PAYMENT,NETBANKING,45330.45,38876.91,668230.1,2026-09-27 09:33:01.071057+00:00,Pune,True,1,D-30003,1974,NORMAL,LOW_RISK_PAYMENT,LOW,4,0.2838,1196,32.7424,0.1063,5833.26,93546.46,43546.46,0,1,0,0,671,0,1,0.0,0.078,0.0167,0.2618,84.21,80.9,1,0,0,0,0,6.42,0.0642,0,0,0,2,1,0,0,3,3,3,0,0,0,0.1091,0,0.1063,0,0.0981,"['NORMAL', 'LOW_RISK_PAYMENT', 'NORMAL_PATTERN', 'LOW_VALUE_PAYMENT', 'SIM_BOUND', 'ML_ELEVATED_RISK_DUE_TO_AMOUNT', 'ML_ELEVATED_RISK_DUE_TO_RECEIVER_BAL_AFTER', 'ML_ELEVATED_RISK_DUE_TO_SENDER_BAL_BEFORE', 'ML_ELEVATED_RISK_DUE_TO_IS_SIM_BOUND', 'ML_ELEVATED_RISK_DUE_TO_TIME_TO_PAY_MS', 'SUSPICIOUS_BUT_UNCLEAR', 'NEO4J_UNAVAILABLE', 'MONITORING', 'ELEVATED_ACTIVITY']",2,MONITOR,SOFT_NUDGE,P3,MONITORING,0.5139,0.5139,1.0,1.0,0.8554,0.8554,0.0,0.0,0.0,SUSPICIOUS,SUSPICIOUS_BUT_UNCLEAR,UNKNOWN,UNKNOWN,"['ML elevated risk due to amount', 'ML elevated risk due to receiver_bal_after', 'ML elevated risk due to sender_bal_before', 'ML elevated risk due to is_sim_bound', 'ML elevated risk due to time_to_pay_ms', 'SUSPICIOUS_BUT_UNCLEAR']",TRANSACTION_SUSPECT,True,False,False,1440,2880,AML_MONITORING_QUEUE,MEDIUM
e81ae4a5-55ca-4b5f-a9d9-ae431bd81f8d,U-1049,M-2029,22830.99,INR,P2P,CARD,166356.19,143525.2,680616.77,2026-09-27 09:32:58.152400+00:00,Hyderabad,True,1,D-30041,399,P3_MONITOR,MILD_VELOCITY,P3,8,0.4126,151,305.5354,0.2741,17918.9,77169.01,27169.01,0,0,0,0,1471,3,0,0.4811,0.5693,0.3669,0.4811,62.26,60.44,1,1,0,0,1,3.72,0.1928,0,0,0,1,2,0,0,4,5,1,0,0,0,0.2009,0,0.2741,0,0.4262,"['P3_MONITOR', 'MILD_VELOCITY', 'WATCHLIST_PROXIMITY', 'DEVICE_REUSE', 'ML_ELEVATED_RISK_DUE_TO_AMOUNT', 'ML_ELEVATED_RISK_DUE_TO_RECEIVER_BAL_AFTER', 'ML_ELEVATED_RISK_DUE_TO_SENDER_BAL_BEFORE', 'ML_ELEVATED_RISK_DUE_TO_IS_SIM_BOUND', 'ML_ELEVATED_RISK_DUE_TO_TIME_TO_PAY_MS', 'REALTIME_SCENARIO_BEHAVIOR_FALLBACK', 'SUSPICIOUS_BUT_UNCLEAR', 'NEO4J_UNAVAILABLE', 'REALTIME_SCENARIO_GRAPH_FALLBACK', 'CLEARED']",2,ALLOW,ALLOW,INFO,CLEARED,0.399,0.399,0.5693,0.5693,0.5281,0.5281,0.4811,0.4811,0.0,ALLOW,SUSPICIOUS_BUT_UNCLEAR,MEDIUM,UNKNOWN,"['ML elevated risk due to amount', 'ML elevated risk due to receiver_bal_after', 'ML elevated risk due to sender_bal_before', 'ML elevated risk due to is_sim_bound', 'ML elevated risk due to time_to_pay_ms', 'Realtime scenario behavior fallback', 'SUSPICIOUS_BUT_UNCLEAR']",TRANSACTION_MONITOR,False,False,False,10080,20160,AML_INFO_QUEUE,LOW
10ba9f98-9e34-4888-b53b-7745751aebe2,U-1050,M-2030,41689.34,INR,TRANSFER,UPI,195865.41,154176.07,720389.57,2026-09-27 09:32:53.411719+00:00,Bengaluru,True,1,D-30036,1039,P3_MONITOR,MILD_VELOCITY,P3,6,0.4337,158,626.0879,0.2389,33649.16,58310.66,8310.66,0,1,0,0,384,3,1,0.5172,0.5959,0.4992,0.5172,60.25,64.03,1,0,1,0,0,2.61,0.3606,1,1,2,2,2,0,0,4,5,0,1,0,0,0.3783,0,0.2389,0,0.3839,"['P3_MONITOR', 'MILD_VELOCITY', 'WATCHLIST_PROXIMITY', 'DEVICE_REUSE', 'ML_ELEVATED_RISK_DUE_TO_AMOUNT', 'ML_ELEVATED_RISK_DUE_TO_RECEIVER_BAL_AFTER', 'ML_ELEVATED_RISK_DUE_TO_SENDER_BAL_BEFORE', 'ML_ELEVATED_RISK_DUE_TO_IS_SIM_BOUND', 'ML_ELEVATED_RISK_DUE_TO_TIME_TO_PAY_MS', 'REALTIME_SCENARIO_BEHAVIOR_FALLBACK', 'NEO4J_UNAVAILABLE', 'REALTIME_SCENARIO_GRAPH_FALLBACK', 'CLEARED']",2,ALLOW,ALLOW,INFO,CLEARED,0.407,0.407,0.5959,0.5959,0.4992,0.4992,0.5172,0.5172,0.0,ALLOW,NONE,MEDIUM,UNKNOWN,"['ML elevated risk due to amount', 'ML elevated risk due to receiver_bal_after', 'ML elevated risk due to sender_bal_before', 'ML elevated risk due to is_sim_bound', 'ML elevated risk due to time_to_pay_ms', 'Realtime scenario behavior fallback', 'Connected to mule cluster']",TRANSACTION_MONITOR,False,False,False,10080,20160,AML_INFO_QUEUE,LOW
a7909ef6-dd51-47a8-b89a-a290e79ad676,U-1067,M-2036,63805.08,INR,GATHER_SCATTER,UPI,320050.69,256245.61,406846.05,2026-09-27 09:32:49.476281+00:00,Chennai,False,0,D-30083,180,P2_REVIEW,GATHER_SCATTER,P2,17,0.7919,42,4190.6458,0.0551,67525.47,36194.92,13805.08,0,1,0,0,112,6,6,0.8044,0.7467,0.7296,0.8044,64.53,58.3,0,1,1,0,1,0.61,0.46,2,2,7,3,3,1,1,14,3,0,1,1,1,0.7408,0,0.0551,1,0.8758,"['P2_REVIEW', 'GATHER_SCATTER', 'RAPID_DRAIN', 'MULE_CLUSTER', 'SIM_NOT_BOUND', 'ML_ELEVATED_RISK_DUE_TO_AMOUNT', 'ML_ELEVATED_RISK_DUE_TO_RECEIVER_BAL_AFTER', 'ML_ELEVATED_RISK_DUE_TO_SENDER_BAL_BEFORE', 'ML_ELEVATED_RISK_DUE_TO_IS_SIM_BOUND', 'ML_ELEVATED_RISK_DUE_TO_TIME_TO_PAY_MS', 'LAUNDERING_FLOW', 'HIGH_VALUE_TRANSFER', 'NEO4J_UNAVAILABLE', 'REALTIME_SCENARIO_GRAPH_FALLBACK', 'MONITORING', 'ELEVATED_ACTIVITY']",1,MONITOR,SOFT_NUDGE,P3,MONITORING,0.6433,0.6433,1.0,1.0,0.7296,0.7296,0.8044,0.8044,0.0,SUSPICIOUS,LAUNDERING_FLOW,HIGH,UNKNOWN,"['ML elevated risk due to amount', 'ML elevated risk due to receiver_bal_after', 'ML elevated risk due to sender_bal_before', 'ML elevated risk due to is_sim_bound', 'ML elevated risk due to time_to_pay_ms', 'LAUNDERING_FLOW', 'Connected to mule cluster']",TRANSACTION_SUSPECT,True,False,False,1440,2880,AML_MONITORING_QUEUE,MEDIUM
e202dcb3-2519-4e5e-91eb-85553f54e74f,U-1062,M-2040,99433.82,INR,STRUCTURING,UPI,600178.0,500744.18,537886.69,2026-09-27 09:32:45.489913+00:00,Hyderabad,False,0,D-30084,107,P2_REVIEW,STRUCTURING,P2,15,0.6988,20,6497.9602,0.0468,94989.1,566.18,49433.82,0,1,0,1,125,7,3,0.7668,0.8241,0.7228,0.7668,53.77,28.44,0,1,1,0,1,0.49,0.585,2,2,5,5,5,1,1,10,6,0,1,1,1,0.8139,1,0.8139,1,0.8452,"['P2_REVIEW', 'STRUCTURING', 'NEAR_THRESHOLD', 'HIGH_VALUE_TRANSFER', 'ML_ELEVATED_RISK_DUE_TO_AMOUNT', 'ML_ELEVATED_RISK_DUE_TO_RECEIVER_BAL_AFTER', 'ML_ELEVATED_RISK_DUE_TO_SENDER_BAL_BEFORE', 'ML_ELEVATED_RISK_DUE_TO_IS_SIM_BOUND', 'ML_ELEVATED_RISK_DUE_TO_TIME_TO_PAY_MS', 'LAUNDERING_FLOW', 'NEO4J_UNAVAILABLE', 'REALTIME_SCENARIO_GRAPH_FALLBACK', 'MONITORING', 'ELEVATED_ACTIVITY']",1,MONITOR,SOFT_NUDGE,P3,MONITORING,0.6341,0.6341,1.0,1.0,0.7228,0.7228,0.7668,0.7668,0.0,SUSPICIOUS,LAUNDERING_FLOW,HIGH,UNKNOWN,"['ML elevated risk due to amount', 'ML elevated risk due to receiver_bal_after', 'ML elevated risk due to sender_bal_before', 'ML elevated risk due to is_sim_bound', 'ML elevated risk due to time_to_pay_ms', 'LAUNDERING_FLOW', 'Connected to mule cluster']",TRANSACTION_SUSPECT,True,False,False,1440,2880,AML_MONITORING_QUEUE,MEDIUM
eebb968b-b97d-4ca4-a9bd-5e85274a8d78,U-1010,M-2009,13003.19,INR,P2P,NETBANKING,136733.7,123730.51,566945.17,2026-09-27 09:32:41.660466+00:00,Pune,True,1,D-30011,608,NORMAL,LOW_RISK_PAYMENT,LOW,6,0.1482,536,79.6197,0.0023,13032.74,86996.81,36996.81,0,0,0,0,899,1,0,0.0,0.2328,0.0047,0.3384,87.53,87.89,1,0,0,0,0,6.68,0.1258,0,0,0,1,1,0,0,3,4,0,0,0,0,0.0654,0,0.0023,0,0.1564,"['NORMAL', 'LOW_RISK_PAYMENT', 'NORMAL_PATTERN', 'LOW_VALUE_PAYMENT', 'SIM_BOUND', 'ML_ELEVATED_RISK_DUE_TO_AMOUNT', 'ML_ELEVATED_RISK_DUE_TO_RECEIVER_BAL_AFTER', 'ML_ELEVATED_RISK_DUE_TO_SENDER_BAL_BEFORE', 'ML_ELEVATED_RISK_DUE_TO_IS_SIM_BOUND', 'ML_ELEVATED_RISK_DUE_TO_TIME_TO_PAY_MS', 'SUSPICIOUS_BUT_UNCLEAR', 'NEO4J_UNAVAILABLE', 'MONITORING', 'ELEVATED_ACTIVITY']",4,MONITOR,SOFT_NUDGE,P3,MONITORING,0.5272,0.5272,1.0,1.0,0.9087,0.9087,0.0,0.0,0.0,SUSPICIOUS,SUSPICIOUS_BUT_UNCLEAR,UNKNOWN,UNKNOWN,"['ML elevated risk due to amount', 'ML elevated risk due to receiver_bal_after', 'ML elevated risk due to sender_bal_before', 'ML elevated risk due to is_sim_bound', 'ML elevated risk due to time_to_pay_ms', 'SUSPICIOUS_BUT_UNCLEAR']",TRANSACTION_SUSPECT,True,False,False,1440,2880,AML_MONITORING_QUEUE,MEDIUM
223d2a30-3895-4ba9-98ba-67fbf4d68e78,U-1021,M-2001,11998.59,INR,P2P,UPI,143634.66,131636.07,539606.53,2026-09-27 09:32:38.997626+00:00,Pune,True,1,D-30023,1252,NORMAL,LOW_RISK_PAYMENT,LOW,3,0.2301,1088,128.9918,0.1134,10776.66,88001.41,38001.41,0,0,0,0,2183,0,1,0.0,0.1345,0.1877,0.1304,85.38,78.61,1,0,0,0,0,5.33,0.1429,0,0,0,1,1,0,0,1,2,2,0,0,0,0.043,0,0.1134,0,0.1107,"['NORMAL', 'LOW_RISK_PAYMENT', 'NORMAL_PATTERN', 'LOW_VALUE_PAYMENT', 'SIM_BOUND', 'ML_ELEVATED_RISK_DUE_TO_AMOUNT', 'ML_ELEVATED_RISK_DUE_TO_RECEIVER_BAL_AFTER', 'ML_ELEVATED_RISK_DUE_TO_SENDER_BAL_BEFORE', 'ML_ELEVATED_RISK_DUE_TO_IS_SIM_BOUND', 'ML_ELEVATED_RISK_DUE_TO_TIME_TO_PAY_MS', 'SUSPICIOUS_BUT_UNCLEAR', 'NEO4J_UNAVAILABLE', 'CLEARED']",2,ALLOW,ALLOW,INFO,CLEARED,0.48,0.48,1.0,1.0,0.72,0.72,0.0,0.0,0.0,SUSPICIOUS,SUSPICIOUS_BUT_UNCLEAR,UNKNOWN,UNKNOWN,"['ML elevated risk due to amount', 'ML elevated risk due to receiver_bal_after', 'ML elevated risk due to sender_bal_before', 'ML elevated risk due to is_sim_bound', 'ML elevated risk due to time_to_pay_ms', 'SUSPICIOUS_BUT_UNCLEAR']",TRANSACTION_MONITOR,False,False,False,10080,20160,AML_INFO_QUEUE,LOW
589fa39c-d1be-4175-b019-8b8dc60f316f,U-1045,M-2021,34678.87,INR,PAYMENT,IMPS,225076.53,190397.66,265038.18,2026-09-27 09:32:32.270198+00:00,Pune,False,0,D-30038,743,P3_MONITOR,MILD_VELOCITY,P3,7,0.4511,104,470.085,0.0287,33711.43,65321.13,15321.13,0,0,0,0,267,1,1,0.365,0.6038,0.5392,0.365,80.61,65.67,1,0,0,0,0,3.22,0.3629,0,0,1,1,2,0,0,4,4,1,1,0,0,0.382,0,0.0287,0,0.4878,"['P3_MONITOR', 'MILD_VELOCITY', 'WATCHLIST_PROXIMITY', 'DEVICE_REUSE', 'ML_ELEVATED_RISK_DUE_TO_AMOUNT', 'ML_ELEVATED_RISK_DUE_TO_RECEIVER_BAL_AFTER', 'ML_ELEVATED_RISK_DUE_TO_SENDER_BAL_BEFORE', 'ML_ELEVATED_RISK_DUE_TO_IS_SIM_BOUND', 'ML_ELEVATED_RISK_DUE_TO_TIME_TO_PAY_MS', 'ELEVATED_ACTIVITY_SEQUENCE', 'NEO4J_UNAVAILABLE', 'REALTIME_SCENARIO_GRAPH_FALLBACK', 'MONITORING', 'ELEVATED_ACTIVITY']",2,MONITOR,SOFT_NUDGE,P3,MONITORING,0.5078,0.5078,1.0,1.0,0.5392,0.5392,0.365,0.365,0.0,SUSPICIOUS,ELEVATED_ACTIVITY_SEQUENCE,MEDIUM,UNKNOWN,"['ML elevated risk due to amount', 'ML elevated risk due to receiver_bal_after', 'ML elevated risk due to sender_bal_before', 'ML elevated risk due to is_sim_bound', 'ML elevated risk due to time_to_pay_ms', 'ELEVATED_ACTIVITY_SEQUENCE']",TRANSACTION_SUSPECT,True,False,False,1440,2880,AML_MONITORING_QUEUE,MEDIUM
5ed99158-c09b-405b-a3d0-ff09858689d0,U-1014,U-1030,6216.72,INR,TRANSFER,NETBANKING,183229.51,177012.79,715290.6,2026-09-27 09:32:29.614271+00:00,Delhi,True,1,D-30001,1051,NORMAL,LOW_RISK_PAYMENT,LOW,2,0.2565,400,42.2684,0.0552,6579.76,93783.28,43783.28,0,0,0,0,1483,0,0,0.0,0.0693,0.0125,0.2661,88.13,76.43,1,0,0,0,0,6.04,0.0585,0,0,0,1,1,0,0,1,3,3,0,0,0,0.1348,0,0.0552,0,0.0699,"['NORMAL', 'LOW_RISK_PAYMENT', 'NORMAL_PATTERN', 'LOW_VALUE_PAYMENT', 'SIM_BOUND', 'ML_ELEVATED_RISK_DUE_TO_AMOUNT', 'ML_ELEVATED_RISK_DUE_TO_RECEIVER_BAL_AFTER', 'ML_ELEVATED_RISK_DUE_TO_SENDER_BAL_BEFORE', 'ML_ELEVATED_RISK_DUE_TO_IS_SIM_BOUND', 'ML_ELEVATED_RISK_DUE_TO_TIME_TO_PAY_MS', 'NEO4J_UNAVAILABLE', 'CLEARED']",2,ALLOW,ALLOW,INFO,CLEARED,0.0,0.0,0.0,0.0,0.0,0.0,0.0,0.0,0.0,ALLOW,INSUFFICIENT_HISTORY,UNKNOWN,UNKNOWN,"['ML elevated risk due to amount', 'ML elevated risk due to receiver_bal_after', 'ML elevated risk due to sender_bal_before', 'ML elevated risk due to is_sim_bound', 'ML elevated risk due to time_to_pay_ms']",TRANSACTION_MONITOR,False,False,False,10080,20160,AML_INFO_QUEUE,LOW
cf8e790e-318f-443d-8b3e-8ea22352c846,U-1004,M-2011,4825.21,INR,BILL,UPI,81379.41,76554.2,659377.27,2026-09-27 09:32:22.470836+00:00,Chennai,True,1,D-30008,721,NORMAL,LOW_RISK_PAYMENT,LOW,2,0.1639,341,41.8508,0.0212,4725.07,95174.79,45174.79,0,0,0,0,290,1,0,0.0,0.0972,0.1527,0.2915,86.46,95.57,1,0,0,0,0,5.93,0.0883,0,0,0,2,1,0,0,1,4,3,0,0,0,0.1379,0,0.0212,0,0.117,"['NORMAL', 'LOW_RISK_PAYMENT', 'NORMAL_PATTERN', 'LOW_VALUE_PAYMENT', 'SIM_BOUND', 'ML_ELEVATED_RISK_DUE_TO_AMOUNT', 'ML_ELEVATED_RISK_DUE_TO_RECEIVER_BAL_AFTER', 'ML_ELEVATED_RISK_DUE_TO_SENDER_BAL_BEFORE', 'ML_ELEVATED_RISK_DUE_TO_IS_SIM_BOUND', 'ML_ELEVATED_RISK_DUE_TO_TIME_TO_PAY_MS', 'SUSPICIOUS_BUT_UNCLEAR', 'NEO4J_UNAVAILABLE', 'MONITORING', 'ELEVATED_ACTIVITY']",2,MONITOR,SOFT_NUDGE,P3,MONITORING,0.5121,0.5121,1.0,1.0,0.8485,0.8485,0.0,0.0,0.0,SUSPICIOUS,SUSPICIOUS_BUT_UNCLEAR,UNKNOWN,UNKNOWN,"['ML elevated risk due to amount', 'ML elevated risk due to receiver_bal_after', 'ML elevated risk due to sender_bal_before', 'ML elevated risk due to is_sim_bound', 'ML elevated risk due to time_to_pay_ms', 'SUSPICIOUS_BUT_UNCLEAR']",TRANSACTION_SUSPECT,True,False,False,1440,2880,AML_MONITORING_QUEUE,MEDIUM
23e02c80-94b5-4bf3-a1aa-737e60012339,U-1024,M-2015,1168.04,INR,P2P,UPI,93172.31,92004.27,740346.87,2026-09-27 09:32:15.915895+00:00,Pune,True,1,D-30013,384,NORMAL,LOW_RISK_PAYMENT,LOW,4,0.2189,928,7.2089,0.0786,1267.65,98831.96,48831.96,0,1,0,0,250,1,0,0.0,0.272,0.0476,0.2869,91.08,80.31,1,0,0,0,0,2.91,0.0655,0,0,0,2,1,0,0,3,4,3,0,0,0,0.0707,0,0.0786,0,0.113,"['NORMAL', 'LOW_RISK_PAYMENT', 'NORMAL_PATTERN', 'LOW_VALUE_PAYMENT', 'SIM_BOUND', 'ML_ELEVATED_RISK_DUE_TO_AMOUNT', 'ML_ELEVATED_RISK_DUE_TO_RECEIVER_BAL_AFTER', 'ML_ELEVATED_RISK_DUE_TO_SENDER_BAL_BEFORE', 'ML_ELEVATED_RISK_DUE_TO_IS_SIM_BOUND', 'ML_ELEVATED_RISK_DUE_TO_TIME_TO_PAY_MS', 'SUSPICIOUS_BUT_UNCLEAR', 'NEO4J_UNAVAILABLE', 'MONITORING', 'ELEVATED_ACTIVITY']",2,MONITOR,SOFT_NUDGE,P3,MONITORING,0.5455,0.5455,1.0,1.0,0.9819,0.9819,0.0,0.0,0.0,SUSPICIOUS,SUSPICIOUS_BUT_UNCLEAR,UNKNOWN,UNKNOWN,"['ML elevated risk due to amount', 'ML elevated risk due to receiver_bal_after', 'ML elevated risk due to sender_bal_before', 'ML elevated risk due to is_sim_bound', 'ML elevated risk due to time_to_pay_ms', 'SUSPICIOUS_BUT_UNCLEAR']",TRANSACTION_SUSPECT,True,False,False,1440,2880,AML_MONITORING_QUEUE,MEDIUM
840c30ec-b939-4963-a6a8-ae4851ae02ce,U-1028,M-2000,10125.43,INR,TRANSFER,UPI,59327.86,49202.43,592785.17,2026-09-27 09:32:13.262927+00:00,Bengaluru,True,1,D-30006,501,NORMAL,LOW_RISK_PAYMENT,LOW,4,0.0612,707,66.65,0.0662,9497.07,89874.57,39874.57,0,0,0,0,1886,0,0,0.0,0.1094,0.1524,0.0945,94.79,77.85,1,0,0,0,0,6.25,0.0202,0,0,0,2,1,0,0,3,2,3,0,0,0,0.0629,0,0.0662,0,0.1149,"['NORMAL', 'LOW_RISK_PAYMENT', 'NORMAL_PATTERN', 'LOW_VALUE_PAYMENT', 'SIM_BOUND', 'ML_ELEVATED_RISK_DUE_TO_AMOUNT', 'ML_ELEVATED_RISK_DUE_TO_RECEIVER_BAL_AFTER', 'ML_ELEVATED_RISK_DUE_TO_SENDER_BAL_BEFORE', 'ML_ELEVATED_RISK_DUE_TO_IS_SIM_BOUND', 'ML_ELEVATED_RISK_DUE_TO_TIME_TO_PAY_MS', 'NEO4J_UNAVAILABLE', 'CLEARED']",2,ALLOW,ALLOW,INFO,CLEARED,0.3,0.3,1.0,1.0,0.0,0.0,0.0,0.0,0.0,SUSPICIOUS,INSUFFICIENT_HISTORY,UNKNOWN,UNKNOWN,"['ML elevated risk due to amount', 'ML elevated risk due to receiver_bal_after', 'ML elevated risk due to sender_bal_before', 'ML elevated risk due to is_sim_bound', 'ML elevated risk due to time_to_pay_ms']",TRANSACTION_MONITOR,False,False,False,10080,20160,AML_INFO_QUEUE,LOW
7a9a0dc7-55fd-4c8b-a287-2ecbf37487ec,U-1008,M-2018,1105.78,INR,P2P,CARD,59617.08,58511.3,609061.38,2026-09-27 09:32:05.912628+00:00,Bengaluru,True,1,D-30017,586,NORMAL,LOW_RISK_PAYMENT,LOW,4,0.1093,1021,8.4128,0.1134,993.14,98894.22,48894.22,0,0,0,0,911,0,0,0.0,0.0946,0.2479,0.1697,83.43,88.74,1,0,0,0,0,6.79,0.0516,0,0,0,1,1,0,0,3,3,2,0,0,0,0.0419,0,0.1134,0,0.0835,"['NORMAL', 'LOW_RISK_PAYMENT', 'NORMAL_PATTERN', 'LOW_VALUE_PAYMENT', 'SIM_BOUND', 'ML_ELEVATED_RISK_DUE_TO_AMOUNT', 'ML_ELEVATED_RISK_DUE_TO_RECEIVER_BAL_AFTER', 'ML_ELEVATED_RISK_DUE_TO_SENDER_BAL_BEFORE', 'ML_ELEVATED_RISK_DUE_TO_IS_SIM_BOUND', 'ML_ELEVATED_RISK_DUE_TO_TIME_TO_PAY_MS', 'SUSPICIOUS_BUT_UNCLEAR', 'NEO4J_UNAVAILABLE', 'MONITORING', 'ELEVATED_ACTIVITY']",2,MONITOR,SOFT_NUDGE,P3,MONITORING,0.5317,0.5317,1.0,1.0,0.9267,0.9267,0.0,0.0,0.0,SUSPICIOUS,SUSPICIOUS_BUT_UNCLEAR,UNKNOWN,UNKNOWN,"['ML elevated risk due to amount', 'ML elevated risk due to receiver_bal_after', 'ML elevated risk due to sender_bal_before', 'ML elevated risk due to is_sim_bound', 'ML elevated risk due to time_to_pay_ms', 'SUSPICIOUS_BUT_UNCLEAR']",TRANSACTION_SUSPECT,True,False,False,1440,2880,AML_MONITORING_QUEUE,MEDIUM
3283e7a6-388f-476a-9476-ff75ebdef697,U-1017,M-2004,14827.05,INR,BILL,NETBANKING,201125.85,186298.8,207253.8,2026-09-27 09:32:02.858281+00:00,Mumbai,True,1,D-30007,1247,NORMAL,LOW_RISK_PAYMENT,LOW,4,0.221,438,126.722,0.0522,14091.59,85172.95,35172.95,0,0,0,0,1965,0,0,0.0,0.2213,0.0061,0.0929,79.13,79.8,1,0,0,0,0,6.5,0.1202,0,0,0,2,1,0,0,3,2,0,0,0,0,0.085,0,0.0522,0,0.1063,"['NORMAL', 'LOW_RISK_PAYMENT', 'NORMAL_PATTERN', 'LOW_VALUE_PAYMENT', 'SIM_BOUND', 'ML_ELEVATED_RISK_DUE_TO_AMOUNT', 'ML_ELEVATED_RISK_DUE_TO_RECEIVER_BAL_AFTER', 'ML_ELEVATED_RISK_DUE_TO_SENDER_BAL_BEFORE', 'ML_ELEVATED_RISK_DUE_TO_IS_SIM_BOUND', 'ML_ELEVATED_RISK_DUE_TO_TIME_TO_PAY_MS', 'SUSPICIOUS_BUT_UNCLEAR', 'NEO4J_UNAVAILABLE', 'CLEARED']",2,ALLOW,ALLOW,INFO,CLEARED,0.4784,0.4784,1.0,1.0,0.7137,0.7137,0.0,0.0,0.0,SUSPICIOUS,SUSPICIOUS_BUT_UNCLEAR,UNKNOWN,UNKNOWN,"['ML elevated risk due to amount', 'ML elevated risk due to receiver_bal_after', 'ML elevated risk due to sender_bal_before', 'ML elevated risk due to is_sim_bound', 'ML elevated risk due to time_to_pay_ms', 'SUSPICIOUS_BUT_UNCLEAR']",TRANSACTION_MONITOR,False,False,False,10080,20160,AML_INFO_QUEUE,LOW
6022fb5b-a9e8-4c8a-994f-3fc0b1bd8387,U-1013,M-2005,3833.92,INR,BILL,UPI,41526.11,37692.19,82212.15,2026-09-27 09:31:55.689985+00:00,Delhi,True,1,D-30002,1359,NORMAL,LOW_RISK_PAYMENT,LOW,4,0.2717,319,28.3589,0.0826,3541.41,96166.08,46166.08,0,0,0,0,1144,0,0,0.0,0.206,0.1714,0.1954,81.09,76.19,1,0,0,0,0,3.98,0.0698,0,0,0,2,1,0,0,3,2,3,0,0,0,0.1322,0,0.0826,0,0.1178,"['NORMAL', 'LOW_RISK_PAYMENT', 'NORMAL_PATTERN', 'LOW_VALUE_PAYMENT', 'SIM_BOUND', 'ML_ELEVATED_RISK_DUE_TO_AMOUNT', 'ML_ELEVATED_RISK_DUE_TO_RECEIVER_BAL_AFTER', 'ML_ELEVATED_RISK_DUE_TO_SENDER_BAL_BEFORE', 'ML_ELEVATED_RISK_DUE_TO_IS_SIM_BOUND', 'ML_ELEVATED_RISK_DUE_TO_TIME_TO_PAY_MS', 'SUSPICIOUS_BUT_UNCLEAR', 'NEO4J_UNAVAILABLE', 'MONITORING', 'ELEVATED_ACTIVITY']",2,MONITOR,SOFT_NUDGE,P3,MONITORING,0.5365,0.5365,1.0,1.0,0.946,0.946,0.0,0.0,0.0,SUSPICIOUS,SUSPICIOUS_BUT_UNCLEAR,UNKNOWN,UNKNOWN,"['ML elevated risk due to amount', 'ML elevated risk due to receiver_bal_after', 'ML elevated risk due to sender_bal_before', 'ML elevated risk due to is_sim_bound', 'ML elevated risk due to time_to_pay_ms', 'SUSPICIOUS_BUT_UNCLEAR']",TRANSACTION_SUSPECT,True,False,False,1440,2880,AML_MONITORING_QUEUE,MEDIUM
58664c3d-62d7-4054-9bbf-6e1be3658366,U-1042,M-2021,29908.92,INR,PAYMENT,CARD,218869.22,188960.3,784580.17,2026-09-27 09:31:47.739026+00:00,Bengaluru,True,1,D-30022,1091,P3_MONITOR,MILD_VELOCITY,P3,8,0.3592,175,690.6722,0.0227,30603.39,70091.08,20091.08,0,0,0,0,469,1,2,0.4567,0.6308,0.4539,0.4567,72.87,72.21,1,0,1,0,0,2.0,0.1927,1,1,2,3,1,0,0,4,3,1,1,0,0,0.2281,0,0.0227,0,0.4517,"['P3_MONITOR', 'MILD_VELOCITY', 'WATCHLIST_PROXIMITY', 'DEVICE_REUSE', 'ML_ELEVATED_RISK_DUE_TO_AMOUNT', 'ML_ELEVATED_RISK_DUE_TO_RECEIVER_BAL_AFTER', 'ML_ELEVATED_RISK_DUE_TO_SENDER_BAL_BEFORE', 'ML_ELEVATED_RISK_DUE_TO_IS_SIM_BOUND', 'ML_ELEVATED_RISK_DUE_TO_TIME_TO_PAY_MS', 'NEO4J_UNAVAILABLE', 'REALTIME_SCENARIO_GRAPH_FALLBACK', 'MONITORING', 'ELEVATED_ACTIVITY']",2,MONITOR,SOFT_NUDGE,P3,MONITORING,0.5154,0.5154,1.0,1.0,0.4964,0.4964,0.4567,0.4567,0.0,SUSPICIOUS,NONE,MEDIUM,UNKNOWN,"['ML elevated risk due to amount', 'ML elevated risk due to receiver_bal_after', 'ML elevated risk due to sender_bal_before', 'ML elevated risk due to is_sim_bound', 'ML elevated risk due to time_to_pay_ms', 'Connected to mule cluster']",TRANSACTION_SUSPECT,True,False,False,1440,2880,AML_MONITORING_QUEUE,MEDIUM
c1fb49f4-8f46-448b-8e23-e279acb22c62,U-1015,M-2003,7491.45,INR,PAYMENT,CARD,214250.58,206759.13,589303.03,2026-09-27 09:31:40.893139+00:00,Chennai,True,1,D-30023,1399,NORMAL,LOW_RISK_PAYMENT,LOW,6,0.226,967,37.5704,0.0629,7048.26,92508.55,42508.55,0,0,0,0,309,0,0,0.0,0.1947,0.224,0.1178,85.88,95.5,1,0,0,0,0,6.63,0.1365,0,0,0,1,1,0,0,3,4,1,0,0,0,0.1285,0,0.0629,0,0.1437,"['NORMAL', 'LOW_RISK_PAYMENT', 'NORMAL_PATTERN', 'LOW_VALUE_PAYMENT', 'SIM_BOUND', 'ML_ELEVATED_RISK_DUE_TO_AMOUNT', 'ML_ELEVATED_RISK_DUE_TO_RECEIVER_BAL_AFTER', 'ML_ELEVATED_RISK_DUE_TO_SENDER_BAL_BEFORE', 'ML_ELEVATED_RISK_DUE_TO_IS_SIM_BOUND', 'ML_ELEVATED_RISK_DUE_TO_TIME_TO_PAY_MS', 'SUSPICIOUS_BUT_UNCLEAR', 'NEO4J_UNAVAILABLE', 'MONITORING', 'ELEVATED_ACTIVITY']",2,MONITOR,SOFT_NUDGE,P3,MONITORING,0.5349,0.5349,1.0,1.0,0.9395,0.9395,0.0,0.0,0.0,SUSPICIOUS,SUSPICIOUS_BUT_UNCLEAR,UNKNOWN,UNKNOWN,"['ML elevated risk due to amount', 'ML elevated risk due to receiver_bal_after', 'ML elevated risk due to sender_bal_before', 'ML elevated risk due to is_sim_bound', 'ML elevated risk due to time_to_pay_ms', 'SUSPICIOUS_BUT_UNCLEAR']",TRANSACTION_SUSPECT,True,False,False,1440,2880,AML_MONITORING_QUEUE,MEDIUM
7d122e1c-24c4-4472-bb73-9f585897ec83,U-1010,U-1036,319.9,INR,BILL,UPI,86533.29,86213.39,85683.98,2026-09-27 09:31:34.165500+00:00,Mumbai,True,1,D-30008,1181,NORMAL,LOW_RISK_PAYMENT,LOW,4,0.0791,550,1.4556,0.054,303.51,99680.1,49680.1,0,0,0,0,696,0,0,0.0,0.2391,0.0922,0.2363,94.34,78.52,1,0,0,0,0,6.82,0.1017,0,0,0,1,1,0,0,3,1,1,0,0,0,0.077,0,0.054,0,0.0545,"['NORMAL', 'LOW_RISK_PAYMENT', 'NORMAL_PATTERN', 'LOW_VALUE_PAYMENT', 'SIM_BOUND', 'ML_ELEVATED_RISK_DUE_TO_AMOUNT', 'ML_ELEVATED_RISK_DUE_TO_RECEIVER_BAL_AFTER', 'ML_ELEVATED_RISK_DUE_TO_SENDER_BAL_BEFORE', 'ML_ELEVATED_RISK_DUE_TO_IS_SIM_BOUND', 'ML_ELEVATED_RISK_DUE_TO_TIME_TO_PAY_MS', 'SUSPICIOUS_BUT_UNCLEAR', 'NEO4J_UNAVAILABLE', 'MONITORING', 'ELEVATED_ACTIVITY']",2,MONITOR,SOFT_NUDGE,P3,MONITORING,0.5212,0.5212,1.0,1.0,0.8846,0.8846,0.0,0.0,0.0,SUSPICIOUS,SUSPICIOUS_BUT_UNCLEAR,UNKNOWN,UNKNOWN,"['ML elevated risk due to amount', 'ML elevated risk due to receiver_bal_after', 'ML elevated risk due to sender_bal_before', 'ML elevated risk due to is_sim_bound', 'ML elevated risk due to time_to_pay_ms', 'SUSPICIOUS_BUT_UNCLEAR']",TRANSACTION_SUSPECT,True,False,False,1440,2880,AML_MONITORING_QUEUE,MEDIUM
1084070c-55f6-4952-b002-f71ce16841d0,U-1057,M-2039,49262.15,INR,STRUCTURING,UPI,174827.25,125565.1,555346.24,2026-09-27 09:31:26.792742+00:00,Mumbai,True,1,D-30079,375,P2_REVIEW,STRUCTURING,P2,10,0.6042,13,1994.4604,0.0033,49427.34,50737.85,737.85,0,1,0,1,76,6,4,0.8311,0.7432,0.7112,0.8311,62.74,41.46,0,1,1,1,1,1.2,0.5176,4,4,6,5,2,1,1,14,2,0,1,1,1,0.821,1,0.821,1,0.8595,"['P2_REVIEW', 'STRUCTURING', 'NEAR_THRESHOLD', 'HIGH_VALUE_TRANSFER', 'ML_ELEVATED_RISK_DUE_TO_AMOUNT', 'ML_ELEVATED_RISK_DUE_TO_RECEIVER_BAL_AFTER', 'ML_ELEVATED_RISK_DUE_TO_SENDER_BAL_BEFORE', 'ML_ELEVATED_RISK_DUE_TO_IS_SIM_BOUND', 'ML_ELEVATED_RISK_DUE_TO_TIME_TO_PAY_MS', 'REALTIME_SCENARIO_BEHAVIOR_FALLBACK', 'LAUNDERING_FLOW', 'NEO4J_UNAVAILABLE', 'REALTIME_SCENARIO_GRAPH_FALLBACK', 'MONITORING', 'ELEVATED_ACTIVITY']",1,MONITOR,SOFT_NUDGE,P3,MONITORING,0.567,0.567,0.7432,0.7432,0.7112,0.7112,0.8311,0.8311,0.0,ALLOW,LAUNDERING_FLOW,HIGH,UNKNOWN,"['ML elevated risk due to amount', 'ML elevated risk due to receiver_bal_after', 'ML elevated risk due to sender_bal_before', 'ML elevated risk due to is_sim_bound', 'ML elevated risk due to time_to_pay_ms', 'Realtime scenario behavior fallback', 'LAUNDERING_FLOW', 'Connected to mule cluster']",TRANSACTION_SUSPECT,True,False,False,1440,2880,AML_MONITORING_QUEUE,MEDIUM
b38bd328-f4e1-4498-910a-259695f582b8,U-1013,M-2001,9771.5,INR,BILL,UPI,56850.03,47078.53,212583.88,2026-09-27 09:31:18.749765+00:00,Hyderabad,True,1,D-30012,1153,NORMAL,LOW_RISK_PAYMENT,LOW,2,0.0885,1192,43.9669,0.012,9889.91,90228.5,40228.5,0,0,0,0,1820,0,1,0.0,0.232,0.2368,0.0999,85.59,90.38,1,0,0,0,0,2.62,0.0772,0,0,0,1,1,0,0,1,1,3,0,0,0,0.0523,0,0.012,0,0.1202,"['NORMAL', 'LOW_RISK_PAYMENT', 'NORMAL_PATTERN', 'LOW_VALUE_PAYMENT', 'SIM_BOUND', 'ML_ELEVATED_RISK_DUE_TO_AMOUNT', 'ML_ELEVATED_RISK_DUE_TO_RECEIVER_BAL_AFTER', 'ML_ELEVATED_RISK_DUE_TO_SENDER_BAL_BEFORE', 'ML_ELEVATED_RISK_DUE_TO_IS_SIM_BOUND', 'ML_ELEVATED_RISK_DUE_TO_TIME_TO_PAY_MS', 'SUSPICIOUS_BUT_UNCLEAR', 'NEO4J_UNAVAILABLE', 'MONITORING', 'ELEVATED_ACTIVITY']",2,MONITOR,SOFT_NUDGE,P3,MONITORING,0.5244,0.5244,1.0,1.0,0.8977,0.8977,0.0,0.0,0.0,SUSPICIOUS,SUSPICIOUS_BUT_UNCLEAR,UNKNOWN,UNKNOWN,"['ML elevated risk due to amount', 'ML elevated risk due to receiver_bal_after', 'ML elevated risk due to sender_bal_before', 'ML elevated risk due to is_sim_bound', 'ML elevated risk due to time_to_pay_ms', 'SUSPICIOUS_BUT_UNCLEAR']",TRANSACTION_SUSPECT,True,False,False,1440,2880,AML_MONITORING_QUEUE,MEDIUM
6d5f3f96-da8a-44fc-bd8e-10de8827263a,U-1064,U-1076,84131.23,INR,GATHER_SCATTER,IMPS,531538.12,447406.89,520364.1,2026-09-27 09:31:10.998659+00:00,Pune,False,0,D-30073,77,P2_REVIEW,GATHER_SCATTER,P2,16,0.7709,19,4892.6886,0.0945,92907.59,15868.77,34131.23,0,1,0,0,96,4,6,0.8651,0.7428,0.7154,0.8651,34.6,48.46,0,1,1,1,1,1.54,0.6546,2,2,3,3,2,1,1,12,3,0,1,1,1,0.7904,0,0.0945,1,0.7508,"['P2_REVIEW', 'GATHER_SCATTER', 'RAPID_DRAIN', 'MULE_CLUSTER', 'SIM_NOT_BOUND', 'ML_ELEVATED_RISK_DUE_TO_AMOUNT', 'ML_ELEVATED_RISK_DUE_TO_RECEIVER_BAL_AFTER', 'ML_ELEVATED_RISK_DUE_TO_SENDER_BAL_BEFORE', 'ML_ELEVATED_RISK_DUE_TO_IS_SIM_BOUND', 'ML_ELEVATED_RISK_DUE_TO_TIME_TO_PAY_MS', 'LAUNDERING_FLOW', 'HIGH_VALUE_TRANSFER', 'NEO4J_UNAVAILABLE', 'REALTIME_SCENARIO_GRAPH_FALLBACK', 'MONITORING', 'ELEVATED_ACTIVITY']",1,MONITOR,SOFT_NUDGE,P3,MONITORING,0.6519,0.6519,1.0,1.0,0.7154,0.7154,0.8651,0.8651,0.0,SUSPICIOUS,LAUNDERING_FLOW,HIGH,UNKNOWN,"['ML elevated risk due to amount', 'ML elevated risk due to receiver_bal_after', 'ML elevated risk due to sender_bal_before', 'ML elevated risk due to is_sim_bound', 'ML elevated risk due to time_to_pay_ms', 'LAUNDERING_FLOW', 'Connected to mule cluster']",TRANSACTION_SUSPECT,True,False,False,1440,2880,AML_MONITORING_QUEUE,MEDIUM
1c08a37b-9e3f-4752-b406-de0932b81b02,U-1055,U-1076,73001.75,INR,GATHER_SCATTER,UPI,413746.52,340744.77,305946.69,2026-09-27 09:31:07.154605+00:00,Chennai,False,0,D-30060,20,P2_REVIEW,GATHER_SCATTER,P2,9,0.6042,32,5812.1737,0.0624,77861.32,26998.25,23001.75,0,1,0,0,152,7,2,0.872,0.8388,0.7899,0.872,59.52,53.95,0,1,1,0,1,2.41,0.6352,5,5,3,8,2,1,1,15,6,0,1,1,1,0.6451,0,0.0624,1,0.8766,"['P2_REVIEW', 'GATHER_SCATTER', 'RAPID_DRAIN', 'MULE_CLUSTER', 'SIM_NOT_BOUND', 'ML_ELEVATED_RISK_DUE_TO_AMOUNT', 'ML_ELEVATED_RISK_DUE_TO_RECEIVER_BAL_AFTER', 'ML_ELEVATED_RISK_DUE_TO_SENDER_BAL_BEFORE', 'ML_ELEVATED_RISK_DUE_TO_IS_SIM_BOUND', 'ML_ELEVATED_RISK_DUE_TO_TIME_TO_PAY_MS', 'LAUNDERING_FLOW', 'HIGH_VALUE_TRANSFER', 'NEO4J_UNAVAILABLE', 'REALTIME_SCENARIO_GRAPH_FALLBACK', 'MONITORING', 'ELEVATED_ACTIVITY']",1,MONITOR,SOFT_NUDGE,P3,MONITORING,0.6719,0.6719,1.0,1.0,0.7899,0.7899,0.872,0.872,0.0,SUSPICIOUS,LAUNDERING_FLOW,HIGH,UNKNOWN,"['ML elevated risk due to amount', 'ML elevated risk due to receiver_bal_after', 'ML elevated risk due to sender_bal_before', 'ML elevated risk due to is_sim_bound', 'ML elevated risk due to time_to_pay_ms', 'LAUNDERING_FLOW', 'Connected to mule cluster']",TRANSACTION_SUSPECT,True,False,False,1440,2880,AML_MONITORING_QUEUE,MEDIUM
37c7e05a-bf2c-4ecc-abdf-924843bf86f8,U-1049,M-2024,15427.04,INR,PAYMENT,CARD,107094.58,91667.54,531709.92,2026-09-27 09:31:00.182747+00:00,Hyderabad,True,1,D-30025,325,P3_MONITOR,MILD_VELOCITY,P3,7,0.4369,225,198.951,0.0849,14220.27,84572.96,34572.96,0,0,0,0,90,1,2,0.4498,0.4908,0.4086,0.4498,71.4,54.11,0,1,0,0,0,4.35,0.2543,0,0,0,2,2,0,0,4,5,0,0,0,0,0.3814,0,0.0849,1,0.367,"['P3_MONITOR', 'MILD_VELOCITY', 'WATCHLIST_PROXIMITY', 'DEVICE_REUSE', 'ML_ELEVATED_RISK_DUE_TO_AMOUNT', 'ML_ELEVATED_RISK_DUE_TO_RECEIVER_BAL_AFTER', 'ML_ELEVATED_RISK_DUE_TO_SENDER_BAL_BEFORE', 'ML_ELEVATED_RISK_DUE_TO_IS_SIM_BOUND', 'ML_ELEVATED_RISK_DUE_TO_TIME_TO_PAY_MS', 'SUSPICIOUS_BUT_UNCLEAR', 'NEO4J_UNAVAILABLE', 'REALTIME_SCENARIO_GRAPH_FALLBACK', 'MONITORING', 'ELEVATED_ACTIVITY']",2,MONITOR,SOFT_NUDGE,P3,MONITORING,0.5193,0.5193,1.0,1.0,0.5172,0.5172,0.4498,0.4498,0.0,SUSPICIOUS,SUSPICIOUS_BUT_UNCLEAR,MEDIUM,UNKNOWN,"['ML elevated risk due to amount', 'ML elevated risk due to receiver_bal_after', 'ML elevated risk due to sender_bal_before', 'ML elevated risk due to is_sim_bound', 'ML elevated risk due to time_to_pay_ms', 'SUSPICIOUS_BUT_UNCLEAR']",TRANSACTION_SUSPECT,True,False,False,1440,2880,AML_MONITORING_QUEUE,MEDIUM
90220cc8-d5aa-4a02-97c9-372c9d96617c,U-1046,M-2023,29230.54,INR,TRANSFER,IMPS,214788.23,185557.69,702941.32,2026-09-27 09:30:57.213074+00:00,Delhi,True,1,D-30021,865,P3_MONITOR,MILD_VELOCITY,P3,7,0.4297,204,1011.4019,0.0717,31489.76,70769.46,20769.46,0,0,0,0,1250,2,2,0.3504,0.4912,0.434,0.3504,71.77,76.52,0,0,0,0,1,2.13,0.2604,0,0,1,2,2,0,0,4,5,1,1,0,0,0.2543,0,0.0717,0,0.3954,"['P3_MONITOR', 'MILD_VELOCITY', 'WATCHLIST_PROXIMITY', 'DEVICE_REUSE', 'ML_ELEVATED_RISK_DUE_TO_AMOUNT', 'ML_ELEVATED_RISK_DUE_TO_RECEIVER_BAL_AFTER', 'ML_ELEVATED_RISK_DUE_TO_SENDER_BAL_BEFORE', 'ML_ELEVATED_RISK_DUE_TO_IS_SIM_BOUND', 'ML_ELEVATED_RISK_DUE_TO_TIME_TO_PAY_MS', 'SUSPICIOUS_BUT_UNCLEAR', 'NEO4J_UNAVAILABLE', 'REALTIME_SCENARIO_GRAPH_FALLBACK', 'CLEARED']",2,ALLOW,ALLOW,INFO,CLEARED,0.4952,0.4952,1.0,1.0,0.5005,0.5005,0.3504,0.3504,0.0,SUSPICIOUS,SUSPICIOUS_BUT_UNCLEAR,MEDIUM,UNKNOWN,"['ML elevated risk due to amount', 'ML elevated risk due to receiver_bal_after', 'ML elevated risk due to sender_bal_before', 'ML elevated risk due to is_sim_bound', 'ML elevated risk due to time_to_pay_ms', 'SUSPICIOUS_BUT_UNCLEAR']",TRANSACTION_MONITOR,False,False,False,10080,20160,AML_INFO_QUEUE,LOW
80be7471-6432-4699-b642-8bbd692a3601,U-1007,M-2019,11800.31,INR,TRANSFER,NETBANKING,70825.89,59025.58,726357.23,2026-09-27 09:30:50.561408+00:00,Pune,True,1,D-30016,1064,NORMAL,LOW_RISK_PAYMENT,LOW,4,0.2113,1026,67.832,0.0058,11732.79,88199.69,38199.69,0,0,0,0,1875,0,0,0.0,0.1427,0.1609,0.2828,83.19,92.52,1,0,0,0,0,2.13,0.094,0,0,0,2,1,0,0,3,4,1,0,0,0,0.1277,0,0.0058,0,0.1359,"['NORMAL', 'LOW_RISK_PAYMENT', 'NORMAL_PATTERN', 'LOW_VALUE_PAYMENT', 'SIM_BOUND', 'ML_ELEVATED_RISK_DUE_TO_AMOUNT', 'ML_ELEVATED_RISK_DUE_TO_RECEIVER_BAL_AFTER', 'ML_ELEVATED_RISK_DUE_TO_SENDER_BAL_BEFORE', 'ML_ELEVATED_RISK_DUE_TO_IS_SIM_BOUND', 'ML_ELEVATED_RISK_DUE_TO_TIME_TO_PAY_MS', 'SUSPICIOUS_BUT_UNCLEAR', 'NEO4J_UNAVAILABLE', 'MONITORING', 'ELEVATED_ACTIVITY']",2,MONITOR,SOFT_NUDGE,P3,MONITORING,0.533,0.533,1.0,1.0,0.9319,0.9319,0.0,0.0,0.0,SUSPICIOUS,SUSPICIOUS_BUT_UNCLEAR,UNKNOWN,UNKNOWN,"['ML elevated risk due to amount', 'ML elevated risk due to receiver_bal_after', 'ML elevated risk due to sender_bal_before', 'ML elevated risk due to is_sim_bound', 'ML elevated risk due to time_to_pay_ms', 'SUSPICIOUS_BUT_UNCLEAR']",TRANSACTION_SUSPECT,True,False,False,1440,2880,AML_MONITORING_QUEUE,MEDIUM
5bdf47ab-8919-41fa-a64b-ba6f1bd9fe4b,U-1015,M-2000,8793.45,INR,TRANSFER,NETBANKING,143223.29,134429.84,510918.77,2026-09-27 09:30:41.540720+00:00,Delhi,True,1,D-30018,1285,NORMAL,LOW_RISK_PAYMENT,LOW,4,0.1703,509,53.8536,0.0722,9478.16,91206.55,41206.55,0,0,0,0,551,1,0,0.0,0.1718,0.0754,0.3307,81.32,81.56,1,0,0,0,0,6.78,0.1168,0,0,0,1,1,0,0,3,2,1,0,0,0,0.0616,0,0.0722,0,0.137,"['NORMAL', 'LOW_RISK_PAYMENT', 'NORMAL_PATTERN', 'LOW_VALUE_PAYMENT', 'SIM_BOUND', 'ML_ELEVATED_RISK_DUE_TO_AMOUNT', 'ML_ELEVATED_RISK_DUE_TO_RECEIVER_BAL_AFTER', 'ML_ELEVATED_RISK_DUE_TO_SENDER_BAL_BEFORE', 'ML_ELEVATED_RISK_DUE_TO_IS_SIM_BOUND', 'ML_ELEVATED_RISK_DUE_TO_TIME_TO_PAY_MS', 'SUSPICIOUS_BUT_UNCLEAR', 'NEO4J_UNAVAILABLE', 'MONITORING', 'ELEVATED_ACTIVITY']",2,MONITOR,SOFT_NUDGE,P3,MONITORING,0.5336,0.5336,1.0,1.0,0.9344,0.9344,0.0,0.0,0.0,SUSPICIOUS,SUSPICIOUS_BUT_UNCLEAR,UNKNOWN,UNKNOWN,"['ML elevated risk due to amount', 'ML elevated risk due to receiver_bal_after', 'ML elevated risk due to sender_bal_before', 'ML elevated risk due to is_sim_bound', 'ML elevated risk due to time_to_pay_ms', 'SUSPICIOUS_BUT_UNCLEAR']",TRANSACTION_SUSPECT,True,False,False,1440,2880,AML_MONITORING_QUEUE,MEDIUM
76972b99-3144-4e90-9396-ccd46442c6e4,U-1015,U-1032,10528.71,INR,PAYMENT,NETBANKING,187952.52,177423.81,726883.34,2026-09-27 09:30:38.618556+00:00,Mumbai,True,1,D-30017,925,NORMAL,LOW_RISK_PAYMENT,LOW,2,0.2683,498,52.8152,0.0619,9914.83,89471.29,39471.29,0,0,0,0,2045,0,1,0.0,0.2272,0.0148,0.1387,82.16,83.68,1,0,0,0,0,6.83,0.1201,0,0,0,2,1,0,0,1,3,2,0,0,0,0.1159,0,0.0619,0,0.1215,"['NORMAL', 'LOW_RISK_PAYMENT', 'NORMAL_PATTERN', 'LOW_VALUE_PAYMENT', 'SIM_BOUND', 'ML_ELEVATED_RISK_DUE_TO_AMOUNT', 'ML_ELEVATED_RISK_DUE_TO_RECEIVER_BAL_AFTER', 'ML_ELEVATED_RISK_DUE_TO_SENDER_BAL_BEFORE', 'ML_ELEVATED_RISK_DUE_TO_IS_SIM_BOUND', 'ML_ELEVATED_RISK_DUE_TO_TIME_TO_PAY_MS', 'SUSPICIOUS_BUT_UNCLEAR', 'NEO4J_UNAVAILABLE', 'CLEARED']",2,ALLOW,ALLOW,INFO,CLEARED,0.2275,0.2275,0.0,0.0,0.91,0.91,0.0,0.0,0.0,ALLOW,SUSPICIOUS_BUT_UNCLEAR,UNKNOWN,UNKNOWN,"['ML elevated risk due to amount', 'ML elevated risk due to receiver_bal_after', 'ML elevated risk due to sender_bal_before', 'ML elevated risk due to is_sim_bound', 'ML elevated risk due to time_to_pay_ms', 'SUSPICIOUS_BUT_UNCLEAR']",TRANSACTION_MONITOR,False,False,False,10080,20160,AML_INFO_QUEUE,LOW
768c722b-bcb7-4745-9793-6d9b748d38c1,U-1012,U-1031,12945.28,INR,P2P,CARD,57840.66,44895.38,214766.21,2026-09-27 09:30:35.851826+00:00,Kolkata,True,1,D-30016,1785,NORMAL,LOW_RISK_PAYMENT,LOW,3,0.295,928,77.6722,0.0313,12552.93,87054.72,37054.72,0,0,0,0,2242,1,0,0.0,0.0543,0.1782,0.1344,92.41,91.83,1,0,0,0,0,4.29,0.0959,0,0,0,1,1,0,0,1,3,1,0,0,0,0.117,0,0.0313,0,0.0809,"['NORMAL', 'LOW_RISK_PAYMENT', 'NORMAL_PATTERN', 'LOW_VALUE_PAYMENT', 'SIM_BOUND', 'ML_ELEVATED_RISK_DUE_TO_AMOUNT', 'ML_ELEVATED_RISK_DUE_TO_RECEIVER_BAL_AFTER', 'ML_ELEVATED_RISK_DUE_TO_SENDER_BAL_BEFORE', 'ML_ELEVATED_RISK_DUE_TO_IS_SIM_BOUND', 'ML_ELEVATED_RISK_DUE_TO_TIME_TO_PAY_MS', 'SUSPICIOUS_BUT_UNCLEAR', 'NEO4J_UNAVAILABLE', 'CLEARED']",2,ALLOW,ALLOW,INFO,CLEARED,0.4988,0.4988,1.0,1.0,0.7952,0.7952,0.0,0.0,0.0,SUSPICIOUS,SUSPICIOUS_BUT_UNCLEAR,UNKNOWN,UNKNOWN,"['ML elevated risk due to amount', 'ML elevated risk due to receiver_bal_after', 'ML elevated risk due to sender_bal_before', 'ML elevated risk due to is_sim_bound', 'ML elevated risk due to time_to_pay_ms', 'SUSPICIOUS_BUT_UNCLEAR']",TRANSACTION_MONITOR,False,False,False,10080,20160,AML_INFO_QUEUE,LOW
5f2e8bf1-aacb-4285-b57d-598242ab86e7,U-1010,M-2009,11842.05,INR,TRANSFER,NETBANKING,180627.63,168785.58,471192.9,2026-09-27 09:30:33.077883+00:00,Bengaluru,True,1,D-30015,1256,NORMAL,LOW_RISK_PAYMENT,LOW,2,0.0739,1394,73.3246,0.1062,13249.54,88157.95,38157.95,0,0,0,0,1009,0,1,0.0,0.3299,0.0639,0.273,91.34,76.15,1,0,0,0,0,3.48,0.1156,0,0,0,1,1,0,0,1,2,3,0,0,0,0.1543,0,0.1062,0,0.067,"['NORMAL', 'LOW_RISK_PAYMENT', 'NORMAL_PATTERN', 'LOW_VALUE_PAYMENT', 'SIM_BOUND', 'ML_ELEVATED_RISK_DUE_TO_AMOUNT', 'ML_ELEVATED_RISK_DUE_TO_RECEIVER_BAL_AFTER', 'ML_ELEVATED_RISK_DUE_TO_SENDER_BAL_BEFORE', 'ML_ELEVATED_RISK_DUE_TO_IS_SIM_BOUND', 'ML_ELEVATED_RISK_DUE_TO_TIME_TO_PAY_MS', 'SUSPICIOUS_BUT_UNCLEAR', 'NEO4J_UNAVAILABLE', 'CLEARED']",2,ALLOW,ALLOW,INFO,CLEARED,0.1987,0.1987,0.0,0.0,0.7947,0.7947,0.0,0.0,0.0,ALLOW,SUSPICIOUS_BUT_UNCLEAR,UNKNOWN,UNKNOWN,"['ML elevated risk due to amount', 'ML elevated risk due to receiver_bal_after', 'ML elevated risk due to sender_bal_before', 'ML elevated risk due to is_sim_bound', 'ML elevated risk due to time_to_pay_ms', 'SUSPICIOUS_BUT_UNCLEAR']",TRANSACTION_MONITOR,False,False,False,10080,20160,AML_INFO_QUEUE,LOW
b38c1aec-5b29-4a7a-a8d8-cad6d1eca5e9,U-1016,U-1036,10973.54,INR,PAYMENT,UPI,243996.95,233023.41,238343.22,2026-09-27 09:30:30.477448+00:00,Mumbai,True,1,D-30014,1524,NORMAL,LOW_RISK_PAYMENT,LOW,3,0.1996,886,115.9308,0.0619,11697.99,89026.46,39026.46,0,0,0,0,765,0,0,0.0,0.2349,0.0059,0.0706,97.3,88.11,1,0,0,0,0,4.56,0.1128,0,0,0,2,1,0,0,1,1,2,0,0,0,0.1517,0,0.0619,0,0.0557,"['NORMAL', 'LOW_RISK_PAYMENT', 'NORMAL_PATTERN', 'LOW_VALUE_PAYMENT', 'SIM_BOUND', 'ML_ELEVATED_RISK_DUE_TO_AMOUNT', 'ML_ELEVATED_RISK_DUE_TO_RECEIVER_BAL_AFTER', 'ML_ELEVATED_RISK_DUE_TO_SENDER_BAL_BEFORE', 'ML_ELEVATED_RISK_DUE_TO_IS_SIM_BOUND', 'ML_ELEVATED_RISK_DUE_TO_TIME_TO_PAY_MS', 'NEO4J_UNAVAILABLE', 'CLEARED']",2,ALLOW,ALLOW,INFO,CLEARED,0.3,0.3,1.0,1.0,0.0,0.0,0.0,0.0,0.0,SUSPICIOUS,INSUFFICIENT_HISTORY,UNKNOWN,UNKNOWN,"['ML elevated risk due to amount', 'ML elevated risk due to receiver_bal_after', 'ML elevated risk due to sender_bal_before', 'ML elevated risk due to is_sim_bound', 'ML elevated risk due to time_to_pay_ms']",TRANSACTION_MONITOR,False,False,False,10080,20160,AML_INFO_QUEUE,LOW
c1551d2f-8fd2-4d8c-bb27-dd1faa08d8af,U-1005,M-2003,7713.8,INR,PAYMENT,NETBANKING,202093.15,194379.35,234496.26,2026-09-27 09:30:27.933614+00:00,Mumbai,True,1,D-30006,928,NORMAL,LOW_RISK_PAYMENT,LOW,2,0.1871,1137,70.023,0.1095,6952.8,92286.2,42286.2,0,0,0,0,1052,0,0,0.0,0.1314,0.0671,0.242,88.17,86.07,1,0,0,0,0,2.7,0.1398,0,0,0,2,1,0,0,1,2,2,0,0,0,0.0766,0,0.1095,0,0.0979,"['NORMAL', 'LOW_RISK_PAYMENT', 'NORMAL_PATTERN', 'LOW_VALUE_PAYMENT', 'SIM_BOUND', 'ML_ELEVATED_RISK_DUE_TO_AMOUNT', 'ML_ELEVATED_RISK_DUE_TO_RECEIVER_BAL_AFTER', 'ML_ELEVATED_RISK_DUE_TO_SENDER_BAL_BEFORE', 'ML_ELEVATED_RISK_DUE_TO_IS_SIM_BOUND', 'ML_ELEVATED_RISK_DUE_TO_TIME_TO_PAY_MS', 'NEO4J_UNAVAILABLE', 'CLEARED']",2,ALLOW,ALLOW,INFO,CLEARED,0.3,0.3,1.0,1.0,0.0,0.0,0.0,0.0,0.0,SUSPICIOUS,INSUFFICIENT_HISTORY,UNKNOWN,UNKNOWN,"['ML elevated risk due to amount', 'ML elevated risk due to receiver_bal_after', 'ML elevated risk due to sender_bal_before', 'ML elevated risk due to is_sim_bound', 'ML elevated risk due to time_to_pay_ms']",TRANSACTION_MONITOR,False,False,False,10080,20160,AML_INFO_QUEUE,LOW
2ee23cd5-1953-4b26-bf8c-63d9b05a51f7,U-1082,M-2043,330857.43,INR,GATHER_SCATTER,UPI,361375.53,30518.1,636508.09,2026-09-27 09:30:23.869617+00:00,Mumbai,False,0,D-30057,104,P1_CRITICAL,GATHER_SCATTER,P1,26,0.9156,2,73217.4132,0.0761,307459.01,230857.43,280857.43,0,0,0,0,54,14,8,0.9211,0.9388,0.9665,0.9211,19.53,13.97,0,1,1,1,1,2.33,0.7649,14,14,11,6,12,1,1,40,8,0,1,1,1,0.906,0,0.0761,1,0.9773,"['P1_CRITICAL', 'GATHER_SCATTER', 'RAPID_DRAIN', 'MULE_CLUSTER', 'SIM_NOT_BOUND', 'ML_ELEVATED_RISK_DUE_TO_AMOUNT', 'ML_ELEVATED_RISK_DUE_TO_RECEIVER_BAL_AFTER', 'ML_ELEVATED_RISK_DUE_TO_SENDER_BAL_BEFORE', 'ML_ELEVATED_RISK_DUE_TO_IS_SIM_BOUND', 'ML_ELEVATED_RISK_DUE_TO_TIME_TO_PAY_MS', 'HIGH_VALUE_TRANSFER', 'VERY_HIGH_VALUE_TRANSACTION', 'NEO4J_UNAVAILABLE', 'REALTIME_SCENARIO_GRAPH_FALLBACK', 'CRITICAL_RISK', 'URGENT_REVIEW']",1,BLOCK,BLOCK,P1,BLOCKED,0.9758,0.9758,1.0,1.0,0.9665,0.9665,0.9211,0.9211,1.0,SUSPICIOUS,GATHER_SCATTER,CRITICAL,UNKNOWN,"['Critical mule laundering pattern detected', 'ML elevated risk due to amount', 'ML elevated risk due to receiver_bal_after', 'ML elevated risk due to sender_bal_before', 'ML elevated risk due to is_sim_bound', 'ML elevated risk due to time_to_pay_ms', 'GATHER_SCATTER', 'Connected to mule cluster']",TRANSACTION_SUSPECT,False,True,True,15,20,AML_CRITICAL_QUEUE,CRITICAL
6f9ed659-b333-419c-bfe0-d4341b59aa98,U-1007,U-1038,5252.69,INR,BILL,UPI,55130.0,49877.31,664703.53,2026-09-27 09:30:19.876991+00:00,Kolkata,True,1,D-30014,1514,NORMAL,LOW_RISK_PAYMENT,LOW,3,0.069,423,25.8283,0.018,5349.19,94747.31,44747.31,0,0,0,0,1656,1,0,0.0,0.3348,0.1426,0.0727,82.02,88.29,1,0,0,0,0,2.52,0.1164,0,0,0,1,1,0,0,1,3,1,0,0,0,0.1451,0,0.018,0,0.0963,"['NORMAL', 'LOW_RISK_PAYMENT', 'NORMAL_PATTERN', 'LOW_VALUE_PAYMENT', 'SIM_BOUND', 'ML_ELEVATED_RISK_DUE_TO_AMOUNT', 'ML_ELEVATED_RISK_DUE_TO_RECEIVER_BAL_AFTER', 'ML_ELEVATED_RISK_DUE_TO_SENDER_BAL_BEFORE', 'ML_ELEVATED_RISK_DUE_TO_IS_SIM_BOUND', 'ML_ELEVATED_RISK_DUE_TO_TIME_TO_PAY_MS', 'SUSPICIOUS_BUT_UNCLEAR', 'NEO4J_UNAVAILABLE', 'MONITORING', 'ELEVATED_ACTIVITY']",2,MONITOR,SOFT_NUDGE,P3,MONITORING,0.5218,0.5218,1.0,1.0,0.8871,0.8871,0.0,0.0,0.0,SUSPICIOUS,SUSPICIOUS_BUT_UNCLEAR,UNKNOWN,UNKNOWN,"['ML elevated risk due to amount', 'ML elevated risk due to receiver_bal_after', 'ML elevated risk due to sender_bal_before', 'ML elevated risk due to is_sim_bound', 'ML elevated risk due to time_to_pay_ms', 'SUSPICIOUS_BUT_UNCLEAR']",TRANSACTION_SUSPECT,True,False,False,1440,2880,AML_MONITORING_QUEUE,MEDIUM
2c2407bf-8fc4-43dc-a71a-be042dee47fe,U-1053,M-2020,24604.26,INR,PAYMENT,IMPS,125534.16,100929.9,669719.44,2026-09-27 09:30:15.622132+00:00,Chennai,True,1,D-30044,1134,P3_MONITOR,MILD_VELOCITY,P3,7,0.3613,232,679.8864,0.1523,29023.54,75395.74,25395.74,0,0,0,0,688,3,2,0.5262,0.5701,0.5496,0.5262,81.25,69.25,0,0,1,0,0,1.49,0.3478,0,0,1,2,2,0,0,4,3,1,0,0,0,0.2458,0,0.1523,0,0.4632,"['P3_MONITOR', 'MILD_VELOCITY', 'WATCHLIST_PROXIMITY', 'DEVICE_REUSE', 'ML_ELEVATED_RISK_DUE_TO_AMOUNT', 'ML_ELEVATED_RISK_DUE_TO_RECEIVER_BAL_AFTER', 'ML_ELEVATED_RISK_DUE_TO_SENDER_BAL_BEFORE', 'ML_ELEVATED_RISK_DUE_TO_IS_SIM_BOUND', 'ML_ELEVATED_RISK_DUE_TO_TIME_TO_PAY_MS', 'ELEVATED_ACTIVITY_SEQUENCE', 'NEO4J_UNAVAILABLE', 'REALTIME_SCENARIO_GRAPH_FALLBACK', 'MONITORING', 'ELEVATED_ACTIVITY']",4,MONITOR,SOFT_NUDGE,P3,MONITORING,0.5426,0.5426,1.0,1.0,0.5496,0.5496,0.5262,0.5262,0.0,SUSPICIOUS,ELEVATED_ACTIVITY_SEQUENCE,MEDIUM,UNKNOWN,"['ML elevated risk due to amount', 'ML elevated risk due to receiver_bal_after', 'ML elevated risk due to sender_bal_before', 'ML elevated risk due to is_sim_bound', 'ML elevated risk due to time_to_pay_ms', 'ELEVATED_ACTIVITY_SEQUENCE']",TRANSACTION_SUSPECT,True,False,False,1440,2880,AML_MONITORING_QUEUE,MEDIUM
87f523c0-ea86-45aa-a53a-74d8d58ca790,U-1047,M-2021,43432.23,INR,P2P,UPI,310929.31,267497.08,100121.87,2026-09-27 09:30:11.066089+00:00,Mumbai,False,0,D-30027,296,P3_MONITOR,MILD_VELOCITY,P3,7,0.4462,109,871.5998,0.1471,50923.26,56567.77,6567.77,0,0,0,0,660,3,1,0.5254,0.4766,0.3605,0.5254,61.81,53.87,0,0,0,0,1,1.73,0.2763,0,0,0,3,1,0,0,4,3,0,1,0,0,0.3056,0,0.1471,0,0.3616,"['P3_MONITOR', 'MILD_VELOCITY', 'WATCHLIST_PROXIMITY', 'DEVICE_REUSE', 'ML_ELEVATED_RISK_DUE_TO_AMOUNT', 'ML_ELEVATED_RISK_DUE_TO_RECEIVER_BAL_AFTER', 'ML_ELEVATED_RISK_DUE_TO_SENDER_BAL_BEFORE', 'ML_ELEVATED_RISK_DUE_TO_IS_SIM_BOUND', 'ML_ELEVATED_RISK_DUE_TO_TIME_TO_PAY_MS', 'NEO4J_UNAVAILABLE', 'REALTIME_SCENARIO_GRAPH_FALLBACK', 'MONITORING', 'ELEVATED_ACTIVITY']",2,MONITOR,SOFT_NUDGE,P3,MONITORING,0.5284,0.5284,1.0,1.0,0.4931,0.4931,0.5254,0.5254,0.0,SUSPICIOUS,NONE,MEDIUM,UNKNOWN,"['ML elevated risk due to amount', 'ML elevated risk due to receiver_bal_after', 'ML elevated risk due to sender_bal_before', 'ML elevated risk due to is_sim_bound', 'ML elevated risk due to time_to_pay_ms']",TRANSACTION_SUSPECT,True,False,False,1440,2880,AML_MONITORING_QUEUE,MEDIUM
513663db-7b11-4dbe-953a-026072d6aaf2,U-1053,M-2020,37924.09,INR,PAYMENT,CARD,249944.47,212020.38,645696.77,2026-09-27 09:30:07.133058+00:00,Kolkata,True,1,D-30040,461,P3_MONITOR,MILD_VELOCITY,P3,8,0.4265,134,863.8027,0.0999,42132.54,62075.91,12075.91,0,0,0,0,388,3,2,0.5204,0.6329,0.5375,0.5204,66.44,76.33,0,1,0,0,0,4.54,0.2118,1,1,2,2,1,0,0,4,2,1,1,0,0,0.2157,0,0.0999,1,0.3656,"['P3_MONITOR', 'MILD_VELOCITY', 'WATCHLIST_PROXIMITY', 'DEVICE_REUSE', 'ML_ELEVATED_RISK_DUE_TO_AMOUNT', 'ML_ELEVATED_RISK_DUE_TO_RECEIVER_BAL_AFTER', 'ML_ELEVATED_RISK_DUE_TO_SENDER_BAL_BEFORE', 'ML_ELEVATED_RISK_DUE_TO_IS_SIM_BOUND', 'ML_ELEVATED_RISK_DUE_TO_TIME_TO_PAY_MS', 'ELEVATED_ACTIVITY_SEQUENCE', 'NEO4J_UNAVAILABLE', 'REALTIME_SCENARIO_GRAPH_FALLBACK', 'MONITORING', 'ELEVATED_ACTIVITY']",2,MONITOR,SOFT_NUDGE,P3,MONITORING,0.5385,0.5385,1.0,1.0,0.5375,0.5375,0.5204,0.5204,0.0,SUSPICIOUS,ELEVATED_ACTIVITY_SEQUENCE,MEDIUM,UNKNOWN,"['ML elevated risk due to amount', 'ML elevated risk due to receiver_bal_after', 'ML elevated risk due to sender_bal_before', 'ML elevated risk due to is_sim_bound', 'ML elevated risk due to time_to_pay_ms', 'ELEVATED_ACTIVITY_SEQUENCE', 'Connected to mule cluster']",TRANSACTION_SUSPECT,True,False,False,1440,2880,AML_MONITORING_QUEUE,MEDIUM
e0962f56-5ef3-47db-b229-683e0b5c1923,U-1024,U-1035,6570.34,INR,BILL,CARD,160944.79,154374.45,546046.38,2026-09-27 09:30:04.471322+00:00,Delhi,True,1,D-30014,625,NORMAL,LOW_RISK_PAYMENT,LOW,2,0.2678,1149,27.8882,0.0381,6329.4,93429.66,43429.66,0,0,0,0,2202,1,0,0.0,0.1124,0.2027,0.184,87.88,76.5,1,0,0,0,0,3.31,0.1112,0,0,0,2,1,0,0,1,1,0,0,0,0,0.0984,0,0.0381,0,0.0853,"['NORMAL', 'LOW_RISK_PAYMENT', 'NORMAL_PATTERN', 'LOW_VALUE_PAYMENT', 'SIM_BOUND', 'ML_ELEVATED_RISK_DUE_TO_AMOUNT', 'ML_ELEVATED_RISK_DUE_TO_RECEIVER_BAL_AFTER', 'ML_ELEVATED_RISK_DUE_TO_SENDER_BAL_BEFORE', 'ML_ELEVATED_RISK_DUE_TO_IS_SIM_BOUND', 'ML_ELEVATED_RISK_DUE_TO_TIME_TO_PAY_MS', 'SUSPICIOUS_BUT_UNCLEAR', 'NEO4J_UNAVAILABLE', 'CLEARED']",2,ALLOW,ALLOW,INFO,CLEARED,0.2294,0.2294,0.0,0.0,0.9176,0.9176,0.0,0.0,0.0,ALLOW,SUSPICIOUS_BUT_UNCLEAR,UNKNOWN,UNKNOWN,"['ML elevated risk due to amount', 'ML elevated risk due to receiver_bal_after', 'ML elevated risk due to sender_bal_before', 'ML elevated risk due to is_sim_bound', 'ML elevated risk due to time_to_pay_ms', 'SUSPICIOUS_BUT_UNCLEAR']",TRANSACTION_MONITOR,False,False,False,10080,20160,AML_INFO_QUEUE,LOW
8d25df3c-6c79-4bf7-8b15-3461d5708202,U-1008,M-2003,7270.19,INR,TRANSFER,CARD,45162.88,37892.69,104734.73,2026-09-27 09:30:00.642829+00:00,Pune,True,1,D-30012,457,NORMAL,LOW_RISK_PAYMENT,LOW,3,0.2165,1258,60.3228,0.0494,7648.3,92729.81,42729.81,0,0,0,0,1557,1,0,0.0,0.1046,0.0806,0.32,80.42,79.57,1,0,0,0,0,5.86,0.0906,0,0,0,1,1,0,0,1,1,2,0,0,0,0.1321,0,0.0494,0,0.0789,"['NORMAL', 'LOW_RISK_PAYMENT', 'NORMAL_PATTERN', 'LOW_VALUE_PAYMENT', 'SIM_BOUND', 'ML_ELEVATED_RISK_DUE_TO_AMOUNT', 'ML_ELEVATED_RISK_DUE_TO_RECEIVER_BAL_AFTER', 'ML_ELEVATED_RISK_DUE_TO_SENDER_BAL_BEFORE', 'ML_ELEVATED_RISK_DUE_TO_IS_SIM_BOUND', 'ML_ELEVATED_RISK_DUE_TO_TIME_TO_PAY_MS', 'SUSPICIOUS_BUT_UNCLEAR', 'NEO4J_UNAVAILABLE', 'MONITORING', 'ELEVATED_ACTIVITY']",2,MONITOR,SOFT_NUDGE,P3,MONITORING,0.5078,0.5078,1.0,1.0,0.8311,0.8311,0.0,0.0,0.0,SUSPICIOUS,SUSPICIOUS_BUT_UNCLEAR,UNKNOWN,UNKNOWN,"['ML elevated risk due to amount', 'ML elevated risk due to receiver_bal_after', 'ML elevated risk due to sender_bal_before', 'ML elevated risk due to is_sim_bound', 'ML elevated risk due to time_to_pay_ms', 'SUSPICIOUS_BUT_UNCLEAR']",TRANSACTION_SUSPECT,True,False,False,1440,2880,AML_MONITORING_QUEUE,MEDIUM
cf573f8b-b3a2-44fa-92b1-33e733138879,U-1017,M-2001,14361.51,INR,TRANSFER,NETBANKING,82536.89,68175.38,511948.74,2026-09-27 09:29:56.720476+00:00,Chennai,True,1,D-30005,1626,NORMAL,LOW_RISK_PAYMENT,LOW,2,0.0686,1038,79.1896,0.1136,12896.51,85638.49,35638.49,0,0,0,0,875,0,1,0.0,0.2522,0.1083,0.0827,94.67,84.56,1,0,0,0,0,5.56,0.1042,0,0,0,2,1,0,0,1,4,0,0,0,0,0.1191,0,0.1136,0,0.1237,"['NORMAL', 'LOW_RISK_PAYMENT', 'NORMAL_PATTERN', 'LOW_VALUE_PAYMENT', 'SIM_BOUND', 'ML_ELEVATED_RISK_DUE_TO_AMOUNT', 'ML_ELEVATED_RISK_DUE_TO_RECEIVER_BAL_AFTER', 'ML_ELEVATED_RISK_DUE_TO_SENDER_BAL_BEFORE', 'ML_ELEVATED_RISK_DUE_TO_IS_SIM_BOUND', 'ML_ELEVATED_RISK_DUE_TO_TIME_TO_PAY_MS', 'SUSPICIOUS_BUT_UNCLEAR', 'NEO4J_UNAVAILABLE', 'MONITORING', 'ELEVATED_ACTIVITY']",2,MONITOR,SOFT_NUDGE,P3,MONITORING,0.5016,0.5016,1.0,1.0,0.8063,0.8063,0.0,0.0,0.0,SUSPICIOUS,SUSPICIOUS_BUT_UNCLEAR,UNKNOWN,UNKNOWN,"['ML elevated risk due to amount', 'ML elevated risk due to receiver_bal_after', 'ML elevated risk due to sender_bal_before', 'ML elevated risk due to is_sim_bound', 'ML elevated risk due to time_to_pay_ms', 'SUSPICIOUS_BUT_UNCLEAR']",TRANSACTION_SUSPECT,True,False,False,1440,2880,AML_MONITORING_QUEUE,MEDIUM
4973cedd-4607-4de1-b51d-c7d10246fa45,U-1028,M-2017,554.9,INR,PAYMENT,NETBANKING,11075.2,10520.3,606660.15,2026-09-27 09:29:54.182217+00:00,Kolkata,True,1,D-30024,1102,NORMAL,LOW_RISK_PAYMENT,LOW,3,0.1859,491,2.5679,0.1063,620.9,99445.1,49445.1,0,0,0,0,873,0,0,0.0,0.3142,0.1522,0.1385,93.69,74.24,1,0,0,0,0,3.87,0.1181,0,0,0,1,1,0,0,1,3,3,0,0,0,0.1596,0,0.1063,0,0.1172,"['NORMAL', 'LOW_RISK_PAYMENT', 'NORMAL_PATTERN', 'LOW_VALUE_PAYMENT', 'SIM_BOUND', 'ML_ELEVATED_RISK_DUE_TO_AMOUNT', 'ML_ELEVATED_RISK_DUE_TO_RECEIVER_BAL_AFTER', 'ML_ELEVATED_RISK_DUE_TO_SENDER_BAL_BEFORE', 'ML_ELEVATED_RISK_DUE_TO_IS_SIM_BOUND', 'ML_ELEVATED_RISK_DUE_TO_TIME_TO_PAY_MS', 'NEO4J_UNAVAILABLE', 'CLEARED']",2,ALLOW,ALLOW,INFO,CLEARED,0.3,0.3,1.0,1.0,0.0,0.0,0.0,0.0,0.0,SUSPICIOUS,INSUFFICIENT_HISTORY,UNKNOWN,UNKNOWN,"['ML elevated risk due to amount', 'ML elevated risk due to receiver_bal_after', 'ML elevated risk due to sender_bal_before', 'ML elevated risk due to is_sim_bound', 'ML elevated risk due to time_to_pay_ms']",TRANSACTION_MONITOR,False,False,False,10080,20160,AML_INFO_QUEUE,LOW
2a11c688-31ab-491c-9589-e51697874e7f,U-1003,M-2006,1091.39,INR,PAYMENT,UPI,81098.85,80007.46,683985.98,2026-09-27 09:29:50.352082+00:00,Pune,True,1,D-30020,911,NORMAL,LOW_RISK_PAYMENT,LOW,2,0.2598,1119,10.2673,0.1257,969.48,98908.61,48908.61,0,1,0,0,1591,1,0,0.0,0.1017,0.2099,0.1335,84.54,87.88,1,0,0,0,0,3.94,0.0546,0,0,0,2,1,0,0,1,2,0,0,0,0,0.0817,0,0.1257,0,0.0531,"['NORMAL', 'LOW_RISK_PAYMENT', 'NORMAL_PATTERN', 'LOW_VALUE_PAYMENT', 'SIM_BOUND', 'ML_ELEVATED_RISK_DUE_TO_AMOUNT', 'ML_ELEVATED_RISK_DUE_TO_RECEIVER_BAL_AFTER', 'ML_ELEVATED_RISK_DUE_TO_SENDER_BAL_BEFORE', 'ML_ELEVATED_RISK_DUE_TO_IS_SIM_BOUND', 'ML_ELEVATED_RISK_DUE_TO_TIME_TO_PAY_MS', 'SUSPICIOUS_BUT_UNCLEAR', 'NEO4J_UNAVAILABLE', 'MONITORING', 'ELEVATED_ACTIVITY']",2,MONITOR,SOFT_NUDGE,P3,MONITORING,0.5317,0.5317,1.0,1.0,0.9267,0.9267,0.0,0.0,0.0,SUSPICIOUS,SUSPICIOUS_BUT_UNCLEAR,UNKNOWN,UNKNOWN,"['ML elevated risk due to amount', 'ML elevated risk due to receiver_bal_after', 'ML elevated risk due to sender_bal_before', 'ML elevated risk due to is_sim_bound', 'ML elevated risk due to time_to_pay_ms', 'SUSPICIOUS_BUT_UNCLEAR']",TRANSACTION_SUSPECT,True,False,False,1440,2880,AML_MONITORING_QUEUE,MEDIUM
295bdc21-5eb1-488d-af34-7a53c0301829,U-1051,M-2024,29680.6,INR,PAYMENT,UPI,74099.6,44419.0,61170.78,2026-09-27 09:29:46.347275+00:00,Hyderabad,False,0,D-30026,325,P3_MONITOR,MILD_VELOCITY,P3,7,0.5309,160,534.6894,0.0876,27289.84,70319.4,20319.4,0,0,0,0,1069,1,2,0.3939,0.4713,0.4593,0.3939,72.93,78.25,1,0,0,0,0,1.86,0.1878,1,1,0,2,2,0,0,4,3,1,1,0,0,0.2856,0,0.0876,0,0.3571,"['P3_MONITOR', 'MILD_VELOCITY', 'WATCHLIST_PROXIMITY', 'DEVICE_REUSE', 'ML_ELEVATED_RISK_DUE_TO_AMOUNT', 'ML_ELEVATED_RISK_DUE_TO_RECEIVER_BAL_AFTER', 'ML_ELEVATED_RISK_DUE_TO_SENDER_BAL_BEFORE', 'ML_ELEVATED_RISK_DUE_TO_IS_SIM_BOUND', 'ML_ELEVATED_RISK_DUE_TO_TIME_TO_PAY_MS', 'NEO4J_UNAVAILABLE', 'REALTIME_SCENARIO_GRAPH_FALLBACK', 'MONITORING', 'ELEVATED_ACTIVITY']",2,MONITOR,SOFT_NUDGE,P3,MONITORING,0.5038,0.5038,1.0,1.0,0.5,0.5,0.3939,0.3939,0.0,SUSPICIOUS,NONE,MEDIUM,UNKNOWN,"['ML elevated risk due to amount', 'ML elevated risk due to receiver_bal_after', 'ML elevated risk due to sender_bal_before', 'ML elevated risk due to is_sim_bound', 'ML elevated risk due to time_to_pay_ms', 'Connected to mule cluster']",TRANSACTION_SUSPECT,True,False,False,1440,2880,AML_MONITORING_QUEUE,MEDIUM
1a722f4a-94ee-4003-a9fc-f7dd6ae2e755,U-1004,U-1031,1331.58,INR,TRANSFER,CARD,9138.24,7806.66,270615.39,2026-09-27 05:20:09.211474+00:00,Pune,True,1,D-30003,1842,NORMAL,LOW_RISK_PAYMENT,LOW,4,0.2457,1372,5.9372,0.0527,1264.91,98668.42,48668.42,0,0,0,0,1591,1,0,0.0,0.087,0.0508,0.2166,81.0,88.05,1,0,0,0,0,4.7,0.071,0,0,0,2,1,0,0,3,2,3,0,0,0,0.0574,0,0.0527,0,0.0852,"['NORMAL', 'LOW_RISK_PAYMENT', 'NORMAL_PATTERN', 'LOW_VALUE_PAYMENT', 'SIM_BOUND', 'FALLBACK_BEHAVIORAL_PROXY', 'NEO4J_UNAVAILABLE', 'CLEARED']",2,ALLOW,ALLOW,INFO,CLEARED,0.0,0.0,0.0,0.0,0.0,0.0,0.0,0.0,0.0,UNKNOWN,FALLBACK_BEHAVIORAL_PROXY,UNKNOWN,UNKNOWN,['FALLBACK_BEHAVIORAL_PROXY'],TRANSACTION_MONITOR,False,False,False,10080,20160,AML_INFO_QUEUE,LOW
e726bbde-2e10-4abf-b23f-fbd61a619fc3,U-1058,U-1071,98981.56,INR,STRUCTURING,NEFT,518643.03,419661.47,625829.78,2026-09-27 05:20:06.401712+00:00,Kolkata,False,0,D-30087,77,P2_REVIEW,STRUCTURING,P2,9,0.7057,20,4352.5056,0.0603,105337.98,1018.44,48981.56,0,0,0,1,99,7,5,0.8277,0.7821,0.8458,0.8277,50.88,36.86,0,1,1,0,1,1.27,0.4835,3,3,6,4,4,1,1,12,2,0,1,1,1,0.6012,1,0.6012,1,0.7122,"['P2_REVIEW', 'STRUCTURING', 'NEAR_THRESHOLD', 'HIGH_VALUE_TRANSFER', 'REALTIME_SCENARIO_BEHAVIOR_FALLBACK', 'LAUNDERING_FLOW', 'NEO4J_UNAVAILABLE', 'REALTIME_SCENARIO_GRAPH_FALLBACK', 'MONITORING', 'ELEVATED_ACTIVITY']",1,MONITOR,SOFT_NUDGE,P3,MONITORING,0.6116,0.6116,0.7821,0.7821,0.8458,0.8458,0.8277,0.8277,0.0,UNKNOWN,LAUNDERING_FLOW,HIGH,UNKNOWN,"['Realtime scenario behavior fallback', 'LAUNDERING_FLOW', 'Connected to mule cluster']",TRANSACTION_SUSPECT,True,False,False,1440,2880,AML_MONITORING_QUEUE,MEDIUM
ad19fd77-6e7c-4db6-a7d8-1cd89d5b1ea5,U-1022,M-2019,8716.15,INR,TRANSFER,UPI,228961.92,220245.77,168829.26,2026-09-27 05:20:03.855116+00:00,Kolkata,True,1,D-30024,672,NORMAL,LOW_RISK_PAYMENT,LOW,4,0.1399,540,39.3737,0.1028,7903.93,91283.85,41283.85,0,0,0,0,850,0,0,0.0,0.1373,0.0509,0.1526,89.11,81.3,1,0,0,0,0,4.75,0.1132,0,0,0,2,1,0,0,3,3,1,0,0,0,0.1506,0,0.1028,0,0.0802,"['NORMAL', 'LOW_RISK_PAYMENT', 'NORMAL_PATTERN', 'LOW_VALUE_PAYMENT', 'SIM_BOUND', 'FALLBACK_BEHAVIORAL_PROXY', 'NEO4J_UNAVAILABLE', 'CLEARED']",2,ALLOW,ALLOW,INFO,CLEARED,0.0,0.0,0.0,0.0,0.0,0.0,0.0,0.0,0.0,UNKNOWN,FALLBACK_BEHAVIORAL_PROXY,UNKNOWN,UNKNOWN,['FALLBACK_BEHAVIORAL_PROXY'],TRANSACTION_MONITOR,False,False,False,10080,20160,AML_INFO_QUEUE,LOW
dcd8a6f4-5e58-4e9a-b513-ebdfcfe6ece5,U-1046,M-2026,40580.16,INR,PAYMENT,CARD,149254.94,108674.78,412157.4,2026-09-27 05:20:01.251546+00:00,Kolkata,False,0,D-30044,1196,P3_MONITOR,MILD_VELOCITY,P3,7,0.5479,183,518.9017,0.1352,46925.33,59419.84,9419.84,0,0,0,0,699,3,1,0.4447,0.6317,0.5287,0.4447,63.02,71.72,1,0,0,0,1,4.43,0.2293,1,1,1,3,1,0,0,4,3,0,1,0,0,0.3483,0,0.1352,0,0.4987,"['P3_MONITOR', 'MILD_VELOCITY', 'WATCHLIST_PROXIMITY', 'DEVICE_REUSE', 'REALTIME_SCENARIO_BEHAVIOR_FALLBACK', 'ELEVATED_ACTIVITY_SEQUENCE', 'NEO4J_UNAVAILABLE', 'REALTIME_SCENARIO_GRAPH_FALLBACK', 'CLEARED']",2,ALLOW,ALLOW,INFO,CLEARED,0.4106,0.4106,0.6317,0.6317,0.5287,0.5287,0.4447,0.4447,0.0,UNKNOWN,ELEVATED_ACTIVITY_SEQUENCE,MEDIUM,UNKNOWN,"['Realtime scenario behavior fallback', 'ELEVATED_ACTIVITY_SEQUENCE', 'Connected to mule cluster']",TRANSACTION_MONITOR,False,False,False,10080,20160,AML_INFO_QUEUE,LOW
328e7577-ffc0-4880-b825-245b9bc64108,U-1024,M-2015,9104.07,INR,P2P,NETBANKING,24113.66,15009.59,206945.64,2026-09-27 05:19:58.701242+00:00,Pune,True,1,D-30007,535,NORMAL,LOW_RISK_PAYMENT,LOW,3,0.0893,800,45.2391,0.0763,8458.9,90895.93,40895.93,0,0,0,0,1798,0,0,0.0,0.1732,0.2445,0.3067,92.0,93.56,1,0,0,0,0,4.12,0.0867,0,0,0,1,1,0,0,1,2,1,0,0,0,0.0481,0,0.0763,0,0.067,"['NORMAL', 'LOW_RISK_PAYMENT', 'NORMAL_PATTERN', 'LOW_VALUE_PAYMENT', 'SIM_BOUND', 'FALLBACK_BEHAVIORAL_PROXY', 'NEO4J_UNAVAILABLE', 'CLEARED']",2,ALLOW,ALLOW,INFO,CLEARED,0.0,0.0,0.0,0.0,0.0,0.0,0.0,0.0,0.0,UNKNOWN,FALLBACK_BEHAVIORAL_PROXY,UNKNOWN,UNKNOWN,['FALLBACK_BEHAVIORAL_PROXY'],TRANSACTION_MONITOR,False,False,False,10080,20160,AML_INFO_QUEUE,LOW
1a7d44f1-9f8e-4dd2-ae61-46ab23567e56,U-1010,U-1039,9981.07,INR,P2P,CARD,194953.37,184972.3,631802.7,2026-09-27 05:19:56.164789+00:00,Mumbai,True,1,D-30020,1621,NORMAL,LOW_RISK_PAYMENT,LOW,3,0.1007,517,99.5685,0.0336,9656.83,90018.93,40018.93,0,0,0,0,739,0,0,0.0,0.2365,0.1152,0.2478,91.94,93.59,1,0,0,0,0,5.28,0.0374,0,0,0,1,1,0,0,1,4,2,0,0,0,0.1118,0,0.0336,0,0.0534,"['NORMAL', 'LOW_RISK_PAYMENT', 'NORMAL_PATTERN', 'LOW_VALUE_PAYMENT', 'SIM_BOUND', 'FALLBACK_BEHAVIORAL_PROXY', 'NEO4J_UNAVAILABLE', 'CLEARED']",2,ALLOW,ALLOW,INFO,CLEARED,0.0,0.0,0.0,0.0,0.0,0.0,0.0,0.0,0.0,UNKNOWN,FALLBACK_BEHAVIORAL_PROXY,UNKNOWN,UNKNOWN,['FALLBACK_BEHAVIORAL_PROXY'],TRANSACTION_MONITOR,False,False,False,10080,20160,AML_INFO_QUEUE,LOW
3713ed59-4e3f-44ab-a6bc-b466b691277d,U-1078,U-1088,96317.93,INR,GATHER_SCATTER,NEFT,99852.51,3534.58,375950.73,2026-09-27 05:19:53.317513+00:00,Pune,False,0,D-30069,144,P1_CRITICAL,GATHER_SCATTER,P1,30,0.9646,5,11774.0315,0.0569,102127.52,3682.07,46317.93,1,1,0,1,10,12,6,0.9124,0.9054,0.9699,0.9124,6.33,6.19,0,1,1,1,1,0.49,0.8959,9,9,28,13,11,1,1,30,7,0,1,1,1,0.9446,0,0.0569,1,0.9083,"['P1_CRITICAL', 'GATHER_SCATTER', 'RAPID_DRAIN', 'MULE_CLUSTER', 'SIM_NOT_BOUND', 'REALTIME_SCENARIO_BEHAVIOR_FALLBACK', 'HIGH_VALUE_TRANSFER', 'NEO4J_UNAVAILABLE', 'REALTIME_SCENARIO_GRAPH_FALLBACK', 'CRITICAL_RISK', 'URGENT_REVIEW']",1,BLOCK,BLOCK,P1,BLOCKED,0.9466,0.9466,0.9054,0.9054,0.9699,0.9699,0.9124,0.9124,1.0,UNKNOWN,GATHER_SCATTER,CRITICAL,UNKNOWN,"['Critical mule laundering pattern detected', 'Realtime scenario behavior fallback', 'GATHER_SCATTER', 'Connected to mule cluster']",TRANSACTION_SUSPECT,False,True,True,15,20,AML_CRITICAL_QUEUE,CRITICAL
55561ac0-d1ad-4758-b4c3-546773333228,U-1005,M-2012,1517.1,INR,P2P,CARD,61465.32,59948.22,246369.23,2026-09-27 05:19:50.785446+00:00,Chennai,True,1,D-30012,585,NORMAL,LOW_RISK_PAYMENT,LOW,4,0.0637,797,6.4504,0.1046,1373.4,98482.9,48482.9,0,1,0,0,256,0,0,0.0,0.3022,0.2143,0.0726,90.93,78.2,1,0,0,0,0,2.97,0.0973,0,0,0,1,1,0,0,3,3,0,0,0,0,0.1466,0,0.1046,0,0.1141,"['NORMAL', 'LOW_RISK_PAYMENT', 'NORMAL_PATTERN', 'LOW_VALUE_PAYMENT', 'SIM_BOUND', 'FALLBACK_BEHAVIORAL_PROXY', 'NEO4J_UNAVAILABLE', 'CLEARED']",2,ALLOW,ALLOW,INFO,CLEARED,0.0,0.0,0.0,0.0,0.0,0.0,0.0,0.0,0.0,UNKNOWN,FALLBACK_BEHAVIORAL_PROXY,UNKNOWN,UNKNOWN,['FALLBACK_BEHAVIORAL_PROXY'],TRANSACTION_MONITOR,False,False,False,10080,20160,AML_INFO_QUEUE,LOW
4d8af591-9547-4a6a-9c63-e8e6317fce45,U-1041,M-2025,37187.01,INR,TRANSFER,CARD,239610.43,202423.42,360237.79,2026-09-27 05:19:48.218959+00:00,Delhi,True,1,D-30024,994,P3_MONITOR,MILD_VELOCITY,P3,5,0.372,147,725.1331,0.1425,43365.24,62812.99,12812.99,0,0,0,0,903,3,0,0.5152,0.6174,0.4831,0.5152,83.55,69.37,1,0,1,0,0,4.3,0.1904,1,1,2,1,2,0,0,4,5,1,1,0,0,0.3031,0,0.1425,1,0.3914,"['P3_MONITOR', 'MILD_VELOCITY', 'WATCHLIST_PROXIMITY', 'DEVICE_REUSE', 'REALTIME_SCENARIO_BEHAVIOR_FALLBACK', 'ELEVATED_ACTIVITY_SEQUENCE', 'NEO4J_UNAVAILABLE', 'REALTIME_SCENARIO_GRAPH_FALLBACK', 'CLEARED']",2,ALLOW,ALLOW,INFO,CLEARED,0.409,0.409,0.6174,0.6174,0.4831,0.4831,0.5152,0.5152,0.0,UNKNOWN,ELEVATED_ACTIVITY_SEQUENCE,MEDIUM,UNKNOWN,"['Realtime scenario behavior fallback', 'ELEVATED_ACTIVITY_SEQUENCE', 'Connected to mule cluster']",TRANSACTION_MONITOR,False,False,False,10080,20160,AML_INFO_QUEUE,LOW
56a8386f-116c-433a-a3f3-519f272f90ab,U-1012,M-2003,6745.67,INR,BILL,CARD,69197.35,62451.68,122602.32,2026-09-27 05:19:45.677074+00:00,Chennai,True,1,D-30001,718,NORMAL,LOW_RISK_PAYMENT,LOW,6,0.1183,975,69.861,0.0077,6694.3,93254.33,43254.33,0,0,0,0,743,0,0,0.0,0.1491,0.1807,0.2152,81.64,83.19,1,0,0,0,0,6.93,0.0903,0,0,0,2,1,0,0,3,1,2,0,0,0,0.141,0,0.0077,0,0.0614,"['NORMAL', 'LOW_RISK_PAYMENT', 'NORMAL_PATTERN', 'LOW_VALUE_PAYMENT', 'SIM_BOUND', 'FALLBACK_BEHAVIORAL_PROXY', 'NEO4J_UNAVAILABLE', 'CLEARED']",2,ALLOW,ALLOW,INFO,CLEARED,0.0,0.0,0.0,0.0,0.0,0.0,0.0,0.0,0.0,UNKNOWN,FALLBACK_BEHAVIORAL_PROXY,UNKNOWN,UNKNOWN,['FALLBACK_BEHAVIORAL_PROXY'],TRANSACTION_MONITOR,False,False,False,10080,20160,AML_INFO_QUEUE,LOW
5741085b-ec04-4ed1-bcd9-72e12fa3b24b,U-1007,U-1034,6599.49,INR,BILL,UPI,80574.36,73974.87,581944.38,2026-09-27 05:19:43.049382+00:00,Mumbai,True,1,D-30015,1377,NORMAL,LOW_RISK_PAYMENT,LOW,6,0.1189,680,34.6843,0.0558,6989.3,93400.51,43400.51,0,0,0,0,420,1,1,0.0,0.0677,0.0501,0.0813,83.35,94.24,1,0,0,0,0,6.11,0.0931,0,0,0,2,1,0,0,3,3,3,0,0,0,0.13,0,0.0558,0,0.0682,"['NORMAL', 'LOW_RISK_PAYMENT', 'NORMAL_PATTERN', 'LOW_VALUE_PAYMENT', 'SIM_BOUND', 'FALLBACK_BEHAVIORAL_PROXY', 'NEO4J_UNAVAILABLE', 'CLEARED']",2,ALLOW,ALLOW,INFO,CLEARED,0.0,0.0,0.0,0.0,0.0,0.0,0.0,0.0,0.0,UNKNOWN,FALLBACK_BEHAVIORAL_PROXY,UNKNOWN,UNKNOWN,['FALLBACK_BEHAVIORAL_PROXY'],TRANSACTION_MONITOR,False,False,False,10080,20160,AML_INFO_QUEUE,LOW
460485ef-d689-4426-920e-d4455dc111d8,U-1023,M-2005,9309.29,INR,PAYMENT,UPI,109419.11,100109.82,778813.11,2026-09-27 05:19:40.503660+00:00,Delhi,True,1,D-30018,711,NORMAL,LOW_RISK_PAYMENT,LOW,4,0.1585,602,67.9065,0.1038,8433.62,90690.71,40690.71,0,0,0,0,881,1,0,0.0,0.2049,0.1088,0.1692,88.38,82.1,1,0,0,0,0,4.82,0.0833,0,0,0,1,1,0,0,3,2,1,0,0,0,0.11,0,0.1038,0,0.0994,"['NORMAL', 'LOW_RISK_PAYMENT', 'NORMAL_PATTERN', 'LOW_VALUE_PAYMENT', 'SIM_BOUND', 'FALLBACK_BEHAVIORAL_PROXY', 'NEO4J_UNAVAILABLE', 'CLEARED']",2,ALLOW,ALLOW,INFO,CLEARED,0.0,0.0,0.0,0.0,0.0,0.0,0.0,0.0,0.0,UNKNOWN,FALLBACK_BEHAVIORAL_PROXY,UNKNOWN,UNKNOWN,['FALLBACK_BEHAVIORAL_PROXY'],TRANSACTION_MONITOR,False,False,False,10080,20160,AML_INFO_QUEUE,LOW
4dc89965-73ff-45ad-bb96-4e9ae78ca54c,U-1020,U-1031,2274.37,INR,PAYMENT,UPI,91641.26,89366.89,29715.3,2026-09-27 05:19:37.970432+00:00,Chennai,True,1,D-30018,530,NORMAL,LOW_RISK_PAYMENT,LOW,2,0.2363,908,19.7076,0.0034,2282.24,97725.63,47725.63,0,0,0,0,405,0,0,0.0,0.1688,0.1096,0.3038,86.61,95.09,1,0,0,0,0,5.27,0.1007,0,0,0,1,1,0,0,1,1,3,0,0,0,0.0664,0,0.0034,0,0.0811,"['NORMAL', 'LOW_RISK_PAYMENT', 'NORMAL_PATTERN', 'LOW_VALUE_PAYMENT', 'SIM_BOUND', 'FALLBACK_BEHAVIORAL_PROXY', 'NEO4J_UNAVAILABLE', 'CLEARED']",2,ALLOW,ALLOW,INFO,CLEARED,0.0,0.0,0.0,0.0,0.0,0.0,0.0,0.0,0.0,UNKNOWN,FALLBACK_BEHAVIORAL_PROXY,UNKNOWN,UNKNOWN,['FALLBACK_BEHAVIORAL_PROXY'],TRANSACTION_MONITOR,False,False,False,10080,20160,AML_INFO_QUEUE,LOW
659f84bc-7ecc-4fac-95a2-afcd416ae5db,U-1043,M-2024,35983.81,INR,TRANSFER,IMPS,246649.46,210665.65,211546.83,2026-09-27 05:19:35.388691+00:00,Bengaluru,False,0,D-30024,390,P3_MONITOR,MILD_VELOCITY,P3,4,0.5285,239,884.5834,0.1386,31604.62,64016.19,14016.19,0,1,0,0,976,3,1,0.4407,0.5311,0.4318,0.4407,70.7,73.16,1,1,0,0,0,3.5,0.2218,1,1,0,3,2,0,0,4,5,1,1,0,0,0.2141,0,0.1386,0,0.4669,"['P3_MONITOR', 'MILD_VELOCITY', 'WATCHLIST_PROXIMITY', 'DEVICE_REUSE', 'REALTIME_SCENARIO_BEHAVIOR_FALLBACK', 'ELEVATED_ACTIVITY_SEQUENCE', 'NEO4J_UNAVAILABLE', 'REALTIME_SCENARIO_GRAPH_FALLBACK', 'CLEARED']",2,ALLOW,ALLOW,INFO,CLEARED,0.3554,0.3554,0.5311,0.5311,0.4318,0.4318,0.4407,0.4407,0.0,UNKNOWN,ELEVATED_ACTIVITY_SEQUENCE,MEDIUM,UNKNOWN,"['Realtime scenario behavior fallback', 'ELEVATED_ACTIVITY_SEQUENCE', 'Connected to mule cluster']",TRANSACTION_MONITOR,False,False,False,10080,20160,AML_INFO_QUEUE,LOW
990f19e8-c6c5-441a-9acd-a80f5095fe99,U-1002,M-2012,942.17,INR,BILL,CARD,189251.09,188308.92,363526.2,2026-09-27 05:19:32.835485+00:00,Delhi,True,1,D-30023,1491,NORMAL,LOW_RISK_PAYMENT,LOW,6,0.062,699,7.9001,0.0119,931.13,99057.83,49057.83,0,0,0,0,1272,0,1,0.0,0.2032,0.2102,0.3271,83.6,87.49,1,0,0,0,0,5.65,0.1381,0,0,0,1,1,0,0,3,3,2,0,0,0,0.0711,0,0.0119,0,0.0867,"['NORMAL', 'LOW_RISK_PAYMENT', 'NORMAL_PATTERN', 'LOW_VALUE_PAYMENT', 'SIM_BOUND', 'FALLBACK_BEHAVIORAL_PROXY', 'NEO4J_UNAVAILABLE', 'CLEARED']",2,ALLOW,ALLOW,INFO,CLEARED,0.0,0.0,0.0,0.0,0.0,0.0,0.0,0.0,0.0,UNKNOWN,FALLBACK_BEHAVIORAL_PROXY,UNKNOWN,UNKNOWN,['FALLBACK_BEHAVIORAL_PROXY'],TRANSACTION_MONITOR,False,False,False,10080,20160,AML_INFO_QUEUE,LOW
c938012f-1e96-45c0-b8d0-8ec47a727fcf,U-1025,M-2002,5154.98,INR,TRANSFER,CARD,52645.45,47490.47,344473.57,2026-09-27 05:19:30.318401+00:00,Kolkata,True,1,D-30012,1515,NORMAL,LOW_RISK_PAYMENT,LOW,2,0.0853,1107,28.0121,0.0878,4738.78,94845.02,44845.02,0,0,0,0,1819,1,1,0.0,0.2526,0.1732,0.0834,80.56,84.28,1,0,0,0,0,2.8,0.0457,0,0,0,1,1,0,0,1,3,1,0,0,0,0.0563,0,0.0878,0,0.0903,"['NORMAL', 'LOW_RISK_PAYMENT', 'NORMAL_PATTERN', 'LOW_VALUE_PAYMENT', 'SIM_BOUND', 'FALLBACK_BEHAVIORAL_PROXY', 'NEO4J_UNAVAILABLE', 'CLEARED']",2,ALLOW,ALLOW,INFO,CLEARED,0.0,0.0,0.0,0.0,0.0,0.0,0.0,0.0,0.0,UNKNOWN,FALLBACK_BEHAVIORAL_PROXY,UNKNOWN,UNKNOWN,['FALLBACK_BEHAVIORAL_PROXY'],TRANSACTION_MONITOR,False,False,False,10080,20160,AML_INFO_QUEUE,LOW
5d2730bd-a2e7-4021-9e34-0d21fec2ba98,U-1001,U-1038,5704.41,INR,BILL,CARD,53946.7,48242.29,2335.91,2026-09-27 05:19:27.767963+00:00,Chennai,True,1,D-30000,1611,NORMAL,LOW_RISK_PAYMENT,LOW,6,0.1912,1079,26.7465,0.0606,6072.11,94295.59,44295.59,0,0,0,0,2010,0,0,0.0,0.2457,0.0221,0.1044,91.84,86.64,1,0,0,0,0,4.36,0.1347,0,0,0,1,1,0,0,3,2,0,0,0,0,0.1073,0,0.0606,0,0.0584,"['NORMAL', 'LOW_RISK_PAYMENT', 'NORMAL_PATTERN', 'LOW_VALUE_PAYMENT', 'SIM_BOUND', 'FALLBACK_BEHAVIORAL_PROXY', 'NEO4J_UNAVAILABLE', 'CLEARED']",2,ALLOW,ALLOW,INFO,CLEARED,0.0,0.0,0.0,0.0,0.0,0.0,0.0,0.0,0.0,UNKNOWN,FALLBACK_BEHAVIORAL_PROXY,UNKNOWN,UNKNOWN,['FALLBACK_BEHAVIORAL_PROXY'],TRANSACTION_MONITOR,False,False,False,10080,20160,AML_INFO_QUEUE,LOW
bc0eb745-6e04-4397-bff1-99d72f674fd5,U-1026,U-1033,5229.36,INR,PAYMENT,UPI,160299.89,155070.53,314082.08,2026-09-27 05:19:25.234936+00:00,Pune,True,1,D-30012,1618,NORMAL,LOW_RISK_PAYMENT,LOW,6,0.1485,329,47.1055,0.0543,5529.6,94770.64,44770.64,0,0,0,0,1679,0,0,0.0,0.1769,0.197,0.1545,84.65,77.44,1,0,0,0,0,2.54,0.0303,0,0,0,1,1,0,0,3,4,2,0,0,0,0.1328,0,0.0543,0,0.1453,"['NORMAL', 'LOW_RISK_PAYMENT', 'NORMAL_PATTERN', 'LOW_VALUE_PAYMENT', 'SIM_BOUND', 'FALLBACK_BEHAVIORAL_PROXY', 'NEO4J_UNAVAILABLE', 'CLEARED']",2,ALLOW,ALLOW,INFO,CLEARED,0.0,0.0,0.0,0.0,0.0,0.0,0.0,0.0,0.0,UNKNOWN,FALLBACK_BEHAVIORAL_PROXY,UNKNOWN,UNKNOWN,['FALLBACK_BEHAVIORAL_PROXY'],TRANSACTION_MONITOR,False,False,False,10080,20160,AML_INFO_QUEUE,LOW
43a36969-1c86-4ca2-a7b5-7c8ced646ab6,U-1004,U-1037,8070.62,INR,PAYMENT,UPI,62283.02,54212.4,10028.48,2026-09-27 05:19:22.718259+00:00,Delhi,True,1,D-30002,1345,NORMAL,LOW_RISK_PAYMENT,LOW,3,0.1967,989,60.2695,0.0873,7422.52,91929.38,41929.38,0,0,0,0,2085,0,0,0.0,0.0808,0.076,0.2708,86.75,77.13,1,0,0,0,0,4.32,0.1321,0,0,0,2,1,0,0,1,4,0,0,0,0,0.0969,0,0.0873,0,0.078,"['NORMAL', 'LOW_RISK_PAYMENT', 'NORMAL_PATTERN', 'LOW_VALUE_PAYMENT', 'SIM_BOUND', 'FALLBACK_BEHAVIORAL_PROXY', 'NEO4J_UNAVAILABLE', 'CLEARED']",2,ALLOW,ALLOW,INFO,CLEARED,0.0,0.0,0.0,0.0,0.0,0.0,0.0,0.0,0.0,UNKNOWN,FALLBACK_BEHAVIORAL_PROXY,UNKNOWN,UNKNOWN,['FALLBACK_BEHAVIORAL_PROXY'],TRANSACTION_MONITOR,False,False,False,10080,20160,AML_INFO_QUEUE,LOW
9e828577-5e9d-4e1f-9555-dd314166487d,U-1026,M-2012,6223.98,INR,TRANSFER,UPI,153279.96,147055.98,166606.71,2026-09-27 05:19:20.166843+00:00,Pune,True,1,D-30014,1706,NORMAL,LOW_RISK_PAYMENT,LOW,4,0.0849,397,27.5342,0.0173,6117.92,93776.02,43776.02,0,1,0,0,732,0,0,0.0,0.1595,0.1381,0.3183,95.49,83.71,1,0,0,0,0,4.1,0.036,0,0,0,2,1,0,0,3,3,3,0,0,0,0.0678,0,0.0173,0,0.0845,"['NORMAL', 'LOW_RISK_PAYMENT', 'NORMAL_PATTERN', 'LOW_VALUE_PAYMENT', 'SIM_BOUND', 'FALLBACK_BEHAVIORAL_PROXY', 'NEO4J_UNAVAILABLE', 'CLEARED']",2,ALLOW,ALLOW,INFO,CLEARED,0.0,0.0,0.0,0.0,0.0,0.0,0.0,0.0,0.0,UNKNOWN,FALLBACK_BEHAVIORAL_PROXY,UNKNOWN,UNKNOWN,['FALLBACK_BEHAVIORAL_PROXY'],TRANSACTION_MONITOR,False,False,False,10080,20160,AML_INFO_QUEUE,LOW
392f5c88-bd5a-47fd-a90f-4a05942fa63a,U-1012,M-2000,7813.18,INR,PAYMENT,NETBANKING,104761.76,96948.58,456611.21,2026-09-27 05:19:17.470779+00:00,Pune,True,1,D-30018,848,NORMAL,LOW_RISK_PAYMENT,LOW,4,0.1566,751,48.3732,0.0517,8239.18,92186.82,42186.82,0,0,0,0,2015,1,0,0.0,0.1456,0.2422,0.3261,84.96,89.79,1,0,0,0,0,5.66,0.1055,0,0,0,2,1,0,0,3,1,2,0,0,0,0.1229,0,0.0517,0,0.1357,"['NORMAL', 'LOW_RISK_PAYMENT', 'NORMAL_PATTERN', 'LOW_VALUE_PAYMENT', 'SIM_BOUND', 'FALLBACK_BEHAVIORAL_PROXY', 'NEO4J_UNAVAILABLE', 'CLEARED']",2,ALLOW,ALLOW,INFO,CLEARED,0.0,0.0,0.0,0.0,0.0,0.0,0.0,0.0,0.0,UNKNOWN,FALLBACK_BEHAVIORAL_PROXY,UNKNOWN,UNKNOWN,['FALLBACK_BEHAVIORAL_PROXY'],TRANSACTION_MONITOR,False,False,False,10080,20160,AML_INFO_QUEUE,LOW
3309dfbd-04c2-4885-8bfd-814dd2809e6a,U-1040,M-2029,27089.61,INR,TRANSFER,IMPS,118237.36,91147.75,622443.4,2026-09-27 05:19:14.929179+00:00,Mumbai,True,1,D-30042,703,P3_MONITOR,MILD_VELOCITY,P3,4,0.5056,225,595.2706,0.0732,29229.5,72910.39,22910.39,0,0,0,0,1429,2,0,0.357,0.6113,0.4883,0.357,74.34,65.13,0,0,0,0,0,4.14,0.2719,0,0,1,2,1,0,0,4,3,0,1,0,0,0.3892,0,0.0732,1,0.3158,"['P3_MONITOR', 'MILD_VELOCITY', 'WATCHLIST_PROXIMITY', 'DEVICE_REUSE', 'REALTIME_SCENARIO_BEHAVIOR_FALLBACK', 'ELEVATED_ACTIVITY_SEQUENCE', 'NEO4J_UNAVAILABLE', 'REALTIME_SCENARIO_GRAPH_FALLBACK', 'CLEARED']",2,ALLOW,ALLOW,INFO,CLEARED,0.3769,0.3769,0.6113,0.6113,0.4883,0.4883,0.357,0.357,0.0,UNKNOWN,ELEVATED_ACTIVITY_SEQUENCE,MEDIUM,UNKNOWN,"['Realtime scenario behavior fallback', 'ELEVATED_ACTIVITY_SEQUENCE']",TRANSACTION_MONITOR,False,False,False,10080,20160,AML_INFO_QUEUE,LOW
16f06776-5f55-476e-8bfa-c88f080d8daf,U-1023,M-2003,3796.06,INR,TRANSFER,NETBANKING,15184.28,11388.22,55592.47,2026-09-27 05:19:12.388078+00:00,Delhi,True,1,D-30003,740,NORMAL,LOW_RISK_PAYMENT,LOW,2,0.121,610,22.3113,0.0204,3874.92,96203.94,46203.94,0,0,0,0,613,0,1,0.0,0.0938,0.0352,0.0544,90.65,89.24,1,0,0,0,0,4.06,0.1314,0,0,0,2,1,0,0,1,3,1,0,0,0,0.1105,0,0.0204,0,0.1309,"['NORMAL', 'LOW_RISK_PAYMENT', 'NORMAL_PATTERN', 'LOW_VALUE_PAYMENT', 'SIM_BOUND', 'FALLBACK_BEHAVIORAL_PROXY', 'NEO4J_UNAVAILABLE', 'CLEARED']",2,ALLOW,ALLOW,INFO,CLEARED,0.0,0.0,0.0,0.0,0.0,0.0,0.0,0.0,0.0,UNKNOWN,FALLBACK_BEHAVIORAL_PROXY,UNKNOWN,UNKNOWN,['FALLBACK_BEHAVIORAL_PROXY'],TRANSACTION_MONITOR,False,False,False,10080,20160,AML_INFO_QUEUE,LOW
ea46b417-ddb9-4f6e-aaac-e46c67e5dc09,U-1045,M-2027,23032.78,INR,P2P,UPI,130234.79,107202.01,46378.59,2026-09-27 05:19:09.853623+00:00,Chennai,False,0,D-30041,207,P3_MONITOR,MILD_VELOCITY,P3,8,0.5192,185,533.5895,0.0094,22817.2,76967.22,26967.22,0,0,0,0,97,2,0,0.4107,0.5076,0.357,0.4107,63.92,77.81,1,0,0,0,0,4.06,0.3542,0,0,1,2,1,0,0,4,3,0,0,0,0,0.3183,0,0.0094,0,0.3685,"['P3_MONITOR', 'MILD_VELOCITY', 'WATCHLIST_PROXIMITY', 'DEVICE_REUSE', 'REALTIME_SCENARIO_BEHAVIOR_FALLBACK', 'ELEVATED_ACTIVITY_SEQUENCE', 'NEO4J_UNAVAILABLE', 'REALTIME_SCENARIO_GRAPH_FALLBACK', 'CLEARED']",2,ALLOW,ALLOW,INFO,CLEARED,0.3237,0.3237,0.5076,0.5076,0.357,0.357,0.4107,0.4107,0.0,UNKNOWN,ELEVATED_ACTIVITY_SEQUENCE,MEDIUM,UNKNOWN,"['Realtime scenario behavior fallback', 'ELEVATED_ACTIVITY_SEQUENCE']",TRANSACTION_MONITOR,False,False,False,10080,20160,AML_INFO_QUEUE,LOW
be91cecb-0f32-4e48-9e5c-e2152f275a4b,U-1015,M-2006,5713.87,INR,BILL,UPI,34442.95,28729.08,194600.76,2026-09-27 05:19:07.320038+00:00,Kolkata,True,1,D-30000,1461,NORMAL,LOW_RISK_PAYMENT,LOW,2,0.1729,1370,33.056,0.0428,5969.58,94286.13,44286.13,0,0,0,0,1316,1,0,0.0,0.2979,0.0567,0.1423,92.4,87.3,1,0,0,0,0,4.53,0.0345,0,0,0,1,1,0,0,1,4,0,0,0,0,0.1516,0,0.0428,0,0.0604,"['NORMAL', 'LOW_RISK_PAYMENT', 'NORMAL_PATTERN', 'LOW_VALUE_PAYMENT', 'SIM_BOUND', 'FALLBACK_BEHAVIORAL_PROXY', 'NEO4J_UNAVAILABLE', 'CLEARED']",2,ALLOW,ALLOW,INFO,CLEARED,0.0,0.0,0.0,0.0,0.0,0.0,0.0,0.0,0.0,UNKNOWN,FALLBACK_BEHAVIORAL_PROXY,UNKNOWN,UNKNOWN,['FALLBACK_BEHAVIORAL_PROXY'],TRANSACTION_MONITOR,False,False,False,10080,20160,AML_INFO_QUEUE,LOW
7a9752b6-9487-4aa6-bd46-4baf7311ce9a,U-1008,U-1032,5457.76,INR,P2P,NETBANKING,64033.87,58576.11,358375.49,2026-09-27 05:19:04.789543+00:00,Mumbai,True,1,D-30018,1005,NORMAL,LOW_RISK_PAYMENT,LOW,4,0.2607,926,27.9411,0.0738,5892.43,94542.24,44542.24,0,0,0,0,808,1,0,0.0,0.2451,0.1744,0.3198,96.92,83.42,1,0,0,0,0,5.21,0.1207,0,0,0,2,1,0,0,3,1,1,0,0,0,0.1103,0,0.0738,0,0.0736,"['NORMAL', 'LOW_RISK_PAYMENT', 'NORMAL_PATTERN', 'LOW_VALUE_PAYMENT', 'SIM_BOUND', 'FALLBACK_BEHAVIORAL_PROXY', 'NEO4J_UNAVAILABLE', 'CLEARED']",2,ALLOW,ALLOW,INFO,CLEARED,0.0,0.0,0.0,0.0,0.0,0.0,0.0,0.0,0.0,UNKNOWN,FALLBACK_BEHAVIORAL_PROXY,UNKNOWN,UNKNOWN,['FALLBACK_BEHAVIORAL_PROXY'],TRANSACTION_MONITOR,False,False,False,10080,20160,AML_INFO_QUEUE,LOW
b802f513-e297-4519-ba7f-f74c6abd4db5,U-1008,U-1036,201.46,INR,PAYMENT,CARD,182020.16,181818.7,191157.8,2026-09-27 05:19:02.258996+00:00,Kolkata,True,1,D-30024,618,NORMAL,LOW_RISK_PAYMENT,LOW,2,0.2234,1287,0.8511,0.0121,203.92,99798.54,49798.54,0,0,0,0,2211,0,0,0.0,0.0985,0.2057,0.3409,79.29,82.33,1,0,0,0,0,3.77,0.1056,0,0,0,2,1,0,0,1,2,0,0,0,0,0.1518,0,0.0121,0,0.1054,"['NORMAL', 'LOW_RISK_PAYMENT', 'NORMAL_PATTERN', 'LOW_VALUE_PAYMENT', 'SIM_BOUND', 'FALLBACK_BEHAVIORAL_PROXY', 'NEO4J_UNAVAILABLE', 'CLEARED']",2,ALLOW,ALLOW,INFO,CLEARED,0.0,0.0,0.0,0.0,0.0,0.0,0.0,0.0,0.0,UNKNOWN,FALLBACK_BEHAVIORAL_PROXY,UNKNOWN,UNKNOWN,['FALLBACK_BEHAVIORAL_PROXY'],TRANSACTION_MONITOR,False,False,False,10080,20160,AML_INFO_QUEUE,LOW
ff15ea31-a669-4e53-bfa3-3a6f4bc564bb,U-1014,M-2011,10963.66,INR,PAYMENT,CARD,62062.88,51099.22,370861.93,2026-09-27 05:18:59.718072+00:00,Kolkata,True,1,D-30003,944,NORMAL,LOW_RISK_PAYMENT,LOW,2,0.2819,926,62.7607,0.0335,10608.34,89036.34,39036.34,0,0,0,0,1309,0,0,0.0,0.1876,0.0784,0.1005,97.88,76.39,1,0,0,0,0,3.34,0.0927,0,0,0,2,1,0,0,1,2,2,0,0,0,0.1159,0,0.0335,0,0.0932,"['NORMAL', 'LOW_RISK_PAYMENT', 'NORMAL_PATTERN', 'LOW_VALUE_PAYMENT', 'SIM_BOUND', 'FALLBACK_BEHAVIORAL_PROXY', 'NEO4J_UNAVAILABLE', 'CLEARED']",2,ALLOW,ALLOW,INFO,CLEARED,0.0,0.0,0.0,0.0,0.0,0.0,0.0,0.0,0.0,UNKNOWN,FALLBACK_BEHAVIORAL_PROXY,UNKNOWN,UNKNOWN,['FALLBACK_BEHAVIORAL_PROXY'],TRANSACTION_MONITOR,False,False,False,10080,20160,AML_INFO_QUEUE,LOW
6740a259-97be-4cd9-b22c-78d8cbdb95ed,U-1001,U-1034,10163.86,INR,BILL,UPI,139123.59,128959.73,194721.09,2026-09-27 05:18:57.190797+00:00,Delhi,True,1,D-30017,1002,NORMAL,LOW_RISK_PAYMENT,LOW,4,0.0675,506,51.5564,0.0453,9723.53,89836.14,39836.14,0,0,0,0,2016,1,0,0.0,0.3331,0.0496,0.3235,81.11,93.65,1,0,0,0,0,6.45,0.1156,0,0,0,1,1,0,0,3,3,1,0,0,0,0.0983,0,0.0453,0,0.1224,"['NORMAL', 'LOW_RISK_PAYMENT', 'NORMAL_PATTERN', 'LOW_VALUE_PAYMENT', 'SIM_BOUND', 'FALLBACK_BEHAVIORAL_PROXY', 'NEO4J_UNAVAILABLE', 'CLEARED']",2,ALLOW,ALLOW,INFO,CLEARED,0.0,0.0,0.0,0.0,0.0,0.0,0.0,0.0,0.0,UNKNOWN,FALLBACK_BEHAVIORAL_PROXY,UNKNOWN,UNKNOWN,['FALLBACK_BEHAVIORAL_PROXY'],TRANSACTION_MONITOR,False,False,False,10080,20160,AML_INFO_QUEUE,LOW
75255014-c57e-458d-b338-7d4411db89a0,U-1002,M-2019,3301.07,INR,P2P,UPI,96194.21,92893.14,214167.17,2026-09-27 05:18:54.670330+00:00,Delhi,True,1,D-30021,697,NORMAL,LOW_RISK_PAYMENT,LOW,4,0.0762,839,34.1398,0.0924,3637.26,96698.93,46698.93,0,1,0,0,2025,1,1,0.0,0.0807,0.2218,0.2192,94.36,88.67,1,0,0,0,0,5.02,0.0312,0,0,0,2,1,0,0,3,1,3,0,0,0,0.0762,0,0.0924,0,0.0648,"['NORMAL', 'LOW_RISK_PAYMENT', 'NORMAL_PATTERN', 'LOW_VALUE_PAYMENT', 'SIM_BOUND', 'FALLBACK_BEHAVIORAL_PROXY', 'NEO4J_UNAVAILABLE', 'CLEARED']",2,ALLOW,ALLOW,INFO,CLEARED,0.0,0.0,0.0,0.0,0.0,0.0,0.0,0.0,0.0,UNKNOWN,FALLBACK_BEHAVIORAL_PROXY,UNKNOWN,UNKNOWN,['FALLBACK_BEHAVIORAL_PROXY'],TRANSACTION_MONITOR,False,False,False,10080,20160,AML_INFO_QUEUE,LOW
641e1b26-3180-483a-bac2-567c5e95bbd0,U-1046,M-2024,34274.15,INR,PAYMENT,CARD,204771.57,170497.42,556740.26,2026-09-27 05:18:52.020736+00:00,Kolkata,False,0,D-30023,358,P3_MONITOR,MILD_VELOCITY,P3,4,0.4836,164,549.9547,0.1593,40770.41,65725.85,15725.85,0,1,0,0,179,1,1,0.4515,0.6133,0.4628,0.4515,81.54,63.72,1,1,1,0,0,4.68,0.2308,0,0,2,1,1,0,0,4,2,0,1,0,0,0.384,0,0.1593,1,0.3577,"['P3_MONITOR', 'MILD_VELOCITY', 'WATCHLIST_PROXIMITY', 'DEVICE_REUSE', 'REALTIME_SCENARIO_BEHAVIOR_FALLBACK', 'ELEVATED_ACTIVITY_SEQUENCE', 'NEO4J_UNAVAILABLE', 'REALTIME_SCENARIO_GRAPH_FALLBACK', 'CLEARED']",2,ALLOW,ALLOW,INFO,CLEARED,0.39,0.39,0.6133,0.6133,0.4628,0.4628,0.4515,0.4515,0.0,UNKNOWN,ELEVATED_ACTIVITY_SEQUENCE,MEDIUM,UNKNOWN,"['Realtime scenario behavior fallback', 'ELEVATED_ACTIVITY_SEQUENCE']",TRANSACTION_MONITOR,False,False,False,10080,20160,AML_INFO_QUEUE,LOW
96b63403-25b5-494e-926a-f81378138357,U-1001,M-2012,1716.89,INR,TRANSFER,UPI,132715.34,130998.45,45051.39,2026-09-27 05:18:49.489099+00:00,Pune,True,1,D-30006,1417,NORMAL,LOW_RISK_PAYMENT,LOW,3,0.2776,399,10.3985,0.0776,1593.25,98283.11,48283.11,0,0,0,0,1639,0,0,0.0,0.0929,0.2288,0.3181,84.31,86.01,1,0,0,0,0,5.27,0.0779,0,0,0,1,1,0,0,1,3,0,0,0,0,0.0919,0,0.0776,0,0.1489,"['NORMAL', 'LOW_RISK_PAYMENT', 'NORMAL_PATTERN', 'LOW_VALUE_PAYMENT', 'SIM_BOUND', 'FALLBACK_BEHAVIORAL_PROXY', 'NEO4J_UNAVAILABLE', 'CLEARED']",2,ALLOW,ALLOW,INFO,CLEARED,0.0,0.0,0.0,0.0,0.0,0.0,0.0,0.0,0.0,UNKNOWN,FALLBACK_BEHAVIORAL_PROXY,UNKNOWN,UNKNOWN,['FALLBACK_BEHAVIORAL_PROXY'],TRANSACTION_MONITOR,False,False,False,10080,20160,AML_INFO_QUEUE,LOW
9a000599-8d80-467d-ac69-d1e362dadc60,U-1007,U-1037,4602.56,INR,TRANSFER,UPI,106286.86,101684.3,258855.18,2026-09-27 05:18:46.958633+00:00,Hyderabad,True,1,D-30001,1209,NORMAL,LOW_RISK_PAYMENT,LOW,4,0.1096,784,22.8299,0.0885,5049.39,95397.44,45397.44,0,0,0,0,1719,1,1,0.0,0.1187,0.1846,0.3173,87.6,83.11,1,0,0,0,0,4.39,0.1279,0,0,0,2,1,0,0,3,4,3,0,0,0,0.0838,0,0.0885,0,0.0466,"['NORMAL', 'LOW_RISK_PAYMENT', 'NORMAL_PATTERN', 'LOW_VALUE_PAYMENT', 'SIM_BOUND', 'FALLBACK_BEHAVIORAL_PROXY', 'NEO4J_UNAVAILABLE', 'CLEARED']",2,ALLOW,ALLOW,INFO,CLEARED,0.0,0.0,0.0,0.0,0.0,0.0,0.0,0.0,0.0,UNKNOWN,FALLBACK_BEHAVIORAL_PROXY,UNKNOWN,UNKNOWN,['FALLBACK_BEHAVIORAL_PROXY'],TRANSACTION_MONITOR,False,False,False,10080,20160,AML_INFO_QUEUE,LOW
5b9f9f8c-af89-4571-91c3-8df5cba9d1ef,U-1040,M-2026,44190.03,INR,PAYMENT,UPI,132757.57,88567.54,641549.58,2026-09-27 05:18:44.421363+00:00,Pune,True,1,D-30029,460,P3_MONITOR,MILD_VELOCITY,P3,5,0.4314,238,1317.226,0.1401,38759.31,55809.97,5809.97,0,0,0,0,964,1,2,0.4103,0.639,0.3841,0.4103,71.39,55.35,1,0,0,0,1,2.85,0.267,0,0,0,1,2,0,0,4,4,1,1,0,0,0.2645,0,0.1401,0,0.4767,"['P3_MONITOR', 'MILD_VELOCITY', 'WATCHLIST_PROXIMITY', 'DEVICE_REUSE', 'REALTIME_SCENARIO_BEHAVIOR_FALLBACK', 'ELEVATED_ACTIVITY_SEQUENCE', 'NEO4J_UNAVAILABLE', 'REALTIME_SCENARIO_GRAPH_FALLBACK', 'CLEARED']",2,ALLOW,ALLOW,INFO,CLEARED,0.3698,0.3698,0.639,0.639,0.3841,0.3841,0.4103,0.4103,0.0,UNKNOWN,ELEVATED_ACTIVITY_SEQUENCE,MEDIUM,UNKNOWN,"['Realtime scenario behavior fallback', 'ELEVATED_ACTIVITY_SEQUENCE']",TRANSACTION_MONITOR,False,False,False,10080,20160,AML_INFO_QUEUE,LOW
4b84f4f1-a63a-42f1-9d81-107da333e39b,U-1043,M-2022,27603.22,INR,P2P,IMPS,201824.01,174220.79,787942.09,2026-09-27 05:18:41.871600+00:00,Pune,True,1,D-30026,1044,P3_MONITOR,MILD_VELOCITY,P3,6,0.476,67,427.9686,0.0865,30218.4,72396.78,22396.78,0,1,0,0,418,1,0,0.3627,0.5073,0.422,0.3627,71.66,76.74,1,0,0,0,1,2.66,0.1929,0,0,0,3,2,0,0,4,2,1,1,0,0,0.2877,0,0.0865,1,0.3583,"['P3_MONITOR', 'MILD_VELOCITY', 'WATCHLIST_PROXIMITY', 'DEVICE_REUSE', 'REALTIME_SCENARIO_BEHAVIOR_FALLBACK', 'ELEVATED_ACTIVITY_SEQUENCE', 'NEO4J_UNAVAILABLE', 'REALTIME_SCENARIO_GRAPH_FALLBACK', 'CLEARED']",2,ALLOW,ALLOW,INFO,CLEARED,0.3302,0.3302,0.5073,0.5073,0.422,0.422,0.3627,0.3627,0.0,UNKNOWN,ELEVATED_ACTIVITY_SEQUENCE,MEDIUM,UNKNOWN,"['Realtime scenario behavior fallback', 'ELEVATED_ACTIVITY_SEQUENCE']",TRANSACTION_MONITOR,False,False,False,10080,20160,AML_INFO_QUEUE,LOW
f612a7a2-e5c8-4573-92e4-33346d91cfcd,U-1026,M-2006,10096.76,INR,PAYMENT,CARD,240037.3,229940.54,23903.76,2026-09-27 05:18:39.338537+00:00,Kolkata,True,1,D-30000,1054,NORMAL,LOW_RISK_PAYMENT,LOW,3,0.2936,744,89.0217,0.0049,10145.98,89903.24,39903.24,0,0,0,0,1427,1,1,0.0,0.1521,0.2259,0.0837,91.42,81.1,1,0,0,0,0,3.25,0.0302,0,0,0,1,1,0,0,1,4,0,0,0,0,0.1539,0,0.0049,0,0.0648,"['NORMAL', 'LOW_RISK_PAYMENT', 'NORMAL_PATTERN', 'LOW_VALUE_PAYMENT', 'SIM_BOUND', 'FALLBACK_BEHAVIORAL_PROXY', 'NEO4J_UNAVAILABLE', 'CLEARED']",2,ALLOW,ALLOW,INFO,CLEARED,0.0,0.0,0.0,0.0,0.0,0.0,0.0,0.0,0.0,UNKNOWN,FALLBACK_BEHAVIORAL_PROXY,UNKNOWN,UNKNOWN,['FALLBACK_BEHAVIORAL_PROXY'],TRANSACTION_MONITOR,False,False,False,10080,20160,AML_INFO_QUEUE,LOW
70b5e372-0760-4920-b688-473455114d67,U-1005,U-1038,10160.57,INR,BILL,UPI,129220.31,119059.74,737418.57,2026-09-27 05:18:36.785461+00:00,Delhi,True,1,D-30011,1401,NORMAL,LOW_RISK_PAYMENT,LOW,2,0.1306,1011,70.5395,0.0305,10480.21,89839.43,39839.43,0,0,0,0,343,1,0,0.0,0.2168,0.2344,0.306,94.54,87.87,1,0,0,0,0,6.15,0.0595,0,0,0,1,1,0,0,1,1,0,0,0,0,0.0988,0,0.0305,0,0.0938,"['NORMAL', 'LOW_RISK_PAYMENT', 'NORMAL_PATTERN', 'LOW_VALUE_PAYMENT', 'SIM_BOUND', 'FALLBACK_BEHAVIORAL_PROXY', 'NEO4J_UNAVAILABLE', 'CLEARED']",2,ALLOW,ALLOW,INFO,CLEARED,0.0,0.0,0.0,0.0,0.0,0.0,0.0,0.0,0.0,UNKNOWN,FALLBACK_BEHAVIORAL_PROXY,UNKNOWN,UNKNOWN,['FALLBACK_BEHAVIORAL_PROXY'],TRANSACTION_MONITOR,False,False,False,10080,20160,AML_INFO_QUEUE,LOW
5e3bee1d-f045-481c-8cb6-8fa638c63283,U-1012,U-1039,13616.95,INR,BILL,NETBANKING,72484.42,58867.47,386386.05,2026-09-27 05:18:34.272987+00:00,Kolkata,True,1,D-30023,1169,NORMAL,LOW_RISK_PAYMENT,LOW,2,0.141,1353,58.8394,0.0246,13959.87,86383.05,36383.05,0,0,0,0,1533,0,0,0.0,0.0658,0.0112,0.1368,93.3,80.39,1,0,0,0,0,4.51,0.1238,0,0,0,1,1,0,0,1,3,3,0,0,0,0.0862,0,0.0246,0,0.0425,"['NORMAL', 'LOW_RISK_PAYMENT', 'NORMAL_PATTERN', 'LOW_VALUE_PAYMENT', 'SIM_BOUND', 'FALLBACK_BEHAVIORAL_PROXY', 'NEO4J_UNAVAILABLE', 'CLEARED']",2,ALLOW,ALLOW,INFO,CLEARED,0.0,0.0,0.0,0.0,0.0,0.0,0.0,0.0,0.0,UNKNOWN,FALLBACK_BEHAVIORAL_PROXY,UNKNOWN,UNKNOWN,['FALLBACK_BEHAVIORAL_PROXY'],TRANSACTION_MONITOR,False,False,False,10080,20160,AML_INFO_QUEUE,LOW
6ee7bdd2-399f-44a6-a49d-14724c19846a,U-1052,M-2029,35716.57,INR,TRANSFER,UPI,110365.72,74649.15,496840.2,2026-09-27 05:18:31.758424+00:00,Pune,True,1,D-30033,534,P3_MONITOR,MILD_VELOCITY,P3,8,0.4333,235,475.8285,0.0424,34263.0,64283.43,14283.43,0,1,0,0,248,2,2,0.4627,0.5994,0.435,0.4627,58.99,75.31,1,1,0,0,0,2.63,0.2093,1,1,2,2,1,0,0,4,3,0,1,0,0,0.3345,0,0.0424,0,0.3324,"['P3_MONITOR', 'MILD_VELOCITY', 'WATCHLIST_PROXIMITY', 'DEVICE_REUSE', 'REALTIME_SCENARIO_BEHAVIOR_FALLBACK', 'ELEVATED_ACTIVITY_SEQUENCE', 'NEO4J_UNAVAILABLE', 'REALTIME_SCENARIO_GRAPH_FALLBACK', 'CLEARED']",2,ALLOW,ALLOW,INFO,CLEARED,0.3811,0.3811,0.5994,0.5994,0.435,0.435,0.4627,0.4627,0.0,UNKNOWN,ELEVATED_ACTIVITY_SEQUENCE,MEDIUM,UNKNOWN,"['Realtime scenario behavior fallback', 'ELEVATED_ACTIVITY_SEQUENCE', 'Connected to mule cluster']",TRANSACTION_MONITOR,False,False,False,10080,20160,AML_INFO_QUEUE,LOW
041440d0-b05d-452d-aaca-6effd8a8ae3d,U-1022,M-2009,2492.55,INR,P2P,CARD,118595.52,116102.97,304342.44,2026-09-27 05:18:29.238490+00:00,Bengaluru,True,1,D-30010,581,NORMAL,LOW_RISK_PAYMENT,LOW,3,0.078,484,13.925,0.0396,2397.53,97507.45,47507.45,0,0,0,0,808,0,0,0.0,0.3104,0.1658,0.1858,89.16,93.09,1,0,0,0,0,5.78,0.1131,0,0,0,1,1,0,0,1,3,0,0,0,0,0.1193,0,0.0396,0,0.0526,"['NORMAL', 'LOW_RISK_PAYMENT', 'NORMAL_PATTERN', 'LOW_VALUE_PAYMENT', 'SIM_BOUND', 'FALLBACK_BEHAVIORAL_PROXY', 'NEO4J_UNAVAILABLE', 'CLEARED']",2,ALLOW,ALLOW,INFO,CLEARED,0.0,0.0,0.0,0.0,0.0,0.0,0.0,0.0,0.0,UNKNOWN,FALLBACK_BEHAVIORAL_PROXY,UNKNOWN,UNKNOWN,['FALLBACK_BEHAVIORAL_PROXY'],TRANSACTION_MONITOR,False,False,False,10080,20160,AML_INFO_QUEUE,LOW
32ada81e-8e9c-4639-b20b-6721eff22df5,U-1007,M-2008,7184.21,INR,BILL,CARD,222204.36,215020.15,601409.55,2026-09-27 05:18:26.702288+00:00,Mumbai,True,1,D-30005,1613,NORMAL,LOW_RISK_PAYMENT,LOW,2,0.1486,310,34.5556,0.0984,7968.09,92815.79,42815.79,0,0,0,0,862,0,1,0.0,0.0694,0.0626,0.1697,93.16,85.33,1,0,0,0,0,4.74,0.083,0,0,0,2,1,0,0,1,2,1,0,0,0,0.1571,0,0.0984,0,0.1135,"['NORMAL', 'LOW_RISK_PAYMENT', 'NORMAL_PATTERN', 'LOW_VALUE_PAYMENT', 'SIM_BOUND', 'FALLBACK_BEHAVIORAL_PROXY', 'NEO4J_UNAVAILABLE', 'CLEARED']",2,ALLOW,ALLOW,INFO,CLEARED,0.0,0.0,0.0,0.0,0.0,0.0,0.0,0.0,0.0,UNKNOWN,FALLBACK_BEHAVIORAL_PROXY,UNKNOWN,UNKNOWN,['FALLBACK_BEHAVIORAL_PROXY'],TRANSACTION_MONITOR,False,False,False,10080,20160,AML_INFO_QUEUE,LOW
2d8fac15-563d-4b7a-9b24-808cfd21927b,U-1016,M-2010,9543.42,INR,BILL,CARD,135572.56,126029.14,414874.55,2026-09-27 05:18:24.201867+00:00,Pune,True,1,D-30001,749,NORMAL,LOW_RISK_PAYMENT,LOW,2,0.2638,549,44.049,0.0984,8688.26,90456.58,40456.58,0,1,0,0,1661,1,0,0.0,0.2328,0.1631,0.2854,90.23,77.29,1,0,0,0,0,4.82,0.111,0,0,0,2,1,0,0,1,4,2,0,0,0,0.1335,0,0.0984,0,0.1236,"['NORMAL', 'LOW_RISK_PAYMENT', 'NORMAL_PATTERN', 'LOW_VALUE_PAYMENT', 'SIM_BOUND', 'FALLBACK_BEHAVIORAL_PROXY', 'NEO4J_UNAVAILABLE', 'CLEARED']",2,ALLOW,ALLOW,INFO,CLEARED,0.0,0.0,0.0,0.0,0.0,0.0,0.0,0.0,0.0,UNKNOWN,FALLBACK_BEHAVIORAL_PROXY,UNKNOWN,UNKNOWN,['FALLBACK_BEHAVIORAL_PROXY'],TRANSACTION_MONITOR,False,False,False,10080,20160,AML_INFO_QUEUE,LOW
b95e6e5c-31a9-4a77-9193-a66f62b4d4c1,U-1050,M-2027,39920.46,INR,TRANSFER,UPI,279600.28,239679.82,60018.61,2026-09-27 05:18:21.663678+00:00,Kolkata,True,1,D-30032,313,P3_MONITOR,MILD_VELOCITY,P3,8,0.5093,132,1488.601,0.0346,38586.38,60079.54,10079.54,0,0,0,0,315,2,0,0.4252,0.5575,0.5266,0.4252,70.31,65.22,1,0,1,0,0,3.3,0.3723,0,0,0,2,2,0,0,4,5,0,1,0,0,0.2335,0,0.0346,1,0.4494,"['P3_MONITOR', 'MILD_VELOCITY', 'WATCHLIST_PROXIMITY', 'DEVICE_REUSE', 'REALTIME_SCENARIO_BEHAVIOR_FALLBACK', 'ELEVATED_ACTIVITY_SEQUENCE', 'NEO4J_UNAVAILABLE', 'REALTIME_SCENARIO_GRAPH_FALLBACK', 'CLEARED']",2,ALLOW,ALLOW,INFO,CLEARED,0.3839,0.3839,0.5575,0.5575,0.5266,0.5266,0.4252,0.4252,0.0,UNKNOWN,ELEVATED_ACTIVITY_SEQUENCE,MEDIUM,UNKNOWN,"['Realtime scenario behavior fallback', 'ELEVATED_ACTIVITY_SEQUENCE']",TRANSACTION_MONITOR,False,False,False,10080,20160,AML_INFO_QUEUE,LOW
2cc53965-78cb-4b77-a0af-a76f50031b47,U-1019,M-2016,11815.23,INR,BILL,CARD,79075.41,67260.18,474712.43,2026-09-27 05:18:19.140560+00:00,Bengaluru,True,1,D-30010,836,NORMAL,LOW_RISK_PAYMENT,LOW,3,0.2249,1295,71.9119,0.0803,12847.08,88184.77,38184.77,0,0,0,0,2328,0,1,0.0,0.1781,0.1507,0.3105,83.77,81.55,1,0,0,0,0,5.25,0.1479,0,0,0,1,1,0,0,1,1,3,0,0,0,0.1372,0,0.0803,0,0.1083,"['NORMAL', 'LOW_RISK_PAYMENT', 'NORMAL_PATTERN', 'LOW_VALUE_PAYMENT', 'SIM_BOUND', 'FALLBACK_BEHAVIORAL_PROXY', 'NEO4J_UNAVAILABLE', 'CLEARED']",2,ALLOW,ALLOW,INFO,CLEARED,0.0,0.0,0.0,0.0,0.0,0.0,0.0,0.0,0.0,UNKNOWN,FALLBACK_BEHAVIORAL_PROXY,UNKNOWN,UNKNOWN,['FALLBACK_BEHAVIORAL_PROXY'],TRANSACTION_MONITOR,False,False,False,10080,20160,AML_INFO_QUEUE,LOW
ba1d9a2f-b975-4820-a660-0c352ba7ce5f,U-1044,M-2027,23509.35,INR,P2P,CARD,164606.51,141097.16,192413.86,2026-09-27 05:18:16.622790+00:00,Delhi,False,0,D-30037,609,P3_MONITOR,MILD_VELOCITY,P3,5,0.5464,218,470.8735,0.1541,27791.88,76490.65,26490.65,0,0,0,0,167,3,2,0.4934,0.6035,0.5435,0.4934,77.86,60.24,1,0,0,0,0,1.67,0.1801,0,0,1,1,2,0,0,4,2,0,0,0,0,0.3766,0,0.1541,0,0.3531,"['P3_MONITOR', 'MILD_VELOCITY', 'WATCHLIST_PROXIMITY', 'DEVICE_REUSE', 'REALTIME_SCENARIO_BEHAVIOR_FALLBACK', 'ELEVATED_ACTIVITY_SEQUENCE', 'NEO4J_UNAVAILABLE', 'REALTIME_SCENARIO_GRAPH_FALLBACK', 'CLEARED']",2,ALLOW,ALLOW,INFO,CLEARED,0.4156,0.4156,0.6035,0.6035,0.5435,0.5435,0.4934,0.4934,0.0,UNKNOWN,ELEVATED_ACTIVITY_SEQUENCE,MEDIUM,UNKNOWN,"['Realtime scenario behavior fallback', 'ELEVATED_ACTIVITY_SEQUENCE']",TRANSACTION_MONITOR,False,False,False,10080,20160,AML_INFO_QUEUE,LOW
65a14d30-2338-4281-8349-eb14e7e151f8,U-1013,U-1039,11094.91,INR,P2P,UPI,147135.25,136040.34,124404.19,2026-09-27 05:18:14.096703+00:00,Pune,True,1,D-30004,1847,NORMAL,LOW_RISK_PAYMENT,LOW,3,0.0594,624,121.4752,0.0026,11065.69,88905.09,38905.09,0,0,0,0,2179,1,1,0.0,0.3428,0.2131,0.206,85.47,94.79,1,0,0,0,0,4.23,0.1003,0,0,0,2,1,0,0,1,4,1,0,0,0,0.0501,0,0.0026,0,0.1159,"['NORMAL', 'LOW_RISK_PAYMENT', 'NORMAL_PATTERN', 'LOW_VALUE_PAYMENT', 'SIM_BOUND', 'FALLBACK_BEHAVIORAL_PROXY', 'NEO4J_UNAVAILABLE', 'CLEARED']",2,ALLOW,ALLOW,INFO,CLEARED,0.0,0.0,0.0,0.0,0.0,0.0,0.0,0.0,0.0,UNKNOWN,FALLBACK_BEHAVIORAL_PROXY,UNKNOWN,UNKNOWN,['FALLBACK_BEHAVIORAL_PROXY'],TRANSACTION_MONITOR,False,False,False,10080,20160,AML_INFO_QUEUE,LOW
56065489-c058-421b-ae0e-f5545efab7b7,U-1080,U-1089,49231.25,INR,STRUCTURING,NEFT,51687.41,2456.16,787138.75,2026-09-27 05:18:11.322223+00:00,Mumbai,False,0,D-30082,98,P1_CRITICAL,STRUCTURING,P1,29,0.9525,5,10766.2325,0.0476,51694.2,50768.75,768.75,1,0,0,1,58,9,7,0.9148,0.9297,0.9582,0.9148,25.27,15.36,0,1,1,1,1,0.6,0.8001,5,5,25,9,9,1,1,45,9,0,1,1,1,0.9136,1,0.9136,1,0.9533,"['P1_CRITICAL', 'STRUCTURING', 'NEAR_THRESHOLD', 'HIGH_VALUE_TRANSFER', 'REALTIME_SCENARIO_BEHAVIOR_FALLBACK', 'GATHER_SCATTER', 'NEO4J_UNAVAILABLE', 'REALTIME_SCENARIO_GRAPH_FALLBACK', 'CRITICAL_RISK', 'URGENT_REVIEW']",1,BLOCK,BLOCK,P1,BLOCKED,0.9514,0.9514,0.9297,0.9297,0.9582,0.9582,0.9148,0.9148,1.0,UNKNOWN,GATHER_SCATTER,CRITICAL,UNKNOWN,"['Critical mule laundering pattern detected', 'Realtime scenario behavior fallback', 'GATHER_SCATTER', 'Connected to mule cluster']",TRANSACTION_SUSPECT,False,True,True,15,20,AML_CRITICAL_QUEUE,CRITICAL
e44b8e5a-7105-418f-bd46-60df8d23daa9,U-1069,U-1074,54277.82,INR,LAYERING_STEP,NEFT,359589.1,305311.28,195686.51,2026-09-27 05:18:08.626974+00:00,Pune,False,0,D-30060,135,P2_REVIEW,LAYERING,P2,13,0.6158,24,5407.2265,0.0391,52236.92,45722.18,4277.82,0,0,0,0,172,4,5,0.8697,0.8009,0.6749,0.8697,48.79,28.25,0,1,1,0,1,2.33,0.6521,5,5,7,6,5,1,1,12,2,0,1,1,1,0.7407,0,0.0391,1,0.7379,"['P2_REVIEW', 'LAYERING', 'LAYERING_CHAIN', 'MULE_CLUSTER', 'SHORT_FORWARDING_DELAY', 'SIM_NOT_BOUND', 'REALTIME_SCENARIO_BEHAVIOR_FALLBACK', 'LAUNDERING_FLOW', 'HIGH_VALUE_TRANSFER', 'NEO4J_UNAVAILABLE', 'REALTIME_SCENARIO_GRAPH_FALLBACK', 'MONITORING', 'ELEVATED_ACTIVITY']",1,MONITOR,SOFT_NUDGE,P3,MONITORING,0.5829,0.5829,0.8009,0.8009,0.6749,0.6749,0.8697,0.8697,0.0,UNKNOWN,LAUNDERING_FLOW,HIGH,UNKNOWN,"['Realtime scenario behavior fallback', 'LAUNDERING_FLOW', 'Connected to mule cluster']",TRANSACTION_SUSPECT,True,False,False,1440,2880,AML_MONITORING_QUEUE,MEDIUM
5861ba52-1100-4217-ad72-459f603a88da,U-1002,M-2003,11987.06,INR,P2P,CARD,53151.2,41164.14,218919.11,2026-09-27 05:18:06.082042+00:00,Bengaluru,True,1,D-30021,1638,NORMAL,LOW_RISK_PAYMENT,LOW,2,0.0551,640,69.8185,0.0544,12676.86,88012.94,38012.94,0,0,0,0,2317,0,0,0.0,0.3283,0.0307,0.1661,79.07,83.33,1,0,0,0,0,3.29,0.1018,0,0,0,1,1,0,0,1,1,1,0,0,0,0.0613,0,0.0544,0,0.0545,"['NORMAL', 'LOW_RISK_PAYMENT', 'NORMAL_PATTERN', 'LOW_VALUE_PAYMENT', 'SIM_BOUND', 'FALLBACK_BEHAVIORAL_PROXY', 'NEO4J_UNAVAILABLE', 'CLEARED']",2,ALLOW,ALLOW,INFO,CLEARED,0.0,0.0,0.0,0.0,0.0,0.0,0.0,0.0,0.0,UNKNOWN,FALLBACK_BEHAVIORAL_PROXY,UNKNOWN,UNKNOWN,['FALLBACK_BEHAVIORAL_PROXY'],TRANSACTION_MONITOR,False,False,False,10080,20160,AML_INFO_QUEUE,LOW
8055f27c-67cf-4550-bde9-eaf8d91516fe,U-1080,U-1098,282449.15,INR,LAYERING_STEP,NEFT,291584.78,9135.63,506014.28,2026-09-27 05:18:03.203869+00:00,Bengaluru,False,0,D-30098,129,P1_CRITICAL,LAYERING,P1,41,0.9687,3,47860.5002,0.0409,294498.75,182449.15,232449.15,1,0,0,0,40,15,11,0.9782,0.9338,0.9046,0.9782,10.07,19.37,0,1,1,1,1,2.05,0.7963,13,13,14,9,6,1,1,44,10,0,1,1,1,0.9625,0,0.0409,1,0.9511,"['P1_CRITICAL', 'LAYERING', 'LAYERING_CHAIN', 'MULE_CLUSTER', 'SHORT_FORWARDING_DELAY', 'SIM_NOT_BOUND', 'REALTIME_SCENARIO_BEHAVIOR_FALLBACK', 'GATHER_SCATTER', 'HIGH_VALUE_TRANSFER', 'VERY_HIGH_VALUE_TRANSACTION', 'NEO4J_UNAVAILABLE', 'REALTIME_SCENARIO_GRAPH_FALLBACK', 'CRITICAL_RISK', 'URGENT_REVIEW']",1,BLOCK,BLOCK,P1,BLOCKED,0.9519,0.9519,0.9338,0.9338,0.9046,0.9046,0.9782,0.9782,1.0,UNKNOWN,GATHER_SCATTER,CRITICAL,UNKNOWN,"['Critical mule laundering pattern detected', 'Realtime scenario behavior fallback', 'GATHER_SCATTER', 'Connected to mule cluster']",TRANSACTION_SUSPECT,False,True,True,15,20,AML_CRITICAL_QUEUE,CRITICAL
b83b6f13-123a-4742-a620-7d9632a1a7cc,U-1045,M-2022,44545.79,INR,TRANSFER,IMPS,144159.53,99613.74,470841.32,2026-09-27 05:16:09.078262+00:00,Hyderabad,True,1,D-30044,748,P3_MONITOR,MILD_VELOCITY,P3,74,0.433,202,717.511,0.2743,34958.12,55454.21,5454.21,0,0,0,0,845,3,2,0.4725,0.5501,0.4787,0.4725,60.02,76.89,1,1,0,0,0,4.65,0.337,1,1,2,2,2,0,0,73,2,1,1,0,0,0.3975,0,0.2743,1,0.4969,"['P3_MONITOR', 'MILD_VELOCITY', 'WATCHLIST_PROXIMITY', 'DEVICE_REUSE', 'REALTIME_SCENARIO_BEHAVIOR_FALLBACK', 'ELEVATED_ACTIVITY_SEQUENCE', 'NEO4J_UNAVAILABLE', 'REALTIME_SCENARIO_GRAPH_FALLBACK', 'CLEARED']",8,ALLOW,ALLOW,INFO,CLEARED,0.3792,0.3792,0.5501,0.5501,0.4787,0.4787,0.4725,0.4725,0.0,UNKNOWN,ELEVATED_ACTIVITY_SEQUENCE,MEDIUM,UNKNOWN,"['Realtime scenario behavior fallback', 'ELEVATED_ACTIVITY_SEQUENCE', 'Connected to mule cluster']",TRANSACTION_MONITOR,False,False,False,10080,20160,AML_INFO_QUEUE,LOW
21e18310-ac9c-416e-832d-12cf0d3572cb,U-1003,M-2002,8576.28,INR,BILL,NETBANKING,97676.1,89099.82,657144.35,2026-09-27 05:16:06.545977+00:00,Hyderabad,True,1,D-30024,800,NORMAL,LOW_RISK_PAYMENT,LOW,90,0.0993,1384,66.7532,0.0091,8498.95,91423.72,41423.72,0,0,0,0,2187,1,1,0.0,0.1906,0.0979,0.0959,96.62,92.09,1,0,0,0,0,2.88,0.1018,0,0,0,1,1,0,0,3,2,0,0,0,0,0.1279,0,0.0091,0,0.0486,"['NORMAL', 'LOW_RISK_PAYMENT', 'NORMAL_PATTERN', 'LOW_VALUE_PAYMENT', 'SIM_BOUND', 'FALLBACK_BEHAVIORAL_PROXY', 'NEO4J_UNAVAILABLE', 'CLEARED']",4,ALLOW,ALLOW,INFO,CLEARED,0.0,0.0,0.0,0.0,0.0,0.0,0.0,0.0,0.0,UNKNOWN,FALLBACK_BEHAVIORAL_PROXY,UNKNOWN,UNKNOWN,['FALLBACK_BEHAVIORAL_PROXY'],TRANSACTION_MONITOR,False,False,False,10080,20160,AML_INFO_QUEUE,LOW
7b6bd9ff-776b-467d-894d-c32bb87762fe,U-1058,U-1076,57291.5,INR,GATHER_SCATTER,NEFT,153381.3,96089.8,675953.64,2026-09-27 05:16:03.987917+00:00,Pune,False,0,D-30061,63,P2_REVIEW,GATHER_SCATTER,P2,18,0.7836,41,5942.2648,0.0303,55604.89,42708.5,7291.5,0,0,0,0,49,5,6,0.817,0.8032,0.7056,0.817,63.57,46.53,0,1,1,0,1,1.91,0.5068,3,3,6,3,5,1,1,10,6,0,1,1,1,0.6949,0,0.0303,1,0.7461,"['P2_REVIEW', 'GATHER_SCATTER', 'RAPID_DRAIN', 'MULE_CLUSTER', 'SIM_NOT_BOUND', 'REALTIME_SCENARIO_BEHAVIOR_FALLBACK', 'LAUNDERING_FLOW', 'HIGH_VALUE_TRANSFER', 'NEO4J_UNAVAILABLE', 'REALTIME_SCENARIO_GRAPH_FALLBACK', 'MONITORING', 'ELEVATED_ACTIVITY']",1,MONITOR,SOFT_NUDGE,P3,MONITORING,0.5808,0.5808,0.8032,0.8032,0.7056,0.7056,0.817,0.817,0.0,UNKNOWN,LAUNDERING_FLOW,HIGH,UNKNOWN,"['Realtime scenario behavior fallback', 'LAUNDERING_FLOW', 'Connected to mule cluster']",TRANSACTION_SUSPECT,True,False,False,1440,2880,AML_MONITORING_QUEUE,MEDIUM
434c7dec-ef59-4cbd-8ff9-ad26b81689ec,U-1008,M-2002,10020.91,INR,PAYMENT,CARD,248892.04,238871.13,541809.57,2026-09-27 05:16:01.479066+00:00,Kolkata,True,1,D-30005,971,NORMAL,LOW_RISK_PAYMENT,LOW,106,0.2438,1343,83.5263,0.059,9462.38,89979.09,39979.09,0,0,0,0,1527,0,0,0.0,0.1609,0.0476,0.0541,95.0,81.25,1,0,0,0,0,4.95,0.0738,0,0,0,2,1,0,0,3,4,0,0,0,0,0.1352,0,0.059,0,0.1146,"['NORMAL', 'LOW_RISK_PAYMENT', 'NORMAL_PATTERN', 'LOW_VALUE_PAYMENT', 'SIM_BOUND', 'FALLBACK_BEHAVIORAL_PROXY', 'NEO4J_UNAVAILABLE', 'CLEARED']",10,ALLOW,ALLOW,INFO,CLEARED,0.0,0.0,0.0,0.0,0.0,0.0,0.0,0.0,0.0,UNKNOWN,FALLBACK_BEHAVIORAL_PROXY,UNKNOWN,UNKNOWN,['FALLBACK_BEHAVIORAL_PROXY'],TRANSACTION_MONITOR,False,False,False,10080,20160,AML_INFO_QUEUE,LOW
be23247b-830a-489a-b3e4-3a2b099210d2,U-1008,U-1031,13308.34,INR,TRANSFER,NETBANKING,63284.0,49975.66,411360.18,2026-09-27 05:15:58.968614+00:00,Pune,True,1,D-30019,1716,NORMAL,LOW_RISK_PAYMENT,LOW,104,0.2019,695,140.5181,0.1199,11883.63,86691.66,36691.66,0,0,0,0,2329,0,0,0.0,0.2363,0.1518,0.1408,84.05,91.53,1,0,0,0,0,5.04,0.0666,0,0,0,1,1,0,0,3,3,2,0,0,0,0.0488,0,0.1199,0,0.1014,"['NORMAL', 'LOW_RISK_PAYMENT', 'NORMAL_PATTERN', 'LOW_VALUE_PAYMENT', 'SIM_BOUND', 'FALLBACK_BEHAVIORAL_PROXY', 'NEO4J_UNAVAILABLE', 'CLEARED']",4,ALLOW,ALLOW,INFO,CLEARED,0.0,0.0,0.0,0.0,0.0,0.0,0.0,0.0,0.0,UNKNOWN,FALLBACK_BEHAVIORAL_PROXY,UNKNOWN,UNKNOWN,['FALLBACK_BEHAVIORAL_PROXY'],TRANSACTION_MONITOR,False,False,False,10080,20160,AML_INFO_QUEUE,LOW
dd568733-14f0-46d1-8e53-f4c255ad338c,U-1017,M-2002,8805.53,INR,BILL,NETBANKING,178101.27,169295.74,156410.39,2026-09-27 05:15:56.454394+00:00,Bengaluru,True,1,D-30001,1509,NORMAL,LOW_RISK_PAYMENT,LOW,92,0.295,1298,65.595,0.0871,9645.51,91194.47,41194.47,0,0,0,0,1009,1,1,0.0,0.2157,0.0753,0.3402,93.26,85.18,1,0,0,0,0,2.0,0.0294,0,0,0,1,1,0,0,3,4,1,0,0,0,0.045,0,0.0871,0,0.1543,"['NORMAL', 'LOW_RISK_PAYMENT', 'NORMAL_PATTERN', 'LOW_VALUE_PAYMENT', 'SIM_BOUND', 'FALLBACK_BEHAVIORAL_PROXY', 'NEO4J_UNAVAILABLE', 'CLEARED']",8,ALLOW,ALLOW,INFO,CLEARED,0.0,0.0,0.0,0.0,0.0,0.0,0.0,0.0,0.0,UNKNOWN,FALLBACK_BEHAVIORAL_PROXY,UNKNOWN,UNKNOWN,['FALLBACK_BEHAVIORAL_PROXY'],TRANSACTION_MONITOR,False,False,False,10080,20160,AML_INFO_QUEUE,LOW
e52fc222-5765-4ef9-b67f-cf1073bd1a91,U-1010,M-2012,9547.36,INR,P2P,NETBANKING,106833.27,97285.91,748324.18,2026-09-27 05:15:53.968811+00:00,Delhi,True,1,D-30023,465,NORMAL,LOW_RISK_PAYMENT,LOW,104,0.1587,1273,44.3276,0.0689,10253.53,90452.64,40452.64,0,0,0,0,289,0,0,0.0,0.311,0.2323,0.2475,88.68,92.16,1,0,0,0,0,6.06,0.1339,0,0,0,2,1,0,0,3,4,3,0,0,0,0.1092,0,0.0689,0,0.1424,"['NORMAL', 'LOW_RISK_PAYMENT', 'NORMAL_PATTERN', 'LOW_VALUE_PAYMENT', 'SIM_BOUND', 'FALLBACK_BEHAVIORAL_PROXY', 'NEO4J_UNAVAILABLE', 'CLEARED']",6,ALLOW,ALLOW,INFO,CLEARED,0.0,0.0,0.0,0.0,0.0,0.0,0.0,0.0,0.0,UNKNOWN,FALLBACK_BEHAVIORAL_PROXY,UNKNOWN,UNKNOWN,['FALLBACK_BEHAVIORAL_PROXY'],TRANSACTION_MONITOR,False,False,False,10080,20160,AML_INFO_QUEUE,LOW
7a575b9f-d6de-4e17-b441-494435cbe093,U-1078,U-1092,99473.02,INR,STRUCTURING,NEFT,107825.32,8352.3,526844.27,2026-09-27 05:15:51.347407+00:00,Kolkata,False,0,D-30083,226,P1_CRITICAL,STRUCTURING,P1,34,0.9225,1,11698.5707,0.0586,93964.76,526.98,49473.02,0,1,0,1,17,19,12,0.9864,0.9097,0.9757,0.9864,22.6,18.79,0,1,1,0,1,2.22,0.7621,14,14,14,9,8,1,1,33,7,0,1,1,1,0.9751,1,0.9751,1,0.9501,"['P1_CRITICAL', 'STRUCTURING', 'NEAR_THRESHOLD', 'HIGH_VALUE_TRANSFER', 'REALTIME_SCENARIO_BEHAVIOR_FALLBACK', 'GATHER_SCATTER', 'NEO4J_UNAVAILABLE', 'REALTIME_SCENARIO_GRAPH_FALLBACK', 'CRITICAL_RISK', 'URGENT_REVIEW']",2,BLOCK,BLOCK,P1,BLOCKED,0.9641,0.9641,0.9097,0.9097,0.9757,0.9757,0.9864,0.9864,1.0,UNKNOWN,GATHER_SCATTER,CRITICAL,UNKNOWN,"['Critical mule laundering pattern detected', 'Realtime scenario behavior fallback', 'GATHER_SCATTER', 'Connected to mule cluster']",TRANSACTION_SUSPECT,False,True,True,15,20,AML_CRITICAL_QUEUE,CRITICAL
82234d58-e8b7-4703-8a40-a38aa415a238,U-1000,M-2004,11979.6,INR,PAYMENT,NETBANKING,71323.03,59343.43,555259.46,2026-09-27 05:15:48.830311+00:00,Chennai,True,1,D-30019,1460,NORMAL,LOW_RISK_PAYMENT,LOW,100,0.1446,981,121.686,0.0422,12507.13,88020.4,38020.4,0,1,0,0,1740,0,0,0.0,0.0859,0.0246,0.1049,87.23,88.1,1,0,0,0,0,2.41,0.0479,0,0,0,2,1,0,0,3,4,1,0,0,0,0.148,0,0.0422,0,0.1038,"['NORMAL', 'LOW_RISK_PAYMENT', 'NORMAL_PATTERN', 'LOW_VALUE_PAYMENT', 'SIM_BOUND', 'FALLBACK_BEHAVIORAL_PROXY', 'NEO4J_UNAVAILABLE', 'CLEARED']",4,ALLOW,ALLOW,INFO,CLEARED,0.0,0.0,0.0,0.0,0.0,0.0,0.0,0.0,0.0,UNKNOWN,FALLBACK_BEHAVIORAL_PROXY,UNKNOWN,UNKNOWN,['FALLBACK_BEHAVIORAL_PROXY'],TRANSACTION_MONITOR,False,False,False,10080,20160,AML_INFO_QUEUE,LOW
a0122f8e-8622-4264-9481-b5c102e2cdd3,U-1007,M-2000,2586.7,INR,P2P,CARD,60717.88,58131.18,221925.99,2026-09-27 05:15:46.295058+00:00,Hyderabad,True,1,D-30001,1423,NORMAL,LOW_RISK_PAYMENT,LOW,84,0.2666,781,13.8251,0.0383,2689.74,97413.3,47413.3,0,0,0,0,1591,0,0,0.0,0.3327,0.2342,0.0635,85.03,84.97,1,0,0,0,0,2.73,0.0736,0,0,0,1,1,0,0,3,4,2,0,0,0,0.1261,0,0.0383,0,0.0923,"['NORMAL', 'LOW_RISK_PAYMENT', 'NORMAL_PATTERN', 'LOW_VALUE_PAYMENT', 'SIM_BOUND', 'FALLBACK_BEHAVIORAL_PROXY', 'NEO4J_UNAVAILABLE', 'CLEARED']",6,ALLOW,ALLOW,INFO,CLEARED,0.0,0.0,0.0,0.0,0.0,0.0,0.0,0.0,0.0,UNKNOWN,FALLBACK_BEHAVIORAL_PROXY,UNKNOWN,UNKNOWN,['FALLBACK_BEHAVIORAL_PROXY'],TRANSACTION_MONITOR,False,False,False,10080,20160,AML_INFO_QUEUE,LOW
91712f2c-07c7-4793-9827-d7e62d9f238d,U-1021,M-2008,1998.7,INR,P2P,UPI,147589.16,145590.46,558734.9,2026-09-27 05:15:43.747486+00:00,Chennai,True,1,D-30014,940,NORMAL,LOW_RISK_PAYMENT,LOW,92,0.2824,486,14.8048,0.1185,1786.96,98001.3,48001.3,0,1,0,0,675,0,1,0.0,0.2592,0.1092,0.069,97.5,92.26,1,0,0,0,0,6.18,0.0571,0,0,0,1,1,0,0,3,3,2,0,0,0,0.1522,0,0.1185,0,0.1038,"['NORMAL', 'LOW_RISK_PAYMENT', 'NORMAL_PATTERN', 'LOW_VALUE_PAYMENT', 'SIM_BOUND', 'FALLBACK_BEHAVIORAL_PROXY', 'NEO4J_UNAVAILABLE', 'CLEARED']",6,ALLOW,ALLOW,INFO,CLEARED,0.0,0.0,0.0,0.0,0.0,0.0,0.0,0.0,0.0,UNKNOWN,FALLBACK_BEHAVIORAL_PROXY,UNKNOWN,UNKNOWN,['FALLBACK_BEHAVIORAL_PROXY'],TRANSACTION_MONITOR,False,False,False,10080,20160,AML_INFO_QUEUE,LOW
4435c7de-8b1a-4a5a-a7ad-3ffe1d5fe7a7,U-1065,U-1075,99449.92,INR,STRUCTURING,UPI,358704.99,259255.07,235771.34,2026-09-27 05:15:41.151974+00:00,Delhi,False,0,D-30074,172,P2_REVIEW,STRUCTURING,P2,12,0.6539,10,6105.6412,0.0423,95415.85,550.08,49449.92,0,1,0,1,125,4,4,0.8247,0.8587,0.8437,0.8247,63.49,54.04,0,1,1,1,1,1.2,0.7398,2,2,6,5,2,1,1,18,2,0,1,1,1,0.8062,1,0.8062,1,0.7755,"['P2_REVIEW', 'STRUCTURING', 'NEAR_THRESHOLD', 'HIGH_VALUE_TRANSFER', 'REALTIME_SCENARIO_BEHAVIOR_FALLBACK', 'LAUNDERING_FLOW', 'NEO4J_UNAVAILABLE', 'REALTIME_SCENARIO_GRAPH_FALLBACK', 'MONITORING', 'ELEVATED_ACTIVITY']",1,MONITOR,SOFT_NUDGE,P3,MONITORING,0.6335,0.6335,0.8587,0.8587,0.8437,0.8437,0.8247,0.8247,0.0,UNKNOWN,LAUNDERING_FLOW,HIGH,UNKNOWN,"['Realtime scenario behavior fallback', 'LAUNDERING_FLOW', 'Connected to mule cluster']",TRANSACTION_SUSPECT,True,False,False,1440,2880,AML_MONITORING_QUEUE,MEDIUM
0850e2b9-09f6-4fa4-8e20-1e9719efcf22,U-1015,U-1034,9459.0,INR,TRANSFER,UPI,162543.06,153084.06,426112.98,2026-09-27 05:15:38.619937+00:00,Mumbai,True,1,D-30000,1530,NORMAL,LOW_RISK_PAYMENT,LOW,86,0.2964,1232,63.0881,0.0665,8869.1,90541.0,40541.0,0,0,0,0,1480,1,1,0.0,0.1367,0.0963,0.2293,81.91,76.23,1,0,0,0,0,3.48,0.116,0,0,0,1,1,0,0,3,2,3,0,0,0,0.0617,0,0.0665,0,0.0981,"['NORMAL', 'LOW_RISK_PAYMENT', 'NORMAL_PATTERN', 'LOW_VALUE_PAYMENT', 'SIM_BOUND', 'FALLBACK_BEHAVIORAL_PROXY', 'NEO4J_UNAVAILABLE', 'CLEARED']",8,ALLOW,ALLOW,INFO,CLEARED,0.0,0.0,0.0,0.0,0.0,0.0,0.0,0.0,0.0,UNKNOWN,FALLBACK_BEHAVIORAL_PROXY,UNKNOWN,UNKNOWN,['FALLBACK_BEHAVIORAL_PROXY'],TRANSACTION_MONITOR,False,False,False,10080,20160,AML_INFO_QUEUE,LOW
830d36a0-ac86-42b2-81b4-ba1d451b0b64,U-1011,M-2001,846.47,INR,TRANSFER,CARD,149373.51,148527.04,647736.03,2026-09-27 05:15:36.098824+00:00,Delhi,True,1,D-30007,811,NORMAL,LOW_RISK_PAYMENT,LOW,94,0.2551,782,4.9732,0.0733,913.42,99153.53,49153.53,0,0,0,0,1464,0,1,0.0,0.1654,0.1136,0.2672,83.89,77.1,1,0,0,0,0,2.54,0.1381,0,0,0,1,1,0,0,3,3,3,0,0,0,0.0764,0,0.0733,0,0.129,"['NORMAL', 'LOW_RISK_PAYMENT', 'NORMAL_PATTERN', 'LOW_VALUE_PAYMENT', 'SIM_BOUND', 'FALLBACK_BEHAVIORAL_PROXY', 'NEO4J_UNAVAILABLE', 'CLEARED']",4,ALLOW,ALLOW,INFO,CLEARED,0.0,0.0,0.0,0.0,0.0,0.0,0.0,0.0,0.0,UNKNOWN,FALLBACK_BEHAVIORAL_PROXY,UNKNOWN,UNKNOWN,['FALLBACK_BEHAVIORAL_PROXY'],TRANSACTION_MONITOR,False,False,False,10080,20160,AML_INFO_QUEUE,LOW
4cbe9d48-52c3-4cbb-959a-ae2251dfb4cc,U-1003,U-1036,3141.43,INR,P2P,CARD,196532.51,193391.08,271910.15,2026-09-27 05:15:33.579730+00:00,Chennai,True,1,D-30015,961,NORMAL,LOW_RISK_PAYMENT,LOW,88,0.0725,693,30.2617,0.1041,3506.4,96858.57,46858.57,0,0,0,0,1949,0,0,0.0,0.2222,0.238,0.2298,82.62,87.42,1,0,0,0,0,4.62,0.1285,0,0,0,1,1,0,0,3,4,1,0,0,0,0.0479,0,0.1041,0,0.0692,"['NORMAL', 'LOW_RISK_PAYMENT', 'NORMAL_PATTERN', 'LOW_VALUE_PAYMENT', 'SIM_BOUND', 'FALLBACK_BEHAVIORAL_PROXY', 'NEO4J_UNAVAILABLE', 'CLEARED']",6,ALLOW,ALLOW,INFO,CLEARED,0.0,0.0,0.0,0.0,0.0,0.0,0.0,0.0,0.0,UNKNOWN,FALLBACK_BEHAVIORAL_PROXY,UNKNOWN,UNKNOWN,['FALLBACK_BEHAVIORAL_PROXY'],TRANSACTION_MONITOR,False,False,False,10080,20160,AML_INFO_QUEUE,LOW
7ef0a891-46a3-44d4-9d28-e8c27d0996ab,U-1008,M-2005,6979.21,INR,P2P,CARD,109527.14,102547.93,308463.51,2026-09-27 05:15:31.048605+00:00,Bengaluru,True,1,D-30000,1254,NORMAL,LOW_RISK_PAYMENT,LOW,102,0.2876,1189,62.3863,0.0807,6458.23,93020.79,43020.79,0,0,0,0,1221,0,0,0.0,0.1426,0.0638,0.3413,90.56,80.3,1,0,0,0,0,6.05,0.0796,0,0,0,2,1,0,0,3,2,3,0,0,0,0.0569,0,0.0807,0,0.1349,"['NORMAL', 'LOW_RISK_PAYMENT', 'NORMAL_PATTERN', 'LOW_VALUE_PAYMENT', 'SIM_BOUND', 'FALLBACK_BEHAVIORAL_PROXY', 'NEO4J_UNAVAILABLE', 'CLEARED']",2,ALLOW,ALLOW,INFO,CLEARED,0.0,0.0,0.0,0.0,0.0,0.0,0.0,0.0,0.0,UNKNOWN,FALLBACK_BEHAVIORAL_PROXY,UNKNOWN,UNKNOWN,['FALLBACK_BEHAVIORAL_PROXY'],TRANSACTION_MONITOR,False,False,False,10080,20160,AML_INFO_QUEUE,LOW
751cceed-31ca-45ec-b14a-570c964f02b0,U-1010,M-2004,3038.65,INR,BILL,CARD,140729.87,137691.22,516691.72,2026-09-27 05:15:28.512253+00:00,Mumbai,True,1,D-30006,447,NORMAL,LOW_RISK_PAYMENT,LOW,102,0.1011,1379,13.1012,0.1182,2717.45,96961.35,46961.35,0,1,0,0,2234,1,1,0.0,0.179,0.101,0.1992,94.57,78.38,1,0,0,0,0,5.5,0.121,0,0,0,1,1,0,0,3,3,3,0,0,0,0.1407,0,0.1182,0,0.1339,"['NORMAL', 'LOW_RISK_PAYMENT', 'NORMAL_PATTERN', 'LOW_VALUE_PAYMENT', 'SIM_BOUND', 'FALLBACK_BEHAVIORAL_PROXY', 'NEO4J_UNAVAILABLE', 'CLEARED']",6,ALLOW,ALLOW,INFO,CLEARED,0.0,0.0,0.0,0.0,0.0,0.0,0.0,0.0,0.0,UNKNOWN,FALLBACK_BEHAVIORAL_PROXY,UNKNOWN,UNKNOWN,['FALLBACK_BEHAVIORAL_PROXY'],TRANSACTION_MONITOR,False,False,False,10080,20160,AML_INFO_QUEUE,LOW
1e3aaa6b-9230-4a35-9e9b-c6181941dc7a,U-1021,M-2013,13032.88,INR,BILL,CARD,57044.5,44011.62,767054.76,2026-09-27 05:15:25.963772+00:00,Hyderabad,True,1,D-30020,373,NORMAL,LOW_RISK_PAYMENT,LOW,90,0.2784,337,60.5814,0.0388,13558.35,86967.12,36967.12,0,0,0,0,2294,0,1,0.0,0.1018,0.0424,0.1988,92.36,83.99,1,0,0,0,0,6.24,0.0953,0,0,0,1,1,0,0,3,4,3,0,0,0,0.1227,0,0.0388,0,0.0967,"['NORMAL', 'LOW_RISK_PAYMENT', 'NORMAL_PATTERN', 'LOW_VALUE_PAYMENT', 'SIM_BOUND', 'FALLBACK_BEHAVIORAL_PROXY', 'NEO4J_UNAVAILABLE', 'CLEARED']",4,ALLOW,ALLOW,INFO,CLEARED,0.0,0.0,0.0,0.0,0.0,0.0,0.0,0.0,0.0,UNKNOWN,FALLBACK_BEHAVIORAL_PROXY,UNKNOWN,UNKNOWN,['FALLBACK_BEHAVIORAL_PROXY'],TRANSACTION_MONITOR,False,False,False,10080,20160,AML_INFO_QUEUE,LOW
5c31ae28-c2da-4f72-9393-312791f37ef8,U-1008,U-1032,9020.01,INR,P2P,NETBANKING,179790.85,170770.84,6068.57,2026-09-27 05:15:23.425971+00:00,Mumbai,True,1,D-30010,1553,NORMAL,LOW_RISK_PAYMENT,LOW,100,0.1194,1411,64.4814,0.0258,8793.11,90979.99,40979.99,0,1,0,0,376,0,1,0.0,0.2081,0.1897,0.084,85.77,74.5,1,0,0,0,0,6.32,0.1187,0,0,0,1,1,0,0,3,2,2,0,0,0,0.0733,0,0.0258,0,0.0516,"['NORMAL', 'LOW_RISK_PAYMENT', 'NORMAL_PATTERN', 'LOW_VALUE_PAYMENT', 'SIM_BOUND', 'FALLBACK_BEHAVIORAL_PROXY', 'NEO4J_UNAVAILABLE', 'CLEARED']",2,ALLOW,ALLOW,INFO,CLEARED,0.0,0.0,0.0,0.0,0.0,0.0,0.0,0.0,0.0,UNKNOWN,FALLBACK_BEHAVIORAL_PROXY,UNKNOWN,UNKNOWN,['FALLBACK_BEHAVIORAL_PROXY'],TRANSACTION_MONITOR,False,False,False,10080,20160,AML_INFO_QUEUE,LOW
de760ef8-fdc0-4f36-8d8a-466e3ebcc73a,U-1044,M-2022,34222.32,INR,PAYMENT,IMPS,176374.86,142152.54,413669.33,2026-09-27 05:15:20.887983+00:00,Bengaluru,True,1,D-30032,494,P3_MONITOR,MILD_VELOCITY,P3,48,0.4729,126,558.6787,0.018,33618.62,65777.68,15777.68,0,0,0,0,714,1,0,0.4588,0.624,0.4018,0.4588,64.89,67.31,1,1,1,0,0,1.38,0.248,0,0,1,3,2,0,0,47,2,0,1,0,0,0.3771,0,0.018,1,0.3272,"['P3_MONITOR', 'MILD_VELOCITY', 'WATCHLIST_PROXIMITY', 'DEVICE_REUSE', 'REALTIME_SCENARIO_BEHAVIOR_FALLBACK', 'ELEVATED_ACTIVITY_SEQUENCE', 'NEO4J_UNAVAILABLE', 'REALTIME_SCENARIO_GRAPH_FALLBACK', 'CLEARED']",8,ALLOW,ALLOW,INFO,CLEARED,0.3794,0.3794,0.624,0.624,0.4018,0.4018,0.4588,0.4588,0.0,UNKNOWN,ELEVATED_ACTIVITY_SEQUENCE,MEDIUM,UNKNOWN,"['Realtime scenario behavior fallback', 'ELEVATED_ACTIVITY_SEQUENCE']",TRANSACTION_MONITOR,False,False,False,10080,20160,AML_INFO_QUEUE,LOW
32e219fc-360d-4316-98d4-11c8a0f50000,U-1017,M-2015,9605.7,INR,P2P,UPI,150885.6,141279.9,210131.98,2026-09-27 05:15:18.281036+00:00,Kolkata,True,1,D-30002,428,NORMAL,LOW_RISK_PAYMENT,LOW,90,0.0905,627,44.5575,0.0775,10413.16,90394.3,40394.3,0,0,0,0,888,0,1,0.0,0.1189,0.1538,0.2544,90.02,88.15,1,0,0,0,0,5.9,0.1112,0,0,0,2,1,0,0,3,3,1,0,0,0,0.0478,0,0.0775,0,0.1561,"['NORMAL', 'LOW_RISK_PAYMENT', 'NORMAL_PATTERN', 'LOW_VALUE_PAYMENT', 'SIM_BOUND', 'FALLBACK_BEHAVIORAL_PROXY', 'NEO4J_UNAVAILABLE', 'CLEARED']",6,ALLOW,ALLOW,INFO,CLEARED,0.0,0.0,0.0,0.0,0.0,0.0,0.0,0.0,0.0,UNKNOWN,FALLBACK_BEHAVIORAL_PROXY,UNKNOWN,UNKNOWN,['FALLBACK_BEHAVIORAL_PROXY'],TRANSACTION_MONITOR,False,False,False,10080,20160,AML_INFO_QUEUE,LOW
c5705882-e14f-4c83-8136-0600b2cfdf25,U-1041,M-2031,17673.46,INR,PAYMENT,IMPS,94269.32,76595.86,222168.12,2026-09-27 05:15:15.739099+00:00,Delhi,True,1,D-30039,798,P3_MONITOR,MILD_VELOCITY,P3,68,0.4788,105,294.6805,0.0741,19088.41,82326.54,32326.54,0,0,0,0,882,2,0,0.4163,0.5355,0.5457,0.4163,64.8,77.53,1,0,0,0,1,2.97,0.2907,0,0,0,2,2,0,0,67,4,0,0,0,0,0.2248,0,0.0741,0,0.3704,"['P3_MONITOR', 'MILD_VELOCITY', 'WATCHLIST_PROXIMITY', 'DEVICE_REUSE', 'REALTIME_SCENARIO_BEHAVIOR_FALLBACK', 'ELEVATED_ACTIVITY_SEQUENCE', 'NEO4J_UNAVAILABLE', 'REALTIME_SCENARIO_GRAPH_FALLBACK', 'CLEARED']",4,ALLOW,ALLOW,INFO,CLEARED,0.3803,0.3803,0.5355,0.5355,0.5457,0.5457,0.4163,0.4163,0.0,UNKNOWN,ELEVATED_ACTIVITY_SEQUENCE,MEDIUM,UNKNOWN,"['Realtime scenario behavior fallback', 'ELEVATED_ACTIVITY_SEQUENCE']",TRANSACTION_MONITOR,False,False,False,10080,20160,AML_INFO_QUEUE,LOW
a523eea3-f001-4706-a60c-25b4f06f044a,U-1014,M-2012,13907.46,INR,TRANSFER,UPI,88095.42,74187.96,110404.51,2026-09-27 05:15:13.202545+00:00,Bengaluru,True,1,D-30011,402,NORMAL,LOW_RISK_PAYMENT,LOW,100,0.1805,663,149.0139,0.0184,14168.01,86092.54,36092.54,0,0,0,0,794,1,0,0.0,0.3054,0.0536,0.3127,79.2,85.91,1,0,0,0,0,6.95,0.0843,0,0,0,1,1,0,0,3,3,1,0,0,0,0.1404,0,0.0184,0,0.1489,"['NORMAL', 'LOW_RISK_PAYMENT', 'NORMAL_PATTERN', 'LOW_VALUE_PAYMENT', 'SIM_BOUND', 'FALLBACK_BEHAVIORAL_PROXY', 'NEO4J_UNAVAILABLE', 'CLEARED']",2,ALLOW,ALLOW,INFO,CLEARED,0.0,0.0,0.0,0.0,0.0,0.0,0.0,0.0,0.0,UNKNOWN,FALLBACK_BEHAVIORAL_PROXY,UNKNOWN,UNKNOWN,['FALLBACK_BEHAVIORAL_PROXY'],TRANSACTION_MONITOR,False,False,False,10080,20160,AML_INFO_QUEUE,LOW
ec257c75-e0ac-4158-94df-588fb74aa0f4,U-1006,U-1031,8911.9,INR,BILL,UPI,213045.52,204133.62,171743.79,2026-09-27 05:15:10.673145+00:00,Mumbai,True,1,D-30009,1309,NORMAL,LOW_RISK_PAYMENT,LOW,96,0.2249,721,45.5493,0.0411,9293.56,91088.1,41088.1,0,0,0,0,816,0,0,0.0,0.2029,0.1681,0.3054,91.17,93.17,1,0,0,0,0,4.84,0.0874,0,0,0,2,1,0,0,3,2,0,0,0,0,0.0868,0,0.0411,0,0.1258,"['NORMAL', 'LOW_RISK_PAYMENT', 'NORMAL_PATTERN', 'LOW_VALUE_PAYMENT', 'SIM_BOUND', 'FALLBACK_BEHAVIORAL_PROXY', 'NEO4J_UNAVAILABLE', 'CLEARED']",8,ALLOW,ALLOW,INFO,CLEARED,0.0,0.0,0.0,0.0,0.0,0.0,0.0,0.0,0.0,UNKNOWN,FALLBACK_BEHAVIORAL_PROXY,UNKNOWN,UNKNOWN,['FALLBACK_BEHAVIORAL_PROXY'],TRANSACTION_MONITOR,False,False,False,10080,20160,AML_INFO_QUEUE,LOW
60e45b4a-bc03-4e47-b606-18c30fbb120b,U-1045,M-2023,28319.28,INR,TRANSFER,CARD,123880.82,95561.54,686614.92,2026-09-27 05:15:08.164654+00:00,Kolkata,True,1,D-30033,375,P3_MONITOR,MILD_VELOCITY,P3,72,0.4072,137,415.6763,0.0842,30923.75,71680.72,21680.72,0,0,0,0,600,2,1,0.3575,0.5265,0.4797,0.3575,78.79,74.57,1,0,0,0,0,1.93,0.2416,0,0,1,2,1,0,0,71,2,0,1,0,0,0.3647,0,0.0842,1,0.3502,"['P3_MONITOR', 'MILD_VELOCITY', 'WATCHLIST_PROXIMITY', 'DEVICE_REUSE', 'REALTIME_SCENARIO_BEHAVIOR_FALLBACK', 'ELEVATED_ACTIVITY_SEQUENCE', 'NEO4J_UNAVAILABLE', 'REALTIME_SCENARIO_GRAPH_FALLBACK', 'CLEARED']",2,ALLOW,ALLOW,INFO,CLEARED,0.3494,0.3494,0.5265,0.5265,0.4797,0.4797,0.3575,0.3575,0.0,UNKNOWN,ELEVATED_ACTIVITY_SEQUENCE,MEDIUM,UNKNOWN,"['Realtime scenario behavior fallback', 'ELEVATED_ACTIVITY_SEQUENCE']",TRANSACTION_MONITOR,False,False,False,10080,20160,AML_INFO_QUEUE,LOW
d2fed61d-ede1-4acb-b088-21a4ce551051,U-1006,M-2014,12062.97,INR,PAYMENT,CARD,172091.38,160028.41,121959.18,2026-09-27 05:15:05.647243+00:00,Chennai,True,1,D-30021,1757,NORMAL,LOW_RISK_PAYMENT,LOW,94,0.0514,700,78.2131,0.0795,11175.09,87937.03,37937.03,0,0,0,0,1167,1,1,0.0,0.0675,0.0132,0.1601,83.63,95.27,1,0,0,0,0,2.48,0.0386,0,0,0,2,1,0,0,3,4,1,0,0,0,0.1026,0,0.0795,0,0.0634,"['NORMAL', 'LOW_RISK_PAYMENT', 'NORMAL_PATTERN', 'LOW_VALUE_PAYMENT', 'SIM_BOUND', 'FALLBACK_BEHAVIORAL_PROXY', 'NEO4J_UNAVAILABLE', 'CLEARED']",8,ALLOW,ALLOW,INFO,CLEARED,0.0,0.0,0.0,0.0,0.0,0.0,0.0,0.0,0.0,UNKNOWN,FALLBACK_BEHAVIORAL_PROXY,UNKNOWN,UNKNOWN,['FALLBACK_BEHAVIORAL_PROXY'],TRANSACTION_MONITOR,False,False,False,10080,20160,AML_INFO_QUEUE,LOW
008926bf-8b9c-4e31-9ea9-60c509c5d8b6,U-1069,U-1075,83597.14,INR,LAYERING_STEP,IMPS,318804.41,235207.27,797073.28,2026-09-27 05:15:03.088140+00:00,Chennai,False,0,D-30078,225,P2_REVIEW,LAYERING,P2,13,0.649,35,5819.412,0.1047,93377.46,16402.86,33597.14,0,1,0,0,52,6,5,0.7699,0.7431,0.7163,0.7699,35.89,28.67,0,1,1,0,1,0.21,0.6131,5,5,4,6,3,1,1,16,3,0,1,1,1,0.6045,0,0.1047,1,0.7541,"['P2_REVIEW', 'LAYERING', 'LAYERING_CHAIN', 'MULE_CLUSTER', 'SHORT_FORWARDING_DELAY', 'SIM_NOT_BOUND', 'REALTIME_SCENARIO_BEHAVIOR_FALLBACK', 'LAUNDERING_FLOW', 'HIGH_VALUE_TRANSFER', 'NEO4J_UNAVAILABLE', 'REALTIME_SCENARIO_GRAPH_FALLBACK', 'MONITORING', 'ELEVATED_ACTIVITY']",2,MONITOR,SOFT_NUDGE,P3,MONITORING,0.556,0.556,0.7431,0.7431,0.7163,0.7163,0.7699,0.7699,0.0,UNKNOWN,LAUNDERING_FLOW,HIGH,UNKNOWN,"['Realtime scenario behavior fallback', 'LAUNDERING_FLOW', 'Connected to mule cluster']",TRANSACTION_SUSPECT,True,False,False,1440,2880,AML_MONITORING_QUEUE,MEDIUM
6946fa92-4f5b-4fa2-a929-2c3fdf80f2fb,U-1055,U-1071,53644.19,INR,LAYERING_STEP,NEFT,108777.38,55133.19,294719.36,2026-09-27 05:15:00.550158+00:00,Delhi,False,0,D-30071,218,P2_REVIEW,LAYERING,P2,19,0.673,21,1890.9513,0.01,54187.1,46355.81,3644.19,0,1,0,0,114,5,2,0.7349,0.7235,0.8479,0.7349,53.13,47.5,0,1,1,1,1,2.13,0.594,4,4,8,6,2,1,1,18,2,0,1,1,1,0.8245,0,0.01,1,0.7118,"['P2_REVIEW', 'LAYERING', 'LAYERING_CHAIN', 'MULE_CLUSTER', 'SHORT_FORWARDING_DELAY', 'SIM_NOT_BOUND', 'REALTIME_SCENARIO_BEHAVIOR_FALLBACK', 'LAUNDERING_FLOW', 'HIGH_VALUE_TRANSFER', 'NEO4J_UNAVAILABLE', 'REALTIME_SCENARIO_GRAPH_FALLBACK', 'MONITORING', 'ELEVATED_ACTIVITY']",3,MONITOR,SOFT_NUDGE,P3,MONITORING,0.576,0.576,0.7235,0.7235,0.8479,0.8479,0.7349,0.7349,0.0,UNKNOWN,LAUNDERING_FLOW,HIGH,UNKNOWN,"['Realtime scenario behavior fallback', 'LAUNDERING_FLOW', 'Connected to mule cluster']",TRANSACTION_SUSPECT,True,False,False,1440,2880,AML_MONITORING_QUEUE,MEDIUM
0d5c4e90-3d09-404a-85e8-0c239e286fee,U-1004,M-2000,13104.75,INR,P2P,UPI,237647.0,224542.25,501353.54,2026-09-27 05:14:58.030466+00:00,Delhi,True,1,D-30015,870,NORMAL,LOW_RISK_PAYMENT,LOW,82,0.1264,430,58.8346,0.0574,12393.42,86895.25,36895.25,0,0,0,0,1736,1,0,0.0,0.1826,0.2014,0.2385,93.62,86.43,1,0,0,0,0,2.51,0.1375,0,0,0,1,1,0,0,3,4,2,0,0,0,0.0917,0,0.0574,0,0.1268,"['NORMAL', 'LOW_RISK_PAYMENT', 'NORMAL_PATTERN', 'LOW_VALUE_PAYMENT', 'SIM_BOUND', 'FALLBACK_BEHAVIORAL_PROXY', 'NEO4J_UNAVAILABLE', 'CLEARED']",4,ALLOW,ALLOW,INFO,CLEARED,0.0,0.0,0.0,0.0,0.0,0.0,0.0,0.0,0.0,UNKNOWN,FALLBACK_BEHAVIORAL_PROXY,UNKNOWN,UNKNOWN,['FALLBACK_BEHAVIORAL_PROXY'],TRANSACTION_MONITOR,False,False,False,10080,20160,AML_INFO_QUEUE,LOW
db6faacd-5859-4d00-b79f-989c6ef96403,U-1059,M-2036,83779.44,INR,GATHER_SCATTER,UPI,191422.04,107642.6,213141.24,2026-09-27 05:14:55.466967+00:00,Delhi,False,0,D-30071,135,P2_REVIEW,GATHER_SCATTER,P2,16,0.7644,25,8974.5697,0.1277,74289.33,16220.56,33779.44,0,1,0,0,158,4,3,0.8402,0.8784,0.7828,0.8402,36.15,58.44,0,1,1,0,1,0.58,0.6068,4,4,8,7,4,1,1,11,2,0,1,1,1,0.7643,0,0.1277,1,0.8509,"['P2_REVIEW', 'GATHER_SCATTER', 'RAPID_DRAIN', 'MULE_CLUSTER', 'SIM_NOT_BOUND', 'REALTIME_SCENARIO_BEHAVIOR_FALLBACK', 'LAUNDERING_FLOW', 'HIGH_VALUE_TRANSFER', 'NEO4J_UNAVAILABLE', 'REALTIME_SCENARIO_GRAPH_FALLBACK', 'MONITORING', 'ELEVATED_ACTIVITY']",1,MONITOR,SOFT_NUDGE,P3,MONITORING,0.6273,0.6273,0.8784,0.8784,0.7828,0.7828,0.8402,0.8402,0.0,UNKNOWN,LAUNDERING_FLOW,HIGH,UNKNOWN,"['Realtime scenario behavior fallback', 'LAUNDERING_FLOW', 'Connected to mule cluster']",TRANSACTION_SUSPECT,True,False,False,1440,2880,AML_MONITORING_QUEUE,MEDIUM
520d207b-2b16-40a6-9350-e9ffc4973a97,U-1020,M-2005,1712.38,INR,P2P,UPI,51520.75,49808.37,511400.32,2026-09-27 05:14:52.908197+00:00,Kolkata,True,1,D-30005,592,NORMAL,LOW_RISK_PAYMENT,LOW,74,0.2996,760,17.6706,0.0192,1745.92,98287.62,48287.62,0,0,0,0,2384,0,0,0.0,0.1505,0.1605,0.1734,91.06,94.17,1,0,0,0,0,6.75,0.0651,0,0,0,2,1,0,0,3,3,1,0,0,0,0.057,0,0.0192,0,0.0409,"['NORMAL', 'LOW_RISK_PAYMENT', 'NORMAL_PATTERN', 'LOW_VALUE_PAYMENT', 'SIM_BOUND', 'FALLBACK_BEHAVIORAL_PROXY', 'NEO4J_UNAVAILABLE', 'CLEARED']",4,ALLOW,ALLOW,INFO,CLEARED,0.0,0.0,0.0,0.0,0.0,0.0,0.0,0.0,0.0,UNKNOWN,FALLBACK_BEHAVIORAL_PROXY,UNKNOWN,UNKNOWN,['FALLBACK_BEHAVIORAL_PROXY'],TRANSACTION_MONITOR,False,False,False,10080,20160,AML_INFO_QUEUE,LOW
ec9a3e8a-340c-4b56-bdd4-49edf239867f,U-1003,M-2017,9286.53,INR,BILL,NETBANKING,114186.8,104900.27,493514.2,2026-09-27 05:14:50.366836+00:00,Delhi,True,1,D-30023,641,NORMAL,LOW_RISK_PAYMENT,LOW,86,0.1345,657,74.6012,0.0229,9504.2,90713.47,40713.47,0,0,0,0,2075,0,1,0.0,0.19,0.1351,0.2003,92.69,81.51,1,0,0,0,0,5.34,0.0436,0,0,0,1,1,0,0,3,4,0,0,0,0,0.1454,0,0.0229,0,0.1106,"['NORMAL', 'LOW_RISK_PAYMENT', 'NORMAL_PATTERN', 'LOW_VALUE_PAYMENT', 'SIM_BOUND', 'FALLBACK_BEHAVIORAL_PROXY', 'NEO4J_UNAVAILABLE', 'CLEARED']",4,ALLOW,ALLOW,INFO,CLEARED,0.0,0.0,0.0,0.0,0.0,0.0,0.0,0.0,0.0,UNKNOWN,FALLBACK_BEHAVIORAL_PROXY,UNKNOWN,UNKNOWN,['FALLBACK_BEHAVIORAL_PROXY'],TRANSACTION_MONITOR,False,False,False,10080,20160,AML_INFO_QUEUE,LOW
88f07832-0f08-4273-9f53-502b70353d5e,U-1004,M-2019,1671.53,INR,TRANSFER,CARD,26786.05,25114.52,437487.34,2026-09-27 05:14:47.843554+00:00,Bengaluru,True,1,D-30005,1691,NORMAL,LOW_RISK_PAYMENT,LOW,80,0.2181,604,12.8856,0.0892,1835.18,98328.47,48328.47,0,0,0,0,1994,0,1,0.0,0.3221,0.0078,0.2976,83.32,95.0,1,0,0,0,0,2.57,0.0625,0,0,0,2,1,0,0,3,3,3,0,0,0,0.1282,0,0.0892,0,0.0685,"['NORMAL', 'LOW_RISK_PAYMENT', 'NORMAL_PATTERN', 'LOW_VALUE_PAYMENT', 'SIM_BOUND', 'FALLBACK_BEHAVIORAL_PROXY', 'NEO4J_UNAVAILABLE', 'CLEARED']",2,ALLOW,ALLOW,INFO,CLEARED,0.0,0.0,0.0,0.0,0.0,0.0,0.0,0.0,0.0,UNKNOWN,FALLBACK_BEHAVIORAL_PROXY,UNKNOWN,UNKNOWN,['FALLBACK_BEHAVIORAL_PROXY'],TRANSACTION_MONITOR,False,False,False,10080,20160,AML_INFO_QUEUE,LOW
7145ffb8-8e61-4d8a-9a07-31248299855a,U-1044,M-2028,39961.47,INR,PAYMENT,UPI,120606.9,80645.43,608524.84,2026-09-27 05:14:45.319091+00:00,Mumbai,False,0,D-30024,217,P3_MONITOR,MILD_VELOCITY,P3,46,0.4516,148,910.8983,0.1097,44884.77,60038.53,10038.53,0,0,0,0,1098,1,2,0.5086,0.5403,0.4077,0.5086,73.97,60.62,0,0,0,0,0,4.04,0.2512,0,0,0,1,2,0,0,45,3,0,1,0,0,0.2376,0,0.1097,0,0.4224,"['P3_MONITOR', 'MILD_VELOCITY', 'WATCHLIST_PROXIMITY', 'DEVICE_REUSE', 'REALTIME_SCENARIO_BEHAVIOR_FALLBACK', 'ELEVATED_ACTIVITY_SEQUENCE', 'NEO4J_UNAVAILABLE', 'REALTIME_SCENARIO_GRAPH_FALLBACK', 'CLEARED']",2,ALLOW,ALLOW,INFO,CLEARED,0.3657,0.3657,0.5403,0.5403,0.4077,0.4077,0.5086,0.5086,0.0,UNKNOWN,ELEVATED_ACTIVITY_SEQUENCE,MEDIUM,UNKNOWN,"['Realtime scenario behavior fallback', 'ELEVATED_ACTIVITY_SEQUENCE']",TRANSACTION_MONITOR,False,False,False,10080,20160,AML_INFO_QUEUE,LOW
9c1b6114-15d9-4c23-80b2-3ba2c529e638,U-1041,M-2028,24997.91,INR,TRANSFER,UPI,189324.33,164326.42,320202.86,2026-09-27 05:14:42.781472+00:00,Hyderabad,True,1,D-30020,353,P3_MONITOR,MILD_VELOCITY,P3,66,0.3938,136,537.7251,0.0586,23614.37,75002.09,25002.09,0,0,0,0,1069,2,1,0.4995,0.4555,0.4179,0.4995,77.93,76.36,0,0,0,0,0,4.62,0.2673,0,0,2,3,2,0,0,65,5,1,0,0,0,0.2301,0,0.0586,0,0.4159,"['P3_MONITOR', 'MILD_VELOCITY', 'WATCHLIST_PROXIMITY', 'DEVICE_REUSE', 'REALTIME_SCENARIO_BEHAVIOR_FALLBACK', 'ELEVATED_ACTIVITY_SEQUENCE', 'NEO4J_UNAVAILABLE', 'REALTIME_SCENARIO_GRAPH_FALLBACK', 'CLEARED']",10,ALLOW,ALLOW,INFO,CLEARED,0.341,0.341,0.4555,0.4555,0.4179,0.4179,0.4995,0.4995,0.0,UNKNOWN,ELEVATED_ACTIVITY_SEQUENCE,MEDIUM,UNKNOWN,"['Realtime scenario behavior fallback', 'ELEVATED_ACTIVITY_SEQUENCE']",TRANSACTION_MONITOR,False,False,False,10080,20160,AML_INFO_QUEUE,LOW
c0e021fc-fd79-4d86-8a5f-a80799d1c746,U-1025,M-2017,2613.62,INR,TRANSFER,CARD,139729.03,137115.41,189043.27,2026-09-27 05:14:40.292871+00:00,Mumbai,True,1,D-30010,1310,NORMAL,LOW_RISK_PAYMENT,LOW,88,0.2827,1115,15.4107,0.0881,2866.27,97386.38,47386.38,0,0,0,0,417,1,0,0.0,0.0853,0.1959,0.0873,87.31,84.68,1,0,0,0,0,4.69,0.1039,0,0,0,2,1,0,0,3,4,2,0,0,0,0.046,0,0.0881,0,0.1302,"['NORMAL', 'LOW_RISK_PAYMENT', 'NORMAL_PATTERN', 'LOW_VALUE_PAYMENT', 'SIM_BOUND', 'FALLBACK_BEHAVIORAL_PROXY', 'NEO4J_UNAVAILABLE', 'CLEARED']",4,ALLOW,ALLOW,INFO,CLEARED,0.0,0.0,0.0,0.0,0.0,0.0,0.0,0.0,0.0,UNKNOWN,FALLBACK_BEHAVIORAL_PROXY,UNKNOWN,UNKNOWN,['FALLBACK_BEHAVIORAL_PROXY'],TRANSACTION_MONITOR,False,False,False,10080,20160,AML_INFO_QUEUE,LOW
92724965-bc14-4f59-873c-c4300fa6833c,U-1002,M-2004,13906.86,INR,BILL,NETBANKING,90411.05,76504.19,99989.02,2026-09-27 05:14:37.776526+00:00,Mumbai,True,1,D-30012,1963,NORMAL,LOW_RISK_PAYMENT,LOW,88,0.1117,667,143.3098,0.0158,14129.45,86093.14,36093.14,0,1,0,0,766,1,0,0.0,0.0755,0.1252,0.148,96.38,89.68,1,0,0,0,0,3.42,0.0278,0,0,0,1,1,0,0,3,1,1,0,0,0,0.1102,0,0.0158,0,0.13,"['NORMAL', 'LOW_RISK_PAYMENT', 'NORMAL_PATTERN', 'LOW_VALUE_PAYMENT', 'SIM_BOUND', 'FALLBACK_BEHAVIORAL_PROXY', 'NEO4J_UNAVAILABLE', 'CLEARED']",6,ALLOW,ALLOW,INFO,CLEARED,0.0,0.0,0.0,0.0,0.0,0.0,0.0,0.0,0.0,UNKNOWN,FALLBACK_BEHAVIORAL_PROXY,UNKNOWN,UNKNOWN,['FALLBACK_BEHAVIORAL_PROXY'],TRANSACTION_MONITOR,False,False,False,10080,20160,AML_INFO_QUEUE,LOW
c4552fc6-001c-4212-b93f-1f04c8956c3a,U-1004,M-2018,11035.5,INR,TRANSFER,UPI,135267.07,124231.57,674352.31,2026-09-27 05:14:35.260474+00:00,Pune,True,1,D-30005,1444,NORMAL,LOW_RISK_PAYMENT,LOW,78,0.0577,1025,46.8843,0.0852,10168.64,88964.5,38964.5,0,0,0,0,1361,0,1,0.0,0.2164,0.0229,0.2125,96.87,82.65,1,0,0,0,0,5.79,0.0266,0,0,0,2,1,0,0,3,3,1,0,0,0,0.0575,0,0.0852,0,0.0466,"['NORMAL', 'LOW_RISK_PAYMENT', 'NORMAL_PATTERN', 'LOW_VALUE_PAYMENT', 'SIM_BOUND', 'FALLBACK_BEHAVIORAL_PROXY', 'NEO4J_UNAVAILABLE', 'CLEARED']",2,ALLOW,ALLOW,INFO,CLEARED,0.0,0.0,0.0,0.0,0.0,0.0,0.0,0.0,0.0,UNKNOWN,FALLBACK_BEHAVIORAL_PROXY,UNKNOWN,UNKNOWN,['FALLBACK_BEHAVIORAL_PROXY'],TRANSACTION_MONITOR,False,False,False,10080,20160,AML_INFO_QUEUE,LOW
d1c63ab8-9b9d-4cd7-bda4-16c8c77a7a52,U-1055,U-1071,65019.27,INR,LAYERING_STEP,IMPS,149810.33,84791.06,70783.16,2026-09-27 05:14:32.655621+00:00,Hyderabad,False,0,D-30060,212,P2_REVIEW,LAYERING,P2,18,0.6311,9,7760.7216,0.0969,71993.76,34980.73,15019.27,0,1,0,0,6,4,6,0.8247,0.7608,0.7276,0.8247,38.91,53.45,0,1,1,0,1,2.11,0.6805,2,2,6,8,2,1,1,14,3,0,1,1,1,0.8384,0,0.0969,1,0.8244,"['P2_REVIEW', 'LAYERING', 'LAYERING_CHAIN', 'MULE_CLUSTER', 'SHORT_FORWARDING_DELAY', 'SIM_NOT_BOUND', 'REALTIME_SCENARIO_BEHAVIOR_FALLBACK', 'LAUNDERING_FLOW', 'HIGH_VALUE_TRANSFER', 'NEO4J_UNAVAILABLE', 'REALTIME_SCENARIO_GRAPH_FALLBACK', 'MONITORING', 'ELEVATED_ACTIVITY']",2,MONITOR,SOFT_NUDGE,P3,MONITORING,0.5751,0.5751,0.7608,0.7608,0.7276,0.7276,0.8247,0.8247,0.0,UNKNOWN,LAUNDERING_FLOW,HIGH,UNKNOWN,"['Realtime scenario behavior fallback', 'LAUNDERING_FLOW', 'Connected to mule cluster']",TRANSACTION_SUSPECT,True,False,False,1440,2880,AML_MONITORING_QUEUE,MEDIUM
2938ecb4-d9af-4e34-bb33-751bcf3f6e71,U-1059,U-1073,99470.2,INR,STRUCTURING,NEFT,733162.73,633692.53,710447.06,2026-09-27 05:14:30.102408+00:00,Hyderabad,True,1,D-30083,426,P2_REVIEW,STRUCTURING,P2,15,0.6505,15,7000.5803,0.0292,102466.96,529.8,49470.2,0,0,0,1,33,3,3,0.8692,0.7434,0.8321,0.8692,30.19,47.83,0,1,1,1,1,0.99,0.5143,3,3,8,6,6,1,1,14,4,0,1,1,1,0.7126,1,0.7126,1,0.8319,"['P2_REVIEW', 'STRUCTURING', 'NEAR_THRESHOLD', 'HIGH_VALUE_TRANSFER', 'REALTIME_SCENARIO_BEHAVIOR_FALLBACK', 'LAUNDERING_FLOW', 'NEO4J_UNAVAILABLE', 'REALTIME_SCENARIO_GRAPH_FALLBACK', 'MONITORING', 'ELEVATED_ACTIVITY']",1,MONITOR,SOFT_NUDGE,P3,MONITORING,0.6049,0.6049,0.7434,0.7434,0.8321,0.8321,0.8692,0.8692,0.0,UNKNOWN,LAUNDERING_FLOW,HIGH,UNKNOWN,"['Realtime scenario behavior fallback', 'LAUNDERING_FLOW', 'Connected to mule cluster']",TRANSACTION_SUSPECT,True,False,False,1440,2880,AML_MONITORING_QUEUE,MEDIUM
01817d18-572a-4777-b57d-2e315043a2f6,U-1018,U-1030,641.33,INR,TRANSFER,CARD,191391.88,190750.55,194244.74,2026-09-27 05:14:27.534283+00:00,Delhi,True,1,D-30001,440,NORMAL,LOW_RISK_PAYMENT,LOW,110,0.2745,392,3.8352,0.0497,674.89,99358.67,49358.67,0,0,0,0,592,0,0,0.0,0.1169,0.0274,0.2041,79.41,85.4,1,0,0,0,0,6.26,0.0555,0,0,0,2,1,0,0,3,2,0,0,0,0,0.1057,0,0.0497,0,0.0799,"['NORMAL', 'LOW_RISK_PAYMENT', 'NORMAL_PATTERN', 'LOW_VALUE_PAYMENT', 'SIM_BOUND', 'FALLBACK_BEHAVIORAL_PROXY', 'NEO4J_UNAVAILABLE', 'CLEARED']",4,ALLOW,ALLOW,INFO,CLEARED,0.0,0.0,0.0,0.0,0.0,0.0,0.0,0.0,0.0,UNKNOWN,FALLBACK_BEHAVIORAL_PROXY,UNKNOWN,UNKNOWN,['FALLBACK_BEHAVIORAL_PROXY'],TRANSACTION_MONITOR,False,False,False,10080,20160,AML_INFO_QUEUE,LOW
53663af5-de7b-4917-acb1-684eddee7ec7,U-1043,M-2024,32351.63,INR,P2P,IMPS,150576.28,118224.65,124000.05,2026-09-27 05:14:25.009569+00:00,Kolkata,True,1,D-30042,619,P3_MONITOR,MILD_VELOCITY,P3,64,0.3588,76,457.1178,0.0201,31714.21,67648.37,17648.37,0,0,0,0,511,1,0,0.369,0.4593,0.5253,0.369,78.2,78.2,1,1,0,0,0,1.78,0.2863,0,0,2,2,1,0,0,63,4,0,1,0,0,0.2735,0,0.0201,0,0.3488,"['P3_MONITOR', 'MILD_VELOCITY', 'WATCHLIST_PROXIMITY', 'DEVICE_REUSE', 'REALTIME_SCENARIO_BEHAVIOR_FALLBACK', 'ELEVATED_ACTIVITY_SEQUENCE', 'NEO4J_UNAVAILABLE', 'REALTIME_SCENARIO_GRAPH_FALLBACK', 'CLEARED']",2,ALLOW,ALLOW,INFO,CLEARED,0.3429,0.3429,0.4593,0.4593,0.5253,0.5253,0.369,0.369,0.0,UNKNOWN,ELEVATED_ACTIVITY_SEQUENCE,MEDIUM,UNKNOWN,"['Realtime scenario behavior fallback', 'ELEVATED_ACTIVITY_SEQUENCE']",TRANSACTION_MONITOR,False,False,False,10080,20160,AML_INFO_QUEUE,LOW
975f5977-3bd4-4f78-8aa3-a7be80970f6e,U-1008,M-2016,6110.33,INR,TRANSFER,UPI,246503.86,240393.53,27321.16,2026-09-27 05:14:22.452706+00:00,Delhi,True,1,D-30015,673,NORMAL,LOW_RISK_PAYMENT,LOW,98,0.2721,419,35.2548,0.1073,5518.03,93889.67,43889.67,0,0,0,0,2133,1,0,0.0,0.0927,0.1688,0.2786,89.73,78.14,1,0,0,0,0,6.69,0.0345,0,0,0,2,1,0,0,3,4,0,0,0,0,0.1346,0,0.1073,0,0.1331,"['NORMAL', 'LOW_RISK_PAYMENT', 'NORMAL_PATTERN', 'LOW_VALUE_PAYMENT', 'SIM_BOUND', 'FALLBACK_BEHAVIORAL_PROXY', 'NEO4J_UNAVAILABLE', 'CLEARED']",6,ALLOW,ALLOW,INFO,CLEARED,0.0,0.0,0.0,0.0,0.0,0.0,0.0,0.0,0.0,UNKNOWN,FALLBACK_BEHAVIORAL_PROXY,UNKNOWN,UNKNOWN,['FALLBACK_BEHAVIORAL_PROXY'],TRANSACTION_MONITOR,False,False,False,10080,20160,AML_INFO_QUEUE,LOW
36bf7fa8-d4a2-4a91-bf65-f20c6a672a74,U-1044,M-2021,39425.56,INR,PAYMENT,IMPS,196383.62,156958.06,576656.59,2026-09-27 05:14:19.930989+00:00,Kolkata,False,0,D-30025,763,P3_MONITOR,MILD_VELOCITY,P3,44,0.4813,128,1574.3231,0.2633,31207.82,60574.44,10574.44,0,0,0,0,997,3,0,0.5285,0.5266,0.4237,0.5285,78.05,64.57,1,0,0,0,1,1.11,0.2157,0,0,2,1,2,0,0,43,3,1,1,0,0,0.3385,0,0.2633,0,0.3426,"['P3_MONITOR', 'MILD_VELOCITY', 'WATCHLIST_PROXIMITY', 'DEVICE_REUSE', 'REALTIME_SCENARIO_BEHAVIOR_FALLBACK', 'ELEVATED_ACTIVITY_SEQUENCE', 'NEO4J_UNAVAILABLE', 'REALTIME_SCENARIO_GRAPH_FALLBACK', 'CLEARED']",2,ALLOW,ALLOW,INFO,CLEARED,0.3696,0.3696,0.5266,0.5266,0.4237,0.4237,0.5285,0.5285,0.0,UNKNOWN,ELEVATED_ACTIVITY_SEQUENCE,MEDIUM,UNKNOWN,"['Realtime scenario behavior fallback', 'ELEVATED_ACTIVITY_SEQUENCE']",TRANSACTION_MONITOR,False,False,False,10080,20160,AML_INFO_QUEUE,LOW
ab15fe67-1984-4f35-9025-eedeb09213ea,U-1041,M-2027,17317.96,INR,P2P,CARD,134742.2,117424.24,284279.33,2026-09-27 05:14:17.406964+00:00,Bengaluru,True,1,D-30034,1081,P3_MONITOR,MILD_VELOCITY,P3,64,0.4715,225,441.62,0.265,13689.69,82682.04,32682.04,0,1,0,0,739,3,1,0.3971,0.4772,0.5416,0.3971,80.15,65.62,1,0,1,0,0,1.35,0.2495,0,0,1,1,1,0,0,63,3,1,0,0,0,0.3984,0,0.265,0,0.4346,"['P3_MONITOR', 'MILD_VELOCITY', 'WATCHLIST_PROXIMITY', 'DEVICE_REUSE', 'REALTIME_SCENARIO_BEHAVIOR_FALLBACK', 'ELEVATED_ACTIVITY_SEQUENCE', 'NEO4J_UNAVAILABLE', 'REALTIME_SCENARIO_GRAPH_FALLBACK', 'CLEARED']",14,ALLOW,ALLOW,INFO,CLEARED,0.358,0.358,0.4772,0.4772,0.5416,0.5416,0.3971,0.3971,0.0,UNKNOWN,ELEVATED_ACTIVITY_SEQUENCE,MEDIUM,UNKNOWN,"['Realtime scenario behavior fallback', 'ELEVATED_ACTIVITY_SEQUENCE']",TRANSACTION_MONITOR,False,False,False,10080,20160,AML_INFO_QUEUE,LOW
5bdbfce1-d4f3-495c-9916-3f68eb664c18,U-1082,M-2044,98961.96,INR,STRUCTURING,IMPS,108984.93,10022.97,385014.99,2026-09-27 05:14:14.778552+00:00,Delhi,False,0,D-30071,113,P1_CRITICAL,STRUCTURING,P1,29,0.908,1,17756.1794,0.0061,99574.18,1038.04,48961.96,0,1,0,1,38,17,7,0.9538,0.9512,0.9343,0.9538,29.63,20.66,0,1,1,1,1,0.89,0.7254,8,8,17,7,10,1,1,40,7,0,1,1,1,0.9024,1,0.9024,1,0.9094,"['P1_CRITICAL', 'STRUCTURING', 'NEAR_THRESHOLD', 'HIGH_VALUE_TRANSFER', 'REALTIME_SCENARIO_BEHAVIOR_FALLBACK', 'GATHER_SCATTER', 'NEO4J_UNAVAILABLE', 'REALTIME_SCENARIO_GRAPH_FALLBACK', 'CRITICAL_RISK', 'URGENT_REVIEW']",2,BLOCK,BLOCK,P1,BLOCKED,0.9597,0.9597,0.9512,0.9512,0.9343,0.9343,0.9538,0.9538,1.0,UNKNOWN,GATHER_SCATTER,CRITICAL,UNKNOWN,"['Critical mule laundering pattern detected', 'Realtime scenario behavior fallback', 'GATHER_SCATTER', 'Connected to mule cluster']",TRANSACTION_SUSPECT,False,True,True,15,20,AML_CRITICAL_QUEUE,CRITICAL
233b209f-cb6a-4658-a8fd-e3faf9aabca3,U-1048,M-2022,19098.61,INR,TRANSFER,IMPS,202224.57,183125.96,605301.19,2026-09-27 05:14:12.252336+00:00,Chennai,True,1,D-30030,232,P3_MONITOR,MILD_VELOCITY,P3,50,0.356,220,423.0493,0.0973,17404.54,80901.39,30901.39,0,0,0,0,481,3,1,0.4792,0.5348,0.4847,0.4792,73.15,71.21,1,0,1,0,0,2.33,0.3704,1,1,0,3,2,0,0,49,3,1,0,0,0,0.3328,0,0.0973,0,0.3779,"['P3_MONITOR', 'MILD_VELOCITY', 'WATCHLIST_PROXIMITY', 'DEVICE_REUSE', 'REALTIME_SCENARIO_BEHAVIOR_FALLBACK', 'ELEVATED_ACTIVITY_SEQUENCE', 'NEO4J_UNAVAILABLE', 'REALTIME_SCENARIO_GRAPH_FALLBACK', 'CLEARED']",10,ALLOW,ALLOW,INFO,CLEARED,0.3775,0.3775,0.5348,0.5348,0.4847,0.4847,0.4792,0.4792,0.0,UNKNOWN,ELEVATED_ACTIVITY_SEQUENCE,MEDIUM,UNKNOWN,"['Realtime scenario behavior fallback', 'ELEVATED_ACTIVITY_SEQUENCE', 'Connected to mule cluster']",TRANSACTION_MONITOR,False,False,False,10080,20160,AML_INFO_QUEUE,LOW
508e1de2-5ced-4c65-a7c4-117d13180183,U-1059,M-2037,49700.16,INR,STRUCTURING,UPI,289163.78,239463.62,740798.21,2026-09-27 05:14:09.632564+00:00,Delhi,False,0,D-30087,320,P2_REVIEW,STRUCTURING,P2,14,0.606,9,1856.9794,0.0405,51796.92,50299.84,299.84,0,1,0,1,14,4,2,0.8667,0.7376,0.835,0.8667,61.6,29.38,0,1,1,1,1,0.91,0.5994,4,4,3,8,6,1,1,9,4,0,1,1,1,0.6327,1,0.6327,1,0.7365,"['P2_REVIEW', 'STRUCTURING', 'NEAR_THRESHOLD', 'HIGH_VALUE_TRANSFER', 'REALTIME_SCENARIO_BEHAVIOR_FALLBACK', 'LAUNDERING_FLOW', 'NEO4J_UNAVAILABLE', 'REALTIME_SCENARIO_GRAPH_FALLBACK', 'MONITORING', 'ELEVATED_ACTIVITY']",3,MONITOR,SOFT_NUDGE,P3,MONITORING,0.6034,0.6034,0.7376,0.7376,0.835,0.835,0.8667,0.8667,0.0,UNKNOWN,LAUNDERING_FLOW,HIGH,UNKNOWN,"['Realtime scenario behavior fallback', 'LAUNDERING_FLOW', 'Connected to mule cluster']",TRANSACTION_SUSPECT,True,False,False,1440,2880,AML_MONITORING_QUEUE,MEDIUM
668754a5-31c2-4cbf-8bf5-9d5cfe01d061,U-1027,M-2013,7530.45,INR,TRANSFER,UPI,67913.49,60383.04,567757.97,2026-09-27 05:14:07.054667+00:00,Mumbai,True,1,D-30018,366,NORMAL,LOW_RISK_PAYMENT,LOW,96,0.1915,923,51.3475,0.0437,7874.47,92469.55,42469.55,0,0,0,0,450,0,0,0.0,0.1824,0.2138,0.0973,85.42,93.67,1,0,0,0,0,2.18,0.1065,0,0,0,1,1,0,0,3,3,2,0,0,0,0.0776,0,0.0437,0,0.0609,"['NORMAL', 'LOW_RISK_PAYMENT', 'NORMAL_PATTERN', 'LOW_VALUE_PAYMENT', 'SIM_BOUND', 'FALLBACK_BEHAVIORAL_PROXY', 'NEO4J_UNAVAILABLE', 'CLEARED']",6,ALLOW,ALLOW,INFO,CLEARED,0.0,0.0,0.0,0.0,0.0,0.0,0.0,0.0,0.0,UNKNOWN,FALLBACK_BEHAVIORAL_PROXY,UNKNOWN,UNKNOWN,['FALLBACK_BEHAVIORAL_PROXY'],TRANSACTION_MONITOR,False,False,False,10080,20160,AML_INFO_QUEUE,LOW
5f19d843-d437-4a4c-aee7-218ddbe402eb,U-1053,M-2031,34334.84,INR,PAYMENT,IMPS,58194.79,23859.95,162613.07,2026-09-27 05:14:04.543157+00:00,Kolkata,True,1,D-30030,1078,P3_MONITOR,MILD_VELOCITY,P3,70,0.4824,237,907.7579,0.1907,28836.56,65665.16,15665.16,0,0,0,0,476,2,0,0.5084,0.6109,0.5325,0.5084,77.21,72.06,1,1,0,0,0,2.64,0.2624,0,0,2,3,1,0,0,69,3,0,1,0,0,0.2272,0,0.1907,0,0.3544,"['P3_MONITOR', 'MILD_VELOCITY', 'WATCHLIST_PROXIMITY', 'DEVICE_REUSE', 'REALTIME_SCENARIO_BEHAVIOR_FALLBACK', 'ELEVATED_ACTIVITY_SEQUENCE', 'NEO4J_UNAVAILABLE', 'REALTIME_SCENARIO_GRAPH_FALLBACK', 'CLEARED']",6,ALLOW,ALLOW,INFO,CLEARED,0.4181,0.4181,0.6109,0.6109,0.5325,0.5325,0.5084,0.5084,0.0,UNKNOWN,ELEVATED_ACTIVITY_SEQUENCE,MEDIUM,UNKNOWN,"['Realtime scenario behavior fallback', 'ELEVATED_ACTIVITY_SEQUENCE']",TRANSACTION_MONITOR,False,False,False,10080,20160,AML_INFO_QUEUE,LOW
28a14db6-2c95-49cc-af49-3d36289886ae,U-1027,U-1036,11477.18,INR,PAYMENT,UPI,69882.25,58405.07,93672.27,2026-09-27 05:14:01.984945+00:00,Pune,True,1,D-30020,1664,NORMAL,LOW_RISK_PAYMENT,LOW,94,0.1047,403,56.9683,0.029,11153.5,88522.82,38522.82,0,0,0,0,2135,1,0,0.0,0.2627,0.1783,0.2215,95.26,81.12,1,0,0,0,0,5.34,0.0514,0,0,0,2,1,0,0,3,3,3,0,0,0,0.1151,0,0.029,0,0.1151,"['NORMAL', 'LOW_RISK_PAYMENT', 'NORMAL_PATTERN', 'LOW_VALUE_PAYMENT', 'SIM_BOUND', 'FALLBACK_BEHAVIORAL_PROXY', 'NEO4J_UNAVAILABLE', 'CLEARED']",2,ALLOW,ALLOW,INFO,CLEARED,0.0,0.0,0.0,0.0,0.0,0.0,0.0,0.0,0.0,UNKNOWN,FALLBACK_BEHAVIORAL_PROXY,UNKNOWN,UNKNOWN,['FALLBACK_BEHAVIORAL_PROXY'],TRANSACTION_MONITOR,False,False,False,10080,20160,AML_INFO_QUEUE,LOW
814a94b4-f4db-4db5-923b-c43c92f499bf,U-1028,M-2003,13117.83,INR,BILL,CARD,84915.05,71797.22,501231.52,2026-09-27 05:13:59.436599+00:00,Bengaluru,True,1,D-30015,684,NORMAL,LOW_RISK_PAYMENT,LOW,84,0.2267,1082,97.0801,0.05,13808.14,86882.17,36882.17,0,0,0,0,250,1,0,0.0,0.1751,0.1972,0.1466,79.39,86.92,1,0,0,0,0,5.55,0.1223,0,0,0,1,1,0,0,3,2,2,0,0,0,0.0663,0,0.05,0,0.0692,"['NORMAL', 'LOW_RISK_PAYMENT', 'NORMAL_PATTERN', 'LOW_VALUE_PAYMENT', 'SIM_BOUND', 'FALLBACK_BEHAVIORAL_PROXY', 'NEO4J_UNAVAILABLE', 'CLEARED']",2,ALLOW,ALLOW,INFO,CLEARED,0.0,0.0,0.0,0.0,0.0,0.0,0.0,0.0,0.0,UNKNOWN,FALLBACK_BEHAVIORAL_PROXY,UNKNOWN,UNKNOWN,['FALLBACK_BEHAVIORAL_PROXY'],TRANSACTION_MONITOR,False,False,False,10080,20160,AML_INFO_QUEUE,LOW
ac292dca-97e7-4a7c-9685-de380777a124,U-1001,M-2000,4074.09,INR,BILL,CARD,61746.84,57672.75,286279.32,2026-09-27 05:13:56.886075+00:00,Mumbai,True,1,D-30020,1012,NORMAL,LOW_RISK_PAYMENT,LOW,92,0.1965,1370,25.8315,0.1004,4528.65,95925.91,45925.91,0,0,0,0,614,1,1,0.0,0.2508,0.0013,0.3086,83.54,87.19,1,0,0,0,0,2.03,0.0786,0,0,0,1,1,0,0,3,3,1,0,0,0,0.0971,0,0.1004,0,0.1344,"['NORMAL', 'LOW_RISK_PAYMENT', 'NORMAL_PATTERN', 'LOW_VALUE_PAYMENT', 'SIM_BOUND', 'FALLBACK_BEHAVIORAL_PROXY', 'NEO4J_UNAVAILABLE', 'CLEARED']",6,ALLOW,ALLOW,INFO,CLEARED,0.0,0.0,0.0,0.0,0.0,0.0,0.0,0.0,0.0,UNKNOWN,FALLBACK_BEHAVIORAL_PROXY,UNKNOWN,UNKNOWN,['FALLBACK_BEHAVIORAL_PROXY'],TRANSACTION_MONITOR,False,False,False,10080,20160,AML_INFO_QUEUE,LOW
d6dd73fd-5597-4e6c-890a-ab1bedabb6e7,U-1047,M-2031,30193.36,INR,TRANSFER,CARD,210886.86,180693.5,233008.3,2026-09-27 05:13:54.317011+00:00,Bengaluru,True,1,D-30038,956,P3_MONITOR,MILD_VELOCITY,P3,48,0.3964,83,413.569,0.009,30468.86,69806.64,19806.64,0,0,0,0,1474,1,1,0.5238,0.5481,0.4826,0.5238,69.53,60.2,1,0,1,0,0,3.33,0.2621,1,1,2,3,2,0,0,47,5,1,1,0,0,0.3323,0,0.009,0,0.4575,"['P3_MONITOR', 'MILD_VELOCITY', 'WATCHLIST_PROXIMITY', 'DEVICE_REUSE', 'REALTIME_SCENARIO_BEHAVIOR_FALLBACK', 'ELEVATED_ACTIVITY_SEQUENCE', 'NEO4J_UNAVAILABLE', 'REALTIME_SCENARIO_GRAPH_FALLBACK', 'CLEARED']",8,ALLOW,ALLOW,INFO,CLEARED,0.3898,0.3898,0.5481,0.5481,0.4826,0.4826,0.5238,0.5238,0.0,UNKNOWN,ELEVATED_ACTIVITY_SEQUENCE,MEDIUM,UNKNOWN,"['Realtime scenario behavior fallback', 'ELEVATED_ACTIVITY_SEQUENCE', 'Connected to mule cluster']",TRANSACTION_MONITOR,False,False,False,10080,20160,AML_INFO_QUEUE,LOW
885282a3-0c42-49cc-b112-7f2b7f656efd,U-1021,U-1030,10078.07,INR,P2P,UPI,81530.05,71451.98,517969.22,2026-09-27 05:13:51.769410+00:00,Hyderabad,True,1,D-30018,594,NORMAL,LOW_RISK_PAYMENT,LOW,88,0.1766,420,48.0239,0.0674,10806.29,89921.93,39921.93,0,0,0,0,241,0,1,0.0,0.1583,0.1585,0.197,88.94,82.58,1,0,0,0,0,6.44,0.1479,0,0,0,2,1,0,0,3,1,1,0,0,0,0.0944,0,0.0674,0,0.1099,"['NORMAL', 'LOW_RISK_PAYMENT', 'NORMAL_PATTERN', 'LOW_VALUE_PAYMENT', 'SIM_BOUND', 'FALLBACK_BEHAVIORAL_PROXY', 'NEO4J_UNAVAILABLE', 'CLEARED']",4,ALLOW,ALLOW,INFO,CLEARED,0.0,0.0,0.0,0.0,0.0,0.0,0.0,0.0,0.0,UNKNOWN,FALLBACK_BEHAVIORAL_PROXY,UNKNOWN,UNKNOWN,['FALLBACK_BEHAVIORAL_PROXY'],TRANSACTION_MONITOR,False,False,False,10080,20160,AML_INFO_QUEUE,LOW
79733b1a-4765-4c10-97f9-7daa20fde6ab,U-1008,M-2016,9875.64,INR,TRANSFER,UPI,62048.48,52172.84,147222.42,2026-09-27 05:13:49.238970+00:00,Chennai,True,1,D-30001,578,NORMAL,LOW_RISK_PAYMENT,LOW,96,0.1114,1062,75.0588,0.0574,9339.72,90124.36,40124.36,0,0,0,0,1814,0,0,0.0,0.3293,0.1602,0.2112,81.36,92.51,1,0,0,0,0,5.68,0.0286,0,0,0,1,1,0,0,3,3,0,0,0,0,0.1011,0,0.0574,0,0.15,"['NORMAL', 'LOW_RISK_PAYMENT', 'NORMAL_PATTERN', 'LOW_VALUE_PAYMENT', 'SIM_BOUND', 'FALLBACK_BEHAVIORAL_PROXY', 'NEO4J_UNAVAILABLE', 'CLEARED']",4,ALLOW,ALLOW,INFO,CLEARED,0.0,0.0,0.0,0.0,0.0,0.0,0.0,0.0,0.0,UNKNOWN,FALLBACK_BEHAVIORAL_PROXY,UNKNOWN,UNKNOWN,['FALLBACK_BEHAVIORAL_PROXY'],TRANSACTION_MONITOR,False,False,False,10080,20160,AML_INFO_QUEUE,LOW
f23fadb6-aafc-42b8-958c-6334f2ed41af,U-1009,U-1030,3390.35,INR,P2P,CARD,115875.63,112485.28,113823.5,2026-09-27 05:13:46.720582+00:00,Mumbai,True,1,D-30018,958,NORMAL,LOW_RISK_PAYMENT,LOW,88,0.2788,332,35.22,0.0127,3347.89,96609.65,46609.65,0,0,0,0,2051,0,1,0.0,0.0696,0.1278,0.3183,91.76,81.89,1,0,0,0,0,4.5,0.084,0,0,0,2,1,0,0,3,1,3,0,0,0,0.083,0,0.0127,0,0.14,"['NORMAL', 'LOW_RISK_PAYMENT', 'NORMAL_PATTERN', 'LOW_VALUE_PAYMENT', 'SIM_BOUND', 'FALLBACK_BEHAVIORAL_PROXY', 'NEO4J_UNAVAILABLE', 'CLEARED']",4,ALLOW,ALLOW,INFO,CLEARED,0.0,0.0,0.0,0.0,0.0,0.0,0.0,0.0,0.0,UNKNOWN,FALLBACK_BEHAVIORAL_PROXY,UNKNOWN,UNKNOWN,['FALLBACK_BEHAVIORAL_PROXY'],TRANSACTION_MONITOR,False,False,False,10080,20160,AML_INFO_QUEUE,LOW
1d15c39e-762c-4e62-98c4-9add69b9f31e,U-1008,M-2002,14687.07,INR,P2P,CARD,211391.88,196704.81,156942.55,2026-09-27 05:13:44.217306+00:00,Chennai,True,1,D-30017,1122,NORMAL,LOW_RISK_PAYMENT,LOW,94,0.2352,811,100.8974,0.0682,13749.01,85312.93,35312.93,0,0,0,0,2057,0,0,0.0,0.1419,0.1255,0.1251,81.26,95.61,1,0,0,0,0,5.68,0.0202,0,0,0,2,1,0,0,3,2,3,0,0,0,0.1349,0,0.0682,0,0.1497,"['NORMAL', 'LOW_RISK_PAYMENT', 'NORMAL_PATTERN', 'LOW_VALUE_PAYMENT', 'SIM_BOUND', 'FALLBACK_BEHAVIORAL_PROXY', 'NEO4J_UNAVAILABLE', 'CLEARED']",8,ALLOW,ALLOW,INFO,CLEARED,0.0,0.0,0.0,0.0,0.0,0.0,0.0,0.0,0.0,UNKNOWN,FALLBACK_BEHAVIORAL_PROXY,UNKNOWN,UNKNOWN,['FALLBACK_BEHAVIORAL_PROXY'],TRANSACTION_MONITOR,False,False,False,10080,20160,AML_INFO_QUEUE,LOW
90657ede-afad-464e-ab97-77affa989cf2,U-1020,M-2005,842.12,INR,P2P,UPI,240696.72,239854.6,455916.58,2026-09-27 05:13:41.685761+00:00,Mumbai,True,1,D-30017,1152,NORMAL,LOW_RISK_PAYMENT,LOW,72,0.1536,420,3.7397,0.0476,884.22,99157.88,49157.88,0,0,0,0,1357,0,0,0.0,0.2263,0.0909,0.1102,93.73,81.09,1,0,0,0,0,5.23,0.1285,0,0,0,1,1,0,0,3,3,2,0,0,0,0.0943,0,0.0476,0,0.0987,"['NORMAL', 'LOW_RISK_PAYMENT', 'NORMAL_PATTERN', 'LOW_VALUE_PAYMENT', 'SIM_BOUND', 'FALLBACK_BEHAVIORAL_PROXY', 'NEO4J_UNAVAILABLE', 'CLEARED']",2,ALLOW,ALLOW,INFO,CLEARED,0.0,0.0,0.0,0.0,0.0,0.0,0.0,0.0,0.0,UNKNOWN,FALLBACK_BEHAVIORAL_PROXY,UNKNOWN,UNKNOWN,['FALLBACK_BEHAVIORAL_PROXY'],TRANSACTION_MONITOR,False,False,False,10080,20160,AML_INFO_QUEUE,LOW
7d9c525b-c5c4-47b4-af2a-d446c541aef5,U-1047,M-2031,38911.03,INR,PAYMENT,IMPS,212886.34,173975.31,495683.46,2026-09-27 05:13:39.156028+00:00,Pune,False,0,D-30026,1075,P3_MONITOR,MILD_VELOCITY,P3,46,0.3515,157,667.7009,0.1274,44590.44,61088.97,11088.97,0,1,0,0,522,1,2,0.4814,0.6063,0.489,0.4814,59.05,64.09,1,0,0,0,0,4.9,0.3405,1,1,2,2,2,0,0,45,4,1,1,0,0,0.343,0,0.1274,1,0.3148,"['P3_MONITOR', 'MILD_VELOCITY', 'WATCHLIST_PROXIMITY', 'DEVICE_REUSE', 'REALTIME_SCENARIO_BEHAVIOR_FALLBACK', 'ELEVATED_ACTIVITY_SEQUENCE', 'NEO4J_UNAVAILABLE', 'REALTIME_SCENARIO_GRAPH_FALLBACK', 'CLEARED']",6,ALLOW,ALLOW,INFO,CLEARED,0.4004,0.4004,0.6063,0.6063,0.489,0.489,0.4814,0.4814,0.0,UNKNOWN,ELEVATED_ACTIVITY_SEQUENCE,MEDIUM,UNKNOWN,"['Realtime scenario behavior fallback', 'ELEVATED_ACTIVITY_SEQUENCE', 'Connected to mule cluster']",TRANSACTION_MONITOR,False,False,False,10080,20160,AML_INFO_QUEUE,LOW
21121875-7df8-4ac7-a1a6-a43924e882c8,U-1016,M-2014,12730.22,INR,PAYMENT,UPI,32281.69,19551.47,300716.87,2026-09-27 05:13:36.587504+00:00,Bengaluru,True,1,D-30013,1634,NORMAL,LOW_RISK_PAYMENT,LOW,74,0.1175,1330,102.3772,0.0777,13802.64,87269.78,37269.78,0,0,0,0,1994,0,0,0.0,0.2526,0.1786,0.2706,84.32,79.44,1,0,0,0,0,5.75,0.1132,0,0,0,2,1,0,0,3,1,1,0,0,0,0.1444,0,0.0777,0,0.1301,"['NORMAL', 'LOW_RISK_PAYMENT', 'NORMAL_PATTERN', 'LOW_VALUE_PAYMENT', 'SIM_BOUND', 'FALLBACK_BEHAVIORAL_PROXY', 'NEO4J_UNAVAILABLE', 'CLEARED']",6,ALLOW,ALLOW,INFO,CLEARED,0.0,0.0,0.0,0.0,0.0,0.0,0.0,0.0,0.0,UNKNOWN,FALLBACK_BEHAVIORAL_PROXY,UNKNOWN,UNKNOWN,['FALLBACK_BEHAVIORAL_PROXY'],TRANSACTION_MONITOR,False,False,False,10080,20160,AML_INFO_QUEUE,LOW
a6ff3ad1-14b0-4b8b-b0d0-d20193c710f9,U-1010,M-2018,13447.67,INR,PAYMENT,NETBANKING,95617.91,82170.24,306920.8,2026-09-27 05:13:34.033476+00:00,Chennai,True,1,D-30014,1989,NORMAL,LOW_RISK_PAYMENT,LOW,100,0.2254,916,66.52,0.0562,12732.38,86552.33,36552.33,0,0,0,0,1010,1,0,0.0,0.3242,0.0795,0.2966,81.52,76.94,1,0,0,0,0,2.56,0.0775,0,0,0,1,1,0,0,3,2,1,0,0,0,0.1532,0,0.0562,0,0.092,"['NORMAL', 'LOW_RISK_PAYMENT', 'NORMAL_PATTERN', 'LOW_VALUE_PAYMENT', 'SIM_BOUND', 'FALLBACK_BEHAVIORAL_PROXY', 'NEO4J_UNAVAILABLE', 'CLEARED']",4,ALLOW,ALLOW,INFO,CLEARED,0.0,0.0,0.0,0.0,0.0,0.0,0.0,0.0,0.0,UNKNOWN,FALLBACK_BEHAVIORAL_PROXY,UNKNOWN,UNKNOWN,['FALLBACK_BEHAVIORAL_PROXY'],TRANSACTION_MONITOR,False,False,False,10080,20160,AML_INFO_QUEUE,LOW
1804e592-2881-47b0-96c8-674e7f043463,U-1085,U-1096,49206.06,INR,STRUCTURING,IMPS,50352.73,1146.67,239856.5,2026-09-27 05:13:31.254220+00:00,Mumbai,False,0,D-30089,281,P1_CRITICAL,STRUCTURING,P1,26,0.9772,2,5820.1187,0.0611,52410.92,50793.94,793.94,1,1,0,1,20,12,5,0.9676,0.9826,0.9259,0.9676,28.08,21.81,0,1,1,0,1,1.56,0.9269,6,6,28,9,9,1,1,21,6,0,1,1,1,0.9037,1,0.9037,1,0.9432,"['P1_CRITICAL', 'STRUCTURING', 'NEAR_THRESHOLD', 'HIGH_VALUE_TRANSFER', 'REALTIME_SCENARIO_BEHAVIOR_FALLBACK', 'GATHER_SCATTER', 'NEO4J_UNAVAILABLE', 'REALTIME_SCENARIO_GRAPH_FALLBACK', 'CRITICAL_RISK', 'URGENT_REVIEW']",2,BLOCK,BLOCK,P1,BLOCKED,0.9698,0.9698,0.9826,0.9826,0.9259,0.9259,0.9676,0.9676,1.0,UNKNOWN,GATHER_SCATTER,CRITICAL,UNKNOWN,"['Critical mule laundering pattern detected', 'Realtime scenario behavior fallback', 'GATHER_SCATTER', 'Connected to mule cluster']",TRANSACTION_SUSPECT,False,True,True,15,20,AML_CRITICAL_QUEUE,CRITICAL
d903f4cf-c56b-4f91-b25e-6bea126d25f4,U-1023,M-2019,12326.79,INR,P2P,UPI,33797.21,21470.42,367391.9,2026-09-27 05:13:28.724188+00:00,Kolkata,True,1,D-30020,661,NORMAL,LOW_RISK_PAYMENT,LOW,74,0.2836,803,88.3346,0.0458,12918.17,87673.21,37673.21,0,0,0,0,322,1,0,0.0,0.3337,0.0221,0.1075,81.08,84.62,1,0,0,0,0,5.62,0.0336,0,0,0,1,1,0,0,3,4,2,0,0,0,0.1497,0,0.0458,0,0.0512,"['NORMAL', 'LOW_RISK_PAYMENT', 'NORMAL_PATTERN', 'LOW_VALUE_PAYMENT', 'SIM_BOUND', 'FALLBACK_BEHAVIORAL_PROXY', 'NEO4J_UNAVAILABLE', 'CLEARED']",4,ALLOW,ALLOW,INFO,CLEARED,0.0,0.0,0.0,0.0,0.0,0.0,0.0,0.0,0.0,UNKNOWN,FALLBACK_BEHAVIORAL_PROXY,UNKNOWN,UNKNOWN,['FALLBACK_BEHAVIORAL_PROXY'],TRANSACTION_MONITOR,False,False,False,10080,20160,AML_INFO_QUEUE,LOW
64cde15d-8270-48cd-8af3-61ece97ed44b,U-1004,U-1035,8794.75,INR,BILL,UPI,175072.24,166277.49,572915.42,2026-09-27 05:13:26.194019+00:00,Delhi,True,1,D-30007,499,NORMAL,LOW_RISK_PAYMENT,LOW,76,0.0562,547,65.8833,0.0258,9027.27,91205.25,41205.25,0,0,0,0,1814,1,0,0.0,0.1989,0.0575,0.1602,91.17,89.99,1,0,0,0,0,5.03,0.0235,0,0,0,1,1,0,0,3,2,1,0,0,0,0.1326,0,0.0258,0,0.1172,"['NORMAL', 'LOW_RISK_PAYMENT', 'NORMAL_PATTERN', 'LOW_VALUE_PAYMENT', 'SIM_BOUND', 'FALLBACK_BEHAVIORAL_PROXY', 'NEO4J_UNAVAILABLE', 'CLEARED']",2,ALLOW,ALLOW,INFO,CLEARED,0.0,0.0,0.0,0.0,0.0,0.0,0.0,0.0,0.0,UNKNOWN,FALLBACK_BEHAVIORAL_PROXY,UNKNOWN,UNKNOWN,['FALLBACK_BEHAVIORAL_PROXY'],TRANSACTION_MONITOR,False,False,False,10080,20160,AML_INFO_QUEUE,LOW
7b7f46e6-8a7b-4fe4-9888-f14e1a77c6e1,U-1063,U-1075,66582.62,INR,LAYERING_STEP,NEFT,241717.15,175134.53,608751.88,2026-09-27 05:13:23.620596+00:00,Hyderabad,False,0,D-30088,109,P2_REVIEW,LAYERING,P2,22,0.7549,43,2793.6082,0.0241,65014.27,33417.38,16582.62,0,1,0,0,63,3,4,0.814,0.7653,0.697,0.814,32.54,59.6,0,1,1,1,1,1.94,0.7413,2,2,4,3,5,1,1,16,3,0,1,1,1,0.7815,0,0.0241,1,0.8576,"['P2_REVIEW', 'LAYERING', 'LAYERING_CHAIN', 'MULE_CLUSTER', 'SHORT_FORWARDING_DELAY', 'SIM_NOT_BOUND', 'REALTIME_SCENARIO_BEHAVIOR_FALLBACK', 'LAUNDERING_FLOW', 'HIGH_VALUE_TRANSFER', 'NEO4J_UNAVAILABLE', 'REALTIME_SCENARIO_GRAPH_FALLBACK', 'MONITORING', 'ELEVATED_ACTIVITY']",2,MONITOR,SOFT_NUDGE,P3,MONITORING,0.5666,0.5666,0.7653,0.7653,0.697,0.697,0.814,0.814,0.0,UNKNOWN,LAUNDERING_FLOW,HIGH,UNKNOWN,"['Realtime scenario behavior fallback', 'LAUNDERING_FLOW', 'Connected to mule cluster']",TRANSACTION_SUSPECT,True,False,False,1440,2880,AML_MONITORING_QUEUE,MEDIUM
b81301bf-cf43-44f1-b423-35e8f963f042,U-1027,M-2019,14808.3,INR,P2P,NETBANKING,85013.72,70205.42,633255.41,2026-09-27 05:13:21.109351+00:00,Chennai,True,1,D-30006,1782,NORMAL,LOW_RISK_PAYMENT,LOW,92,0.1599,311,71.6436,0.1047,16540.76,85191.7,35191.7,0,0,0,0,2346,1,0,0.0,0.2474,0.2322,0.0771,82.32,78.99,1,0,0,0,0,6.26,0.1083,0,0,0,1,1,0,0,3,2,3,0,0,0,0.1158,0,0.1047,0,0.089,"['NORMAL', 'LOW_RISK_PAYMENT', 'NORMAL_PATTERN', 'LOW_VALUE_PAYMENT', 'SIM_BOUND', 'FALLBACK_BEHAVIORAL_PROXY', 'NEO4J_UNAVAILABLE', 'CLEARED']",4,ALLOW,ALLOW,INFO,CLEARED,0.0,0.0,0.0,0.0,0.0,0.0,0.0,0.0,0.0,UNKNOWN,FALLBACK_BEHAVIORAL_PROXY,UNKNOWN,UNKNOWN,['FALLBACK_BEHAVIORAL_PROXY'],TRANSACTION_MONITOR,False,False,False,10080,20160,AML_INFO_QUEUE,LOW
75c6ac6d-3867-4b6b-88e9-4807ee156822,U-1000,M-2007,6853.06,INR,PAYMENT,NETBANKING,221101.27,214248.21,640673.59,2026-09-27 05:13:18.608349+00:00,Hyderabad,True,1,D-30018,1000,NORMAL,LOW_RISK_PAYMENT,LOW,98,0.0532,621,31.345,0.0223,7009.02,93146.94,43146.94,0,0,0,0,2199,0,0,0.0,0.1191,0.1759,0.0623,93.68,84.02,1,0,0,0,0,5.58,0.0866,0,0,0,2,1,0,0,3,4,3,0,0,0,0.1169,0,0.0223,0,0.0787,"['NORMAL', 'LOW_RISK_PAYMENT', 'NORMAL_PATTERN', 'LOW_VALUE_PAYMENT', 'SIM_BOUND', 'FALLBACK_BEHAVIORAL_PROXY', 'NEO4J_UNAVAILABLE', 'CLEARED']",8,ALLOW,ALLOW,INFO,CLEARED,0.0,0.0,0.0,0.0,0.0,0.0,0.0,0.0,0.0,UNKNOWN,FALLBACK_BEHAVIORAL_PROXY,UNKNOWN,UNKNOWN,['FALLBACK_BEHAVIORAL_PROXY'],TRANSACTION_MONITOR,False,False,False,10080,20160,AML_INFO_QUEUE,LOW
72ce59ed-c941-4d5a-bfb8-a3fc8e3b7691,U-1003,M-2018,14261.83,INR,P2P,CARD,215769.97,201508.14,522644.07,2026-09-27 05:13:16.070292+00:00,Chennai,True,1,D-30018,503,NORMAL,LOW_RISK_PAYMENT,LOW,84,0.2513,1345,76.4527,0.0435,13667.32,85738.17,35738.17,0,0,0,0,1334,1,0,0.0,0.2856,0.14,0.1025,84.47,81.32,1,0,0,0,0,5.11,0.1107,0,0,0,2,1,0,0,3,3,0,0,0,0,0.0976,0,0.0435,0,0.1341,"['NORMAL', 'LOW_RISK_PAYMENT', 'NORMAL_PATTERN', 'LOW_VALUE_PAYMENT', 'SIM_BOUND', 'FALLBACK_BEHAVIORAL_PROXY', 'NEO4J_UNAVAILABLE', 'CLEARED']",6,ALLOW,ALLOW,INFO,CLEARED,0.0,0.0,0.0,0.0,0.0,0.0,0.0,0.0,0.0,UNKNOWN,FALLBACK_BEHAVIORAL_PROXY,UNKNOWN,UNKNOWN,['FALLBACK_BEHAVIORAL_PROXY'],TRANSACTION_MONITOR,False,False,False,10080,20160,AML_INFO_QUEUE,LOW
01c8ac61-d2c6-4a3a-b3fd-a6379392ba08,U-1048,M-2022,33164.02,INR,TRANSFER,IMPS,219740.14,186576.12,223470.12,2026-09-27 05:13:13.551817+00:00,Hyderabad,True,1,D-30044,761,P3_MONITOR,MILD_VELOCITY,P3,48,0.3981,91,1325.5481,0.2495,26542.54,66835.98,16835.98,0,0,0,0,203,2,1,0.5128,0.4918,0.524,0.5128,61.67,57.5,1,0,1,0,0,3.21,0.312,1,1,1,2,2,0,0,47,2,1,1,0,0,0.2959,0,0.2495,0,0.384,"['P3_MONITOR', 'MILD_VELOCITY', 'WATCHLIST_PROXIMITY', 'DEVICE_REUSE', 'REALTIME_SCENARIO_BEHAVIOR_FALLBACK', 'ELEVATED_ACTIVITY_SEQUENCE', 'NEO4J_UNAVAILABLE', 'REALTIME_SCENARIO_GRAPH_FALLBACK', 'CLEARED']",8,ALLOW,ALLOW,INFO,CLEARED,0.3811,0.3811,0.4918,0.4918,0.524,0.524,0.5128,0.5128,0.0,UNKNOWN,ELEVATED_ACTIVITY_SEQUENCE,MEDIUM,UNKNOWN,"['Realtime scenario behavior fallback', 'ELEVATED_ACTIVITY_SEQUENCE', 'Connected to mule cluster']",TRANSACTION_MONITOR,False,False,False,10080,20160,AML_INFO_QUEUE,LOW
bd89d76a-51d4-4812-aa19-358ce900d054,U-1045,M-2026,38012.58,INR,TRANSFER,CARD,222194.63,184182.05,591100.83,2026-09-27 05:13:10.989015+00:00,Mumbai,True,1,D-30024,609,P3_MONITOR,MILD_VELOCITY,P3,70,0.5383,119,639.1096,0.0051,38208.01,61987.42,11987.42,0,1,0,0,1194,3,1,0.5463,0.4756,0.4781,0.5463,65.52,61.55,0,1,1,0,0,1.41,0.3701,0,0,2,3,1,0,0,69,4,1,1,0,0,0.285,0,0.0051,0,0.4662,"['P3_MONITOR', 'MILD_VELOCITY', 'WATCHLIST_PROXIMITY', 'DEVICE_REUSE', 'REALTIME_SCENARIO_BEHAVIOR_FALLBACK', 'ELEVATED_ACTIVITY_SEQUENCE', 'NEO4J_UNAVAILABLE', 'REALTIME_SCENARIO_GRAPH_FALLBACK', 'CLEARED']",18,ALLOW,ALLOW,INFO,CLEARED,0.3715,0.3715,0.4756,0.4756,0.4781,0.4781,0.5463,0.5463,0.0,UNKNOWN,ELEVATED_ACTIVITY_SEQUENCE,MEDIUM,UNKNOWN,"['Realtime scenario behavior fallback', 'ELEVATED_ACTIVITY_SEQUENCE']",TRANSACTION_MONITOR,False,False,False,10080,20160,AML_INFO_QUEUE,LOW
a388d831-a3b4-43d3-922a-a6c2e34c0664,U-1018,M-2002,7204.46,INR,BILL,UPI,41093.3,33888.84,136321.44,2026-09-27 05:13:08.472458+00:00,Mumbai,True,1,D-30012,1046,NORMAL,LOW_RISK_PAYMENT,LOW,108,0.1417,422,36.6538,0.0633,7691.59,92795.54,42795.54,0,0,0,0,1425,1,1,0.0,0.3282,0.0823,0.2368,94.29,83.79,1,0,0,0,0,5.24,0.046,0,0,0,1,1,0,0,3,4,2,0,0,0,0.0504,0,0.0633,0,0.1293,"['NORMAL', 'LOW_RISK_PAYMENT', 'NORMAL_PATTERN', 'LOW_VALUE_PAYMENT', 'SIM_BOUND', 'FALLBACK_BEHAVIORAL_PROXY', 'NEO4J_UNAVAILABLE', 'CLEARED']",2,ALLOW,ALLOW,INFO,CLEARED,0.0,0.0,0.0,0.0,0.0,0.0,0.0,0.0,0.0,UNKNOWN,FALLBACK_BEHAVIORAL_PROXY,UNKNOWN,UNKNOWN,['FALLBACK_BEHAVIORAL_PROXY'],TRANSACTION_MONITOR,False,False,False,10080,20160,AML_INFO_QUEUE,LOW
62bd510d-d2a3-43f5-813a-2c1f7fc23233,U-1007,M-2000,10230.67,INR,TRANSFER,NETBANKING,53205.02,42974.35,660079.76,2026-09-27 05:13:05.954165+00:00,Bengaluru,True,1,D-30012,1304,NORMAL,LOW_RISK_PAYMENT,LOW,82,0.2313,959,71.9294,0.069,9570.7,89769.33,39769.33,0,0,0,0,1196,0,0,0.0,0.2437,0.0582,0.1949,84.24,93.11,1,0,0,0,0,2.94,0.1329,0,0,0,1,1,0,0,3,4,1,0,0,0,0.1531,0,0.069,0,0.1432,"['NORMAL', 'LOW_RISK_PAYMENT', 'NORMAL_PATTERN', 'LOW_VALUE_PAYMENT', 'SIM_BOUND', 'FALLBACK_BEHAVIORAL_PROXY', 'NEO4J_UNAVAILABLE', 'CLEARED']",4,ALLOW,ALLOW,INFO,CLEARED,0.0,0.0,0.0,0.0,0.0,0.0,0.0,0.0,0.0,UNKNOWN,FALLBACK_BEHAVIORAL_PROXY,UNKNOWN,UNKNOWN,['FALLBACK_BEHAVIORAL_PROXY'],TRANSACTION_MONITOR,False,False,False,10080,20160,AML_INFO_QUEUE,LOW
c531ef71-48c1-4913-8d50-f8f55cdd252d,U-1028,M-2013,8129.4,INR,P2P,UPI,24591.68,16462.28,609359.96,2026-09-27 05:13:03.448730+00:00,Mumbai,True,1,D-30019,1111,NORMAL,LOW_RISK_PAYMENT,LOW,82,0.081,850,68.4338,0.0246,7934.53,91870.6,41870.6,0,0,0,0,1850,0,0,0.0,0.1243,0.0118,0.2539,82.93,88.77,1,0,0,0,0,2.9,0.1171,0,0,0,1,1,0,0,3,1,0,0,0,0,0.1016,0,0.0246,0,0.105,"['NORMAL', 'LOW_RISK_PAYMENT', 'NORMAL_PATTERN', 'LOW_VALUE_PAYMENT', 'SIM_BOUND', 'FALLBACK_BEHAVIORAL_PROXY', 'NEO4J_UNAVAILABLE', 'CLEARED']",10,ALLOW,ALLOW,INFO,CLEARED,0.0,0.0,0.0,0.0,0.0,0.0,0.0,0.0,0.0,UNKNOWN,FALLBACK_BEHAVIORAL_PROXY,UNKNOWN,UNKNOWN,['FALLBACK_BEHAVIORAL_PROXY'],TRANSACTION_MONITOR,False,False,False,10080,20160,AML_INFO_QUEUE,LOW
4100eae6-34a1-4688-a86e-37a5ffb879d0,U-1083,U-1088,286695.41,INR,GATHER_SCATTER,UPI,300608.31,13912.9,127249.2,2026-09-27 05:13:00.756111+00:00,Bengaluru,False,0,D-30094,120,P1_CRITICAL,GATHER_SCATTER,P1,24,0.9537,2,77949.51,0.0601,270429.52,186695.41,236695.41,1,1,0,0,8,16,12,0.9414,0.9561,0.9394,0.9414,9.67,8.47,0,1,1,1,1,0.99,0.7129,11,11,25,14,6,1,1,23,7,0,1,1,1,0.9455,0,0.0601,1,0.9814,"['P1_CRITICAL', 'GATHER_SCATTER', 'RAPID_DRAIN', 'MULE_CLUSTER', 'SIM_NOT_BOUND', 'REALTIME_SCENARIO_BEHAVIOR_FALLBACK', 'HIGH_VALUE_TRANSFER', 'VERY_HIGH_VALUE_TRANSACTION', 'NEO4J_UNAVAILABLE', 'REALTIME_SCENARIO_GRAPH_FALLBACK', 'CRITICAL_RISK', 'URGENT_REVIEW']",2,BLOCK,BLOCK,P1,BLOCKED,0.96,0.96,0.9561,0.9561,0.9394,0.9394,0.9414,0.9414,1.0,UNKNOWN,GATHER_SCATTER,CRITICAL,UNKNOWN,"['Critical mule laundering pattern detected', 'Realtime scenario behavior fallback', 'GATHER_SCATTER', 'Connected to mule cluster']",TRANSACTION_SUSPECT,False,True,True,15,20,AML_CRITICAL_QUEUE,CRITICAL
155f6d4c-ec53-4875-8ace-c7ab71d28746,U-1023,M-2008,10816.48,INR,P2P,UPI,76138.39,65321.91,540096.28,2026-09-27 05:12:58.223058+00:00,Hyderabad,True,1,D-30001,1975,NORMAL,LOW_RISK_PAYMENT,LOW,72,0.174,1066,60.7473,0.0715,10095.02,89183.52,39183.52,0,0,0,0,1678,0,0,0.0,0.1046,0.197,0.0853,87.29,89.69,1,0,0,0,0,6.88,0.1025,0,0,0,2,1,0,0,3,1,0,0,0,0,0.1317,0,0.0715,0,0.0452,"['NORMAL', 'LOW_RISK_PAYMENT', 'NORMAL_PATTERN', 'LOW_VALUE_PAYMENT', 'SIM_BOUND', 'FALLBACK_BEHAVIORAL_PROXY', 'NEO4J_UNAVAILABLE', 'CLEARED']",6,ALLOW,ALLOW,INFO,CLEARED,0.0,0.0,0.0,0.0,0.0,0.0,0.0,0.0,0.0,UNKNOWN,FALLBACK_BEHAVIORAL_PROXY,UNKNOWN,UNKNOWN,['FALLBACK_BEHAVIORAL_PROXY'],TRANSACTION_MONITOR,False,False,False,10080,20160,AML_INFO_QUEUE,LOW
a09b48b2-2e92-4b0d-9143-4a2218b36af7,U-1017,U-1030,9438.87,INR,TRANSFER,UPI,37508.19,28069.32,610922.38,2026-09-27 05:12:55.704715+00:00,Chennai,True,1,D-30021,1523,NORMAL,LOW_RISK_PAYMENT,LOW,88,0.265,319,55.0112,0.0912,8650.33,90561.13,40561.13,0,0,0,0,281,0,0,0.0,0.0986,0.1833,0.0805,94.85,75.64,1,0,0,0,0,4.87,0.0337,0,0,0,1,1,0,0,3,2,1,0,0,0,0.1023,0,0.0912,0,0.0494,"['NORMAL', 'LOW_RISK_PAYMENT', 'NORMAL_PATTERN', 'LOW_VALUE_PAYMENT', 'SIM_BOUND', 'FALLBACK_BEHAVIORAL_PROXY', 'NEO4J_UNAVAILABLE', 'CLEARED']",4,ALLOW,ALLOW,INFO,CLEARED,0.0,0.0,0.0,0.0,0.0,0.0,0.0,0.0,0.0,UNKNOWN,FALLBACK_BEHAVIORAL_PROXY,UNKNOWN,UNKNOWN,['FALLBACK_BEHAVIORAL_PROXY'],TRANSACTION_MONITOR,False,False,False,10080,20160,AML_INFO_QUEUE,LOW
3937f143-c073-45cb-8131-466bd608e5a8,U-1011,M-2006,9065.95,INR,TRANSFER,NETBANKING,217143.42,208077.47,491498.98,2026-09-27 05:12:53.206491+00:00,Chennai,True,1,D-30007,1959,NORMAL,LOW_RISK_PAYMENT,LOW,92,0.1123,1224,47.4235,0.0365,8746.96,90934.05,40934.05,0,1,0,0,595,0,0,0.0,0.2189,0.191,0.2365,91.85,93.18,1,0,0,0,0,6.39,0.0553,0,0,0,2,1,0,0,3,3,0,0,0,0,0.0661,0,0.0365,0,0.1273,"['NORMAL', 'LOW_RISK_PAYMENT', 'NORMAL_PATTERN', 'LOW_VALUE_PAYMENT', 'SIM_BOUND', 'FALLBACK_BEHAVIORAL_PROXY', 'NEO4J_UNAVAILABLE', 'CLEARED']",2,ALLOW,ALLOW,INFO,CLEARED,0.0,0.0,0.0,0.0,0.0,0.0,0.0,0.0,0.0,UNKNOWN,FALLBACK_BEHAVIORAL_PROXY,UNKNOWN,UNKNOWN,['FALLBACK_BEHAVIORAL_PROXY'],TRANSACTION_MONITOR,False,False,False,10080,20160,AML_INFO_QUEUE,LOW
b7a2243f-fa80-4d46-a96b-daa485ffd721,U-1054,M-2026,28785.94,INR,PAYMENT,UPI,143764.99,114979.05,613702.36,2026-09-27 05:12:50.687081+00:00,Delhi,False,0,D-30038,823,P3_MONITOR,MILD_VELOCITY,P3,52,0.3637,69,464.6443,0.2392,23228.9,71214.06,21214.06,0,0,0,0,760,1,1,0.4045,0.5205,0.5402,0.4045,71.49,57.27,1,0,1,0,0,4.25,0.2633,0,0,2,1,2,0,0,51,3,1,1,0,0,0.2957,0,0.2392,0,0.4153,"['P3_MONITOR', 'MILD_VELOCITY', 'WATCHLIST_PROXIMITY', 'DEVICE_REUSE', 'REALTIME_SCENARIO_BEHAVIOR_FALLBACK', 'ELEVATED_ACTIVITY_SEQUENCE', 'NEO4J_UNAVAILABLE', 'REALTIME_SCENARIO_GRAPH_FALLBACK', 'CLEARED']",8,ALLOW,ALLOW,INFO,CLEARED,0.3721,0.3721,0.5205,0.5205,0.5402,0.5402,0.4045,0.4045,0.0,UNKNOWN,ELEVATED_ACTIVITY_SEQUENCE,MEDIUM,UNKNOWN,"['Realtime scenario behavior fallback', 'ELEVATED_ACTIVITY_SEQUENCE']",TRANSACTION_MONITOR,False,False,False,10080,20160,AML_INFO_QUEUE,LOW
da702285-795a-4307-8658-21c3f5f0fa39,U-1079,U-1098,359668.06,INR,GATHER_SCATTER,UPI,399250.47,39582.41,458769.36,2026-09-27 05:12:48.055923+00:00,Chennai,False,0,D-30062,12,P1_CRITICAL,GATHER_SCATTER,P1,39,0.9009,4,40461.8732,0.0463,377124.24,259668.06,309668.06,0,0,0,0,50,11,10,0.9608,0.9257,0.9186,0.9608,6.69,10.36,0,1,1,1,1,1.2,0.943,14,14,18,13,7,1,1,35,8,0,1,1,1,0.9589,0,0.0463,1,0.9255,"['P1_CRITICAL', 'GATHER_SCATTER', 'RAPID_DRAIN', 'MULE_CLUSTER', 'SIM_NOT_BOUND', 'REALTIME_SCENARIO_BEHAVIOR_FALLBACK', 'HIGH_VALUE_TRANSFER', 'VERY_HIGH_VALUE_TRANSACTION', 'NEO4J_UNAVAILABLE', 'REALTIME_SCENARIO_GRAPH_FALLBACK', 'CRITICAL_RISK', 'URGENT_REVIEW']",2,BLOCK,BLOCK,P1,BLOCKED,0.9495,0.9495,0.9257,0.9257,0.9186,0.9186,0.9608,0.9608,1.0,UNKNOWN,GATHER_SCATTER,CRITICAL,UNKNOWN,"['Critical mule laundering pattern detected', 'Realtime scenario behavior fallback', 'GATHER_SCATTER', 'Connected to mule cluster']",TRANSACTION_SUSPECT,False,True,True,15,20,AML_CRITICAL_QUEUE,CRITICAL
c5d84f0b-91aa-48c0-a2a1-92f917c6e12a,U-1050,M-2031,40892.81,INR,PAYMENT,CARD,180809.88,139917.07,323646.59,2026-09-27 05:12:45.501510+00:00,Hyderabad,True,1,D-30042,487,P3_MONITOR,MILD_VELOCITY,P3,30,0.4652,221,945.3312,0.1691,49212.3,59107.19,9107.19,0,0,0,0,293,2,2,0.5072,0.5815,0.4648,0.5072,63.75,73.14,0,0,0,0,1,4.78,0.3529,0,0,2,1,2,0,0,29,2,0,1,0,0,0.2643,0,0.1691,0,0.3092,"['P3_MONITOR', 'MILD_VELOCITY', 'WATCHLIST_PROXIMITY', 'DEVICE_REUSE', 'REALTIME_SCENARIO_BEHAVIOR_FALLBACK', 'ELEVATED_ACTIVITY_SEQUENCE', 'NEO4J_UNAVAILABLE', 'REALTIME_SCENARIO_GRAPH_FALLBACK', 'CLEARED']",4,ALLOW,ALLOW,INFO,CLEARED,0.3921,0.3921,0.5815,0.5815,0.4648,0.4648,0.5072,0.5072,0.0,UNKNOWN,ELEVATED_ACTIVITY_SEQUENCE,MEDIUM,UNKNOWN,"['Realtime scenario behavior fallback', 'ELEVATED_ACTIVITY_SEQUENCE']",TRANSACTION_MONITOR,False,False,False,10080,20160,AML_INFO_QUEUE,LOW
5c5b9c40-d087-4f24-b9f2-ba85039d1880,U-1019,M-2018,4562.61,INR,BILL,CARD,113925.83,109363.22,680097.07,2026-09-27 05:12:42.990348+00:00,Bengaluru,True,1,D-30012,473,NORMAL,LOW_RISK_PAYMENT,LOW,116,0.2315,406,38.1398,0.0061,4590.82,95437.39,45437.39,0,0,0,0,2194,1,1,0.0,0.2759,0.0357,0.068,79.21,80.21,1,0,0,0,0,4.4,0.0754,0,0,0,2,1,0,0,3,2,3,0,0,0,0.0476,0,0.0061,0,0.1098,"['NORMAL', 'LOW_RISK_PAYMENT', 'NORMAL_PATTERN', 'LOW_VALUE_PAYMENT', 'SIM_BOUND', 'FALLBACK_BEHAVIORAL_PROXY', 'NEO4J_UNAVAILABLE', 'CLEARED']",6,ALLOW,ALLOW,INFO,CLEARED,0.0,0.0,0.0,0.0,0.0,0.0,0.0,0.0,0.0,UNKNOWN,FALLBACK_BEHAVIORAL_PROXY,UNKNOWN,UNKNOWN,['FALLBACK_BEHAVIORAL_PROXY'],TRANSACTION_MONITOR,False,False,False,10080,20160,AML_INFO_QUEUE,LOW
be1f2bf2-68d2-4b3a-9a14-a773e9530ea0,U-1010,U-1030,1496.55,INR,BILL,UPI,52615.21,51118.66,548962.01,2026-09-27 05:12:40.469453+00:00,Hyderabad,True,1,D-30011,427,NORMAL,LOW_RISK_PAYMENT,LOW,98,0.1766,1348,11.0094,0.0508,1576.63,98503.45,48503.45,0,0,0,0,1921,0,0,0.0,0.2857,0.0156,0.1605,94.36,83.99,1,0,0,0,0,6.61,0.088,0,0,0,1,1,0,0,3,2,2,0,0,0,0.0932,0,0.0508,0,0.1488,"['NORMAL', 'LOW_RISK_PAYMENT', 'NORMAL_PATTERN', 'LOW_VALUE_PAYMENT', 'SIM_BOUND', 'FALLBACK_BEHAVIORAL_PROXY', 'NEO4J_UNAVAILABLE', 'CLEARED']",10,ALLOW,ALLOW,INFO,CLEARED,0.0,0.0,0.0,0.0,0.0,0.0,0.0,0.0,0.0,UNKNOWN,FALLBACK_BEHAVIORAL_PROXY,UNKNOWN,UNKNOWN,['FALLBACK_BEHAVIORAL_PROXY'],TRANSACTION_MONITOR,False,False,False,10080,20160,AML_INFO_QUEUE,LOW
65655be3-127b-4e49-954f-e597b582f8df,U-1017,M-2001,3348.07,INR,P2P,CARD,128737.52,125389.45,734676.65,2026-09-27 05:12:37.923133+00:00,Pune,True,1,D-30013,707,NORMAL,LOW_RISK_PAYMENT,LOW,86,0.1674,587,21.3213,0.0342,3237.49,96651.93,46651.93,0,0,0,0,878,1,0,0.0,0.1383,0.1605,0.3271,88.27,79.26,1,0,0,0,0,5.79,0.0438,0,0,0,1,1,0,0,3,1,0,0,0,0,0.1346,0,0.0342,0,0.1447,"['NORMAL', 'LOW_RISK_PAYMENT', 'NORMAL_PATTERN', 'LOW_VALUE_PAYMENT', 'SIM_BOUND', 'FALLBACK_BEHAVIORAL_PROXY', 'NEO4J_UNAVAILABLE', 'CLEARED']",4,ALLOW,ALLOW,INFO,CLEARED,0.0,0.0,0.0,0.0,0.0,0.0,0.0,0.0,0.0,UNKNOWN,FALLBACK_BEHAVIORAL_PROXY,UNKNOWN,UNKNOWN,['FALLBACK_BEHAVIORAL_PROXY'],TRANSACTION_MONITOR,False,False,False,10080,20160,AML_INFO_QUEUE,LOW
d6c2c37d-d8aa-473e-8917-78a856992a2c,U-1021,M-2003,9504.19,INR,BILL,UPI,176417.66,166913.47,81286.91,2026-09-27 05:12:35.386866+00:00,Chennai,True,1,D-30005,1762,NORMAL,LOW_RISK_PAYMENT,LOW,86,0.29,665,91.9869,0.055,10057.12,90495.81,40495.81,0,0,0,0,2196,0,1,0.0,0.1485,0.0973,0.1837,97.57,91.37,1,0,0,0,0,2.21,0.0657,0,0,0,1,1,0,0,3,1,2,0,0,0,0.115,0,0.055,0,0.1367,"['NORMAL', 'LOW_RISK_PAYMENT', 'NORMAL_PATTERN', 'LOW_VALUE_PAYMENT', 'SIM_BOUND', 'FALLBACK_BEHAVIORAL_PROXY', 'NEO4J_UNAVAILABLE', 'CLEARED']",4,ALLOW,ALLOW,INFO,CLEARED,0.0,0.0,0.0,0.0,0.0,0.0,0.0,0.0,0.0,UNKNOWN,FALLBACK_BEHAVIORAL_PROXY,UNKNOWN,UNKNOWN,['FALLBACK_BEHAVIORAL_PROXY'],TRANSACTION_MONITOR,False,False,False,10080,20160,AML_INFO_QUEUE,LOW
02376187-ae59-40d6-885d-283c3cf15664,U-1011,U-1036,2784.94,INR,P2P,NETBANKING,124180.99,121396.05,630994.44,2026-09-27 05:12:32.867974+00:00,Delhi,True,1,D-30023,1348,NORMAL,LOW_RISK_PAYMENT,LOW,90,0.1861,897,12.8285,0.0965,3082.38,97215.06,47215.06,0,1,0,0,2081,1,1,0.0,0.2202,0.2297,0.0866,90.18,95.67,1,0,0,0,0,2.58,0.1176,0,0,0,1,1,0,0,3,3,3,0,0,0,0.1575,0,0.0965,0,0.0578,"['NORMAL', 'LOW_RISK_PAYMENT', 'NORMAL_PATTERN', 'LOW_VALUE_PAYMENT', 'SIM_BOUND', 'FALLBACK_BEHAVIORAL_PROXY', 'NEO4J_UNAVAILABLE', 'CLEARED']",4,ALLOW,ALLOW,INFO,CLEARED,0.0,0.0,0.0,0.0,0.0,0.0,0.0,0.0,0.0,UNKNOWN,FALLBACK_BEHAVIORAL_PROXY,UNKNOWN,UNKNOWN,['FALLBACK_BEHAVIORAL_PROXY'],TRANSACTION_MONITOR,False,False,False,10080,20160,AML_INFO_QUEUE,LOW
80e076cf-1cae-4913-a99d-819ad7f0adf0,U-1025,M-2017,7415.06,INR,PAYMENT,UPI,112994.84,105579.78,6661.4,2026-09-27 05:12:30.354325+00:00,Mumbai,True,1,D-30006,1282,NORMAL,LOW_RISK_PAYMENT,LOW,86,0.0919,946,45.9351,0.1114,6671.8,92584.94,42584.94,0,0,0,0,1231,0,1,0.0,0.3006,0.2267,0.1519,88.33,84.51,1,0,0,0,0,3.22,0.0841,0,0,0,1,1,0,0,3,4,3,0,0,0,0.0953,0,0.1114,0,0.1227,"['NORMAL', 'LOW_RISK_PAYMENT', 'NORMAL_PATTERN', 'LOW_VALUE_PAYMENT', 'SIM_BOUND', 'FALLBACK_BEHAVIORAL_PROXY', 'NEO4J_UNAVAILABLE', 'CLEARED']",2,ALLOW,ALLOW,INFO,CLEARED,0.0,0.0,0.0,0.0,0.0,0.0,0.0,0.0,0.0,UNKNOWN,FALLBACK_BEHAVIORAL_PROXY,UNKNOWN,UNKNOWN,['FALLBACK_BEHAVIORAL_PROXY'],TRANSACTION_MONITOR,False,False,False,10080,20160,AML_INFO_QUEUE,LOW
d7613a09-3a7e-4db1-9edf-709d53b407b9,U-1046,M-2029,20683.73,INR,TRANSFER,UPI,123871.5,103187.77,380986.04,2026-09-27 05:12:27.798588+00:00,Delhi,True,1,D-30042,751,P3_MONITOR,MILD_VELOCITY,P3,50,0.494,213,431.5771,0.0602,19509.34,79316.27,29316.27,0,0,0,0,394,1,0,0.4407,0.4812,0.4219,0.4407,77.21,72.79,0,0,0,0,0,2.43,0.2916,1,1,2,1,2,0,0,49,2,0,0,0,0,0.2856,0,0.0602,0,0.4683,"['P3_MONITOR', 'MILD_VELOCITY', 'WATCHLIST_PROXIMITY', 'DEVICE_REUSE', 'REALTIME_SCENARIO_BEHAVIOR_FALLBACK', 'ELEVATED_ACTIVITY_SEQUENCE', 'NEO4J_UNAVAILABLE', 'REALTIME_SCENARIO_GRAPH_FALLBACK', 'CLEARED']",2,ALLOW,ALLOW,INFO,CLEARED,0.338,0.338,0.4812,0.4812,0.4219,0.4219,0.4407,0.4407,0.0,UNKNOWN,ELEVATED_ACTIVITY_SEQUENCE,MEDIUM,UNKNOWN,"['Realtime scenario behavior fallback', 'ELEVATED_ACTIVITY_SEQUENCE', 'Connected to mule cluster']",TRANSACTION_MONITOR,False,False,False,10080,20160,AML_INFO_QUEUE,LOW
10131705-04e9-46c4-8ba4-9ce558191af3,U-1009,M-2011,11063.07,INR,TRANSFER,UPI,233559.21,222496.14,73526.97,2026-09-27 05:12:25.255518+00:00,Mumbai,True,1,D-30011,1425,NORMAL,LOW_RISK_PAYMENT,LOW,86,0.2612,1146,95.1492,0.0307,11413.4,88936.93,38936.93,0,0,0,0,1103,1,0,0.0,0.3405,0.2145,0.1467,92.02,88.13,1,0,0,0,0,5.83,0.089,0,0,0,2,1,0,0,3,4,0,0,0,0,0.0432,0,0.0307,0,0.1311,"['NORMAL', 'LOW_RISK_PAYMENT', 'NORMAL_PATTERN', 'LOW_VALUE_PAYMENT', 'SIM_BOUND', 'FALLBACK_BEHAVIORAL_PROXY', 'NEO4J_UNAVAILABLE', 'CLEARED']",4,ALLOW,ALLOW,INFO,CLEARED,0.0,0.0,0.0,0.0,0.0,0.0,0.0,0.0,0.0,UNKNOWN,FALLBACK_BEHAVIORAL_PROXY,UNKNOWN,UNKNOWN,['FALLBACK_BEHAVIORAL_PROXY'],TRANSACTION_MONITOR,False,False,False,10080,20160,AML_INFO_QUEUE,LOW
f6be5141-5ecd-4223-96a4-b2e3fbef139b,U-1053,M-2027,16736.33,INR,PAYMENT,CARD,203222.02,186485.69,735996.48,2026-09-27 05:12:22.743962+00:00,Kolkata,True,1,D-30035,746,P3_MONITOR,MILD_VELOCITY,P3,68,0.4639,240,354.4349,0.1416,19497.5,83263.67,33263.67,0,0,0,0,188,3,0,0.4398,0.529,0.5428,0.4398,79.83,79.46,1,0,1,0,1,1.69,0.3037,0,0,0,1,2,0,0,67,4,0,0,0,0,0.2089,0,0.1416,1,0.3017,"['P3_MONITOR', 'MILD_VELOCITY', 'WATCHLIST_PROXIMITY', 'DEVICE_REUSE', 'REALTIME_SCENARIO_BEHAVIOR_FALLBACK', 'ELEVATED_ACTIVITY_SEQUENCE', 'NEO4J_UNAVAILABLE', 'REALTIME_SCENARIO_GRAPH_FALLBACK', 'CLEARED']",2,ALLOW,ALLOW,INFO,CLEARED,0.3824,0.3824,0.529,0.529,0.5428,0.5428,0.4398,0.4398,0.0,UNKNOWN,ELEVATED_ACTIVITY_SEQUENCE,MEDIUM,UNKNOWN,"['Realtime scenario behavior fallback', 'ELEVATED_ACTIVITY_SEQUENCE']",TRANSACTION_MONITOR,False,False,False,10080,20160,AML_INFO_QUEUE,LOW
a64bed0a-05b3-48e7-89ee-937a74ef3774,U-1047,M-2028,42500.08,INR,P2P,CARD,142128.9,99628.82,545480.55,2026-09-27 05:12:20.157396+00:00,Delhi,True,1,D-30023,813,P3_MONITOR,MILD_VELOCITY,P3,44,0.4384,82,1356.3702,0.0052,42720.84,57499.92,7499.92,0,0,0,0,577,2,0,0.537,0.4778,0.4454,0.537,76.47,69.48,1,0,0,0,1,1.86,0.2261,1,1,2,2,1,0,0,43,5,0,1,0,0,0.3098,0,0.0052,0,0.4765,"['P3_MONITOR', 'MILD_VELOCITY', 'WATCHLIST_PROXIMITY', 'DEVICE_REUSE', 'REALTIME_SCENARIO_BEHAVIOR_FALLBACK', 'ELEVATED_ACTIVITY_SEQUENCE', 'NEO4J_UNAVAILABLE', 'REALTIME_SCENARIO_GRAPH_FALLBACK', 'CLEARED']",4,ALLOW,ALLOW,INFO,CLEARED,0.3621,0.3621,0.4778,0.4778,0.4454,0.4454,0.537,0.537,0.0,UNKNOWN,ELEVATED_ACTIVITY_SEQUENCE,MEDIUM,UNKNOWN,"['Realtime scenario behavior fallback', 'ELEVATED_ACTIVITY_SEQUENCE', 'Connected to mule cluster']",TRANSACTION_MONITOR,False,False,False,10080,20160,AML_INFO_QUEUE,LOW
f3e76b03-c09f-4df3-8812-3942606ae4aa,U-1022,U-1034,8813.98,INR,TRANSFER,CARD,51725.61,42911.63,453636.6,2026-09-27 05:12:17.625338+00:00,Delhi,True,1,D-30005,712,NORMAL,LOW_RISK_PAYMENT,LOW,80,0.1308,1216,82.4797,0.0612,9388.47,91186.02,41186.02,0,1,0,0,370,0,1,0.0,0.2618,0.0378,0.2511,97.33,78.09,1,0,0,0,0,2.74,0.08,0,0,0,2,1,0,0,3,2,2,0,0,0,0.1543,0,0.0612,0,0.0724,"['NORMAL', 'LOW_RISK_PAYMENT', 'NORMAL_PATTERN', 'LOW_VALUE_PAYMENT', 'SIM_BOUND', 'FALLBACK_BEHAVIORAL_PROXY', 'NEO4J_UNAVAILABLE', 'CLEARED']",2,ALLOW,ALLOW,INFO,CLEARED,0.0,0.0,0.0,0.0,0.0,0.0,0.0,0.0,0.0,UNKNOWN,FALLBACK_BEHAVIORAL_PROXY,UNKNOWN,UNKNOWN,['FALLBACK_BEHAVIORAL_PROXY'],TRANSACTION_MONITOR,False,False,False,10080,20160,AML_INFO_QUEUE,LOW
f089c38a-6c60-48ca-8f51-e8577a5137a2,U-1019,M-2002,6531.88,INR,P2P,UPI,183656.1,177124.22,293475.41,2026-09-27 05:12:15.090197+00:00,Bengaluru,True,1,D-30018,1393,NORMAL,LOW_RISK_PAYMENT,LOW,114,0.1727,393,53.878,0.0511,6214.51,93468.12,43468.12,0,0,0,0,778,1,0,0.0,0.1565,0.1684,0.0508,83.49,85.1,1,0,0,0,0,6.18,0.1131,0,0,0,2,1,0,0,3,1,0,0,0,0,0.0676,0,0.0511,0,0.1031,"['NORMAL', 'LOW_RISK_PAYMENT', 'NORMAL_PATTERN', 'LOW_VALUE_PAYMENT', 'SIM_BOUND', 'FALLBACK_BEHAVIORAL_PROXY', 'NEO4J_UNAVAILABLE', 'CLEARED']",8,ALLOW,ALLOW,INFO,CLEARED,0.0,0.0,0.0,0.0,0.0,0.0,0.0,0.0,0.0,UNKNOWN,FALLBACK_BEHAVIORAL_PROXY,UNKNOWN,UNKNOWN,['FALLBACK_BEHAVIORAL_PROXY'],TRANSACTION_MONITOR,False,False,False,10080,20160,AML_INFO_QUEUE,LOW
488d068e-75a1-4b98-844f-94cc14814ed2,U-1002,M-2006,14962.5,INR,BILL,NETBANKING,73004.83,58042.33,527392.22,2026-09-27 05:12:12.558379+00:00,Mumbai,True,1,D-30016,1449,NORMAL,LOW_RISK_PAYMENT,LOW,86,0.1084,1154,86.5723,0.1004,13597.87,85037.5,35037.5,0,0,0,0,480,1,0,0.0,0.2782,0.0206,0.1085,80.28,89.17,1,0,0,0,0,5.94,0.115,0,0,0,1,1,0,0,3,2,2,0,0,0,0.1284,0,0.1004,0,0.0455,"['NORMAL', 'LOW_RISK_PAYMENT', 'NORMAL_PATTERN', 'LOW_VALUE_PAYMENT', 'SIM_BOUND', 'FALLBACK_BEHAVIORAL_PROXY', 'NEO4J_UNAVAILABLE', 'CLEARED']",4,ALLOW,ALLOW,INFO,CLEARED,0.0,0.0,0.0,0.0,0.0,0.0,0.0,0.0,0.0,UNKNOWN,FALLBACK_BEHAVIORAL_PROXY,UNKNOWN,UNKNOWN,['FALLBACK_BEHAVIORAL_PROXY'],TRANSACTION_MONITOR,False,False,False,10080,20160,AML_INFO_QUEUE,LOW
5d21c30f-d700-401c-ab41-52a2e4863f70,U-1000,M-2005,3659.6,INR,PAYMENT,CARD,246636.02,242976.42,644593.98,2026-09-27 05:12:10.037436+00:00,Mumbai,True,1,D-30006,1398,NORMAL,LOW_RISK_PAYMENT,LOW,96,0.1997,1122,39.1001,0.0047,3642.6,96340.4,46340.4,0,0,0,0,1969,0,0,0.0,0.2059,0.0084,0.303,80.76,76.72,1,0,0,0,0,2.35,0.0416,0,0,0,1,1,0,0,3,1,1,0,0,0,0.1525,0,0.0047,0,0.1106,"['NORMAL', 'LOW_RISK_PAYMENT', 'NORMAL_PATTERN', 'LOW_VALUE_PAYMENT', 'SIM_BOUND', 'FALLBACK_BEHAVIORAL_PROXY', 'NEO4J_UNAVAILABLE', 'CLEARED']",6,ALLOW,ALLOW,INFO,CLEARED,0.0,0.0,0.0,0.0,0.0,0.0,0.0,0.0,0.0,UNKNOWN,FALLBACK_BEHAVIORAL_PROXY,UNKNOWN,UNKNOWN,['FALLBACK_BEHAVIORAL_PROXY'],TRANSACTION_MONITOR,False,False,False,10080,20160,AML_INFO_QUEUE,LOW
42afac53-1f67-435d-8107-dfdcad18e7ef,U-1026,M-2014,2685.25,INR,P2P,CARD,127737.85,125052.6,452567.59,2026-09-27 05:12:07.525442+00:00,Chennai,True,1,D-30021,458,NORMAL,LOW_RISK_PAYMENT,LOW,106,0.0723,329,12.7618,0.1034,2994.84,97314.75,47314.75,0,0,0,0,970,0,0,0.0,0.3186,0.0804,0.0631,79.85,79.13,1,0,0,0,0,5.4,0.1293,0,0,0,1,1,0,0,3,1,1,0,0,0,0.1265,0,0.1034,0,0.067,"['NORMAL', 'LOW_RISK_PAYMENT', 'NORMAL_PATTERN', 'LOW_VALUE_PAYMENT', 'SIM_BOUND', 'FALLBACK_BEHAVIORAL_PROXY', 'NEO4J_UNAVAILABLE', 'CLEARED']",8,ALLOW,ALLOW,INFO,CLEARED,0.0,0.0,0.0,0.0,0.0,0.0,0.0,0.0,0.0,UNKNOWN,FALLBACK_BEHAVIORAL_PROXY,UNKNOWN,UNKNOWN,['FALLBACK_BEHAVIORAL_PROXY'],TRANSACTION_MONITOR,False,False,False,10080,20160,AML_INFO_QUEUE,LOW
deca148c-bf3a-4b7a-b903-e1efb0bed5af,U-1014,M-2014,6351.19,INR,P2P,UPI,232890.47,226539.28,436845.26,2026-09-27 05:12:05.004693+00:00,Hyderabad,True,1,D-30021,755,NORMAL,LOW_RISK_PAYMENT,LOW,98,0.264,764,59.9292,0.1011,5767.82,93648.81,43648.81,0,0,0,0,499,1,0,0.0,0.2444,0.1986,0.3229,86.7,91.18,1,0,0,0,0,5.67,0.0832,0,0,0,2,1,0,0,3,1,3,0,0,0,0.1176,0,0.1011,0,0.0402,"['NORMAL', 'LOW_RISK_PAYMENT', 'NORMAL_PATTERN', 'LOW_VALUE_PAYMENT', 'SIM_BOUND', 'FALLBACK_BEHAVIORAL_PROXY', 'NEO4J_UNAVAILABLE', 'CLEARED']",4,ALLOW,ALLOW,INFO,CLEARED,0.0,0.0,0.0,0.0,0.0,0.0,0.0,0.0,0.0,UNKNOWN,FALLBACK_BEHAVIORAL_PROXY,UNKNOWN,UNKNOWN,['FALLBACK_BEHAVIORAL_PROXY'],TRANSACTION_MONITOR,False,False,False,10080,20160,AML_INFO_QUEUE,LOW
5b246a9b-b34d-4aa3-bad6-5be3dd985fe0,U-1067,M-2032,60282.51,INR,GATHER_SCATTER,NEFT,386978.36,326695.85,229896.85,2026-09-27 05:12:02.427413+00:00,Hyderabad,False,0,D-30090,217,P2_REVIEW,GATHER_SCATTER,P2,19,0.6321,35,2592.7228,0.065,56601.02,39717.49,10282.51,0,0,0,0,45,6,3,0.7296,0.8318,0.6802,0.7296,38.41,47.92,0,1,1,1,1,0.7,0.7377,4,4,7,3,6,1,1,18,4,0,1,1,1,0.6474,0,0.065,1,0.7969,"['P2_REVIEW', 'GATHER_SCATTER', 'RAPID_DRAIN', 'MULE_CLUSTER', 'SIM_NOT_BOUND', 'REALTIME_SCENARIO_BEHAVIOR_FALLBACK', 'LAUNDERING_FLOW', 'HIGH_VALUE_TRANSFER', 'NEO4J_UNAVAILABLE', 'REALTIME_SCENARIO_GRAPH_FALLBACK', 'MONITORING', 'ELEVATED_ACTIVITY']",2,MONITOR,SOFT_NUDGE,P3,MONITORING,0.5655,0.5655,0.8318,0.8318,0.6802,0.6802,0.7296,0.7296,0.0,UNKNOWN,LAUNDERING_FLOW,HIGH,UNKNOWN,"['Realtime scenario behavior fallback', 'LAUNDERING_FLOW', 'Connected to mule cluster']",TRANSACTION_SUSPECT,True,False,False,1440,2880,AML_MONITORING_QUEUE,MEDIUM
a3a9ad33-fec7-4caf-85de-3a4f771f0a0d,U-1002,M-2010,4332.09,INR,TRANSFER,NETBANKING,181073.74,176741.65,447292.71,2026-09-27 05:11:59.910619+00:00,Delhi,True,1,D-30005,988,NORMAL,LOW_RISK_PAYMENT,LOW,84,0.2929,733,25.6765,0.0493,4556.96,95667.91,45667.91,0,0,0,0,724,0,1,0.0,0.2071,0.0464,0.2287,92.52,92.31,1,0,0,0,0,2.37,0.0461,0,0,0,1,1,0,0,3,3,0,0,0,0,0.144,0,0.0493,0,0.1417,"['NORMAL', 'LOW_RISK_PAYMENT', 'NORMAL_PATTERN', 'LOW_VALUE_PAYMENT', 'SIM_BOUND', 'FALLBACK_BEHAVIORAL_PROXY', 'NEO4J_UNAVAILABLE', 'CLEARED']",10,ALLOW,ALLOW,INFO,CLEARED,0.0,0.0,0.0,0.0,0.0,0.0,0.0,0.0,0.0,UNKNOWN,FALLBACK_BEHAVIORAL_PROXY,UNKNOWN,UNKNOWN,['FALLBACK_BEHAVIORAL_PROXY'],TRANSACTION_MONITOR,False,False,False,10080,20160,AML_INFO_QUEUE,LOW
f91d82b7-21f3-4e8c-bfb6-866d5a241def,U-1027,M-2011,3816.3,INR,PAYMENT,CARD,61187.21,57370.91,763293.37,2026-09-27 05:11:57.411427+00:00,Delhi,True,1,D-30021,1008,NORMAL,LOW_RISK_PAYMENT,LOW,90,0.246,1284,17.1435,0.0357,3957.59,96183.7,46183.7,0,0,0,0,1645,0,1,0.0,0.2606,0.0074,0.1128,90.61,88.82,1,0,0,0,0,2.33,0.0678,0,0,0,1,1,0,0,3,2,3,0,0,0,0.1522,0,0.0357,0,0.1022,"['NORMAL', 'LOW_RISK_PAYMENT', 'NORMAL_PATTERN', 'LOW_VALUE_PAYMENT', 'SIM_BOUND', 'FALLBACK_BEHAVIORAL_PROXY', 'NEO4J_UNAVAILABLE', 'CLEARED']",4,ALLOW,ALLOW,INFO,CLEARED,0.0,0.0,0.0,0.0,0.0,0.0,0.0,0.0,0.0,UNKNOWN,FALLBACK_BEHAVIORAL_PROXY,UNKNOWN,UNKNOWN,['FALLBACK_BEHAVIORAL_PROXY'],TRANSACTION_MONITOR,False,False,False,10080,20160,AML_INFO_QUEUE,LOW
8a892770-4947-4b93-89a7-adc26b22d771,U-1008,U-1036,7396.33,INR,PAYMENT,CARD,45494.5,38098.17,274476.67,2026-09-27 05:11:54.847625+00:00,Delhi,True,1,D-30017,1323,NORMAL,LOW_RISK_PAYMENT,LOW,92,0.1418,406,34.9238,0.0655,7915.07,92603.67,42603.67,0,0,0,0,1613,0,1,0.0,0.0852,0.2206,0.2736,92.87,81.45,1,0,0,0,0,3.37,0.1304,0,0,0,1,1,0,0,3,4,1,0,0,0,0.1321,0,0.0655,0,0.0947,"['NORMAL', 'LOW_RISK_PAYMENT', 'NORMAL_PATTERN', 'LOW_VALUE_PAYMENT', 'SIM_BOUND', 'FALLBACK_BEHAVIORAL_PROXY', 'NEO4J_UNAVAILABLE', 'CLEARED']",6,ALLOW,ALLOW,INFO,CLEARED,0.0,0.0,0.0,0.0,0.0,0.0,0.0,0.0,0.0,UNKNOWN,FALLBACK_BEHAVIORAL_PROXY,UNKNOWN,UNKNOWN,['FALLBACK_BEHAVIORAL_PROXY'],TRANSACTION_MONITOR,False,False,False,10080,20160,AML_INFO_QUEUE,LOW
8530b7e3-1bc5-4025-b6da-0e61ec64d684,U-1027,M-2002,4390.99,INR,TRANSFER,UPI,179718.54,175327.55,188532.66,2026-09-27 05:11:52.317535+00:00,Mumbai,True,1,D-30021,566,NORMAL,LOW_RISK_PAYMENT,LOW,88,0.0922,501,19.248,0.0419,4582.89,95609.01,45609.01,0,0,0,0,1005,0,0,0.0,0.2895,0.1799,0.1782,82.67,83.35,1,0,0,0,0,5.9,0.0679,0,0,0,1,1,0,0,3,3,1,0,0,0,0.1382,0,0.0419,0,0.1061,"['NORMAL', 'LOW_RISK_PAYMENT', 'NORMAL_PATTERN', 'LOW_VALUE_PAYMENT', 'SIM_BOUND', 'FALLBACK_BEHAVIORAL_PROXY', 'NEO4J_UNAVAILABLE', 'CLEARED']",4,ALLOW,ALLOW,INFO,CLEARED,0.0,0.0,0.0,0.0,0.0,0.0,0.0,0.0,0.0,UNKNOWN,FALLBACK_BEHAVIORAL_PROXY,UNKNOWN,UNKNOWN,['FALLBACK_BEHAVIORAL_PROXY'],TRANSACTION_MONITOR,False,False,False,10080,20160,AML_INFO_QUEUE,LOW
c1031c1b-1fe3-4f3d-9126-c45e674ae76b,U-1001,M-2019,10985.07,INR,TRANSFER,NETBANKING,215775.95,204790.88,291229.74,2026-09-27 05:11:49.786203+00:00,Hyderabad,True,1,D-30002,1344,NORMAL,LOW_RISK_PAYMENT,LOW,90,0.1578,745,69.705,0.0447,11499.08,89014.93,39014.93,0,0,0,0,1501,1,0,0.0,0.1847,0.1041,0.098,87.58,75.89,1,0,0,0,0,5.13,0.1001,0,0,0,1,1,0,0,3,3,3,0,0,0,0.0764,0,0.0447,0,0.1051,"['NORMAL', 'LOW_RISK_PAYMENT', 'NORMAL_PATTERN', 'LOW_VALUE_PAYMENT', 'SIM_BOUND', 'FALLBACK_BEHAVIORAL_PROXY', 'NEO4J_UNAVAILABLE', 'CLEARED']",4,ALLOW,ALLOW,INFO,CLEARED,0.0,0.0,0.0,0.0,0.0,0.0,0.0,0.0,0.0,UNKNOWN,FALLBACK_BEHAVIORAL_PROXY,UNKNOWN,UNKNOWN,['FALLBACK_BEHAVIORAL_PROXY'],TRANSACTION_MONITOR,False,False,False,10080,20160,AML_INFO_QUEUE,LOW
f0cc184a-92b9-434d-8afd-0c6eece02dfd,U-1019,M-2003,10806.34,INR,PAYMENT,CARD,107966.9,97160.56,505661.41,2026-09-27 05:11:47.253334+00:00,Mumbai,True,1,D-30017,1699,NORMAL,LOW_RISK_PAYMENT,LOW,112,0.1017,1420,47.7375,0.0885,11855.65,89193.66,39193.66,0,0,0,0,1241,0,0,0.0,0.2614,0.2126,0.2857,81.08,80.79,1,0,0,0,0,6.22,0.0293,0,0,0,2,1,0,0,3,1,2,0,0,0,0.101,0,0.0885,0,0.0434,"['NORMAL', 'LOW_RISK_PAYMENT', 'NORMAL_PATTERN', 'LOW_VALUE_PAYMENT', 'SIM_BOUND', 'FALLBACK_BEHAVIORAL_PROXY', 'NEO4J_UNAVAILABLE', 'CLEARED']",4,ALLOW,ALLOW,INFO,CLEARED,0.0,0.0,0.0,0.0,0.0,0.0,0.0,0.0,0.0,UNKNOWN,FALLBACK_BEHAVIORAL_PROXY,UNKNOWN,UNKNOWN,['FALLBACK_BEHAVIORAL_PROXY'],TRANSACTION_MONITOR,False,False,False,10080,20160,AML_INFO_QUEUE,LOW
84fbf95e-a3cd-43bc-84ec-b8adfe8ec1c4,U-1013,M-2018,10611.61,INR,TRANSFER,CARD,79564.33,68952.72,693248.02,2026-09-27 05:11:44.738507+00:00,Hyderabad,True,1,D-30023,1003,NORMAL,LOW_RISK_PAYMENT,LOW,88,0.1825,855,48.5108,0.0291,10929.46,89388.39,39388.39,0,0,0,0,2051,0,0,0.0,0.1116,0.1397,0.0651,80.07,78.29,1,0,0,0,0,3.12,0.1451,0,0,0,1,1,0,0,3,4,1,0,0,0,0.1415,0,0.0291,0,0.1593,"['NORMAL', 'LOW_RISK_PAYMENT', 'NORMAL_PATTERN', 'LOW_VALUE_PAYMENT', 'SIM_BOUND', 'FALLBACK_BEHAVIORAL_PROXY', 'NEO4J_UNAVAILABLE', 'CLEARED']",8,ALLOW,ALLOW,INFO,CLEARED,0.0,0.0,0.0,0.0,0.0,0.0,0.0,0.0,0.0,UNKNOWN,FALLBACK_BEHAVIORAL_PROXY,UNKNOWN,UNKNOWN,['FALLBACK_BEHAVIORAL_PROXY'],TRANSACTION_MONITOR,False,False,False,10080,20160,AML_INFO_QUEUE,LOW
779bfd9c-5487-478d-b88f-6bb4ecee8645,U-1008,M-2007,7551.75,INR,P2P,UPI,135836.58,128284.83,628380.58,2026-09-27 05:11:42.222731+00:00,Kolkata,True,1,D-30022,1820,NORMAL,LOW_RISK_PAYMENT,LOW,90,0.1137,938,63.1064,0.0459,7220.49,92448.25,42448.25,0,1,0,0,911,1,1,0.0,0.2044,0.1977,0.1415,96.29,78.5,1,0,0,0,0,6.56,0.1212,0,0,0,1,1,0,0,3,4,0,0,0,0,0.1032,0,0.0459,0,0.051,"['NORMAL', 'LOW_RISK_PAYMENT', 'NORMAL_PATTERN', 'LOW_VALUE_PAYMENT', 'SIM_BOUND', 'FALLBACK_BEHAVIORAL_PROXY', 'NEO4J_UNAVAILABLE', 'CLEARED']",4,ALLOW,ALLOW,INFO,CLEARED,0.0,0.0,0.0,0.0,0.0,0.0,0.0,0.0,0.0,UNKNOWN,FALLBACK_BEHAVIORAL_PROXY,UNKNOWN,UNKNOWN,['FALLBACK_BEHAVIORAL_PROXY'],TRANSACTION_MONITOR,False,False,False,10080,20160,AML_INFO_QUEUE,LOW
18b07972-0329-472d-b822-2421b1568d3a,U-1021,M-2003,9115.4,INR,P2P,NETBANKING,55562.49,46447.09,105532.93,2026-09-27 05:11:39.689420+00:00,Mumbai,True,1,D-30018,1528,NORMAL,LOW_RISK_PAYMENT,LOW,84,0.2152,507,64.9225,0.075,9854.05,90884.6,40884.6,0,0,0,0,1566,0,1,0.0,0.1451,0.0508,0.1726,95.96,77.19,1,0,0,0,0,5.9,0.1065,0,0,0,2,1,0,0,3,3,3,0,0,0,0.1587,0,0.075,0,0.1547,"['NORMAL', 'LOW_RISK_PAYMENT', 'NORMAL_PATTERN', 'LOW_VALUE_PAYMENT', 'SIM_BOUND', 'FALLBACK_BEHAVIORAL_PROXY', 'NEO4J_UNAVAILABLE', 'CLEARED']",2,ALLOW,ALLOW,INFO,CLEARED,0.0,0.0,0.0,0.0,0.0,0.0,0.0,0.0,0.0,UNKNOWN,FALLBACK_BEHAVIORAL_PROXY,UNKNOWN,UNKNOWN,['FALLBACK_BEHAVIORAL_PROXY'],TRANSACTION_MONITOR,False,False,False,10080,20160,AML_INFO_QUEUE,LOW
c7206541-3087-4147-b603-95ea7df7ef22,U-1043,M-2028,32011.26,INR,PAYMENT,UPI,198679.83,166668.57,436266.35,2026-09-27 05:11:37.160008+00:00,Delhi,True,1,D-30020,1010,P3_MONITOR,MILD_VELOCITY,P3,62,0.5162,219,416.0654,0.1077,35875.98,67988.74,17988.74,0,0,0,0,287,1,2,0.4053,0.4675,0.3975,0.4053,69.46,77.27,1,0,0,0,1,2.98,0.2678,0,0,1,3,2,0,0,61,2,1,1,0,0,0.4,0,0.1077,1,0.3103,"['P3_MONITOR', 'MILD_VELOCITY', 'WATCHLIST_PROXIMITY', 'DEVICE_REUSE', 'REALTIME_SCENARIO_BEHAVIOR_FALLBACK', 'ELEVATED_ACTIVITY_SEQUENCE', 'NEO4J_UNAVAILABLE', 'REALTIME_SCENARIO_GRAPH_FALLBACK', 'CLEARED']",6,ALLOW,ALLOW,INFO,CLEARED,0.3207,0.3207,0.4675,0.4675,0.3975,0.3975,0.4053,0.4053,0.0,UNKNOWN,ELEVATED_ACTIVITY_SEQUENCE,MEDIUM,UNKNOWN,"['Realtime scenario behavior fallback', 'ELEVATED_ACTIVITY_SEQUENCE']",TRANSACTION_MONITOR,False,False,False,10080,20160,AML_INFO_QUEUE,LOW
48074a34-01c5-48dc-9faf-0b6dd2488121,U-1006,M-2012,10961.61,INR,TRANSFER,NETBANKING,62973.71,52012.1,267437.99,2026-09-27 05:11:34.643327+00:00,Pune,True,1,D-30003,888,NORMAL,LOW_RISK_PAYMENT,LOW,92,0.0756,937,50.0675,0.0224,11212.25,89038.39,39038.39,0,1,0,0,1388,0,0,0.0,0.2999,0.0077,0.0888,82.67,79.75,1,0,0,0,0,6.41,0.1228,0,0,0,1,1,0,0,3,3,3,0,0,0,0.1379,0,0.0224,0,0.0917,"['NORMAL', 'LOW_RISK_PAYMENT', 'NORMAL_PATTERN', 'LOW_VALUE_PAYMENT', 'SIM_BOUND', 'FALLBACK_BEHAVIORAL_PROXY', 'NEO4J_UNAVAILABLE', 'CLEARED']",2,ALLOW,ALLOW,INFO,CLEARED,0.0,0.0,0.0,0.0,0.0,0.0,0.0,0.0,0.0,UNKNOWN,FALLBACK_BEHAVIORAL_PROXY,UNKNOWN,UNKNOWN,['FALLBACK_BEHAVIORAL_PROXY'],TRANSACTION_MONITOR,False,False,False,10080,20160,AML_INFO_QUEUE,LOW
15935587-e3bc-45ec-a13d-5fc9808628ca,U-1005,M-2015,10170.04,INR,BILL,NETBANKING,121127.32,110957.28,21429.86,2026-09-27 05:11:32.125946+00:00,Mumbai,True,1,D-30004,621,NORMAL,LOW_RISK_PAYMENT,LOW,92,0.1571,356,47.9545,0.0958,11247.9,89829.96,39829.96,0,0,0,0,959,0,1,0.0,0.2451,0.1479,0.3475,84.75,74.17,1,0,0,0,0,2.7,0.0433,0,0,0,2,1,0,0,3,2,1,0,0,0,0.1178,0,0.0958,0,0.0949,"['NORMAL', 'LOW_RISK_PAYMENT', 'NORMAL_PATTERN', 'LOW_VALUE_PAYMENT', 'SIM_BOUND', 'FALLBACK_BEHAVIORAL_PROXY', 'NEO4J_UNAVAILABLE', 'CLEARED']",6,ALLOW,ALLOW,INFO,CLEARED,0.0,0.0,0.0,0.0,0.0,0.0,0.0,0.0,0.0,UNKNOWN,FALLBACK_BEHAVIORAL_PROXY,UNKNOWN,UNKNOWN,['FALLBACK_BEHAVIORAL_PROXY'],TRANSACTION_MONITOR,False,False,False,10080,20160,AML_INFO_QUEUE,LOW
47f4b459-a802-40ef-bf41-0a788c767c80,U-1022,M-2017,4268.98,INR,PAYMENT,CARD,122003.22,117734.24,274872.38,2026-09-27 05:11:29.557874+00:00,Mumbai,True,1,D-30012,1424,NORMAL,LOW_RISK_PAYMENT,LOW,78,0.23,720,24.8398,0.0919,3909.8,95731.02,45731.02,0,0,0,0,1487,0,1,0.0,0.2688,0.2334,0.123,92.63,90.49,1,0,0,0,0,2.72,0.0867,0,0,0,1,1,0,0,3,1,3,0,0,0,0.1521,0,0.0919,0,0.1161,"['NORMAL', 'LOW_RISK_PAYMENT', 'NORMAL_PATTERN', 'LOW_VALUE_PAYMENT', 'SIM_BOUND', 'FALLBACK_BEHAVIORAL_PROXY', 'NEO4J_UNAVAILABLE', 'CLEARED']",6,ALLOW,ALLOW,INFO,CLEARED,0.0,0.0,0.0,0.0,0.0,0.0,0.0,0.0,0.0,UNKNOWN,FALLBACK_BEHAVIORAL_PROXY,UNKNOWN,UNKNOWN,['FALLBACK_BEHAVIORAL_PROXY'],TRANSACTION_MONITOR,False,False,False,10080,20160,AML_INFO_QUEUE,LOW
e1075c1c-7983-4f4b-a701-6732f4b25204,U-1086,U-1094,104179.94,INR,LAYERING_STEP,NEFT,109977.91,5797.97,25051.52,2026-09-27 05:11:26.912147+00:00,Kolkata,False,0,D-30086,200,P1_CRITICAL,LAYERING,P1,36,0.9473,5,34574.307,0.1114,93741.67,4179.94,54179.94,0,1,0,0,10,10,7,0.9094,0.9299,0.9775,0.9094,7.23,10.21,0,1,1,0,1,1.97,0.747,5,5,10,6,7,1,1,26,6,0,1,1,1,0.9288,0,0.1114,1,0.9849,"['P1_CRITICAL', 'LAYERING', 'LAYERING_CHAIN', 'MULE_CLUSTER', 'SHORT_FORWARDING_DELAY', 'SIM_NOT_BOUND', 'REALTIME_SCENARIO_BEHAVIOR_FALLBACK', 'GATHER_SCATTER', 'HIGH_VALUE_TRANSFER', 'VERY_HIGH_VALUE_TRANSACTION', 'NEO4J_UNAVAILABLE', 'REALTIME_SCENARIO_GRAPH_FALLBACK', 'CRITICAL_RISK', 'URGENT_REVIEW']",1,BLOCK,BLOCK,P1,BLOCKED,0.9552,0.9552,0.9299,0.9299,0.9775,0.9775,0.9094,0.9094,1.0,UNKNOWN,GATHER_SCATTER,CRITICAL,UNKNOWN,"['Critical mule laundering pattern detected', 'Realtime scenario behavior fallback', 'GATHER_SCATTER', 'Connected to mule cluster']",TRANSACTION_SUSPECT,False,True,True,15,20,AML_CRITICAL_QUEUE,CRITICAL
ca6e97a5-0b1b-4645-ac30-9a1be60df933,U-1080,M-2048,140452.24,INR,GATHER_SCATTER,UPI,155475.26,15023.02,354157.09,2026-09-27 05:11:24.252139+00:00,Bengaluru,False,0,D-30083,149,P1_CRITICAL,GATHER_SCATTER,P1,21,0.9034,5,17497.2555,0.128,124516.89,40452.24,90452.24,0,0,0,0,29,18,9,0.9684,0.9404,0.9321,0.9684,28.14,21.17,0,1,1,0,1,0.23,0.8211,7,7,30,8,9,1,1,44,7,0,1,1,1,0.9289,0,0.128,1,0.9212,"['P1_CRITICAL', 'GATHER_SCATTER', 'RAPID_DRAIN', 'MULE_CLUSTER', 'SIM_NOT_BOUND', 'REALTIME_SCENARIO_BEHAVIOR_FALLBACK', 'HIGH_VALUE_TRANSFER', 'VERY_HIGH_VALUE_TRANSACTION', 'NEO4J_UNAVAILABLE', 'REALTIME_SCENARIO_GRAPH_FALLBACK', 'CRITICAL_RISK', 'URGENT_REVIEW']",1,BLOCK,BLOCK,P1,BLOCKED,0.9588,0.9588,0.9404,0.9404,0.9321,0.9321,0.9684,0.9684,1.0,UNKNOWN,GATHER_SCATTER,CRITICAL,UNKNOWN,"['Critical mule laundering pattern detected', 'Realtime scenario behavior fallback', 'GATHER_SCATTER', 'Connected to mule cluster']",TRANSACTION_SUSPECT,False,True,True,15,20,AML_CRITICAL_QUEUE,CRITICAL
8020f22f-6914-47c1-b8ad-6025c1b61d7d,U-1000,U-1031,2146.25,INR,PAYMENT,UPI,21671.06,19524.81,531472.72,2026-09-27 05:11:21.735504+00:00,Kolkata,True,1,D-30017,1205,NORMAL,LOW_RISK_PAYMENT,LOW,94,0.2548,1329,10.7075,0.1299,1899.48,97853.75,47853.75,0,0,0,0,2223,1,1,0.0,0.1883,0.1934,0.2723,81.7,83.14,1,0,0,0,0,2.25,0.0357,0,0,0,2,1,0,0,3,4,0,0,0,0,0.0476,0,0.1299,0,0.1142,"['NORMAL', 'LOW_RISK_PAYMENT', 'NORMAL_PATTERN', 'LOW_VALUE_PAYMENT', 'SIM_BOUND', 'FALLBACK_BEHAVIORAL_PROXY', 'NEO4J_UNAVAILABLE', 'CLEARED']",4,ALLOW,ALLOW,INFO,CLEARED,0.0,0.0,0.0,0.0,0.0,0.0,0.0,0.0,0.0,UNKNOWN,FALLBACK_BEHAVIORAL_PROXY,UNKNOWN,UNKNOWN,['FALLBACK_BEHAVIORAL_PROXY'],TRANSACTION_MONITOR,False,False,False,10080,20160,AML_INFO_QUEUE,LOW
c9536106-49e3-4057-bf58-2b6e974c7a9f,U-1052,M-2020,36159.14,INR,TRANSFER,IMPS,121693.9,85534.76,115517.44,2026-09-27 05:11:19.184697+00:00,Hyderabad,True,1,D-30032,559,P3_MONITOR,MILD_VELOCITY,P3,70,0.5191,173,521.1538,0.075,39092.98,63840.86,13840.86,0,0,0,0,647,2,2,0.5232,0.4709,0.3573,0.5232,73.99,66.32,1,0,0,0,0,1.82,0.3246,1,1,1,1,2,0,0,69,4,1,1,0,0,0.3851,0,0.075,1,0.4877,"['P3_MONITOR', 'MILD_VELOCITY', 'WATCHLIST_PROXIMITY', 'DEVICE_REUSE', 'REALTIME_SCENARIO_BEHAVIOR_FALLBACK', 'ELEVATED_ACTIVITY_SEQUENCE', 'NEO4J_UNAVAILABLE', 'REALTIME_SCENARIO_GRAPH_FALLBACK', 'CLEARED']",4,ALLOW,ALLOW,INFO,CLEARED,0.3352,0.3352,0.4709,0.4709,0.3573,0.3573,0.5232,0.5232,0.0,UNKNOWN,ELEVATED_ACTIVITY_SEQUENCE,MEDIUM,UNKNOWN,"['Realtime scenario behavior fallback', 'ELEVATED_ACTIVITY_SEQUENCE', 'Connected to mule cluster']",TRANSACTION_MONITOR,False,False,False,10080,20160,AML_INFO_QUEUE,LOW
367fa98c-3a78-4f13-b9d7-2fd178b28796,U-1017,M-2005,9310.83,INR,P2P,NETBANKING,196639.34,187328.51,151564.67,2026-09-27 05:11:16.618712+00:00,Hyderabad,True,1,D-30009,448,NORMAL,LOW_RISK_PAYMENT,LOW,84,0.224,1251,66.7436,0.0849,8582.5,90689.17,40689.17,0,0,0,0,2219,0,0,0.0,0.1811,0.0767,0.3499,94.16,81.13,1,0,0,0,0,6.14,0.0709,0,0,0,1,1,0,0,3,2,1,0,0,0,0.1416,0,0.0849,0,0.0565,"['NORMAL', 'LOW_RISK_PAYMENT', 'NORMAL_PATTERN', 'LOW_VALUE_PAYMENT', 'SIM_BOUND', 'FALLBACK_BEHAVIORAL_PROXY', 'NEO4J_UNAVAILABLE', 'CLEARED']",4,ALLOW,ALLOW,INFO,CLEARED,0.0,0.0,0.0,0.0,0.0,0.0,0.0,0.0,0.0,UNKNOWN,FALLBACK_BEHAVIORAL_PROXY,UNKNOWN,UNKNOWN,['FALLBACK_BEHAVIORAL_PROXY'],TRANSACTION_MONITOR,False,False,False,10080,20160,AML_INFO_QUEUE,LOW
ae1a5abd-5e0b-44e7-8fff-518c2eb7ab2b,U-1008,M-2001,9791.39,INR,PAYMENT,UPI,247880.61,238089.22,528350.58,2026-09-27 05:11:14.103591+00:00,Mumbai,True,1,D-30014,1748,NORMAL,LOW_RISK_PAYMENT,LOW,88,0.139,902,49.3597,0.0278,10071.14,90208.61,40208.61,0,0,0,0,1846,0,0,0.0,0.2908,0.226,0.1575,90.08,87.09,1,0,0,0,0,5.51,0.1044,0,0,0,2,1,0,0,3,2,3,0,0,0,0.0698,0,0.0278,0,0.0885,"['NORMAL', 'LOW_RISK_PAYMENT', 'NORMAL_PATTERN', 'LOW_VALUE_PAYMENT', 'SIM_BOUND', 'FALLBACK_BEHAVIORAL_PROXY', 'NEO4J_UNAVAILABLE', 'CLEARED']",4,ALLOW,ALLOW,INFO,CLEARED,0.0,0.0,0.0,0.0,0.0,0.0,0.0,0.0,0.0,UNKNOWN,FALLBACK_BEHAVIORAL_PROXY,UNKNOWN,UNKNOWN,['FALLBACK_BEHAVIORAL_PROXY'],TRANSACTION_MONITOR,False,False,False,10080,20160,AML_INFO_QUEUE,LOW
ce83a1be-0aa5-427a-b2b5-601c9dcb7ecf,U-1013,M-2000,12001.01,INR,P2P,NETBANKING,186659.58,174658.57,697215.54,2026-09-27 05:11:11.576727+00:00,Delhi,True,1,D-30014,932,NORMAL,LOW_RISK_PAYMENT,LOW,86,0.1694,400,80.9954,0.0347,11599.03,87998.99,37998.99,0,0,0,0,2110,1,0,0.0,0.1094,0.1175,0.2888,92.62,81.36,1,0,0,0,0,5.0,0.1221,0,0,0,1,1,0,0,3,3,2,0,0,0,0.1361,0,0.0347,0,0.1179,"['NORMAL', 'LOW_RISK_PAYMENT', 'NORMAL_PATTERN', 'LOW_VALUE_PAYMENT', 'SIM_BOUND', 'FALLBACK_BEHAVIORAL_PROXY', 'NEO4J_UNAVAILABLE', 'CLEARED']",2,ALLOW,ALLOW,INFO,CLEARED,0.0,0.0,0.0,0.0,0.0,0.0,0.0,0.0,0.0,UNKNOWN,FALLBACK_BEHAVIORAL_PROXY,UNKNOWN,UNKNOWN,['FALLBACK_BEHAVIORAL_PROXY'],TRANSACTION_MONITOR,False,False,False,10080,20160,AML_INFO_QUEUE,LOW
5eccfc16-c7ea-42f4-baf5-94942c0b5c40,U-1051,M-2031,34288.31,INR,P2P,IMPS,243493.13,209204.82,442121.91,2026-09-27 05:11:09.049777+00:00,Chennai,True,1,D-30022,758,P3_MONITOR,MILD_VELOCITY,P3,68,0.4382,157,756.9679,0.0261,35205.71,65711.69,15711.69,0,0,0,0,429,3,2,0.541,0.5652,0.3747,0.541,83.62,70.9,1,0,0,0,0,4.26,0.2802,1,1,2,2,2,0,0,67,5,0,1,0,0,0.2684,0,0.0261,1,0.4005,"['P3_MONITOR', 'MILD_VELOCITY', 'WATCHLIST_PROXIMITY', 'DEVICE_REUSE', 'REALTIME_SCENARIO_BEHAVIOR_FALLBACK', 'ELEVATED_ACTIVITY_SEQUENCE', 'NEO4J_UNAVAILABLE', 'REALTIME_SCENARIO_GRAPH_FALLBACK', 'CLEARED']",2,ALLOW,ALLOW,INFO,CLEARED,0.3714,0.3714,0.5652,0.5652,0.3747,0.3747,0.541,0.541,0.0,UNKNOWN,ELEVATED_ACTIVITY_SEQUENCE,MEDIUM,UNKNOWN,"['Realtime scenario behavior fallback', 'ELEVATED_ACTIVITY_SEQUENCE', 'Connected to mule cluster']",TRANSACTION_MONITOR,False,False,False,10080,20160,AML_INFO_QUEUE,LOW
8f19de2e-b265-408d-863e-4017a62f5b1b,U-1040,M-2026,21264.5,INR,TRANSFER,UPI,126570.27,105305.77,669548.87,2026-09-27 05:11:06.535538+00:00,Mumbai,True,1,D-30025,878,P3_MONITOR,MILD_VELOCITY,P3,56,0.4079,73,485.5326,0.273,16703.65,78735.5,28735.5,0,1,0,0,1125,3,2,0.4503,0.4831,0.3591,0.4503,59.87,72.25,1,0,1,0,0,3.13,0.3714,0,0,0,3,2,0,0,55,4,0,0,0,0,0.389,0,0.273,0,0.3806,"['P3_MONITOR', 'MILD_VELOCITY', 'WATCHLIST_PROXIMITY', 'DEVICE_REUSE', 'REALTIME_SCENARIO_BEHAVIOR_FALLBACK', 'ELEVATED_ACTIVITY_SEQUENCE', 'NEO4J_UNAVAILABLE', 'REALTIME_SCENARIO_GRAPH_FALLBACK', 'CLEARED']",6,ALLOW,ALLOW,INFO,CLEARED,0.3248,0.3248,0.4831,0.4831,0.3591,0.3591,0.4503,0.4503,0.0,UNKNOWN,ELEVATED_ACTIVITY_SEQUENCE,MEDIUM,UNKNOWN,"['Realtime scenario behavior fallback', 'ELEVATED_ACTIVITY_SEQUENCE']",TRANSACTION_MONITOR,False,False,False,10080,20160,AML_INFO_QUEUE,LOW
0aaba4c5-14dd-4bfe-b29f-ca29dad9b61b,U-1018,M-2012,442.0,INR,PAYMENT,NETBANKING,218297.92,217855.92,473589.6,2026-09-27 05:11:03.932575+00:00,Delhi,True,1,D-30019,1745,NORMAL,LOW_RISK_PAYMENT,LOW,106,0.0811,417,2.8262,0.0113,437.08,99558.0,49558.0,0,1,0,0,1516,0,1,0.0,0.1866,0.0077,0.1392,94.03,92.34,1,0,0,0,0,4.92,0.0941,0,0,0,1,1,0,0,3,1,3,0,0,0,0.074,0,0.0113,0,0.1454,"['NORMAL', 'LOW_RISK_PAYMENT', 'NORMAL_PATTERN', 'LOW_VALUE_PAYMENT', 'SIM_BOUND', 'FALLBACK_BEHAVIORAL_PROXY', 'NEO4J_UNAVAILABLE', 'CLEARED']",4,ALLOW,ALLOW,INFO,CLEARED,0.0,0.0,0.0,0.0,0.0,0.0,0.0,0.0,0.0,UNKNOWN,FALLBACK_BEHAVIORAL_PROXY,UNKNOWN,UNKNOWN,['FALLBACK_BEHAVIORAL_PROXY'],TRANSACTION_MONITOR,False,False,False,10080,20160,AML_INFO_QUEUE,LOW
13db1f2f-a8f4-48d0-9322-61feae9689a9,U-1024,M-2014,4144.02,INR,P2P,CARD,40222.29,36078.27,54499.63,2026-09-27 05:11:01.410761+00:00,Kolkata,True,1,D-30016,1192,NORMAL,LOW_RISK_PAYMENT,LOW,84,0.1328,1379,25.4809,0.0528,4375.09,95855.98,45855.98,0,0,0,0,336,0,1,0.0,0.1318,0.1248,0.0881,89.08,95.51,1,0,0,0,0,3.57,0.0745,0,0,0,1,1,0,0,3,2,2,0,0,0,0.115,0,0.0528,0,0.0802,"['NORMAL', 'LOW_RISK_PAYMENT', 'NORMAL_PATTERN', 'LOW_VALUE_PAYMENT', 'SIM_BOUND', 'FALLBACK_BEHAVIORAL_PROXY', 'NEO4J_UNAVAILABLE', 'CLEARED']",10,ALLOW,ALLOW,INFO,CLEARED,0.0,0.0,0.0,0.0,0.0,0.0,0.0,0.0,0.0,UNKNOWN,FALLBACK_BEHAVIORAL_PROXY,UNKNOWN,UNKNOWN,['FALLBACK_BEHAVIORAL_PROXY'],TRANSACTION_MONITOR,False,False,False,10080,20160,AML_INFO_QUEUE,LOW
586a07c6-f2a7-4dec-89b3-14b2b1cc6484,U-1028,M-2006,4787.03,INR,BILL,CARD,163952.23,159165.2,572316.1,2026-09-27 05:10:58.909926+00:00,Hyderabad,True,1,D-30009,872,NORMAL,LOW_RISK_PAYMENT,LOW,80,0.149,845,44.7454,0.0057,4814.3,95212.97,45212.97,0,0,0,0,2293,1,1,0.0,0.2736,0.1472,0.3273,91.84,93.93,1,0,0,0,0,2.91,0.1451,0,0,0,2,1,0,0,3,4,1,0,0,0,0.1276,0,0.0057,0,0.1567,"['NORMAL', 'LOW_RISK_PAYMENT', 'NORMAL_PATTERN', 'LOW_VALUE_PAYMENT', 'SIM_BOUND', 'FALLBACK_BEHAVIORAL_PROXY', 'NEO4J_UNAVAILABLE', 'CLEARED']",4,ALLOW,ALLOW,INFO,CLEARED,0.0,0.0,0.0,0.0,0.0,0.0,0.0,0.0,0.0,UNKNOWN,FALLBACK_BEHAVIORAL_PROXY,UNKNOWN,UNKNOWN,['FALLBACK_BEHAVIORAL_PROXY'],TRANSACTION_MONITOR,False,False,False,10080,20160,AML_INFO_QUEUE,LOW
bb29d92f-efc0-40c4-bbfc-66cdb965c661,U-1044,M-2027,15094.77,INR,PAYMENT,IMPS,233049.0,217954.23,777917.67,2026-09-27 05:10:56.377568+00:00,Pune,True,1,D-30037,650,P3_MONITOR,MILD_VELOCITY,P3,42,0.3839,237,414.746,0.0436,14464.66,84905.23,34905.23,0,0,0,0,1422,2,0,0.528,0.5114,0.3902,0.528,65.61,70.8,1,1,0,0,1,3.19,0.2156,0,0,1,2,2,0,0,41,4,0,0,0,0,0.3951,0,0.0436,0,0.3208,"['P3_MONITOR', 'MILD_VELOCITY', 'WATCHLIST_PROXIMITY', 'DEVICE_REUSE', 'REALTIME_SCENARIO_BEHAVIOR_FALLBACK', 'ELEVATED_ACTIVITY_SEQUENCE', 'NEO4J_UNAVAILABLE', 'REALTIME_SCENARIO_GRAPH_FALLBACK', 'CLEARED']",2,ALLOW,ALLOW,INFO,CLEARED,0.3566,0.3566,0.5114,0.5114,0.3902,0.3902,0.528,0.528,0.0,UNKNOWN,ELEVATED_ACTIVITY_SEQUENCE,MEDIUM,UNKNOWN,"['Realtime scenario behavior fallback', 'ELEVATED_ACTIVITY_SEQUENCE']",TRANSACTION_MONITOR,False,False,False,10080,20160,AML_INFO_QUEUE,LOW
85ecbb4a-043d-424a-9fdd-25afef709171,U-1012,M-2006,6525.52,INR,P2P,NETBANKING,42134.29,35608.77,191876.04,2026-09-27 05:10:53.858966+00:00,Mumbai,True,1,D-30011,1572,NORMAL,LOW_RISK_PAYMENT,LOW,94,0.0683,1076,61.3184,0.0897,5988.1,93474.48,43474.48,0,0,0,0,1297,1,0,0.0,0.2296,0.1838,0.079,91.4,88.19,1,0,0,0,0,3.33,0.1117,0,0,0,2,1,0,0,3,4,3,0,0,0,0.1303,0,0.0897,0,0.1122,"['NORMAL', 'LOW_RISK_PAYMENT', 'NORMAL_PATTERN', 'LOW_VALUE_PAYMENT', 'SIM_BOUND', 'FALLBACK_BEHAVIORAL_PROXY', 'NEO4J_UNAVAILABLE', 'CLEARED']",10,ALLOW,ALLOW,INFO,CLEARED,0.0,0.0,0.0,0.0,0.0,0.0,0.0,0.0,0.0,UNKNOWN,FALLBACK_BEHAVIORAL_PROXY,UNKNOWN,UNKNOWN,['FALLBACK_BEHAVIORAL_PROXY'],TRANSACTION_MONITOR,False,False,False,10080,20160,AML_INFO_QUEUE,LOW
044f2afa-e904-4116-b8ef-fc2a9887158e,U-1040,M-2031,38632.26,INR,PAYMENT,UPI,106761.38,68129.12,61291.82,2026-09-27 05:10:51.297168+00:00,Hyderabad,True,1,D-30034,945,P3_MONITOR,MILD_VELOCITY,P3,54,0.368,153,660.8341,0.214,31822.31,61367.74,11367.74,0,1,0,0,1453,3,0,0.3723,0.5165,0.3652,0.3723,68.94,52.25,1,1,1,0,0,2.34,0.2741,0,0,0,1,1,0,0,53,4,0,1,0,0,0.2571,0,0.214,0,0.3828,"['P3_MONITOR', 'MILD_VELOCITY', 'WATCHLIST_PROXIMITY', 'DEVICE_REUSE', 'REALTIME_SCENARIO_BEHAVIOR_FALLBACK', 'ELEVATED_ACTIVITY_SEQUENCE', 'NEO4J_UNAVAILABLE', 'REALTIME_SCENARIO_GRAPH_FALLBACK', 'CLEARED']",4,ALLOW,ALLOW,INFO,CLEARED,0.3207,0.3207,0.5165,0.5165,0.3652,0.3652,0.3723,0.3723,0.0,UNKNOWN,ELEVATED_ACTIVITY_SEQUENCE,MEDIUM,UNKNOWN,"['Realtime scenario behavior fallback', 'ELEVATED_ACTIVITY_SEQUENCE']",TRANSACTION_MONITOR,False,False,False,10080,20160,AML_INFO_QUEUE,LOW
2560fee4-7d43-486f-97fc-a4fd1be379da,U-1019,U-1038,8454.23,INR,P2P,CARD,97674.08,89219.85,173115.74,2026-09-27 05:10:48.732679+00:00,Hyderabad,True,1,D-30003,1335,NORMAL,LOW_RISK_PAYMENT,LOW,110,0.0887,1244,53.5086,0.0971,7705.89,91545.77,41545.77,0,0,0,0,1784,0,1,0.0,0.3392,0.0949,0.3196,94.83,78.05,1,0,0,0,0,4.07,0.0779,0,0,0,2,1,0,0,3,2,3,0,0,0,0.0971,0,0.0971,0,0.1549,"['NORMAL', 'LOW_RISK_PAYMENT', 'NORMAL_PATTERN', 'LOW_VALUE_PAYMENT', 'SIM_BOUND', 'FALLBACK_BEHAVIORAL_PROXY', 'NEO4J_UNAVAILABLE', 'CLEARED']",2,ALLOW,ALLOW,INFO,CLEARED,0.0,0.0,0.0,0.0,0.0,0.0,0.0,0.0,0.0,UNKNOWN,FALLBACK_BEHAVIORAL_PROXY,UNKNOWN,UNKNOWN,['FALLBACK_BEHAVIORAL_PROXY'],TRANSACTION_MONITOR,False,False,False,10080,20160,AML_INFO_QUEUE,LOW
bfef8ee8-d626-4fb7-8316-439d95f3e453,U-1027,U-1033,5264.42,INR,TRANSFER,NETBANKING,67336.3,62071.88,265703.15,2026-09-27 05:10:46.175839+00:00,Hyderabad,True,1,D-30019,1376,NORMAL,LOW_RISK_PAYMENT,LOW,86,0.1279,353,32.0567,0.0152,5345.44,94735.58,44735.58,0,0,0,0,682,1,0,0.0,0.347,0.2421,0.1725,83.96,89.76,1,0,0,0,0,3.61,0.1049,0,0,0,1,1,0,0,3,4,3,0,0,0,0.0884,0,0.0152,0,0.0719,"['NORMAL', 'LOW_RISK_PAYMENT', 'NORMAL_PATTERN', 'LOW_VALUE_PAYMENT', 'SIM_BOUND', 'FALLBACK_BEHAVIORAL_PROXY', 'NEO4J_UNAVAILABLE', 'CLEARED']",4,ALLOW,ALLOW,INFO,CLEARED,0.0,0.0,0.0,0.0,0.0,0.0,0.0,0.0,0.0,UNKNOWN,FALLBACK_BEHAVIORAL_PROXY,UNKNOWN,UNKNOWN,['FALLBACK_BEHAVIORAL_PROXY'],TRANSACTION_MONITOR,False,False,False,10080,20160,AML_INFO_QUEUE,LOW
986a5070-87e6-4f58-9ac4-562c3c1601bf,U-1043,M-2025,21594.4,INR,P2P,IMPS,245672.49,224078.09,299112.92,2026-09-27 05:10:43.626711+00:00,Pune,True,1,D-30036,612,P3_MONITOR,MILD_VELOCITY,P3,60,0.3884,69,361.6542,0.0925,19765.35,78405.6,28405.6,0,1,0,0,988,3,1,0.4036,0.6055,0.4039,0.4036,62.68,75.88,1,0,1,0,0,3.24,0.327,0,0,0,3,2,0,0,59,4,1,0,0,0,0.3009,0,0.0925,1,0.3729,"['P3_MONITOR', 'MILD_VELOCITY', 'WATCHLIST_PROXIMITY', 'DEVICE_REUSE', 'REALTIME_SCENARIO_BEHAVIOR_FALLBACK', 'ELEVATED_ACTIVITY_SEQUENCE', 'NEO4J_UNAVAILABLE', 'REALTIME_SCENARIO_GRAPH_FALLBACK', 'CLEARED']",2,ALLOW,ALLOW,INFO,CLEARED,0.3633,0.3633,0.6055,0.6055,0.4039,0.4039,0.4036,0.4036,0.0,UNKNOWN,ELEVATED_ACTIVITY_SEQUENCE,MEDIUM,UNKNOWN,"['Realtime scenario behavior fallback', 'ELEVATED_ACTIVITY_SEQUENCE']",TRANSACTION_MONITOR,False,False,False,10080,20160,AML_INFO_QUEUE,LOW
49bfe70b-400a-4893-824f-914a97668b1c,U-1013,U-1036,1822.12,INR,PAYMENT,NETBANKING,17066.16,15244.04,30399.62,2026-09-27 05:10:41.099520+00:00,Hyderabad,True,1,D-30015,914,NORMAL,LOW_RISK_PAYMENT,LOW,84,0.2254,883,11.3627,0.0043,1829.91,98177.88,48177.88,0,0,0,0,1638,0,0,0.0,0.1298,0.2484,0.3267,79.15,95.66,1,0,0,0,0,2.26,0.0514,0,0,0,2,1,0,0,3,2,2,0,0,0,0.1391,0,0.0043,0,0.1494,"['NORMAL', 'LOW_RISK_PAYMENT', 'NORMAL_PATTERN', 'LOW_VALUE_PAYMENT', 'SIM_BOUND', 'FALLBACK_BEHAVIORAL_PROXY', 'NEO4J_UNAVAILABLE', 'CLEARED']",4,ALLOW,ALLOW,INFO,CLEARED,0.0,0.0,0.0,0.0,0.0,0.0,0.0,0.0,0.0,UNKNOWN,FALLBACK_BEHAVIORAL_PROXY,UNKNOWN,UNKNOWN,['FALLBACK_BEHAVIORAL_PROXY'],TRANSACTION_MONITOR,False,False,False,10080,20160,AML_INFO_QUEUE,LOW
76d90f9e-95cd-4b65-bd7e-df0afd15b115,U-1046,M-2031,20636.88,INR,P2P,CARD,248692.21,228055.33,115194.94,2026-09-27 05:10:38.371709+00:00,Pune,True,1,D-30034,356,P3_MONITOR,MILD_VELOCITY,P3,48,0.4414,240,423.7103,0.0419,19806.03,79363.12,29363.12,0,1,0,0,797,1,0,0.3542,0.5207,0.5078,0.3542,77.26,79.15,1,1,0,0,0,2.78,0.2819,1,1,0,2,2,0,0,47,5,1,0,0,0,0.2099,0,0.0419,0,0.4541,"['P3_MONITOR', 'MILD_VELOCITY', 'WATCHLIST_PROXIMITY', 'DEVICE_REUSE', 'REALTIME_SCENARIO_BEHAVIOR_FALLBACK', 'ELEVATED_ACTIVITY_SEQUENCE', 'NEO4J_UNAVAILABLE', 'REALTIME_SCENARIO_GRAPH_FALLBACK', 'CLEARED']",6,ALLOW,ALLOW,INFO,CLEARED,0.354,0.354,0.5207,0.5207,0.5078,0.5078,0.3542,0.3542,0.0,UNKNOWN,ELEVATED_ACTIVITY_SEQUENCE,MEDIUM,UNKNOWN,"['Realtime scenario behavior fallback', 'ELEVATED_ACTIVITY_SEQUENCE', 'Connected to mule cluster']",TRANSACTION_MONITOR,False,False,False,10080,20160,AML_INFO_QUEUE,LOW
6e9fda9f-3325-4363-9e23-78bd83b18d64,U-1044,M-2029,42310.97,INR,PAYMENT,IMPS,246215.59,203904.62,566753.82,2026-09-27 05:10:35.836124+00:00,Mumbai,True,1,D-30043,191,P3_MONITOR,MILD_VELOCITY,P3,40,0.3597,103,1370.774,0.0828,46131.74,57689.03,7689.03,0,0,0,0,714,3,1,0.4816,0.5306,0.379,0.4816,62.87,56.28,1,0,1,0,1,3.69,0.2594,0,0,1,3,1,0,0,39,2,0,1,0,0,0.3135,0,0.0828,0,0.4089,"['P3_MONITOR', 'MILD_VELOCITY', 'WATCHLIST_PROXIMITY', 'DEVICE_REUSE', 'REALTIME_SCENARIO_BEHAVIOR_FALLBACK', 'ELEVATED_ACTIVITY_SEQUENCE', 'NEO4J_UNAVAILABLE', 'REALTIME_SCENARIO_GRAPH_FALLBACK', 'CLEARED']",8,ALLOW,ALLOW,INFO,CLEARED,0.3503,0.3503,0.5306,0.5306,0.379,0.379,0.4816,0.4816,0.0,UNKNOWN,ELEVATED_ACTIVITY_SEQUENCE,MEDIUM,UNKNOWN,"['Realtime scenario behavior fallback', 'ELEVATED_ACTIVITY_SEQUENCE']",TRANSACTION_MONITOR,False,False,False,10080,20160,AML_INFO_QUEUE,LOW
f80e63ec-25b3-4ad5-9f97-990640671272,U-1027,M-2008,11790.67,INR,TRANSFER,NETBANKING,237298.07,225507.4,392151.79,2026-09-27 05:10:33.286829+00:00,Delhi,True,1,D-30012,1969,NORMAL,LOW_RISK_PAYMENT,LOW,84,0.2908,345,72.5023,0.0057,11724.33,88209.33,38209.33,0,0,0,0,1415,1,0,0.0,0.1251,0.0782,0.075,89.59,81.33,1,0,0,0,0,5.08,0.1036,0,0,0,2,1,0,0,3,3,1,0,0,0,0.1072,0,0.0057,0,0.1337,"['NORMAL', 'LOW_RISK_PAYMENT', 'NORMAL_PATTERN', 'LOW_VALUE_PAYMENT', 'SIM_BOUND', 'FALLBACK_BEHAVIORAL_PROXY', 'NEO4J_UNAVAILABLE', 'CLEARED']",8,ALLOW,ALLOW,INFO,CLEARED,0.0,0.0,0.0,0.0,0.0,0.0,0.0,0.0,0.0,UNKNOWN,FALLBACK_BEHAVIORAL_PROXY,UNKNOWN,UNKNOWN,['FALLBACK_BEHAVIORAL_PROXY'],TRANSACTION_MONITOR,False,False,False,10080,20160,AML_INFO_QUEUE,LOW
67b0ebbf-def8-4ebe-b34d-bf6fee2bbd4c,U-1022,U-1036,8491.32,INR,TRANSFER,CARD,40284.01,31792.69,498730.3,2026-09-27 05:10:30.749976+00:00,Bengaluru,True,1,D-30009,1483,NORMAL,LOW_RISK_PAYMENT,LOW,76,0.2433,810,45.0237,0.0462,8116.61,91508.68,41508.68,0,0,0,0,1830,1,0,0.0,0.0764,0.1529,0.2257,91.45,90.06,1,0,0,0,0,4.54,0.0355,0,0,0,2,1,0,0,3,4,2,0,0,0,0.1209,0,0.0462,0,0.0977,"['NORMAL', 'LOW_RISK_PAYMENT', 'NORMAL_PATTERN', 'LOW_VALUE_PAYMENT', 'SIM_BOUND', 'FALLBACK_BEHAVIORAL_PROXY', 'NEO4J_UNAVAILABLE', 'CLEARED']",4,ALLOW,ALLOW,INFO,CLEARED,0.0,0.0,0.0,0.0,0.0,0.0,0.0,0.0,0.0,UNKNOWN,FALLBACK_BEHAVIORAL_PROXY,UNKNOWN,UNKNOWN,['FALLBACK_BEHAVIORAL_PROXY'],TRANSACTION_MONITOR,False,False,False,10080,20160,AML_INFO_QUEUE,LOW
bd0be6ca-5089-4b38-aced-ea8bd71ecc86,U-1005,M-2013,10317.41,INR,PAYMENT,CARD,92736.91,82419.5,360116.86,2026-09-27 05:10:28.210894+00:00,Pune,True,1,D-30013,1790,NORMAL,LOW_RISK_PAYMENT,LOW,90,0.1599,635,78.6847,0.1011,9370.15,89682.59,39682.59,0,0,0,0,1784,1,0,0.0,0.1432,0.1851,0.305,87.52,75.27,1,0,0,0,0,5.16,0.0645,0,0,0,1,1,0,0,3,1,3,0,0,0,0.0716,0,0.1011,0,0.0757,"['NORMAL', 'LOW_RISK_PAYMENT', 'NORMAL_PATTERN', 'LOW_VALUE_PAYMENT', 'SIM_BOUND', 'FALLBACK_BEHAVIORAL_PROXY', 'NEO4J_UNAVAILABLE', 'CLEARED']",2,ALLOW,ALLOW,INFO,CLEARED,0.0,0.0,0.0,0.0,0.0,0.0,0.0,0.0,0.0,UNKNOWN,FALLBACK_BEHAVIORAL_PROXY,UNKNOWN,UNKNOWN,['FALLBACK_BEHAVIORAL_PROXY'],TRANSACTION_MONITOR,False,False,False,10080,20160,AML_INFO_QUEUE,LOW
81a783d4-6b30-4959-a80a-2481c0675777,U-1017,U-1039,12964.77,INR,P2P,CARD,129974.09,117009.32,334851.13,2026-09-27 05:10:25.693120+00:00,Mumbai,True,1,D-30003,1148,NORMAL,LOW_RISK_PAYMENT,LOW,82,0.1806,672,60.7795,0.0824,14129.18,87035.23,37035.23,0,0,0,0,789,1,1,0.0,0.0632,0.1379,0.2033,93.98,91.82,1,0,0,0,0,3.76,0.0465,0,0,0,2,1,0,0,3,1,2,0,0,0,0.1175,0,0.0824,0,0.1341,"['NORMAL', 'LOW_RISK_PAYMENT', 'NORMAL_PATTERN', 'LOW_VALUE_PAYMENT', 'SIM_BOUND', 'FALLBACK_BEHAVIORAL_PROXY', 'NEO4J_UNAVAILABLE', 'CLEARED']",4,ALLOW,ALLOW,INFO,CLEARED,0.0,0.0,0.0,0.0,0.0,0.0,0.0,0.0,0.0,UNKNOWN,FALLBACK_BEHAVIORAL_PROXY,UNKNOWN,UNKNOWN,['FALLBACK_BEHAVIORAL_PROXY'],TRANSACTION_MONITOR,False,False,False,10080,20160,AML_INFO_QUEUE,LOW
940109d3-60b4-4389-a112-0f3fcda40684,U-1048,M-2025,22240.82,INR,PAYMENT,UPI,105199.85,82959.03,689812.54,2026-09-27 05:10:23.179415+00:00,Mumbai,True,1,D-30039,607,P3_MONITOR,MILD_VELOCITY,P3,46,0.533,170,448.7741,0.2318,18055.58,77759.18,27759.18,0,0,0,0,1034,2,0,0.4978,0.4632,0.4708,0.4978,78.34,60.18,0,0,0,0,1,1.32,0.2783,0,0,1,2,1,0,0,45,4,0,0,0,0,0.3428,0,0.2318,0,0.4162,"['P3_MONITOR', 'MILD_VELOCITY', 'WATCHLIST_PROXIMITY', 'DEVICE_REUSE', 'REALTIME_SCENARIO_BEHAVIOR_FALLBACK', 'ELEVATED_ACTIVITY_SEQUENCE', 'NEO4J_UNAVAILABLE', 'REALTIME_SCENARIO_GRAPH_FALLBACK', 'CLEARED']",2,ALLOW,ALLOW,INFO,CLEARED,0.3562,0.3562,0.4632,0.4632,0.4708,0.4708,0.4978,0.4978,0.0,UNKNOWN,ELEVATED_ACTIVITY_SEQUENCE,MEDIUM,UNKNOWN,"['Realtime scenario behavior fallback', 'ELEVATED_ACTIVITY_SEQUENCE']",TRANSACTION_MONITOR,False,False,False,10080,20160,AML_INFO_QUEUE,LOW
28088315-f5d9-49aa-8bde-5eb2235a7619,U-1079,M-2045,108443.44,INR,GATHER_SCATTER,UPI,115092.46,6649.02,739064.33,2026-09-27 05:10:20.552418+00:00,Bengaluru,False,0,D-30066,170,P1_CRITICAL,GATHER_SCATTER,P1,33,0.9422,4,19603.176,0.0619,115593.55,8443.44,58443.44,0,0,0,0,41,8,9,0.9498,0.9222,0.903,0.9498,6.87,14.99,0,1,1,0,1,1.43,0.8299,9,9,18,6,5,1,1,36,8,0,1,1,1,0.9072,0,0.0619,1,0.9088,"['P1_CRITICAL', 'GATHER_SCATTER', 'RAPID_DRAIN', 'MULE_CLUSTER', 'SIM_NOT_BOUND', 'REALTIME_SCENARIO_BEHAVIOR_FALLBACK', 'HIGH_VALUE_TRANSFER', 'VERY_HIGH_VALUE_TRANSACTION', 'NEO4J_UNAVAILABLE', 'REALTIME_SCENARIO_GRAPH_FALLBACK', 'CRITICAL_RISK', 'URGENT_REVIEW']",2,BLOCK,BLOCK,P1,BLOCKED,0.9424,0.9424,0.9222,0.9222,0.903,0.903,0.9498,0.9498,1.0,UNKNOWN,GATHER_SCATTER,CRITICAL,UNKNOWN,"['Critical mule laundering pattern detected', 'Realtime scenario behavior fallback', 'GATHER_SCATTER', 'Connected to mule cluster']",TRANSACTION_SUSPECT,False,True,True,15,20,AML_CRITICAL_QUEUE,CRITICAL
6b6ebc92-7a9c-469d-bc30-6d23ee545e4e,U-1011,M-2017,4522.4,INR,TRANSFER,UPI,109917.76,105395.36,559168.52,2026-09-27 05:10:18.027975+00:00,Kolkata,True,1,D-30022,522,NORMAL,LOW_RISK_PAYMENT,LOW,88,0.1122,1138,21.5166,0.048,4315.26,95477.6,45477.6,0,0,0,0,2367,0,0,0.0,0.3423,0.1881,0.289,86.47,92.06,1,0,0,0,0,4.53,0.0387,0,0,0,2,1,0,0,3,2,1,0,0,0,0.1376,0,0.048,0,0.0676,"['NORMAL', 'LOW_RISK_PAYMENT', 'NORMAL_PATTERN', 'LOW_VALUE_PAYMENT', 'SIM_BOUND', 'FALLBACK_BEHAVIORAL_PROXY', 'NEO4J_UNAVAILABLE', 'CLEARED']",4,ALLOW,ALLOW,INFO,CLEARED,0.0,0.0,0.0,0.0,0.0,0.0,0.0,0.0,0.0,UNKNOWN,FALLBACK_BEHAVIORAL_PROXY,UNKNOWN,UNKNOWN,['FALLBACK_BEHAVIORAL_PROXY'],TRANSACTION_MONITOR,False,False,False,10080,20160,AML_INFO_QUEUE,LOW
442ce593-2036-4298-aacb-e463894342f7,U-1069,M-2040,54448.83,INR,GATHER_SCATTER,IMPS,328573.22,274124.39,206729.64,2026-09-27 05:10:15.441068+00:00,Delhi,False,0,D-30061,170,P2_REVIEW,GATHER_SCATTER,P2,12,0.6651,21,4419.7885,0.0296,52882.11,45551.17,4448.83,0,0,0,0,119,7,5,0.7523,0.761,0.7176,0.7523,37.98,38.39,0,1,1,0,1,0.12,0.6216,5,5,5,4,2,1,1,17,4,0,1,1,1,0.8269,0,0.0296,1,0.7169,"['P2_REVIEW', 'GATHER_SCATTER', 'RAPID_DRAIN', 'MULE_CLUSTER', 'SIM_NOT_BOUND', 'REALTIME_SCENARIO_BEHAVIOR_FALLBACK', 'LAUNDERING_FLOW', 'HIGH_VALUE_TRANSFER', 'NEO4J_UNAVAILABLE', 'REALTIME_SCENARIO_GRAPH_FALLBACK', 'MONITORING', 'ELEVATED_ACTIVITY']",1,MONITOR,SOFT_NUDGE,P3,MONITORING,0.5582,0.5582,0.761,0.761,0.7176,0.7176,0.7523,0.7523,0.0,UNKNOWN,LAUNDERING_FLOW,HIGH,UNKNOWN,"['Realtime scenario behavior fallback', 'LAUNDERING_FLOW', 'Connected to mule cluster']",TRANSACTION_SUSPECT,True,False,False,1440,2880,AML_MONITORING_QUEUE,MEDIUM
7ce4f91b-eccd-419e-b209-96502e2ebc78,U-1019,M-2017,6466.77,INR,BILL,NETBANKING,131341.28,124874.51,31458.3,2026-09-27 05:10:12.893185+00:00,Delhi,True,1,D-30006,1555,NORMAL,LOW_RISK_PAYMENT,LOW,108,0.1553,1212,29.7039,0.1352,5696.79,93533.23,43533.23,0,0,0,0,931,1,1,0.0,0.0624,0.0249,0.094,89.26,90.34,1,0,0,0,0,4.12,0.1104,0,0,0,1,1,0,0,3,3,1,0,0,0,0.0437,0,0.1352,0,0.106,"['NORMAL', 'LOW_RISK_PAYMENT', 'NORMAL_PATTERN', 'LOW_VALUE_PAYMENT', 'SIM_BOUND', 'FALLBACK_BEHAVIORAL_PROXY', 'NEO4J_UNAVAILABLE', 'CLEARED']",4,ALLOW,ALLOW,INFO,CLEARED,0.0,0.0,0.0,0.0,0.0,0.0,0.0,0.0,0.0,UNKNOWN,FALLBACK_BEHAVIORAL_PROXY,UNKNOWN,UNKNOWN,['FALLBACK_BEHAVIORAL_PROXY'],TRANSACTION_MONITOR,False,False,False,10080,20160,AML_INFO_QUEUE,LOW
ee6600e9-7d91-4250-82f1-c4d62c9cb75b,U-1052,M-2020,41300.29,INR,PAYMENT,CARD,236354.7,195054.41,531497.63,2026-09-27 05:10:10.331387+00:00,Mumbai,True,1,D-30033,1169,P3_MONITOR,MILD_VELOCITY,P3,68,0.4533,150,1535.4082,0.1364,47824.81,58699.71,8699.71,0,0,0,0,1176,3,0,0.5322,0.6302,0.3905,0.5322,63.09,76.65,0,0,0,0,0,1.64,0.24,0,0,2,2,1,0,0,67,3,0,1,0,0,0.2274,0,0.1364,0,0.4365,"['P3_MONITOR', 'MILD_VELOCITY', 'WATCHLIST_PROXIMITY', 'DEVICE_REUSE', 'REALTIME_SCENARIO_BEHAVIOR_FALLBACK', 'ELEVATED_ACTIVITY_SEQUENCE', 'NEO4J_UNAVAILABLE', 'REALTIME_SCENARIO_GRAPH_FALLBACK', 'CLEARED']",2,ALLOW,ALLOW,INFO,CLEARED,0.3931,0.3931,0.6302,0.6302,0.3905,0.3905,0.5322,0.5322,0.0,UNKNOWN,ELEVATED_ACTIVITY_SEQUENCE,MEDIUM,UNKNOWN,"['Realtime scenario behavior fallback', 'ELEVATED_ACTIVITY_SEQUENCE']",TRANSACTION_MONITOR,False,False,False,10080,20160,AML_INFO_QUEUE,LOW
e881e11a-dfe1-4311-873d-416a75bf8e72,U-1009,M-2010,7224.44,INR,PAYMENT,UPI,65152.39,57927.95,739349.5,2026-09-27 05:10:07.804870+00:00,Mumbai,True,1,D-30008,951,NORMAL,LOW_RISK_PAYMENT,LOW,84,0.2806,460,34.4388,0.0375,7505.99,92775.56,42775.56,0,0,0,0,490,0,0,0.0,0.1006,0.2245,0.3363,85.85,86.31,1,0,0,0,0,4.61,0.1066,0,0,0,1,1,0,0,3,1,0,0,0,0,0.0794,0,0.0375,0,0.0736,"['NORMAL', 'LOW_RISK_PAYMENT', 'NORMAL_PATTERN', 'LOW_VALUE_PAYMENT', 'SIM_BOUND', 'FALLBACK_BEHAVIORAL_PROXY', 'NEO4J_UNAVAILABLE', 'CLEARED']",4,ALLOW,ALLOW,INFO,CLEARED,0.0,0.0,0.0,0.0,0.0,0.0,0.0,0.0,0.0,UNKNOWN,FALLBACK_BEHAVIORAL_PROXY,UNKNOWN,UNKNOWN,['FALLBACK_BEHAVIORAL_PROXY'],TRANSACTION_MONITOR,False,False,False,10080,20160,AML_INFO_QUEUE,LOW
c1ef179d-5c19-4383-98bb-5c8f7bf4e892,U-1007,M-2010,12472.53,INR,BILL,UPI,198143.47,185670.94,110874.96,2026-09-27 05:10:05.290096+00:00,Chennai,True,1,D-30005,1248,NORMAL,LOW_RISK_PAYMENT,LOW,80,0.167,750,85.0646,0.1255,11081.69,87527.47,37527.47,0,0,0,0,2187,0,0,0.0,0.2934,0.0889,0.1938,96.29,90.38,1,0,0,0,0,5.27,0.1381,0,0,0,2,1,0,0,3,2,2,0,0,0,0.0513,0,0.1255,0,0.1005,"['NORMAL', 'LOW_RISK_PAYMENT', 'NORMAL_PATTERN', 'LOW_VALUE_PAYMENT', 'SIM_BOUND', 'FALLBACK_BEHAVIORAL_PROXY', 'NEO4J_UNAVAILABLE', 'CLEARED']",2,ALLOW,ALLOW,INFO,CLEARED,0.0,0.0,0.0,0.0,0.0,0.0,0.0,0.0,0.0,UNKNOWN,FALLBACK_BEHAVIORAL_PROXY,UNKNOWN,UNKNOWN,['FALLBACK_BEHAVIORAL_PROXY'],TRANSACTION_MONITOR,False,False,False,10080,20160,AML_INFO_QUEUE,LOW
3d191f01-ae62-41e7-8cd3-7b5cc2d4d610,U-1004,M-2006,10016.62,INR,P2P,NETBANKING,95783.18,85766.56,22773.41,2026-09-27 05:10:02.764154+00:00,Kolkata,True,1,D-30016,1390,NORMAL,LOW_RISK_PAYMENT,LOW,74,0.1126,358,62.4359,0.0774,9297.16,89983.38,39983.38,0,0,0,0,482,0,0,0.0,0.0623,0.1416,0.1631,96.81,88.57,1,0,0,0,0,3.37,0.0339,0,0,0,2,1,0,0,3,1,2,0,0,0,0.0735,0,0.0774,0,0.1584,"['NORMAL', 'LOW_RISK_PAYMENT', 'NORMAL_PATTERN', 'LOW_VALUE_PAYMENT', 'SIM_BOUND', 'FALLBACK_BEHAVIORAL_PROXY', 'NEO4J_UNAVAILABLE', 'CLEARED']",2,ALLOW,ALLOW,INFO,CLEARED,0.0,0.0,0.0,0.0,0.0,0.0,0.0,0.0,0.0,UNKNOWN,FALLBACK_BEHAVIORAL_PROXY,UNKNOWN,UNKNOWN,['FALLBACK_BEHAVIORAL_PROXY'],TRANSACTION_MONITOR,False,False,False,10080,20160,AML_INFO_QUEUE,LOW
55ff8c86-7e69-4c82-a250-5cc52b41bb07,U-1023,M-2003,4389.89,INR,TRANSFER,UPI,192633.5,188243.61,750451.29,2026-09-27 05:10:00.243465+00:00,Chennai,True,1,D-30005,1194,NORMAL,LOW_RISK_PAYMENT,LOW,70,0.0765,1143,45.779,0.0844,4794.36,95610.11,45610.11,0,0,0,0,1471,0,1,0.0,0.2118,0.2327,0.2238,91.54,94.11,1,0,0,0,0,2.41,0.1344,0,0,0,1,1,0,0,3,1,0,0,0,0,0.0549,0,0.0844,0,0.14,"['NORMAL', 'LOW_RISK_PAYMENT', 'NORMAL_PATTERN', 'LOW_VALUE_PAYMENT', 'SIM_BOUND', 'FALLBACK_BEHAVIORAL_PROXY', 'NEO4J_UNAVAILABLE', 'CLEARED']",8,ALLOW,ALLOW,INFO,CLEARED,0.0,0.0,0.0,0.0,0.0,0.0,0.0,0.0,0.0,UNKNOWN,FALLBACK_BEHAVIORAL_PROXY,UNKNOWN,UNKNOWN,['FALLBACK_BEHAVIORAL_PROXY'],TRANSACTION_MONITOR,False,False,False,10080,20160,AML_INFO_QUEUE,LOW
8030f406-112b-42fc-b0e7-0284f2b5e753,U-1001,U-1033,2397.66,INR,PAYMENT,UPI,196249.01,193851.35,439728.76,2026-09-27 05:09:57.715253+00:00,Delhi,True,1,D-30017,1200,NORMAL,LOW_RISK_PAYMENT,LOW,88,0.0505,1318,12.5165,0.104,2171.74,97602.34,47602.34,0,0,0,0,1745,0,0,0.0,0.3102,0.1823,0.2985,91.12,95.29,1,0,0,0,0,5.6,0.1176,0,0,0,1,1,0,0,3,3,3,0,0,0,0.1395,0,0.104,0,0.1094,"['NORMAL', 'LOW_RISK_PAYMENT', 'NORMAL_PATTERN', 'LOW_VALUE_PAYMENT', 'SIM_BOUND', 'FALLBACK_BEHAVIORAL_PROXY', 'NEO4J_UNAVAILABLE', 'CLEARED']",6,ALLOW,ALLOW,INFO,CLEARED,0.0,0.0,0.0,0.0,0.0,0.0,0.0,0.0,0.0,UNKNOWN,FALLBACK_BEHAVIORAL_PROXY,UNKNOWN,UNKNOWN,['FALLBACK_BEHAVIORAL_PROXY'],TRANSACTION_MONITOR,False,False,False,10080,20160,AML_INFO_QUEUE,LOW
a53ef8f8-e419-4b7d-9379-98976c13aab7,U-1027,M-2002,6718.04,INR,BILL,CARD,62236.6,55518.56,735233.5,2026-09-27 05:09:55.198430+00:00,Hyderabad,True,1,D-30000,1659,NORMAL,LOW_RISK_PAYMENT,LOW,82,0.0669,957,29.1179,0.1159,6020.54,93281.96,43281.96,0,0,0,0,927,0,1,0.0,0.1619,0.0695,0.116,92.02,90.37,1,0,0,0,0,5.96,0.0997,0,0,0,2,1,0,0,3,3,0,0,0,0,0.0493,0,0.1159,0,0.1094,"['NORMAL', 'LOW_RISK_PAYMENT', 'NORMAL_PATTERN', 'LOW_VALUE_PAYMENT', 'SIM_BOUND', 'FALLBACK_BEHAVIORAL_PROXY', 'NEO4J_UNAVAILABLE', 'CLEARED']",2,ALLOW,ALLOW,INFO,CLEARED,0.0,0.0,0.0,0.0,0.0,0.0,0.0,0.0,0.0,UNKNOWN,FALLBACK_BEHAVIORAL_PROXY,UNKNOWN,UNKNOWN,['FALLBACK_BEHAVIORAL_PROXY'],TRANSACTION_MONITOR,False,False,False,10080,20160,AML_INFO_QUEUE,LOW
f2a3e208-0721-490e-b91a-06bdf4fd7a97,U-1005,M-2017,11659.83,INR,PAYMENT,CARD,225313.25,213653.42,631531.13,2026-09-27 05:09:52.664637+00:00,Hyderabad,True,1,D-30015,1777,NORMAL,LOW_RISK_PAYMENT,LOW,88,0.2373,1216,51.6549,0.0591,12391.69,88340.17,38340.17,0,1,0,0,900,0,0,0.0,0.0762,0.0079,0.3258,87.04,78.32,1,0,0,0,0,6.98,0.1454,0,0,0,2,1,0,0,3,3,2,0,0,0,0.0687,0,0.0591,0,0.0924,"['NORMAL', 'LOW_RISK_PAYMENT', 'NORMAL_PATTERN', 'LOW_VALUE_PAYMENT', 'SIM_BOUND', 'FALLBACK_BEHAVIORAL_PROXY', 'NEO4J_UNAVAILABLE', 'CLEARED']",6,ALLOW,ALLOW,INFO,CLEARED,0.0,0.0,0.0,0.0,0.0,0.0,0.0,0.0,0.0,UNKNOWN,FALLBACK_BEHAVIORAL_PROXY,UNKNOWN,UNKNOWN,['FALLBACK_BEHAVIORAL_PROXY'],TRANSACTION_MONITOR,False,False,False,10080,20160,AML_INFO_QUEUE,LOW
c7c00ac6-0735-44bd-8a27-089b84f37783,U-1025,M-2019,8567.35,INR,P2P,UPI,204046.74,195479.39,706552.67,2026-09-27 05:09:50.141033+00:00,Kolkata,True,1,D-30010,1572,NORMAL,LOW_RISK_PAYMENT,LOW,84,0.1841,486,38.6851,0.0658,9171.16,91432.65,41432.65,0,0,0,0,2093,0,0,0.0,0.3085,0.1518,0.1276,93.35,85.76,1,0,0,0,0,3.85,0.0948,0,0,0,2,1,0,0,3,3,2,0,0,0,0.1332,0,0.0658,0,0.1003,"['NORMAL', 'LOW_RISK_PAYMENT', 'NORMAL_PATTERN', 'LOW_VALUE_PAYMENT', 'SIM_BOUND', 'FALLBACK_BEHAVIORAL_PROXY', 'NEO4J_UNAVAILABLE', 'CLEARED']",4,ALLOW,ALLOW,INFO,CLEARED,0.0,0.0,0.0,0.0,0.0,0.0,0.0,0.0,0.0,UNKNOWN,FALLBACK_BEHAVIORAL_PROXY,UNKNOWN,UNKNOWN,['FALLBACK_BEHAVIORAL_PROXY'],TRANSACTION_MONITOR,False,False,False,10080,20160,AML_INFO_QUEUE,LOW
fb3d0823-c66e-4a3f-846c-5a3ad76f5b68,U-1068,M-2038,63398.59,INR,LAYERING_STEP,NEFT,436522.75,373124.16,133502.99,2026-09-27 05:09:47.444945+00:00,Delhi,False,0,D-30085,201,P2_REVIEW,LAYERING,P2,17,0.6621,6,4547.6454,0.1301,72881.05,36601.41,13398.59,0,1,0,0,143,6,2,0.7247,0.8351,0.8178,0.7247,57.47,29.46,0,1,1,1,1,2.26,0.6627,4,4,7,5,3,1,1,18,6,0,1,1,1,0.7286,0,0.1301,1,0.8275,"['P2_REVIEW', 'LAYERING', 'LAYERING_CHAIN', 'MULE_CLUSTER', 'SHORT_FORWARDING_DELAY', 'SIM_NOT_BOUND', 'REALTIME_SCENARIO_BEHAVIOR_FALLBACK', 'LAUNDERING_FLOW', 'HIGH_VALUE_TRANSFER', 'NEO4J_UNAVAILABLE', 'REALTIME_SCENARIO_GRAPH_FALLBACK', 'MONITORING', 'ELEVATED_ACTIVITY']",1,MONITOR,SOFT_NUDGE,P3,MONITORING,0.5999,0.5999,0.8351,0.8351,0.8178,0.8178,0.7247,0.7247,0.0,UNKNOWN,LAUNDERING_FLOW,HIGH,UNKNOWN,"['Realtime scenario behavior fallback', 'LAUNDERING_FLOW', 'Connected to mule cluster']",TRANSACTION_SUSPECT,True,False,False,1440,2880,AML_MONITORING_QUEUE,MEDIUM
ce3cd2f7-64a2-494e-98a7-4c440758575e,U-1023,U-1036,6792.42,INR,P2P,NETBANKING,83334.07,76541.65,636026.79,2026-09-27 05:09:44.932672+00:00,Pune,True,1,D-30013,659,NORMAL,LOW_RISK_PAYMENT,LOW,68,0.2076,1277,68.76,0.0205,6934.53,93207.58,43207.58,0,0,0,0,610,0,0,0.0,0.2664,0.0893,0.0591,94.17,92.99,1,0,0,0,0,6.75,0.1202,0,0,0,2,1,0,0,3,3,0,0,0,0,0.1324,0,0.0205,0,0.081,"['NORMAL', 'LOW_RISK_PAYMENT', 'NORMAL_PATTERN', 'LOW_VALUE_PAYMENT', 'SIM_BOUND', 'FALLBACK_BEHAVIORAL_PROXY', 'NEO4J_UNAVAILABLE', 'CLEARED']",2,ALLOW,ALLOW,INFO,CLEARED,0.0,0.0,0.0,0.0,0.0,0.0,0.0,0.0,0.0,UNKNOWN,FALLBACK_BEHAVIORAL_PROXY,UNKNOWN,UNKNOWN,['FALLBACK_BEHAVIORAL_PROXY'],TRANSACTION_MONITOR,False,False,False,10080,20160,AML_INFO_QUEUE,LOW
f9900f58-a384-4121-8f40-a0092adb778d,U-1055,M-2038,91683.7,INR,GATHER_SCATTER,IMPS,572666.84,480983.14,37978.56,2026-09-27 05:09:42.347095+00:00,Kolkata,False,0,D-30072,103,P2_REVIEW,GATHER_SCATTER,P2,17,0.7127,12,8353.0602,0.1268,81369.75,8316.3,41683.7,0,0,0,0,31,6,2,0.793,0.8692,0.8181,0.793,44.12,45.45,0,1,1,0,1,0.12,0.5647,4,4,4,5,2,1,1,9,5,0,1,1,1,0.8149,0,0.1268,1,0.8154,"['P2_REVIEW', 'GATHER_SCATTER', 'RAPID_DRAIN', 'MULE_CLUSTER', 'SIM_NOT_BOUND', 'REALTIME_SCENARIO_BEHAVIOR_FALLBACK', 'LAUNDERING_FLOW', 'HIGH_VALUE_TRANSFER', 'NEO4J_UNAVAILABLE', 'REALTIME_SCENARIO_GRAPH_FALLBACK', 'MONITORING', 'ELEVATED_ACTIVITY']",3,MONITOR,SOFT_NUDGE,P3,MONITORING,0.6239,0.6239,0.8692,0.8692,0.8181,0.8181,0.793,0.793,0.0,UNKNOWN,LAUNDERING_FLOW,HIGH,UNKNOWN,"['Realtime scenario behavior fallback', 'LAUNDERING_FLOW', 'Connected to mule cluster']",TRANSACTION_SUSPECT,True,False,False,1440,2880,AML_MONITORING_QUEUE,MEDIUM
78757a8a-2257-4af7-8388-12fb60b1c125,U-1011,U-1030,12710.28,INR,TRANSFER,UPI,83977.73,71267.45,754706.89,2026-09-27 05:09:39.817908+00:00,Chennai,True,1,D-30021,1555,NORMAL,LOW_RISK_PAYMENT,LOW,86,0.1831,1227,72.536,0.0132,12880.54,87289.72,37289.72,0,0,0,0,1352,0,0,0.0,0.227,0.1451,0.3288,87.25,86.93,1,0,0,0,0,6.46,0.1429,0,0,0,1,1,0,0,3,1,2,0,0,0,0.0875,0,0.0132,0,0.1047,"['NORMAL', 'LOW_RISK_PAYMENT', 'NORMAL_PATTERN', 'LOW_VALUE_PAYMENT', 'SIM_BOUND', 'FALLBACK_BEHAVIORAL_PROXY', 'NEO4J_UNAVAILABLE', 'CLEARED']",4,ALLOW,ALLOW,INFO,CLEARED,0.0,0.0,0.0,0.0,0.0,0.0,0.0,0.0,0.0,UNKNOWN,FALLBACK_BEHAVIORAL_PROXY,UNKNOWN,UNKNOWN,['FALLBACK_BEHAVIORAL_PROXY'],TRANSACTION_MONITOR,False,False,False,10080,20160,AML_INFO_QUEUE,LOW
27b95056-f4ed-4465-b9df-e77e77928e02,U-1000,M-2016,11279.63,INR,BILL,NETBANKING,83147.06,71867.43,677673.12,2026-09-27 05:09:37.299372+00:00,Chennai,True,1,D-30018,855,NORMAL,LOW_RISK_PAYMENT,LOW,92,0.1156,1255,52.9287,0.0835,12307.15,88720.37,38720.37,0,1,0,0,1491,0,1,0.0,0.0569,0.1745,0.1036,88.01,90.68,1,0,0,0,0,3.57,0.0875,0,0,0,1,1,0,0,3,4,2,0,0,0,0.1234,0,0.0835,0,0.1444,"['NORMAL', 'LOW_RISK_PAYMENT', 'NORMAL_PATTERN', 'LOW_VALUE_PAYMENT', 'SIM_BOUND', 'FALLBACK_BEHAVIORAL_PROXY', 'NEO4J_UNAVAILABLE', 'CLEARED']",6,ALLOW,ALLOW,INFO,CLEARED,0.0,0.0,0.0,0.0,0.0,0.0,0.0,0.0,0.0,UNKNOWN,FALLBACK_BEHAVIORAL_PROXY,UNKNOWN,UNKNOWN,['FALLBACK_BEHAVIORAL_PROXY'],TRANSACTION_MONITOR,False,False,False,10080,20160,AML_INFO_QUEUE,LOW
0cda9771-cab3-4d0a-8361-37081aa1a321,U-1024,M-2014,1000.85,INR,BILL,UPI,200301.36,199300.51,123129.04,2026-09-27 05:09:34.776362+00:00,Pune,True,1,D-30021,1794,NORMAL,LOW_RISK_PAYMENT,LOW,82,0.261,402,6.3427,0.0794,1087.18,98999.15,48999.15,0,0,0,0,1193,1,0,0.0,0.0613,0.1295,0.3159,94.49,85.22,1,0,0,0,0,3.61,0.0911,0,0,0,1,1,0,0,3,4,0,0,0,0,0.0881,0,0.0794,0,0.1151,"['NORMAL', 'LOW_RISK_PAYMENT', 'NORMAL_PATTERN', 'LOW_VALUE_PAYMENT', 'SIM_BOUND', 'FALLBACK_BEHAVIORAL_PROXY', 'NEO4J_UNAVAILABLE', 'CLEARED']",8,ALLOW,ALLOW,INFO,CLEARED,0.0,0.0,0.0,0.0,0.0,0.0,0.0,0.0,0.0,UNKNOWN,FALLBACK_BEHAVIORAL_PROXY,UNKNOWN,UNKNOWN,['FALLBACK_BEHAVIORAL_PROXY'],TRANSACTION_MONITOR,False,False,False,10080,20160,AML_INFO_QUEUE,LOW
d6905d9b-c7d2-417b-902f-28a6faee39ff,U-1081,U-1091,143270.55,INR,GATHER_SCATTER,UPI,150062.04,6791.49,664582.77,2026-09-27 05:09:32.129882+00:00,Chennai,False,0,D-30074,70,P1_CRITICAL,GATHER_SCATTER,P1,44,0.9547,0,19748.8747,0.1357,126151.3,43270.55,93270.55,1,0,0,0,44,11,15,0.974,0.9817,0.9605,0.974,5.92,12.84,0,1,1,1,1,1.29,0.9396,7,7,18,7,10,1,1,45,10,0,1,1,1,0.9298,0,0.1357,1,0.9039,"['P1_CRITICAL', 'GATHER_SCATTER', 'RAPID_DRAIN', 'MULE_CLUSTER', 'SIM_NOT_BOUND', 'REALTIME_SCENARIO_BEHAVIOR_FALLBACK', 'HIGH_VALUE_TRANSFER', 'VERY_HIGH_VALUE_TRANSACTION', 'NEO4J_UNAVAILABLE', 'REALTIME_SCENARIO_GRAPH_FALLBACK', 'CRITICAL_RISK', 'URGENT_REVIEW']",2,BLOCK,BLOCK,P1,BLOCKED,0.9794,0.9794,0.9817,0.9817,0.9605,0.9605,0.974,0.974,1.0,UNKNOWN,GATHER_SCATTER,CRITICAL,UNKNOWN,"['Critical mule laundering pattern detected', 'Realtime scenario behavior fallback', 'GATHER_SCATTER', 'Connected to mule cluster']",TRANSACTION_SUSPECT,False,True,True,15,20,AML_CRITICAL_QUEUE,CRITICAL
e601a965-466b-4f93-adb4-bd09883e0b95,U-1063,U-1071,99496.09,INR,STRUCTURING,NEFT,711320.9,611824.81,721047.36,2026-09-27 05:09:29.531476+00:00,Kolkata,True,1,D-30065,370,P2_REVIEW,STRUCTURING,P2,21,0.7141,40,9462.0915,0.0779,92309.17,503.91,49496.09,0,1,0,1,18,6,3,0.8293,0.7312,0.7953,0.8293,40.63,59.7,0,1,1,1,1,0.54,0.5109,3,3,3,6,4,1,1,14,2,0,1,1,1,0.7521,1,0.7521,1,0.8483,"['P2_REVIEW', 'STRUCTURING', 'NEAR_THRESHOLD', 'HIGH_VALUE_TRANSFER', 'REALTIME_SCENARIO_BEHAVIOR_FALLBACK', 'LAUNDERING_FLOW', 'NEO4J_UNAVAILABLE', 'REALTIME_SCENARIO_GRAPH_FALLBACK', 'MONITORING', 'ELEVATED_ACTIVITY']",2,MONITOR,SOFT_NUDGE,P3,MONITORING,0.584,0.584,0.7312,0.7312,0.7953,0.7953,0.8293,0.8293,0.0,UNKNOWN,LAUNDERING_FLOW,HIGH,UNKNOWN,"['Realtime scenario behavior fallback', 'LAUNDERING_FLOW', 'Connected to mule cluster']",TRANSACTION_SUSPECT,True,False,False,1440,2880,AML_MONITORING_QUEUE,MEDIUM
bb0acf7f-5cbc-494c-8ffd-d6bcb3339032,U-1066,M-2038,72241.0,INR,GATHER_SCATTER,NEFT,169912.42,97671.42,426641.38,2026-09-27 05:09:26.934047+00:00,Chennai,False,0,D-30074,76,P2_REVIEW,GATHER_SCATTER,P2,13,0.6105,7,2636.6251,0.0599,76843.06,27759.0,22241.0,0,0,0,0,25,7,5,0.723,0.8534,0.7164,0.723,49.08,60.75,0,1,1,1,1,1.25,0.4908,3,3,7,7,3,1,1,10,4,0,1,1,1,0.6721,0,0.0599,1,0.8579,"['P2_REVIEW', 'GATHER_SCATTER', 'RAPID_DRAIN', 'MULE_CLUSTER', 'SIM_NOT_BOUND', 'REALTIME_SCENARIO_BEHAVIOR_FALLBACK', 'LAUNDERING_FLOW', 'HIGH_VALUE_TRANSFER', 'NEO4J_UNAVAILABLE', 'REALTIME_SCENARIO_GRAPH_FALLBACK', 'MONITORING', 'ELEVATED_ACTIVITY']",2,MONITOR,SOFT_NUDGE,P3,MONITORING,0.5797,0.5797,0.8534,0.8534,0.7164,0.7164,0.723,0.723,0.0,UNKNOWN,LAUNDERING_FLOW,HIGH,UNKNOWN,"['Realtime scenario behavior fallback', 'LAUNDERING_FLOW', 'Connected to mule cluster']",TRANSACTION_SUSPECT,True,False,False,1440,2880,AML_MONITORING_QUEUE,MEDIUM
f1faadac-42af-4c0c-a47d-d9d236a9e2cb,U-1041,M-2021,18374.7,INR,P2P,CARD,92843.0,74468.3,118228.67,2026-09-27 05:09:24.415981+00:00,Mumbai,True,1,D-30037,828,P3_MONITOR,MILD_VELOCITY,P3,62,0.3885,147,526.134,0.1319,21165.89,81625.3,31625.3,0,0,0,0,741,2,1,0.4488,0.64,0.4451,0.4488,77.27,55.52,1,0,0,0,0,1.34,0.2967,1,1,2,1,2,0,0,61,5,1,0,0,0,0.2295,0,0.1319,0,0.3566,"['P3_MONITOR', 'MILD_VELOCITY', 'WATCHLIST_PROXIMITY', 'DEVICE_REUSE', 'REALTIME_SCENARIO_BEHAVIOR_FALLBACK', 'ELEVATED_ACTIVITY_SEQUENCE', 'NEO4J_UNAVAILABLE', 'REALTIME_SCENARIO_GRAPH_FALLBACK', 'CLEARED']",8,ALLOW,ALLOW,INFO,CLEARED,0.393,0.393,0.64,0.64,0.4451,0.4451,0.4488,0.4488,0.0,UNKNOWN,ELEVATED_ACTIVITY_SEQUENCE,MEDIUM,UNKNOWN,"['Realtime scenario behavior fallback', 'ELEVATED_ACTIVITY_SEQUENCE', 'Connected to mule cluster']",TRANSACTION_MONITOR,False,False,False,10080,20160,AML_INFO_QUEUE,LOW
